Record,Location,X,Y,Longitude,Latitude,Date,Time,Environment,Light,Road_Surface,Traffic_Control,Collision_Location,Collision_Classification,Impact_type,Pedestrian
16-424,HEMLOCK RD btwn BEECHWOOD AVE & LANSDOWNE RD S,369776.05288,5034324.89023,-75.66937087340,45.44583457740,2016-01-12,1:19:00 PM,03 - Snow,01 - Daylight,03 - Loose snow,10 - No control,,03 - P.D. only,01 - Approaching,0
16-425,QUINTON ST btwn JUNO AVE & LOUISIANA AVE,372085.28732,5027742.42883,-75.64075253200,45.38639005840,2016-01-01,4:30:00 PM,03 - Snow,05 - Dusk,03 - Loose snow,10 - No control,,03 - P.D. only,06 - SMV unattended vehicle,0
16-426,DIAMONDVIEW RD btwn THOMAS A. DOLAN PKWY & OLD COACH RD,335572.27335,5025173.17024,-76.10717404670,45.36582675420,2016-01-12,2:22:00 PM,01 - Clear,01 - Daylight,03 - Loose snow,10 - No control,,03 - P.D. only,07 - SMV other,0
16-427,MONTREAL RD btwn ST. LAURENT BLVD & HILLSIDE DR,371591.48151,5033839.73354,-75.64623153320,45.44129825610,2016-01-12,2:27:00 PM,01 - Clear,01 - Daylight,03 - Loose snow,10 - No control,,03 - P.D. only,05 - Turning movement,0
16-428,OGILVIE RD @ 240 W OF BLAIR RD,374300.25137,5033077.13648,-75.61171820190,45.43417279010,2016-01-12,2:33:00 PM,03 - Snow,01 - Daylight,03 - Loose snow,01 - Traffic signal,01 - Functioning,03 - P.D. only,03 - Rear end,0
16-429,TAPIOLA CRES btwn GREENBORO CRES & GENTLE GATE CRES,371781.94070,5025061.96093,-75.64498943230,45.36230127460,2016-01-12,12:25:00 PM,03 - Snow,01 - Daylight,06 - Ice,10 - No control,,03 - P.D. only,01 - Approaching,0
16-430,LANTHIER DR @ VANTAGE DR,383600.01093,5035849.68650,-75.49243146290,45.45813167650,2016-01-12,3:17:00 PM,04 - Freezing Rain,01 - Daylight,06 - Ice,02 - Stop sign,01 - Functioning,03 - P.D. only,03 - Rear end,0
16-431,WEST HUNT CLUB RD @ ANTARES DR/LASER ST,367106.21036,5022081.87693,-75.70504362590,45.33591822880,2016-01-12,3:20:00 PM,03 - Snow,01 - Daylight,02 - Wet,01 - Traffic signal,01 - Functioning,03 - P.D. only,03 - Rear end,0
16-432,BRONSON AVE btwn PLYMOUTH ST & RENFREW AVE,367325.19190,5029629.23645,-75.70129467070,45.40380812730,2016-01-12,3:35:00 PM,03 - Snow,01 - Daylight,04 - Slush,10 - No control,,03 - P.D. only,02 - Angle,0
16-433,CASTLEFRANK RD @ HAZELDEAN RD,352677.87810,5017677.89470,-75.88954629590,45.29742315180,2016-01-12,3:48:00 PM,03 - Snow,01 - Daylight,04 - Slush,01 - Traffic signal,01 - Functioning,03 - P.D. only,03 - Rear end,0
16-434,STRANDHERD DR btwn ANDORA AVE & JOCKVALE RD,363474.22872,5014526.84852,-75.75227365670,45.26825135250,2016-01-12,3:58:00 PM,03 - Snow,01 - Daylight,03 - Loose snow,10 - No control,,03 - P.D. only,07 - SMV other,0
16-435,WALKLEY RD btwn HOLLY LANE & TURN LANE,372204.93076,5027048.70630,-75.63931955570,45.38013671550,2016-01-12,4:22:00 PM,01 - Clear,05 - Dusk,03 - Loose snow,10 - No control,,02 - Non-fatal injury,07 - SMV other,0
16-436,TERRY FOX DR btwn 329 N OF CAMPEAU DR/SIGNATURE CENTRE & CAMPEAU DR,350289.42896,5019038.27112,-75.91987311230,45.30982290560,2016-01-12,4:38:00 PM,03 - Snow,05 - Dusk,03 - Loose snow,10 - No control,,02 - Non-fatal injury,02 - Angle,0
16-437,DONALD ST @ ST. LAURENT BLVD,372093.49336,5032471.48721,-75.64000226810,45.42893928810,2016-01-12,4:52:00 PM,03 - Snow,05 - Dusk,04 - Slush,01 - Traffic signal,01 - Functioning,03 - P.D. only,03 - Rear end,0
16-438,OLD SECOND LINE RD @ TERRY FOX DR,348795.20000,5022408.41290,-75.93862864270,45.34024357990,2016-01-12,5:16:00 PM,03 - Snow,05 - Dusk,03 - Loose snow,01 - Traffic signal,01 - Functioning,03 - P.D. only,05 - Turning movement,0
16-439,MARCH RD @ TERRY FOX DR,349865.74481,5023399.22347,-75.92487908370,45.34909116610,2016-01-12,5:18:00 PM,01 - Clear,05 - Dusk,02 - Wet,01 - Traffic signal,01 - Functioning,03 - P.D. only,03 - Rear end,0
16-440,CAMPEAU DR @ KANATA AVE,350594.11663,5019403.06980,-75.91595391770,45.31308565940,2016-01-12,5:26:00 PM,03 - Snow,05 - Dusk,04 - Slush,01 - Traffic signal,01 - Functioning,03 - P.D. only,03 - Rear end,0
16-441,EAGLESON RD btwn COPE DR & Continuation of EAGLESON RD,354658.00710,5015934.55699,-75.86447594940,45.28159850160,2016-01-12,5:32:00 PM,03 - Snow,05 - Dusk,03 - Loose snow,10 - No control,,02 - Non-fatal injury,03 - Rear end,0
16-442,JOHN QUINN RD btwn MITCH OWENS RD & PARKWAY RD,380960.90322,5016828.53651,-75.52910414170,45.28728461000,2016-01-12,5:35:00 PM,03 - Snow,05 - Dusk,05 - Packed snow,10 - No control,,03 - P.D. only,07 - SMV other,0
16-443,BANKFIELD RD @ MANOTICK MAIN ST/RIDEAU VALLEY,368430.19756,5010159.27667,-75.68968141200,45.22852132690,2016-01-12,5:38:00 PM,03 - Snow,05 - Dusk,03 - Loose snow,01 - Traffic signal,01 - Functioning,03 - P.D. only,05 - Turning movement,0
16-444,CORDOVA ST btwn GRANTON AVE & CHIPPEWA AVE,363646.51839,5024325.61963,-75.74891448600,45.35640589640,2016-01-12,5:41:00 PM,03 - Snow,07 - Dark,03 - Loose snow,10 - No control,,02 - Non-fatal injury,03 - Rear end,0
16-445,WOODROFFE AVE @ QUEENSBURY DR/RIDEAUCREST DR,365726.91857,5016327.49890,-75.72334767200,45.28426199560,2016-01-12,5:47:00 PM,03 - Snow,07 - Dark,03 - Loose snow,01 - Traffic signal,01 - Functioning,03 - P.D. only,02 - Angle,0
16-446,RUSSELL AVE @ LAURIER AVE,369037.62466,5032215.31296,-75.67908495950,45.42692167550,2016-01-12,5:47:00 PM,03 - Snow,07 - Dark,03 - Loose snow,02 - Stop sign,01 - Functioning,03 - P.D. only,01 - Approaching,0
16-447,BLAIR RD @ OGILVIE RD,374506.22276,5033200.45117,-75.60906854410,45.43526180640,2016-01-12,6:26:00 PM,01 - Clear,07 - Dark,02 - Wet,01 - Traffic signal,01 - Functioning,03 - P.D. only,03 - Rear end,0
16-448,OGILVIE RD btwn NASKAPI DR & MONTREAL RD,375641.93374,5034594.13119,-75.59435395550,45.44768716890,2016-01-12,3:15:00 PM,03 - Snow,01 - Daylight,03 - Loose snow,10 - No control,,03 - P.D. only,03 - Rear end,0
16-449,CATHERINE ST @ ELGIN ST,368552.48513,5030577.79637,-75.68549597640,45.41223225900,2016-01-12,7:58:00 PM,03 - Snow,07 - Dark,02 - Wet,01 - Traffic signal,01 - Functioning,02 - Non-fatal injury,05 - Turning movement,0
16-450,LYNDA LANE btwn BILLINGS AVE & SMYTH RD,371602.28222,5029161.03218,-75.64672785420,45.39920032370,2016-01-12,8:05:00 PM,03 - Snow,07 - Dark,03 - Loose snow,10 - No control,,03 - P.D. only,05 - Turning movement,0
16-451,PRESTON ST btwn PRIMROSE AVE & ELM ST,366221.31757,5030324.64279,-75.71530773700,45.41016293820,2016-01-12,9:48:00 PM,03 - Snow,07 - Dark,05 - Packed snow,10 - No control,,03 - P.D. only,04 - Sideswipe,0
16-452,MOODIE DR @ ROBERTSON RD,357066.19286,5020455.70772,-75.83330496210,45.32210552160,2016-01-12,10:03:00 PM,03 - Snow,07 - Dark,03 - Loose snow,01 - Traffic signal,01 - Functioning,03 - P.D. only,03 - Rear end,0
16-453,CONROY RD btwn CONROY RD & ROSEBELLA AVE,373964.76185,5024942.32986,-75.61714618800,45.36101292180,2016-01-12,10:06:00 PM,03 - Snow,07 - Dark,03 - Loose snow,10 - No control,,03 - P.D. only,07 - SMV other,0
16-454,LAURIER AVE @ NICHOLAS ST,368373.85898,5031798.04792,-75.68762044580,45.42322791640,2016-01-12,11:30:00 PM,03 - Snow,07 - Dark,03 - Loose snow,01 - Traffic signal,01 - Functioning,03 - P.D. only,04 - Sideswipe,0
16-455,MARCH RD btwn RICHARDSON SIDE RD & HERZBERG RD,352300.57061,5021544.07557,-75.89398609070,45.33223752440,2016-01-13,5:57:00 AM,03 - Snow,07 - Dark,06 - Ice,10 - No control,,03 - P.D. only,07 - SMV other,0
16-456,CARLING AVE @ BAYSHORE DR/BIRCHDALE AVE,359004.87100,5023990.98733,-75.80819015600,45.35376907210,2016-01-13,6:39:00 AM,03 - Snow,07 - Dark,03 - Loose snow,01 - Traffic signal,01 - Functioning,03 - P.D. only,05 - Turning movement,0
16-457,COLONNADE RD @ PRINCE OF WALES DR,367393.61391,5023266.29656,-75.70122719020,45.34654983320,2016-01-13,7:07:00 AM,03 - Snow,03 - Dawn,03 - Loose snow,01 - Traffic signal,01 - Functioning,03 - P.D. only,05 - Turning movement,0
16-458,CARP RD btwn THOMAS A. DOLAN PKWY & NORMA LANE,337207.75574,5025382.12072,-76.08628299210,45.36763326660,2016-01-13,8:15:00 AM,05 - Drifting Snow,01 - Daylight,03 - Loose snow,10 - No control,,03 - P.D. only,01 - Approaching,0
16-459,ROCKDALE RD btwn MAGLADRY RD & GOLF COURSE RD,393199.89363,5028347.74373,-75.37105243350,45.38948957390,2016-01-13,8:30:00 AM,01 - Clear,01 - Daylight,05 - Packed snow,10 - No control,,03 - P.D. only,07 - SMV other,0
16-460,CLEMENTINE BLVD btwn RICHARD AVE & SECORD AVE,369529.64966,5026923.40380,-75.67349247900,45.37926156890,2016-01-13,8:43:00 AM,01 - Clear,01 - Daylight,04 - Slush,10 - No control,,03 - P.D. only,03 - Rear end,0
16-461,VANIER PKWY SB btwn PRESLAND RD & COVENTRY RD,370439.60323,5031745.48046,-75.66123310630,45.42256415420,2016-01-13,8:46:00 AM,01 - Clear,01 - Daylight,05 - Packed snow,10 - No control,,03 - P.D. only,04 - Sideswipe,0
16-462,BASELINE RD btwn ZENA ST & MARSON ST,365662.22831,5025707.33195,-75.72301921310,45.36866623220,2016-01-13,10:10:00 AM,05 - Drifting Snow,01 - Daylight,04 - Slush,10 - No control,,03 - P.D. only,03 - Rear end,0
16-463,BASELINE RD btwn ZENA ST & MARSON ST,365656.48487,5025708.99421,-75.72309232300,45.36868168710,2016-01-13,10:27:00 AM,05 - Drifting Snow,01 - Daylight,05 - Packed snow,10 - No control,,03 - P.D. only,07 - SMV other,0
16-464,LEBRETON ST    S btwn DANIEL MCCANN ST & HENRY ST,367047.96868,5029475.34811,-75.70485503910,45.40244818920,2016-01-13,6:30:00 AM,01 - Clear,07 - Dark,04 - Slush,10 - No control,,03 - P.D. only,06 - SMV unattended vehicle,0
16-465,FIFTH AVE @ QUEEN ELIZABETH DRWY,368836.02028,5029657.51936,-75.68199342480,45.40392603040,2016-01-13,8:30:00 AM,01 - Clear,01 - Daylight,03 - Loose snow,01 - Traffic signal,01 - Functioning,03 - P.D. only,04 - Sideswipe,0
16-466,AMBERWOOD CRES @ PRINCE OF WALES DR,367435.92524,5020647.27366,-75.70101876460,45.32298055990,2016-01-13,11:12:00 AM,01 - Clear,01 - Daylight,06 - Ice,02 - Stop sign,01 - Functioning,03 - P.D. only,03 - Rear end,0
16-467,NAVAHO DR @ WOODROFFE AVE/TRANSITWAY N BASELIN,362705.49143,5023493.17633,-75.76102172980,45.34899398590,2016-01-13,8:25:00 AM,03 - Snow,01 - Daylight,03 - Loose snow,01 - Traffic signal,01 - Functioning,03 - P.D. only,05 - Turning movement,0
16-468,SERENA WAY btwn WOODROFFE AVE & TACOM CIRC,366333.82587,5015073.31460,-75.71576746040,45.27292405260,2016-01-12,10:00:00 PM,00 - Unknown,00 - Unknown,05 - Packed snow,10 - No control,,03 - P.D. only,06 - SMV unattended vehicle,0
16-469,GARFIELD AVE @ MAITLAND AVE,363342.99818,5025562.94627,-75.75264154900,45.36756462990,2016-01-13,12:39:00 PM,01 - Clear,01 - Daylight,06 - Ice,01 - Traffic signal,01 - Functioning,03 - P.D. only,03 - Rear end,0
16-470,MCARTHUR AVE btwn LAFONTAINE AVE & EASTWOOD PL,371045.54409,5032781.53270,-75.65335166360,45.43182898500,2016-01-12,9:45:00 PM,01 - Clear,07 - Dark,03 - Loose snow,10 - No control,,03 - P.D. only,03 - Rear end,0
16-471,BANK ST @ GLADSTONE AVE,367915.60871,5030561.91188,-75.69363395130,45.41214706490,2016-01-13,1:25:00 PM,03 - Snow,01 - Daylight,03 - Loose snow,01 - Traffic signal,01 - Functioning,02 - Non-fatal injury,07 - SMV other,1
16-472,JOCKVALE RD @ STRANDHERD DR,363558.97956,5014578.21243,-75.75118763260,45.26870645090,2016-01-13,1:50:00 PM,01 - Clear,01 - Daylight,02 - Wet,01 - Traffic signal,01 - Functioning,02 - Non-fatal injury,03 - Rear end,0
16-473,DUMAURIER AVE @ PINECREST RD,360321.67900,5023835.63660,-75.79140262540,45.35226820390,2016-01-12,1:00:00 PM,03 - Snow,01 - Daylight,06 - Ice,01 - Traffic signal,01 - Functioning,03 - P.D. only,03 - Rear end,0
16-474,FOSTER ST @ PARKDALE AVE,365243.84354,5029058.50760,-75.72794957770,45.39885565100,2016-01-13,1:00:00 PM,01 - Clear,01 - Daylight,03 - Loose snow,02 - Stop sign,01 - Functioning,03 - P.D. only,03 - Rear end,0
16-475,SEYTON DR btwn FORESTVIEW CRES & FORESTVIEW CRES,356947.06649,5019598.62878,-75.83491463800,45.31440228620,2016-01-13,2:10:00 PM,01 - Clear,01 - Daylight,03 - Loose snow,10 - No control,,03 - P.D. only,06 - SMV unattended vehicle,0
16-476,CARP RD @ DONALD B. MUNRO DR,341191.70000,5022822.06373,-76.03561405790,45.34440139910,2016-01-13,2:18:00 PM,01 - Clear,01 - Daylight,01 - Dry,02 - Stop sign,01 - Functioning,03 - P.D. only,02 - Angle,0
16-477,MORIN RD @ REGIONAL RD 174,392039.57026,5042781.77964,-75.38330764970,45.51949518590,2016-01-13,2:25:00 PM,01 - Clear,01 - Daylight,06 - Ice,02 - Stop sign,01 - Functioning,03 - P.D. only,04 - Sideswipe,0
16-478,FALLOWFIELD RD @ STRANDHERD DR,360753.32249,5014961.93476,-75.78689626240,45.27238803480,2016-01-13,3:11:00 PM,01 - Clear,01 - Daylight,02 - Wet,01 - Traffic signal,01 - Functioning,03 - P.D. only,04 - Sideswipe,0
16-479,CARP RD btwn MCCOOEYE LANE & STITTSVILLE MAIN ST,349501.52156,5014327.57666,-75.93034525970,45.26748514630,2016-01-13,3:25:00 PM,01 - Clear,01 - Daylight,02 - Wet,10 - No control,,03 - P.D. only,02 - Angle,0
16-480,LAURIER AVE @ O'CONNOR ST,367636.90150,5031358.82355,-75.69709275400,45.41934250510,2016-01-13,3:35:00 PM,01 - Clear,01 - Daylight,03 - Loose snow,01 - Traffic signal,01 - Functioning,03 - P.D. only,05 - Turning movement,0
16-481,LAURIER AVE @ NICHOLAS ST,368372.69628,5031798.65791,-75.68763522320,45.42323351060,2016-01-12,10:30:00 PM,03 - Snow,07 - Dark,03 - Loose snow,01 - Traffic signal,01 - Functioning,03 - P.D. only,03 - Rear end,0
16-482,JASMINE CRES S @ OGILVIE RD,375354.25625,5033720.13360,-75.59815648690,45.43985255450,2016-01-13,3:45:00 PM,01 - Clear,01 - Daylight,02 - Wet,02 - Stop sign,01 - Functioning,03 - P.D. only,02 - Angle,0
16-483,FLANNERY DR btwn MALDEN SQ & SANDHURST CRT,368871.06320,5025188.59554,-75.68212586870,45.36371278740,2016-01-13,2:30:00 PM,01 - Clear,01 - Daylight,03 - Loose snow,10 - No control,,03 - P.D. only,06 - SMV unattended vehicle,0
16-484,KILBORN AVE btwn BANK ST & ROONEY'S LANE,369724.40227,5027517.87778,-75.67092784150,45.38459243450,2016-01-13,3:58:00 PM,01 - Clear,01 - Daylight,02 - Wet,10 - No control,,03 - P.D. only,99 - Other,0
16-485,BLAIR PL @ OGILVIE RD,374797.47109,5033373.45787,-75.60532188790,45.43678932930,2016-01-12,5:40:00 PM,03 - Snow,07 - Dark,03 - Loose snow,01 - Traffic signal,01 - Functioning,03 - P.D. only,03 - Rear end,0
16-486,BAXTER RD btwn IRIS ST & END,361025.51985,5023656.28250,-75.78244092900,45.35059830320,2016-01-13,4:22:00 PM,01 - Clear,01 - Daylight,05 - Packed snow,10 - No control,,02 - Non-fatal injury,06 - SMV unattended vehicle,0
16-487,WEST HUNT CLUB RD @ WOODROFFE AVE,363670.69100,5021246.11377,-75.74897245480,45.32869475280,2016-01-13,2:45:00 PM,01 - Clear,01 - Daylight,02 - Wet,01 - Traffic signal,01 - Functioning,03 - P.D. only,03 - Rear end,0
16-488,BEECHWOOD AVE @ SPRINGFIELD RD,369236.04278,5033653.36936,-75.67636136440,45.43984249460,2016-01-13,3:15:00 PM,01 - Clear,01 - Daylight,01 - Dry,01 - Traffic signal,01 - Functioning,03 - P.D. only,03 - Rear end,0
16-489,CYRVILLE RD @ ST. LAURENT BLVD,372241.94034,5032111.79954,-75.63815461520,45.42568868850,2016-01-13,4:41:00 PM,01 - Clear,05 - Dusk,02 - Wet,01 - Traffic signal,01 - Functioning,03 - P.D. only,03 - Rear end,0
16-490,OSPREY CRES btwn PINE HILL DR & PINE HILL DR,355724.79305,5017550.66069,-75.85071294210,45.29606404080,2016-01-13,4:51:00 PM,02 - Rain,05 - Dusk,06 - Ice,10 - No control,,03 - P.D. only,07 - SMV other,0
16-491,BLACKBURN BYPASS EB btwn 1700 W OF NAVAN RD & NAVAN RD,379214.60763,5032988.95172,-75.54892962720,45.43287367460,2016-01-13,5:00:00 PM,01 - Clear,05 - Dusk,04 - Slush,10 - No control,,03 - P.D. only,03 - Rear end,0
16-492,ST. LAURENT BLVD @ WALKLEY RD,373902.83323,5028046.89999,-75.61750218470,45.38895259780,2016-01-13,5:02:00 PM,01 - Clear,05 - Dusk,04 - Slush,01 - Traffic signal,01 - Functioning,03 - P.D. only,03 - Rear end,0
16-493,TENTH LINE RD btwn OLD TENTH LINE RD & TOMPKINS AVE,383177.56327,5037998.73810,-75.49748949160,45.47751443890,2016-01-13,5:07:00 PM,01 - Clear,05 - Dusk,01 - Dry,10 - No control,,03 - P.D. only,04 - Sideswipe,0
16-494,FAIRLAWN AVE btwn WOODROFFE AVE & FOX CRES,361941.27694,5025819.02435,-75.77050479260,45.36998447770,2016-01-13,5:13:00 PM,03 - Snow,05 - Dusk,05 - Packed snow,10 - No control,,03 - P.D. only,03 - Rear end,0
16-495,BASELINE RD btwn PINECREST RD & ROCKWAY CRES,360898.62239,5022762.73660,-75.78416163670,45.34256836250,2016-01-13,5:35:00 PM,01 - Clear,05 - Dusk,05 - Packed snow,10 - No control,,03 - P.D. only,02 - Angle,0
16-496,CARLING AVE @ IRVING PL/MAPLE DR,366185.60631,5028526.45631,-75.71598775340,45.39398644610,2016-01-13,5:39:00 PM,01 - Clear,00 - Unknown,02 - Wet,01 - Traffic signal,01 - Functioning,03 - P.D. only,03 - Rear end,0
16-497,FOURTH LINE RD @ ROGER STEVENS DR,366454.22859,4999360.07617,-75.71617707890,45.13152483330,2016-01-13,5:51:00 PM,01 - Clear,07 - Dark,01 - Dry,01 - Traffic signal,01 - Functioning,03 - P.D. only,99 - Other,0
16-498,WALL RD btwn MONIQUE AVE & TENTH LINE RD,384176.17261,5032757.94747,-75.48556430570,45.43024974380,2016-01-13,4:45:00 PM,01 - Clear,05 - Dusk,02 - Wet,10 - No control,,03 - P.D. only,06 - SMV unattended vehicle,0
16-499,CARLING AVE @ KIRKWOOD AVE S,364351.70050,5027337.77872,-75.73955158920,45.38344930610,2016-01-13,4:15:00 PM,01 - Clear,01 - Daylight,01 - Dry,01 - Traffic signal,01 - Functioning,02 - Non-fatal injury,03 - Rear end,0
16-500,FIRST AVE @ LYON ST,368055.92664,5029572.34536,-75.69196839190,45.40323058830,2016-01-13,6:26:00 PM,01 - Clear,07 - Dark,03 - Loose snow,02 - Stop sign,01 - Functioning,03 - P.D. only,02 - Angle,0
16-501,TANDALEE CRES btwn Continuation of TANDALEE CRES & Continuation of TAN,355974.70522,5016030.64888,-75.84768359000,45.28236853690,2016-01-12,9:45:00 AM,03 - Snow,01 - Daylight,03 - Loose snow,10 - No control,,03 - P.D. only,06 - SMV unattended vehicle,0
16-502,UNIVERSITY RD btwn CAMPUS AVE & BRONSON AVE,367856.96458,5028050.87747,-75.69470416190,45.38955881390,2016-01-13,8:15:00 PM,01 - Clear,07 - Dark,02 - Wet,10 - No control,,03 - P.D. only,05 - Turning movement,0
16-503,PARKDALE AVE @ WELLINGTON ST,365149.92014,5029269.45801,-75.72912334210,45.40076183810,2016-01-13,8:20:00 PM,01 - Clear,07 - Dark,01 - Dry,01 - Traffic signal,01 - Functioning,03 - P.D. only,05 - Turning movement,0
16-504,MARKETPLACE AVE @ RIOCAN AVE,364286.87690,5014761.97023,-75.74189025740,45.27029871480,2016-01-13,8:26:00 PM,01 - Clear,07 - Dark,02 - Wet,02 - Stop sign,01 - Functioning,03 - P.D. only,02 - Angle,0
16-505,CARLING AVE @ KIRKWOOD AVE S,364350.51615,5027337.98318,-75.73956668740,45.38345124680,2016-01-13,8:31:00 PM,01 - Clear,07 - Dark,04 - Slush,01 - Traffic signal,01 - Functioning,03 - P.D. only,03 - Rear end,0
16-506,BANTREE ST @ INNES RD,373707.22414,5030407.68110,-75.61967015460,45.41021307010,2016-01-13,9:44:00 PM,01 - Clear,07 - Dark,01 - Dry,01 - Traffic signal,01 - Functioning,03 - P.D. only,05 - Turning movement,0
16-507,ALTA VISTA DR btwn EDGE HILL PL & AYERS AVE,370387.47945,5026312.16442,-75.66262153690,45.37368205960,2016-01-13,10:48:00 PM,01 - Clear,07 - Dark,01 - Dry,10 - No control,,02 - Non-fatal injury,07 - SMV other,0
16-508,PALLADIUM DR btwn HUNTMAR DR & HWY417 IC142 RAMP25,349549.62957,5017133.05623,-75.92947927420,45.29272673520,2016-01-14,12:05:00 AM,01 - Clear,07 - Dark,01 - Dry,10 - No control,,03 - P.D. only,07 - SMV other,0
16-509,CARLING AVE @ BAYSHORE DR/BIRCHDALE AVE,359005.62147,5023990.23687,-75.80818066050,45.35376226200,2016-01-14,6:42:00 AM,03 - Snow,07 - Dark,03 - Loose snow,01 - Traffic signal,01 - Functioning,03 - P.D. only,03 - Rear end,0
16-510,MARCH RD btwn CARP RD & DONALD B. MUNRO DR,342313.89864,5021868.71813,-76.02136672500,45.33576372060,2016-01-14,6:46:00 AM,03 - Snow,07 - Dark,06 - Ice,10 - No control,,03 - P.D. only,07 - SMV other,0
16-511,HOLLAND AVE @ WELLINGTON ST,364930.79909,5029152.45671,-75.73193628430,45.39972794050,2016-01-14,6:54:00 AM,03 - Snow,07 - Dark,03 - Loose snow,01 - Traffic signal,01 - Functioning,03 - P.D. only,03 - Rear end,0
16-512,BRONSON AVE @ LAURIER AVE,366805.45147,5030861.94453,-75.70777821590,45.41494591540,2016-01-14,7:06:00 AM,03 - Snow,03 - Dawn,03 - Loose snow,01 - Traffic signal,01 - Functioning,03 - P.D. only,02 - Angle,0
16-513,HAZELDEAN RD @ TERRY FOX DR,352207.39146,5017242.23146,-75.89558641600,45.29353484600,2016-01-14,7:11:00 AM,03 - Snow,03 - Dawn,03 - Loose snow,01 - Traffic signal,01 - Functioning,03 - P.D. only,03 - Rear end,0
16-514,ALTA VISTA DR btwn 75 S OF CALEDON ST & CALEDON ST,370776.43302,5030396.38762,-75.65711006030,45.41039388130,2016-01-14,7:19:00 AM,03 - Snow,03 - Dawn,03 - Loose snow,10 - No control,,03 - P.D. only,02 - Angle,0
16-515,BRIAN COBURN BLVD @ ESPRIT DR,385140.20257,5035344.24086,-75.47282368110,45.45340875500,2016-01-14,7:21:00 AM,03 - Snow,03 - Dawn,05 - Packed snow,02 - Stop sign,01 - Functioning,03 - P.D. only,03 - Rear end,0
16-516,MCCARTHY RD btwn SOUTHMORE DR W & PLANTE DR,369604.31912,5024470.84853,-75.67286086220,45.35718729960,2016-01-14,7:54:00 AM,03 - Snow,03 - Dawn,03 - Loose snow,10 - No control,,03 - P.D. only,01 - Approaching,0
16-517,MALVERN DR btwn TRIPP CRES & THISTLEDOWN CRT,363177.52541,5016115.85023,-75.75586757940,45.28257392830,2016-01-14,7:55:00 AM,03 - Snow,01 - Daylight,03 - Loose snow,10 - No control,,03 - P.D. only,01 - Approaching,0
16-518,BRONSON AVE @ FIFTH AVE/MADAWASKA DR,367613.63963,5028938.41381,-75.69769834620,45.39756648250,2016-01-14,7:57:00 AM,03 - Snow,01 - Daylight,05 - Packed snow,01 - Traffic signal,01 - Functioning,02 - Non-fatal injury,03 - Rear end,0
16-519,FINDLAY CREEK DR btwn NETLEY CIRC & NETLEY CIRC,375293.13480,5019961.88556,-75.60090178410,45.31606866330,2016-01-14,8:00:00 AM,03 - Snow,01 - Daylight,06 - Ice,10 - No control,,03 - P.D. only,07 - SMV other,0
16-520,JASMINE CRES S @ OGILVIE RD,375353.89615,5033722.61370,-75.59816073370,45.43987490540,2016-01-14,8:08:00 AM,01 - Clear,01 - Daylight,01 - Dry,02 - Stop sign,01 - Functioning,03 - P.D. only,07 - SMV other,0
16-521,MARCH RD btwn DUNROBIN RD & MURPHY CRT,347537.25029,5025947.67898,-75.95437314740,45.37216855600,2016-01-14,8:13:00 AM,03 - Snow,01 - Daylight,04 - Slush,10 - No control,,02 - Non-fatal injury,07 - SMV other,0
16-522,BATHGATE DR @ MATHESON RD,373641.71620,5033374.45797,-75.62009235160,45.43691307310,2016-01-14,12:00:00 AM,03 - Snow,00 - Unknown,04 - Slush,02 - Stop sign,01 - Functioning,03 - P.D. only,07 - SMV other,0
16-523,BANK ST @ BILLINGS TRANSIT,369446.53852,5027742.40188,-75.67444633120,45.38663832940,2016-01-14,8:15:00 AM,03 - Snow,01 - Daylight,03 - Loose snow,01 - Traffic signal,01 - Functioning,03 - P.D. only,03 - Rear end,0
16-524,HAZELDEAN RD @ CARBROOKE ST/IRWIN GATE,353417.44887,5018266.03677,-75.88005948010,45.30266459910,2016-01-14,7:30:00 AM,03 - Snow,03 - Dawn,04 - Slush,01 - Traffic signal,01 - Functioning,03 - P.D. only,03 - Rear end,0
16-525,GREENBANK RD @ HWY 417 IC129 RAMP57/IRIS ST,360529.80806,5023314.37017,-75.78880532100,45.34756135090,2016-01-14,8:22:00 AM,03 - Snow,01 - Daylight,03 - Loose snow,01 - Traffic signal,01 - Functioning,03 - P.D. only,04 - Sideswipe,0
16-526,HARWOOD AVE @ PINECREST RD,360209.67510,5024120.73812,-75.79280001790,45.35484240040,2016-01-14,8:37:00 AM,03 - Snow,01 - Daylight,03 - Loose snow,02 - Stop sign,01 - Functioning,03 - P.D. only,02 - Angle,0
16-527,CENTRUM BLVD @ PRESTONE DR,382259.46100,5038366.34950,-75.50917298900,45.48092433680,2016-01-13,2:50:00 PM,03 - Snow,01 - Daylight,03 - Loose snow,02 - Stop sign,01 - Functioning,02 - Non-fatal injury,07 - SMV other,1
16-528,MEADOWGLEN DR btwn MEADOWHILL CRES & FOREST VALLEY DR,379816.74267,5035177.09363,-75.54090144970,45.45249663120,2016-01-14,9:11:00 AM,03 - Snow,01 - Daylight,03 - Loose snow,10 - No control,,02 - Non-fatal injury,03 - Rear end,0