Record,Location,X,Y,Longitude,Latitude,Date,Time,Environment,Light,Road_Surface,Traffic_Control,Collision_Location,Collision_Classification,Impact_type,Pedestrian
16-529,ROCKDALE RD S @ HIGHWAY 417,395262.02726,5022266.47207,-75.34583553700,45.33451413920,2016-01-14,9:20:00 AM,03 - Snow,01 - Daylight,03 - Loose snow,02 - Stop sign,01 - Functioning,03 - P.D. only,02 - Angle,0
16-530,GREY NUNS DR @ ST. JOSEPH BLVD,380155.95494,5036667.24842,-75.53633681560,45.46586739480,2016-01-14,9:20:00 AM,03 - Snow,01 - Daylight,03 - Loose snow,01 - Traffic signal,01 - Functioning,02 - Non-fatal injury,99 - Other,0
16-531,MARCH RD @ SECOND LINE RD,346102.83913,5025328.65080,-75.97273725120,45.36668439060,2016-01-14,8:30:00 AM,03 - Snow,01 - Daylight,03 - Loose snow,01 - Traffic signal,01 - Functioning,03 - P.D. only,03 - Rear end,0
16-532,CARLING AVE @ KIRKWOOD AVE S,364353.95191,5027337.17387,-75.73952291530,45.38344367280,2016-01-14,9:50:00 AM,03 - Snow,01 - Daylight,03 - Loose snow,01 - Traffic signal,01 - Functioning,03 - P.D. only,04 - Sideswipe,0
16-533,NORTHSIDE RD btwn LARKSPUR DR & TO BE DETERMINED,358302.91068,5021153.06317,-75.81745544580,45.32828720900,2016-01-14,9:30:00 AM,03 - Snow,01 - Daylight,04 - Slush,10 - No control,,03 - P.D. only,04 - Sideswipe,0
16-534,BAYSWATER AVE btwn WELLINGTON ST W & SOMERSET ST W,365792.72245,5029955.25585,-75.72082847230,45.40687677200,2016-01-14,9:57:00 AM,03 - Snow,01 - Daylight,03 - Loose snow,10 - No control,,03 - P.D. only,07 - SMV other,0
16-535,MARCH RD btwn SECOND LINE RD & DUNROBIN RD,347164.09423,5026066.66200,-75.95912681480,45.37326185090,2016-01-14,10:22:00 AM,03 - Snow,01 - Daylight,03 - Loose snow,10 - No control,,03 - P.D. only,03 - Rear end,0
16-536,TERREBONNE DR btwn MARYGROVE CIRC & MAITLAND AVE,364009.62989,5025107.38868,-75.74418667580,45.36340958630,2016-01-10,10:56:00 AM,02 - Rain,01 - Daylight,02 - Wet,10 - No control,,03 - P.D. only,06 - SMV unattended vehicle,0
16-537,HUNT CLUB RD btwn RIVERSIDE DR & LINDBERGH PRIV,368213.81369,5022041.93377,-75.69091838950,45.33545960210,2016-01-14,11:10:00 AM,03 - Snow,01 - Daylight,03 - Loose snow,10 - No control,,03 - P.D. only,03 - Rear end,0
16-538,WHITBY AVE btwn WINSTON AVE & CHURCHILL AVE N,363142.11223,5028428.95295,-75.75486716400,45.39336931410,2016-01-09,11:30:00 AM,03 - Snow,01 - Daylight,03 - Loose snow,10 - No control,,03 - P.D. only,06 - SMV unattended vehicle,0
16-539,O'CONNOR ST @ SOMERSET ST,367855.49056,5031013.23252,-75.69434420230,45.41621332260,2016-01-14,10:10:00 AM,03 - Snow,01 - Daylight,03 - Loose snow,01 - Traffic signal,01 - Functioning,03 - P.D. only,04 - Sideswipe,0
16-540,BANK ST btwn FIRST AVE & SECOND AVE,368298.95118,5029643.19445,-75.68885518330,45.40384606370,2016-01-14,11:57:00 AM,01 - Clear,01 - Daylight,04 - Slush,10 - No control,,03 - P.D. only,04 - Sideswipe,0
16-541,CAMPEAU DR/HWY 417 MARCH IC138R63 @ MARCH RD,352841.80139,5020476.83678,-75.88718500530,45.32259746000,2016-01-14,12:05:00 PM,03 - Snow,01 - Daylight,03 - Loose snow,01 - Traffic signal,01 - Functioning,03 - P.D. only,03 - Rear end,0
16-542,THORNBURY CRES btwn REDDING WAY & REDDING WAY,362108.17634,5023279.57275,-75.76866866970,45.34712105650,2016-01-14,12:32:00 PM,03 - Snow,01 - Daylight,04 - Slush,10 - No control,,03 - P.D. only,99 - Other,0
16-543,RIVERSIDE DR @ WALKLEY RD,368417.62621,5024853.30976,-75.68795661640,45.36073726920,2016-01-14,12:32:00 PM,01 - Clear,01 - Daylight,02 - Wet,01 - Traffic signal,01 - Functioning,03 - P.D. only,03 - Rear end,0
16-544,HAWTHORNE RD @ STEVENAGE DR,375136.66272,5027313.64303,-75.60185162520,45.38223228950,2016-01-14,12:48:00 PM,01 - Clear,01 - Daylight,02 - Wet,01 - Traffic signal,01 - Functioning,02 - Non-fatal injury,02 - Angle,0
16-545,LANTHIER DR @ VANTAGE DR,383601.85909,5035848.34126,-75.49240805030,45.45811936510,2016-01-14,12:52:00 PM,01 - Clear,01 - Daylight,06 - Ice,02 - Stop sign,01 - Functioning,03 - P.D. only,03 - Rear end,0
16-546,BELFAST RD @ COVENTRY RD,371523.94837,5031640.65551,-75.64739267440,45.42151840090,2016-01-14,12:50:00 PM,01 - Clear,01 - Daylight,04 - Slush,01 - Traffic signal,01 - Functioning,03 - P.D. only,03 - Rear end,0
16-547,INNES RD @ STONEHENGE CRES W,375198.99073,5031216.93883,-75.60049871430,45.41734586870,2016-01-14,1:29:00 PM,01 - Clear,01 - Daylight,06 - Ice,01 - Traffic signal,01 - Functioning,03 - P.D. only,03 - Rear end,0
16-548,MCARTHUR AVE @ NORTH RIVER RD,369819.60951,5032647.24032,-75.66903572730,45.43073573030,2016-01-14,1:36:00 PM,01 - Clear,01 - Daylight,02 - Wet,01 - Traffic signal,01 - Functioning,03 - P.D. only,03 - Rear end,0
16-549,LANTHIER DR @ VANTAGE DR,383600.08800,5035848.33633,-75.49243069360,45.45811951990,2016-01-14,11:41:00 AM,01 - Clear,01 - Daylight,06 - Ice,02 - Stop sign,01 - Functioning,03 - P.D. only,03 - Rear end,0
16-550,RIVERSIDE DR btwn KIMBERWICK CRES & MALHOTRA CRT,368198.48958,5022904.26622,-75.69100339350,45.34322007350,2016-01-14,1:47:00 PM,01 - Clear,01 - Daylight,01 - Dry,10 - No control,,02 - Non-fatal injury,02 - Angle,0
16-551,RIVERSIDE DR NB btwn INDUSTRIAL AVE & TREMBLAY RD,370695.95673,5030625.75972,-75.65810741980,45.41246526220,2016-01-14,1:50:00 PM,01 - Clear,01 - Daylight,04 - Slush,10 - No control,,02 - Non-fatal injury,03 - Rear end,0
16-552,KING EDWARD AVE @ ST. PATRICK ST,368248.04268,5032823.36926,-75.68909593720,45.43246481890,2016-01-14,2:13:00 PM,01 - Clear,01 - Daylight,01 - Dry,01 - Traffic signal,01 - Functioning,03 - P.D. only,04 - Sideswipe,0
16-553,PRINCE OF WALES DR @ HARTWELL LOCKS/548 N OF R,367017.27066,5027301.55510,-75.70552124290,45.38289169810,2016-01-14,3:25:00 PM,01 - Clear,01 - Daylight,02 - Wet,01 - Traffic signal,01 - Functioning,02 - Non-fatal injury,03 - Rear end,0
16-554,ST. PATRICK ST/ST. ANDREW ST @ BEAUSOLEIL DR,368428.22320,5033070.35079,-75.68676143680,45.43467069690,2016-01-14,12:10:00 PM,03 - Snow,01 - Daylight,03 - Loose snow,01 - Traffic signal,01 - Functioning,03 - P.D. only,03 - Rear end,0
16-555,PRINCE OF WALES DR btwn TURN LANE & RIDEAU SHORE CRT,367219.19838,5023658.90815,-75.70340318090,45.35009801860,2016-01-14,3:16:00 PM,01 - Clear,01 - Daylight,02 - Wet,10 - No control,,03 - P.D. only,03 - Rear end,0
16-556,JEANNE D'ARC BLVD @ ORLEANS BLVD N,380029.52782,5038106.25073,-75.53773303280,45.47882802520,2016-01-14,3:39:00 PM,03 - Snow,01 - Daylight,03 - Loose snow,01 - Traffic signal,01 - Functioning,03 - P.D. only,05 - Turning movement,0
16-557,BENSINGER WAY @ GRENADINE ST,349726.89940,5016345.79250,-75.92729064150,45.28563137460,2016-01-13,9:55:00 AM,03 - Snow,01 - Daylight,05 - Packed snow,02 - Stop sign,01 - Functioning,03 - P.D. only,02 - Angle,0
16-558,INDUSTRIAL AVE btwn TRAINYARDS DR & RUSSELL RD,371980.13896,5030473.81286,-75.64172313600,45.41097601060,2016-01-14,4:17:00 PM,01 - Clear,05 - Dusk,02 - Wet,10 - No control,,02 - Non-fatal injury,01 - Approaching,0
16-559,PERTH ST btwn OAK LEAF PRIV & MCBEAN ST,356677.50062,5006195.47292,-75.83975150680,45.19381764920,2016-01-14,4:00:00 PM,01 - Clear,01 - Daylight,02 - Wet,10 - No control,,03 - P.D. only,02 - Angle,0
16-560,BLACKLEAF DR btwn CHEYENNE WAY/KENNACRAIG PRIV S & DUNDONALD DR,365210.30900,5012251.91800,-75.73042813040,45.24763454040,2016-01-14,12:45:00 PM,03 - Snow,01 - Daylight,04 - Slush,10 - No control,,03 - P.D. only,06 - SMV unattended vehicle,0
16-561,LABELLE ST/RAMP @ LEMIEUX ST/HWY417 IC115 RAMP,372540.57314,5031689.27809,-75.63439690580,45.42185818390,2016-01-14,4:35:00 PM,01 - Clear,05 - Dusk,02 - Wet,02 - Stop sign,01 - Functioning,02 - Non-fatal injury,02 - Angle,0
16-562,INDUSTRIAL AVE @ RIVERSIDE DR,370682.46719,5030592.92863,-75.65828413250,45.41217113120,2016-01-14,4:45:00 PM,01 - Clear,05 - Dusk,02 - Wet,01 - Traffic signal,01 - Functioning,02 - Non-fatal injury,03 - Rear end,0
16-563,CARLING AVE EB btwn WOODROFFE AVE & WOODROFFE AVE,361925.64024,5025825.30576,-75.77070367620,45.37004227190,2016-01-14,5:08:00 PM,01 - Clear,05 - Dusk,01 - Dry,10 - No control,,03 - P.D. only,03 - Rear end,0
16-564,MERIVALE RD @ WOODFIELD DR/ROYDON PL,365462.70110,5022298.12367,-75.72598447670,45.33800800530,2016-01-14,5:07:00 PM,01 - Clear,05 - Dusk,04 - Slush,01 - Traffic signal,01 - Functioning,03 - P.D. only,03 - Rear end,0
16-565,EARL ARMSTRONG RD @ RIVER RD,367576.36808,5014684.39844,-75.69998228740,45.26931478910,2016-01-14,5:11:00 PM,01 - Clear,05 - Dusk,04 - Slush,01 - Traffic signal,01 - Functioning,03 - P.D. only,03 - Rear end,0
16-566,MONTREAL RD @ VANIER PKWY,370072.70980,5033065.96733,-75.66574588690,45.43447968620,2016-01-14,5:19:00 PM,01 - Clear,05 - Dusk,02 - Wet,01 - Traffic signal,01 - Functioning,03 - P.D. only,04 - Sideswipe,0
16-567,FRIEL ST @ LAURIER AVE,368997.04778,5032192.23632,-75.67960646030,45.42671776540,2016-01-14,5:23:00 PM,01 - Clear,05 - Dusk,04 - Slush,02 - Stop sign,01 - Functioning,03 - P.D. only,03 - Rear end,0
16-568,TENTH LINE RD @ CHARLEMAGNE BLVD N/TOMPKINS AV,383184.19169,5037977.79327,-75.49740806440,45.47732525260,2016-01-14,8:32:00 AM,03 - Snow,01 - Daylight,03 - Loose snow,01 - Traffic signal,01 - Functioning,03 - P.D. only,03 - Rear end,0
16-569,EAGLESON RD btwn MARCH RD & HWY417 IC138 RAMP35,352955.37997,5020203.65657,-75.88576285760,45.32013154770,2016-01-14,5:50:00 PM,01 - Clear,07 - Dark,01 - Dry,10 - No control,,03 - P.D. only,04 - Sideswipe,0
16-570,BELMEADE RD btwn STAGECOACH RD & 3RD LINE RD,380230.29429,4996887.70686,-75.54143404640,45.10794283140,2016-01-14,6:12:00 PM,01 - Clear,07 - Dark,02 - Wet,10 - No control,,03 - P.D. only,07 - SMV other,0
16-571,CARLING AVE @ WOODROFFE AVE W,361767.02498,5025724.85488,-75.77274006180,45.36915133420,2016-01-14,7:03:00 PM,01 - Clear,07 - Dark,04 - Slush,01 - Traffic signal,01 - Functioning,02 - Non-fatal injury,03 - Rear end,0
16-572,GILMOUR ST btwn LYON ST N & KENT ST,367577.28183,5030649.20031,-75.69794487660,45.41296289060,2016-01-14,9:30:00 AM,03 - Snow,01 - Daylight,04 - Slush,10 - No control,,03 - P.D. only,06 - SMV unattended vehicle,0
16-573,ALTA VISTA DR @ SMYTH RD,370433.46637,5029081.93273,-75.66166615760,45.39859916200,2016-01-14,7:52:00 PM,01 - Clear,07 - Dark,02 - Wet,01 - Traffic signal,01 - Functioning,03 - P.D. only,03 - Rear end,0
16-574,LONGSHIRE CIRC btwn SLEAFORD GT & WILTSHIRE CIRC,365573.01950,5016534.55909,-75.72528392570,45.28613843580,2016-01-14,8:08:00 PM,03 - Snow,07 - Dark,05 - Packed snow,10 - No control,,03 - P.D. only,06 - SMV unattended vehicle,0
16-575,CONROY RD @ HUNT CLUB RD,373761.48859,5025405.64850,-75.61967590670,45.36520169660,2016-01-14,8:35:00 PM,01 - Clear,07 - Dark,02 - Wet,01 - Traffic signal,01 - Functioning,02 - Non-fatal injury,05 - Turning movement,0
16-576,BANK ST btwn HERON RD & ANOKA ST,369998.72188,5026842.16134,-75.66751444100,45.37848708060,2016-01-14,8:43:00 PM,01 - Clear,07 - Dark,02 - Wet,10 - No control,,02 - Non-fatal injury,02 - Angle,0
16-577,PRINCE OF WALES DR @ WINDING WAY N,367411.86599,5017053.84674,-75.70177958090,45.29064953330,2016-01-14,9:06:00 PM,01 - Clear,07 - Dark,01 - Dry,02 - Stop sign,01 - Functioning,03 - P.D. only,99 - Other,0
16-578,MCCARTHY RD btwn WALKLEY RD & PROVOST DR,369313.50717,5025164.31227,-75.67648177730,45.36345371450,2016-01-15,3:04:00 AM,01 - Clear,07 - Dark,02 - Wet,10 - No control,,02 - Non-fatal injury,07 - SMV other,1
16-579,HUNTSMAN CRES btwn RIDING WAY & BLACKSMITH PL,354834.06824,5015667.39432,-75.86225882740,45.27918200270,2016-01-15,6:42:00 AM,01 - Clear,07 - Dark,03 - Loose snow,10 - No control,,03 - P.D. only,06 - SMV unattended vehicle,0
16-580,REGIONAL ROAD 174 btwn OR174 IC109 RAMP56 & OR174 IC109 RAMP86,376379.93375,5034825.47451,-75.58488687780,45.44969346070,2016-01-15,7:33:00 AM,01 - Clear,03 - Dawn,06 - Ice,10 - No control,,03 - P.D. only,07 - SMV other,0
16-581,OR174 IC109 RAMP66 @ MONTREAL RD,376297.38294,5034935.60173,-75.58592610770,45.45069276520,2016-01-15,7:50:00 AM,01 - Clear,03 - Dawn,04 - Slush,03 - Yield sign,01 - Functioning,02 - Non-fatal injury,03 - Rear end,0
16-582,REGIONAL ROAD 174 btwn OR174 IC112 RAMP26 & OR174 IC112 RAMP61,375014.70921,5033008.82020,-75.60259759020,45.43348674530,2016-01-15,8:02:00 AM,01 - Clear,01 - Daylight,06 - Ice,10 - No control,,03 - P.D. only,03 - Rear end,0
16-583,VISENEAU DR btwn VIGNEAULT ST & SIMARD DR,381271.31010,5035372.45106,-75.52227694640,45.45409664840,2016-01-15,8:40:00 AM,01 - Clear,01 - Daylight,04 - Slush,10 - No control,,03 - P.D. only,04 - Sideswipe,0
16-584,FRANKTOWN RD @ MUNSTER RD,350728.42639,5000790.90068,-75.91595882140,45.14559726280,2016-01-15,9:15:00 AM,01 - Clear,01 - Daylight,01 - Dry,02 - Stop sign,01 - Functioning,03 - P.D. only,02 - Angle,0
16-585,ST. LAURENT BLVD btwn HEMLOCK RD & MEADOW PARK PL,371157.08596,5034753.73955,-75.65166035720,45.44956342320,2016-01-15,9:50:00 AM,01 - Clear,01 - Daylight,04 - Slush,10 - No control,,03 - P.D. only,02 - Angle,0
16-586,MEADOWLANDS DR/TALLWOOD DR @ WOODROFFE AVE,363056.57195,5022730.83782,-75.75663147540,45.34210545010,2016-01-15,10:03:00 AM,03 - Snow,01 - Daylight,04 - Slush,01 - Traffic signal,01 - Functioning,03 - P.D. only,03 - Rear end,0
16-587,FORTUNE DR btwn ST. MORITZ CRT & ST. JEROME CRES,379611.50613,5037247.47818,-75.54321000140,45.47114637760,2016-01-15,7:15:00 AM,01 - Clear,03 - Dawn,02 - Wet,10 - No control,,03 - P.D. only,06 - SMV unattended vehicle,0
16-588,ROGER GUINDON AVE @ SMYTH RD,371933.10639,5029226.68608,-75.64249374270,45.39975940670,2016-01-15,11:45:00 AM,01 - Clear,01 - Daylight,02 - Wet,01 - Traffic signal,01 - Functioning,02 - Non-fatal injury,07 - SMV other,1
16-589,STRANDHERD DR @ CEDARVIEW RD/TARTAN DR,362291.21260,5013546.53330,-75.76746185760,45.25952810550,2016-01-15,12:02:00 PM,01 - Clear,01 - Daylight,02 - Wet,01 - Traffic signal,01 - Functioning,03 - P.D. only,03 - Rear end,0
16-590,MAJESTIC DR @ NEWHAVEN ST,362692.19614,5021059.60860,-75.76147610730,45.32709798180,2016-01-15,12:09:00 PM,01 - Clear,01 - Daylight,04 - Slush,02 - Stop sign,01 - Functioning,03 - P.D. only,02 - Angle,0
16-591,BANK ST btwn WILTON CRES & ECHO DR,368613.67025,5028875.09246,-75.68493470530,45.39690630800,2016-01-15,12:35:00 PM,01 - Clear,01 - Daylight,01 - Dry,10 - No control,,03 - P.D. only,04 - Sideswipe,0
16-592,UPLANDS DR @ AIRPORT PKWY RAMP 35,371124.39361,5021373.30741,-75.65387657400,45.32917441220,2016-01-15,1:05:00 PM,01 - Clear,01 - Daylight,02 - Wet,01 - Traffic signal,01 - Functioning,03 - P.D. only,03 - Rear end,0
16-593,STRATHCONA AVE btwn BANK ST & O'CONNOR ST,368224.57668,5030080.72117,-75.68974887780,45.40778953290,2016-01-09,12:00:00 AM,02 - Rain,00 - Unknown,02 - Wet,10 - No control,,03 - P.D. only,06 - SMV unattended vehicle,0
16-594,CYRVILLE RD @ INNES RD,375048.47517,5031120.68990,-75.60243536260,45.41649500090,2016-01-15,2:36:00 PM,01 - Clear,01 - Daylight,01 - Dry,01 - Traffic signal,01 - Functioning,03 - P.D. only,04 - Sideswipe,0
16-595,HERON RD @ ALTA VISTA DR,370491.97193,5026904.41327,-75.66120880500,45.37900112890,2016-01-15,2:49:00 PM,01 - Clear,01 - Daylight,05 - Packed snow,01 - Traffic signal,01 - Functioning,03 - P.D. only,04 - Sideswipe,0
16-596,WOODROFFE AVE @ GEORGINA DR/LENESTER AVE,361911.18754,5025370.89443,-75.77094070200,45.36595469500,2016-01-15,3:17:00 PM,01 - Clear,01 - Daylight,02 - Wet,01 - Traffic signal,01 - Functioning,03 - P.D. only,03 - Rear end,0
16-597,DONALD ST @ 110 E OF ST. LAURENT BLVD,372203.02648,5032482.49422,-75.63860110900,45.42902777660,2016-01-15,3:41:00 PM,01 - Clear,01 - Daylight,01 - Dry,01 - Traffic signal,01 - Functioning,03 - P.D. only,02 - Angle,0
16-598,INDUSTRIAL AVE btwn RUSSELL RD & ST. LAURENT BLVD,372671.29438,5030116.18506,-75.63294335420,45.40769155040,2016-01-15,4:07:00 PM,01 - Clear,01 - Daylight,01 - Dry,10 - No control,,03 - P.D. only,02 - Angle,0
16-599,RIVERSIDE DR btwn FROBISHER LANE & HINCKS LANE,370254.22933,5030060.25080,-75.66382544890,45.40741848450,2016-01-14,2:00:00 PM,01 - Clear,01 - Daylight,03 - Loose snow,10 - No control,,03 - P.D. only,06 - SMV unattended vehicle,0
16-600,SOMERSET ST    W btwn PRESTON ST & ROCHESTER ST,366468.19666,5030198.43812,-75.71216980310,45.40900567260,2016-01-15,4:55:00 PM,01 - Clear,05 - Dusk,01 - Dry,10 - No control,,03 - P.D. only,06 - SMV unattended vehicle,0
16-601,SHEFFIELD RD @ WALKLEY RD,375256.23416,5028786.41497,-75.60011471060,45.39547153930,2016-01-15,5:26:00 PM,01 - Clear,05 - Dusk,05 - Packed snow,01 - Traffic signal,01 - Functioning,03 - P.D. only,03 - Rear end,0
16-602,PINECREST RD @ RICHMOND RD,360072.89004,5024471.73194,-75.79450644340,45.35801143090,2016-01-15,5:24:00 PM,03 - Snow,05 - Dusk,02 - Wet,01 - Traffic signal,01 - Functioning,03 - P.D. only,03 - Rear end,0
16-603,REGIONAL ROAD 174 btwn OR174 IC112 RAMP15 & TRANSIT,375580.05237,5033415.15167,-75.59531451700,45.43708568500,2016-01-15,5:55:00 PM,01 - Clear,07 - Dark,01 - Dry,10 - No control,,03 - P.D. only,03 - Rear end,0
16-604,MARCH RD btwn TERRY FOX DR & SOLANDT RD,349927.64800,5023327.08864,-75.92409570880,45.34843810000,2016-01-15,5:54:00 PM,01 - Clear,07 - Dark,01 - Dry,10 - No control,,03 - P.D. only,03 - Rear end,0
16-605,ST. JOSEPH BLVD @ JEANNE D'ARC BLVD,379860.74250,5036471.35128,-75.54014141600,45.46413664940,2016-01-15,6:01:00 PM,01 - Clear,07 - Dark,01 - Dry,11 - Roundabout,01 - Functioning,03 - P.D. only,04 - Sideswipe,0
16-606,INNES RD btwn PRESTWICK DR & TENTH LINE RD,383849.69651,5036117.90977,-75.48919625930,45.46051670350,2016-01-15,6:31:00 PM,01 - Clear,07 - Dark,02 - Wet,10 - No control,,03 - P.D. only,03 - Rear end,0
16-607,HAZELDEAN RD btwn KINCARDINE DR & TERRY FOX DR,352201.85277,5017237.04672,-75.89565752240,45.29348856540,2016-01-15,7:21:00 PM,01 - Clear,07 - Dark,02 - Wet,10 - No control,,03 - P.D. only,03 - Rear end,0
16-608,PATTERSON AVE btwn BANK ST & ALLAN PL,368162.79433,5029988.29961,-75.69054994870,45.40696354850,2016-01-15,7:52:00 PM,01 - Clear,07 - Dark,03 - Loose snow,10 - No control,,03 - P.D. only,01 - Approaching,0
16-609,ELGIN ST btwn WAVERLEY ST & FRANK ST,368329.23713,5030935.39804,-75.68830181750,45.41547014130,2016-01-15,8:29:00 PM,01 - Clear,07 - Dark,02 - Wet,10 - No control,,03 - P.D. only,05 - Turning movement,0
16-610,HAZELDEAN RD @ CARBROOKE ST/IRWIN GATE,353419.43818,5018264.86277,-75.88003423040,45.30265389750,2016-01-15,9:03:00 PM,01 - Clear,07 - Dark,02 - Wet,01 - Traffic signal,01 - Functioning,02 - Non-fatal injury,05 - Turning movement,0
16-611,STONEHAVEN DR @ SAWYER WAY/SUMMITVIEW DR,356561.88584,5015861.27064,-75.84021704720,45.28080144870,2016-01-15,11:30:00 PM,01 - Clear,07 - Dark,04 - Slush,02 - Stop sign,01 - Functioning,03 - P.D. only,07 - SMV other,0
16-612,MERIVALE RD @ SLACK RD,366019.46938,5020955.93174,-75.71904714930,45.32588278460,2016-01-16,12:15:00 AM,01 - Clear,07 - Dark,02 - Wet,01 - Traffic signal,00 - Unknown,03 - P.D. only,02 - Angle,0
16-613,YORK ST btwn WILLIAM ST & DALHOUSIE ST,368072.28698,5032405.07886,-75.69139572190,45.42871711330,2016-01-16,1:38:00 AM,01 - Clear,07 - Dark,02 - Wet,10 - No control,,03 - P.D. only,06 - SMV unattended vehicle,0
16-614,DUNROBIN RD btwn DUNROBIN RD & MURPHY SIDE RD,342983.68804,5030711.88726,-76.01213755180,45.41530113090,2016-01-16,5:59:00 AM,03 - Snow,07 - Dark,03 - Loose snow,10 - No control,,03 - P.D. only,07 - SMV other,0
16-615,BIRCHGROVE RD btwn LARMOURS RD & WATSON RD,398434.34675,5033628.69126,-75.30321472220,45.43631997020,2016-01-16,6:43:00 AM,03 - Snow,07 - Dark,06 - Ice,10 - No control,,03 - P.D. only,07 - SMV other,0
16-616,CLYDE AVE btwn DOHENY ST & DOBBIE ST,363649.95434,5026566.41295,-75.74860373520,45.37656797920,2016-01-16,6:46:00 AM,01 - Clear,07 - Dark,01 - Dry,10 - No control,,03 - P.D. only,05 - Turning movement,0
16-617,PARKDALE AVE @ WELLINGTON ST,365148.95013,5029272.43187,-75.72913536730,45.40078868020,2016-01-16,8:26:00 AM,01 - Clear,01 - Daylight,02 - Wet,01 - Traffic signal,01 - Functioning,03 - P.D. only,07 - SMV other,0
16-618,MACDONALD-CARTIER BR btwn RAMP & END (2),367249.61192,5033271.63688,-75.70179836480,45.43658805350,2016-01-16,9:06:00 AM,03 - Snow,01 - Daylight,06 - Ice,10 - No control,,03 - P.D. only,03 - Rear end,0
16-619,MONTGOMERY ST @ SELKIRK ST,370012.46397,5032784.96023,-75.66655302910,45.43195692130,2016-01-16,9:41:00 AM,03 - Snow,01 - Daylight,03 - Loose snow,02 - Stop sign,01 - Functioning,03 - P.D. only,05 - Turning movement,0
16-620,REGIONAL ROAD 174 btwn OLD MONTREAL RD & OLD MONTREAL RD,393552.34754,5042821.26890,-75.36394030370,45.51965953350,2016-01-16,9:45:00 AM,03 - Snow,01 - Daylight,03 - Loose snow,10 - No control,,03 - P.D. only,07 - SMV other,0
16-621,HAZELDEAN RD @ EDGEWATER ST,352323.38616,5017351.66454,-75.89409715550,45.29451171700,2016-01-16,10:03:00 AM,01 - Clear,01 - Daylight,04 - Slush,01 - Traffic signal,01 - Functioning,03 - P.D. only,03 - Rear end,0
16-622,RUSSELL RD btwn CUBA AVE & SMYTH RD,373229.37938,5029391.93038,-75.62591514920,45.40112070200,2016-01-16,10:04:00 AM,03 - Snow,01 - Daylight,06 - Ice,10 - No control,,03 - P.D. only,01 - Approaching,0
16-623,BLAIR RD @ REGIONAL RD 174 S/OR174 IC112 RAMP15,374906.80983,5032660.76662,-75.60402602030,45.43036597920,2016-01-15,6:30:00 PM,01 - Clear,07 - Dark,02 - Wet,01 - Traffic signal,01 - Functioning,03 - P.D. only,05 - Turning movement,0
16-624,REGIONAL ROAD 174 btwn OR174 IC109 RAMP56 & OR174 IC109 RAMP86,376378.13969,5034826.55181,-75.58490965470,45.44970333730,2016-01-16,10:35:00 AM,03 - Snow,01 - Daylight,04 - Slush,10 - No control,,03 - P.D. only,07 - SMV other,0
16-625,DONALD ST btwn ST. LAURENT BLVD & GL/OT BOUNDARY,372134.32761,5032477.19522,-75.63947969380,45.42898671590,2016-01-16,10:43:00 AM,01 - Clear,01 - Daylight,01 - Dry,10 - No control,,03 - P.D. only,02 - Angle,0
16-626,WEST HUNT CLUB RD @ WOODROFFE AVE,363669.18911,5021245.67408,-75.74899166550,45.32869092240,2016-01-16,10:47:00 AM,03 - Snow,01 - Daylight,04 - Slush,01 - Traffic signal,01 - Functioning,03 - P.D. only,03 - Rear end,0
16-627,TRIM RD btwn BRIARGATE PRIV & INNES RD,386508.10414,5037413.32095,-75.45499361170,45.47186566120,2016-01-16,11:01:00 AM,03 - Snow,01 - Daylight,04 - Slush,10 - No control,,03 - P.D. only,07 - SMV other,0
16-628,BANK ST @ HUNT CLUB RD,371608.65971,5024096.49149,-75.64733157110,45.35363084300,2016-01-16,10:58:00 AM,02 - Rain,01 - Daylight,02 - Wet,01 - Traffic signal,01 - Functioning,03 - P.D. only,04 - Sideswipe,0
16-629,AVIATION PKWY @ OGILVIE RD,373109.96373,5032376.96083,-75.62702659280,45.42799024840,2016-01-16,11:20:00 AM,03 - Snow,01 - Daylight,04 - Slush,01 - Traffic signal,01 - Functioning,03 - P.D. only,05 - Turning movement,0
16-630,MARCH RD btwn RICHARDSON SIDE RD & HERZBERG RD,351846.47398,5021675.95547,-75.89976661400,45.33345479740,2016-01-16,11:29:00 AM,03 - Snow,01 - Daylight,03 - Loose snow,10 - No control,,03 - P.D. only,07 - SMV other,0
16-631,ALBERT ST @ BOOTH ST,366428.03458,5030626.34706,-75.71262933890,45.41285941770,2016-01-15,4:30:00 PM,01 - Clear,01 - Daylight,02 - Wet,01 - Traffic signal,01 - Functioning,03 - P.D. only,03 - Rear end,0
16-632,BOUNDARY RD btwn MITCH OWENS RD & DEVINE RD,388295.54249,5021613.44493,-75.43481186650,45.32950227700,2016-01-16,11:45:00 AM,03 - Snow,01 - Daylight,03 - Loose snow,10 - No control,,02 - Non-fatal injury,07 - SMV other,0
16-633,GRANT CARMAN DR @ MEADOWLANDS DR,365050.94363,5023903.38357,-75.73104221440,45.35248740320,2016-01-16,11:51:00 AM,03 - Snow,01 - Daylight,03 - Loose snow,01 - Traffic signal,01 - Functioning,03 - P.D. only,03 - Rear end,0