Record,Location,X,Y,Longitude,Latitude,Date,Time,Environment,Light,Road_Surface,Traffic_Control,Collision_Location,Collision_Classification,Impact_type,Pedestrian
16-634,COVENTRY RD btwn BELFAST RD & ST. LAURENT SC WEST,371672.61691,5031658.10543,-75.64549081260,45.42166121210,2016-01-15,6:00:00 PM,01 - Clear,07 - Dark,01 - Dry,10 - No control,,03 - P.D. only,03 - Rear end,0
16-635,CONROY RD btwn WALKLEY RD & ST. LAURENT BLVD,372923.94732,5027432.07063,-75.63008673200,45.38351652130,2016-01-16,12:02:00 PM,03 - Snow,01 - Daylight,03 - Loose snow,10 - No control,,03 - P.D. only,04 - Sideswipe,0
16-636,BRONSON AVE @ FIFTH AVE/MADAWASKA DR,367612.61501,5028937.89508,-75.69771149790,45.39756190730,2016-01-16,12:54:00 PM,03 - Snow,01 - Daylight,04 - Slush,01 - Traffic signal,01 - Functioning,03 - P.D. only,04 - Sideswipe,0
16-637,LESTER RD btwn ALBION RD & UPLANDS DR,372273.98281,5022065.67121,-75.63911813110,45.33529450260,2016-01-16,1:36:00 PM,03 - Snow,01 - Daylight,03 - Loose snow,10 - No control,,02 - Non-fatal injury,01 - Approaching,0
16-638,BANK ST btwn BANK ST EXTENSION NB & JOHNSTON RD,370582.92626,5025406.54272,-75.66024706290,45.36551525120,2016-01-16,1:39:00 PM,02 - Rain,01 - Daylight,03 - Loose snow,10 - No control,,03 - P.D. only,04 - Sideswipe,0
16-639,BASELINE RD btwn CONSTELLATION CRES & WOODROFFE AVE,362464.88720,5023715.34523,-75.76406611000,45.35101286980,2016-01-16,1:46:00 PM,03 - Snow,01 - Daylight,03 - Loose snow,10 - No control,,03 - P.D. only,03 - Rear end,0
16-640,OLD WELLINGTON ST btwn LORD NELSON ST & WATERLOO ST,371948.84573,5001448.56544,-75.64604984020,45.14981631420,2016-01-16,1:58:00 PM,01 - Clear,01 - Daylight,02 - Wet,10 - No control,,03 - P.D. only,07 - SMV other,0
16-641,FRANK KENNY RD W @ INNES RD,387531.36243,5037631.03736,-75.44187221620,45.47370397570,2016-01-16,2:44:00 PM,03 - Snow,01 - Daylight,03 - Loose snow,02 - Stop sign,01 - Functioning,03 - P.D. only,02 - Angle,0
16-642,OGILVIE RD btwn MONTREAL RD & GREGORY CRT,375678.62785,5034366.76536,-75.59391766840,45.44563774950,2016-01-16,3:17:00 PM,03 - Snow,01 - Daylight,04 - Slush,10 - No control,,03 - P.D. only,07 - SMV other,0
16-643,HEATHERINGTON RD @ FAIRLEA CRES S/ANGELA PRIV,371874.73650,5026503.02934,-75.64360938990,45.37525861100,2016-01-16,3:36:00 PM,01 - Clear,01 - Daylight,03 - Loose snow,02 - Stop sign,01 - Functioning,03 - P.D. only,07 - SMV other,0
16-644,FALLOWFIELD RD @ WOODROFFE AVE,365085.86726,5017904.15867,-75.73132696690,45.29850398030,2016-01-16,3:55:00 PM,01 - Clear,01 - Daylight,02 - Wet,01 - Traffic signal,01 - Functioning,03 - P.D. only,03 - Rear end,0
16-645,CRESTWAY DR btwn GRAND GALA DR & PRINCE OF WALES DR,367138.15236,5016584.40734,-75.70532772520,45.28644989610,2016-01-16,4:09:00 PM,03 - Snow,01 - Daylight,04 - Slush,10 - No control,,03 - P.D. only,07 - SMV other,0
16-646,MERIVALE RD btwn EMERALD PLAZA SC & MEADOWLANDS DR,364753.24672,5023969.52526,-75.73483323490,45.35310805160,2016-01-16,4:25:00 PM,02 - Rain,01 - Daylight,02 - Wet,10 - No control,,03 - P.D. only,04 - Sideswipe,0
16-647,RICHMOND RD @ STONEHAVEN DR,356781.42156,5015891.21746,-75.83741578480,45.28105471750,2016-01-16,4:40:00 PM,01 - Clear,05 - Dusk,01 - Dry,01 - Traffic signal,01 - Functioning,03 - P.D. only,04 - Sideswipe,0
16-648,GEORGE ST @ DALHOUSIE ST,368157.70016,5032315.41904,-75.69031580650,45.42790265290,2016-01-16,5:40:00 PM,01 - Clear,07 - Dark,03 - Loose snow,01 - Traffic signal,01 - Functioning,03 - P.D. only,05 - Turning movement,0
16-649,CARLING AVE @ BAYSHORE DR/BIRCHDALE AVE,359003.16462,5023989.93288,-75.80821204860,45.35375971650,2016-01-16,7:03:00 PM,03 - Snow,07 - Dark,03 - Loose snow,01 - Traffic signal,01 - Functioning,03 - P.D. only,03 - Rear end,0
16-650,MACDONALD-CARTIER BR RAMP SB-2 btwn BOTELER ST & MACDONALD-CARTIER BR,367538.72746,5033168.65909,-75.69811651220,45.43563561330,2016-01-16,8:00:00 PM,01 - Clear,07 - Dark,02 - Wet,10 - No control,,03 - P.D. only,99 - Other,0
16-651,LESTER RD btwn ALBION RD & UPLANDS DR,372275.13375,5022065.01817,-75.63910353650,45.33528851650,2016-01-16,8:30:00 PM,03 - Snow,07 - Dark,05 - Packed snow,10 - No control,,03 - P.D. only,07 - SMV other,0
16-652,CASTLETHORPE CRES btwn NORWICH WAY & NORWICH WAY,361598.90400,5023095.10128,-75.77518834550,45.34550261610,2016-01-16,8:00:00 PM,01 - Clear,07 - Dark,03 - Loose snow,10 - No control,,03 - P.D. only,06 - SMV unattended vehicle,0
16-653,BASELINE RD @ CLYDE AVE,364358.04468,5024890.29336,-75.73976570290,45.36142667780,2016-01-16,10:50:00 PM,03 - Snow,07 - Dark,03 - Loose snow,01 - Traffic signal,01 - Functioning,03 - P.D. only,05 - Turning movement,0
16-654,MONTREAL RD btwn PALACE ST & VANIER PKWY,369960.61433,5033000.43346,-75.66718710670,45.43390049450,2016-01-17,12:36:00 AM,03 - Snow,07 - Dark,03 - Loose snow,10 - No control,,03 - P.D. only,06 - SMV unattended vehicle,0
16-655,RUSSELL RD btwn DUNNING RD & CLAYTON RD,396351.70740,5028010.38337,-75.33087174710,45.38604953350,2016-01-17,9:00:00 AM,01 - Clear,01 - Daylight,06 - Ice,10 - No control,,03 - P.D. only,07 - SMV other,0
16-656,REGIONAL ROAD 174 btwn OR174 IC109 RAMP64 & OR174 IC105 RAMP16,378526.31850,5036531.07076,-75.55719440340,45.46481607250,2016-01-17,9:40:00 AM,01 - Clear,01 - Daylight,06 - Ice,10 - No control,,03 - P.D. only,03 - Rear end,0
16-657,COOPER ST @ METCALFE ST,367961.95683,5031178.94513,-75.69296278610,45.41769474780,2016-01-17,9:39:00 AM,01 - Clear,01 - Daylight,01 - Dry,02 - Stop sign,01 - Functioning,03 - P.D. only,02 - Angle,0
16-658,8TH LINE RD btwn BYRON ST & UNITED AVE,385525.59320,5010978.17577,-75.47187337390,45.23413735810,2016-01-17,10:23:00 AM,01 - Clear,01 - Daylight,04 - Slush,10 - No control,,03 - P.D. only,05 - Turning movement,0
16-659,FOXWELL ST btwn AMBROSE DR & DONDALE ST (2),374447.90514,5031542.02042,-75.61004835650,45.42034594970,2016-01-16,2:49:00 PM,01 - Clear,01 - Daylight,04 - Slush,10 - No control,,03 - P.D. only,07 - SMV other,0
16-660,KANATA AVE @ TERRY FOX DR,349306.65922,5019211.30642,-75.93239021360,45.31144289740,2016-01-17,11:21:00 AM,01 - Clear,01 - Daylight,02 - Wet,01 - Traffic signal,01 - Functioning,03 - P.D. only,04 - Sideswipe,0
16-661,BLAIR RD @ REGIONAL RD 174 S/OR174 IC112 RAMP15,374908.21405,5032662.36773,-75.60400784870,45.43038024430,2016-01-17,11:32:00 AM,01 - Clear,01 - Daylight,02 - Wet,01 - Traffic signal,01 - Functioning,02 - Non-fatal injury,05 - Turning movement,0
16-662,PRINCE OF WALES DR @ FALLOWFIELD RD,367399.49046,5019166.68974,-75.70167057330,45.30966173640,2016-01-17,9:30:00 AM,01 - Clear,01 - Daylight,01 - Dry,01 - Traffic signal,01 - Functioning,03 - P.D. only,03 - Rear end,0
16-663,LAMIRA ST btwn KILBORN AVE & END,369740.28988,5027941.50304,-75.67066924330,45.38840260170,2016-01-17,1:59:00 PM,03 - Snow,01 - Daylight,03 - Loose snow,10 - No control,,03 - P.D. only,06 - SMV unattended vehicle,0
16-664,ASHBOURNE CRES btwn KILBIRNIE DR & Continuation of ASHBOURNE CRES,365320.43251,5012994.40919,-75.72893498660,45.25430602500,2016-01-17,2:20:00 PM,03 - Snow,01 - Daylight,03 - Loose snow,10 - No control,,03 - P.D. only,02 - Angle,0
16-665,GLEBE AVE @ O'CONNOR ST,368507.48716,5029950.21992,-75.68615191540,45.40658963120,2016-01-17,2:50:00 PM,01 - Clear,01 - Daylight,02 - Wet,02 - Stop sign,01 - Functioning,02 - Non-fatal injury,01 - Approaching,0
16-666,O'CONNOR ST btwn FIRST AVE & SECOND AVE,368568.14578,5029843.25505,-75.68539092890,45.40562167330,2016-01-08,3:36:00 PM,03 - Snow,01 - Daylight,03 - Loose snow,10 - No control,,03 - P.D. only,06 - SMV unattended vehicle,0
16-667,KENNEVALE DR @ STRANDHERD DR,361490.35906,5014100.67470,-75.77760207090,45.26457931190,2016-01-17,3:45:00 PM,03 - Snow,01 - Daylight,03 - Loose snow,01 - Traffic signal,01 - Functioning,03 - P.D. only,05 - Turning movement,0
16-668,PRINCE OF WALES DR btwn MEADOWLANDS DR & NESBITT PL,367383.41669,5025604.93508,-75.70106122740,45.36759331020,2016-01-17,3:56:00 PM,03 - Snow,01 - Daylight,02 - Wet,10 - No control,,02 - Non-fatal injury,02 - Angle,0
16-669,CONROY RD @ WALKLEY RD,372904.47307,5027464.65700,-75.63033088450,45.38381161370,2016-01-17,4:20:00 PM,03 - Snow,05 - Dusk,03 - Loose snow,01 - Traffic signal,01 - Functioning,03 - P.D. only,03 - Rear end,0
16-670,BOUNDARY RD @ MITCH OWENS RD,388065.17348,5022163.12812,-75.43765780810,45.33447522870,2016-01-17,5:07:00 PM,03 - Snow,05 - Dusk,03 - Loose snow,02 - Stop sign,01 - Functioning,03 - P.D. only,07 - SMV other,0
16-671,CARLING AVE @ MERIVALE RD,364893.95333,5027700.16897,-75.73258376710,45.38666371660,2016-01-17,6:01:00 PM,01 - Clear,07 - Dark,02 - Wet,01 - Traffic signal,01 - Functioning,02 - Non-fatal injury,05 - Turning movement,0
16-672,CALAVERAS AVE btwn LONGFIELDS DR & CROXLEY WAY,364404.35645,5015519.56223,-75.74030226190,45.27710558120,2016-01-17,6:34:00 PM,03 - Snow,07 - Dark,03 - Loose snow,10 - No control,,03 - P.D. only,06 - SMV unattended vehicle,0
16-673,MOHRS RD btwn GALETTA SIDE RD & RIDDLEDALE RD,324459.53647,5031134.36852,-76.24879530310,45.41986849270,2016-01-17,6:57:00 PM,05 - Drifting Snow,07 - Dark,05 - Packed snow,10 - No control,,02 - Non-fatal injury,07 - SMV other,0
16-674,WOODROFFE AVE btwn TRANSIT & SPORTSPLEX S/TRANSIT,363798.12119,5020975.10010,-75.74737923340,45.32624548980,2016-01-17,8:20:00 PM,03 - Snow,07 - Dark,03 - Loose snow,10 - No control,,03 - P.D. only,99 - Other,0
16-675,SPRINGLAND DR N @ FLANNERY DR N,368893.91436,5025897.86527,-75.68174219010,45.37009251420,2016-01-17,8:41:00 PM,03 - Snow,07 - Dark,03 - Loose snow,02 - Stop sign,01 - Functioning,03 - P.D. only,07 - SMV other,0
16-676,SLATER ST btwn O'CONNOR ST & METCALFE ST,367679.30839,5031516.84105,-75.69653078090,45.42076048520,2016-01-17,11:15:00 PM,03 - Snow,07 - Dark,04 - Slush,10 - No control,,03 - P.D. only,04 - Sideswipe,0
16-677,BLACKBURN BYPASS @ INNES RD W,377187.45393,5032174.93567,-75.57495426750,45.42576244290,2016-01-18,1:47:00 AM,03 - Snow,07 - Dark,03 - Loose snow,01 - Traffic signal,01 - Functioning,03 - P.D. only,07 - SMV other,0
16-678,TIMM DR btwn HAANEL DR & MOODIE DR,356785.62974,5021071.09256,-75.83681890950,45.32766365470,2016-01-18,5:29:00 AM,03 - Snow,07 - Dark,03 - Loose snow,10 - No control,,03 - P.D. only,07 - SMV other,0
16-679,RIDEAU RD btwn BANK ST & DONCASTER RD,378076.48007,5018499.85042,-75.56562269570,45.30262899500,2016-01-18,10:17:00 AM,03 - Snow,01 - Daylight,03 - Loose snow,10 - No control,,02 - Non-fatal injury,01 - Approaching,0
16-680,INNES RD btwn O'TOOLE RD & DUNNING RD,389294.61226,5038377.97151,-75.41919590650,45.48021292730,2016-01-18,6:45:00 AM,03 - Snow,07 - Dark,04 - Slush,10 - No control,,03 - P.D. only,07 - SMV other,0
16-681,DALEHURST DR btwn CRESTLEA CRES & LAVONNE CRT,363610.38715,5021666.59968,-75.74969174240,45.33248331140,2016-01-18,7:35:00 AM,03 - Snow,03 - Dawn,03 - Loose snow,10 - No control,,03 - P.D. only,02 - Angle,0
16-682,VALIN ST @ WINSOME TER,385862.97464,5037437.04341,-75.46323922150,45.47215427200,2016-01-18,7:46:00 AM,01 - Clear,03 - Dawn,03 - Loose snow,02 - Stop sign,01 - Functioning,03 - P.D. only,03 - Rear end,0
16-683,BRAMBLEGROVE CRES btwn LORRY GREENBERG DR & BRIERMOOR CRES (2),373509.27464,5025595.88374,-75.62286869660,45.36693812310,2016-01-17,12:00:00 PM,01 - Clear,01 - Daylight,03 - Loose snow,10 - No control,,03 - P.D. only,06 - SMV unattended vehicle,0
16-684,CARLING AVE @ GRANDVIEW RD/NORTEL ENTRANCE,355725.43006,5024052.29246,-75.85003613230,45.35456653650,2016-01-18,8:27:00 AM,01 - Clear,01 - Daylight,03 - Loose snow,01 - Traffic signal,01 - Functioning,03 - P.D. only,02 - Angle,0
16-685,BANK ST @ HUNT CLUB RD,371609.39512,5024095.84758,-75.64732227340,45.35362497930,2016-01-18,8:28:00 AM,03 - Snow,01 - Daylight,03 - Loose snow,01 - Traffic signal,01 - Functioning,03 - P.D. only,03 - Rear end,0
16-686,BESSERER ST @ WALLER ST,368315.99988,5032191.64491,-75.68830897080,45.42677462000,2016-01-18,8:28:00 AM,01 - Clear,01 - Daylight,04 - Slush,01 - Traffic signal,01 - Functioning,03 - P.D. only,04 - Sideswipe,0
16-687,ALBION RD @ MITCH OWENS RD,375905.57074,5014802.03764,-75.59383120980,45.26958048280,2016-01-18,8:31:00 AM,03 - Snow,01 - Daylight,03 - Loose snow,01 - Traffic signal,01 - Functioning,03 - P.D. only,01 - Approaching,0
16-688,REGIONAL ROAD 174 btwn OR174 IC105 RAMP35 & OR174 IC105 RAMP25,379489.98316,5037047.41756,-75.54479438960,45.46935939340,2016-01-18,8:38:00 AM,01 - Clear,01 - Daylight,02 - Wet,10 - No control,,03 - P.D. only,04 - Sideswipe,0
16-689,CASTLEFRANK RD @ KATIMAVIK RD,351949.79428,5018944.61359,-75.89870852830,45.30887064330,2016-01-18,8:55:00 AM,01 - Clear,01 - Daylight,04 - Slush,01 - Traffic signal,01 - Functioning,03 - P.D. only,02 - Angle,0
16-690,RIVERSIDE DR @ HERON RD,368121.76352,5026646.12341,-75.69150296420,45.37689533540,2016-01-18,9:04:00 AM,01 - Clear,01 - Daylight,03 - Loose snow,01 - Traffic signal,01 - Functioning,03 - P.D. only,03 - Rear end,0
16-691,RIVER RD btwn KILBY LANE & WATERFRONT CRT,371947.03758,5007834.37497,-75.64521349580,45.20727562810,2016-01-18,9:07:00 AM,03 - Snow,01 - Daylight,03 - Loose snow,10 - No control,,03 - P.D. only,07 - SMV other,0
16-692,MERIVALE RD btwn AMBERWOOD CRES & FALLOWFIELD RD,366703.63852,5019294.53321,-75.71052793150,45.31087373670,2016-01-18,9:27:00 AM,01 - Clear,01 - Daylight,03 - Loose snow,10 - No control,,03 - P.D. only,07 - SMV other,0
16-693,KIMBERWICK CRES S @ RIVERSIDE DR,368147.03158,5022532.52277,-75.69170755710,45.33987985360,2016-01-18,9:35:00 AM,01 - Clear,01 - Daylight,03 - Loose snow,02 - Stop sign,01 - Functioning,03 - P.D. only,03 - Rear end,0
16-694,NASKAPI DR btwn ROTHWELL DR & LUDGATE CRT,374845.39391,5034735.15568,-75.60451561390,45.44903630380,2016-01-16,12:00:00 AM,03 - Snow,00 - Unknown,03 - Loose snow,10 - No control,,03 - P.D. only,06 - SMV unattended vehicle,0
16-695,LANCASTER RD @ WALKLEY RD,374908.96004,5028603.63889,-75.60457561420,45.39386186780,2016-01-18,9:45:00 AM,01 - Clear,01 - Daylight,04 - Slush,01 - Traffic signal,01 - Functioning,03 - P.D. only,04 - Sideswipe,0
16-696,LAPERRIERE AVE btwn MCBRIDE ST & LADY ELLEN PL,364078.14639,5026681.50132,-75.74312324050,45.37756743070,2016-01-18,9:45:00 AM,01 - Clear,01 - Daylight,04 - Slush,10 - No control,,03 - P.D. only,02 - Angle,0
16-697,RICHARDSON SIDE RD btwn CARP RD & OAK CREEK RD,346662.61327,5017590.70596,-75.96624605110,45.29702275800,2016-01-18,10:08:00 AM,01 - Clear,01 - Daylight,03 - Loose snow,10 - No control,,02 - Non-fatal injury,07 - SMV other,0
16-698,HUNTER'S RUN DR @ JEANNE D'ARC BLVD,380567.52172,5036175.24874,-75.53115022610,45.46139625220,2016-01-18,10:23:00 AM,01 - Clear,01 - Daylight,04 - Slush,01 - Traffic signal,01 - Functioning,03 - P.D. only,02 - Angle,0
16-699,IRIS ST @ WOODROFFE AVE,362282.56373,5024441.73219,-75.76630832100,45.35756381500,2016-01-18,9:25:00 AM,06 - Strong wind,01 - Daylight,06 - Ice,01 - Traffic signal,01 - Functioning,03 - P.D. only,03 - Rear end,0
16-700,CARLING AVE @ EDGEWORTH AVE,361262.69330,5025424.49971,-75.77921233960,45.36648957090,2016-01-18,10:31:00 AM,01 - Clear,01 - Daylight,01 - Dry,01 - Traffic signal,01 - Functioning,02 - Non-fatal injury,07 - SMV other,1
16-701,LONGFIELDS DR @ WOODROFFE AVE,365420.95036,5017107.16444,-75.72715230990,45.29130384130,2016-01-18,11:10:00 AM,01 - Clear,01 - Daylight,04 - Slush,01 - Traffic signal,01 - Functioning,03 - P.D. only,02 - Angle,0
16-702,WEST HUNT CLUB RD @ WOODROFFE AVE,363670.73820,5021246.37484,-75.74897182170,45.32869709730,2016-01-17,8:15:00 PM,03 - Snow,07 - Dark,03 - Loose snow,01 - Traffic signal,01 - Functioning,03 - P.D. only,03 - Rear end,0
16-703,STRANDHERD DR @ LONGFIELDS DR,364549.46912,5015172.22701,-75.73849467130,45.27396794430,2016-01-18,8:08:00 AM,01 - Clear,01 - Daylight,04 - Slush,01 - Traffic signal,01 - Functioning,03 - P.D. only,03 - Rear end,0
16-704,HERON RD WB btwn BRONSON AVE RAMP 26 & BRONSON AVE RAMP 62,368733.88284,5026716.62313,-75.68367904500,45.37747408490,2016-01-18,11:32:00 AM,01 - Clear,01 - Daylight,04 - Slush,10 - No control,,03 - P.D. only,03 - Rear end,0
16-705,FALLOWFIELD RD @ MERIVALE RD,366891.49306,5018844.24966,-75.70818882230,45.30680555720,2016-01-18,9:40:00 AM,03 - Snow,01 - Daylight,03 - Loose snow,01 - Traffic signal,01 - Functioning,03 - P.D. only,03 - Rear end,0
16-706,HALTON TER btwn Continuation of HALTON TER & OLD CARP RD,348839.85666,5024337.05104,-75.93788710560,45.35759512740,2016-01-18,12:14:00 PM,01 - Clear,01 - Daylight,04 - Slush,10 - No control,,03 - P.D. only,04 - Sideswipe,0
16-707,INDUSTRIAL AVE @ RUSSELL RD,372464.63091,5030279.33356,-75.63556078800,45.40917949750,2016-01-18,12:17:00 PM,01 - Clear,01 - Daylight,01 - Dry,01 - Traffic signal,01 - Functioning,02 - Non-fatal injury,03 - Rear end,0
16-708,HUNTER'S RUN DR @ JEANNE D'ARC BLVD,380568.40582,5036175.23092,-75.53113892530,45.46139599620,2016-01-18,12:20:00 PM,03 - Snow,01 - Daylight,03 - Loose snow,01 - Traffic signal,01 - Functioning,03 - P.D. only,04 - Sideswipe,0
16-709,MERIVALE RD/LOTTA AVE @ CLYDE AVE,364523.15623,5024507.74971,-75.73770453310,45.35797055660,2016-01-18,12:37:00 PM,01 - Clear,01 - Daylight,02 - Wet,01 - Traffic signal,01 - Functioning,03 - P.D. only,05 - Turning movement,0
16-710,SHEFFIELD RD btwn LEEDS AVE & TO BE DETERMINED,374963.05564,5029328.84555,-75.60378164680,45.40038149360,2016-01-18,12:59:00 PM,05 - Drifting Snow,01 - Daylight,06 - Ice,10 - No control,,03 - P.D. only,03 - Rear end,0
16-711,HALTON TER btwn Continuation of HALTON TER & OLD CARP RD,348840.32453,5024335.88137,-75.93788123920,45.35758457370,2016-01-18,1:16:00 PM,01 - Clear,01 - Daylight,04 - Slush,10 - No control,,03 - P.D. only,03 - Rear end,0
16-712,COVENTRY RD @ VANIER PKWY,370675.98932,5031612.37331,-75.65823060430,45.42134429070,2016-01-18,1:19:00 PM,01 - Clear,01 - Daylight,05 - Packed snow,01 - Traffic signal,01 - Functioning,03 - P.D. only,02 - Angle,0
16-713,COVENTRY RD @ VANIER PKWY,370676.16018,5031611.25356,-75.65822857050,45.42133420000,2016-01-18,1:44:00 PM,01 - Clear,01 - Daylight,02 - Wet,01 - Traffic signal,01 - Functioning,03 - P.D. only,03 - Rear end,0
16-714,DAVID DR btwn ROWLEY AVE & JOAN ST,364458.25772,5023700.06774,-75.73863027420,45.35070866450,2016-01-18,2:20:00 PM,01 - Clear,01 - Daylight,05 - Packed snow,10 - No control,,03 - P.D. only,02 - Angle,0
16-715,DWYER HILL RD btwn FERNBANK RD & FLEWELLYN RD,343771.67096,5004083.26959,-76.00416271460,45.17564220670,2016-01-18,2:20:00 PM,01 - Clear,01 - Daylight,05 - Packed snow,10 - No control,,03 - P.D. only,07 - SMV other,0
16-716,HERON RD btwn CLEMENTINE BLVD & FALCON AVE,369585.71429,5026791.64536,-75.67279397470,45.37807086590,2016-01-18,2:57:00 PM,01 - Clear,01 - Daylight,03 - Loose snow,10 - No control,,03 - P.D. only,04 - Sideswipe,0
16-717,WALKLEY RD btwn CONROY RD & HARDING RD,372959.89113,5027497.91782,-75.62961870650,45.38410549030,2016-01-18,3:12:00 PM,01 - Clear,01 - Daylight,02 - Wet,10 - No control,,03 - P.D. only,04 - Sideswipe,0
16-718,FRANK KENNY RD btwn WILHAVEN DR & INNES RD,387698.54725,5038154.86194,-75.43964590880,45.47839696160,2016-01-18,3:40:00 PM,01 - Clear,01 - Daylight,01 - Dry,10 - No control,,03 - P.D. only,05 - Turning movement,0
16-719,DRUMMOND ST btwn HAZEL ST & HERRIDGE ST,369069.50053,5029996.79215,-75.67896699570,45.40695729410,2016-01-18,3:52:00 PM,01 - Clear,01 - Daylight,05 - Packed snow,10 - No control,,03 - P.D. only,05 - Turning movement,0
16-720,CARLING AVE EB btwn RIDDELL AVE N & MAITLAND AVE,362920.96354,5026458.88934,-75.75792335540,45.37566134360,2016-01-18,10:00:00 AM,01 - Clear,01 - Daylight,03 - Loose snow,10 - No control,,03 - P.D. only,03 - Rear end,0
16-721,MITCH OWENS RD/BRIDGE ST @ RIVER RD,369500.94783,5010770.76787,-75.67596750390,45.23392592740,2016-01-18,4:08:00 PM,01 - Clear,01 - Daylight,02 - Wet,01 - Traffic signal,01 - Functioning,03 - P.D. only,03 - Rear end,0
16-722,BANK ST @ JOHNSTON RD,370850.85234,5024839.52790,-75.65690300730,45.36038824000,2016-01-18,4:05:00 PM,01 - Clear,01 - Daylight,02 - Wet,01 - Traffic signal,01 - Functioning,03 - P.D. only,03 - Rear end,0
16-723,PRINCE OF WALES DR btwn 187 N OF MEADOWLANDS DR & MEADOWLANDS DR/HOG'S,367332.62142,5025805.66141,-75.70168420870,45.36940393260,2016-01-18,4:33:00 PM,03 - Snow,01 - Daylight,04 - Slush,10 - No control,,02 - Non-fatal injury,02 - Angle,0
16-724,PRINCE OF WALES DR @ NORMANDY CRES S/KOCHAR DR,367446.77944,5024562.11160,-75.70038461830,45.35820455930,2016-01-18,4:40:00 PM,03 - Snow,05 - Dusk,04 - Slush,01 - Traffic signal,01 - Functioning,03 - P.D. only,03 - Rear end,0
16-725,FALLOWFIELD RD btwn ASHDALE AVE & PRINCE OF WALES DR,367229.56730,5019059.99380,-75.70385082930,45.30871682640,2016-01-18,4:54:00 PM,01 - Clear,05 - Dusk,01 - Dry,10 - No control,,03 - P.D. only,03 - Rear end,0
16-726,BASELINE RD btwn SOUTHWOOD DR & COBDEN RD,361429.14791,5023080.22359,-75.77735613550,45.34538247280,2016-01-18,4:59:00 PM,01 - Clear,05 - Dusk,01 - Dry,10 - No control,,02 - Non-fatal injury,07 - SMV other,1
16-727,BANK ST btwn ALTA VISTA DR & ERIE AVE,370142.50245,5026460.09739,-75.66572933850,45.37503599940,2016-01-18,5:23:00 PM,01 - Clear,05 - Dusk,02 - Wet,10 - No control,,03 - P.D. only,02 - Angle,0
16-728,CARLING AVE/STATION RD @ MARCH RD,350905.39252,5022247.49746,-75.91171932960,45.33866012170,2016-01-18,5:28:00 PM,01 - Clear,05 - Dusk,02 - Wet,01 - Traffic signal,01 - Functioning,03 - P.D. only,03 - Rear end,0
16-729,BANK ST @ WELLINGTON ST,367258.80469,5031627.91478,-75.70188935200,45.42179755940,2016-01-18,5:37:00 PM,03 - Snow,05 - Dusk,02 - Wet,01 - Traffic signal,01 - Functioning,03 - P.D. only,01 - Approaching,0
16-730,PINECREST RD @ RICHMOND RD,360072.01188,5024470.85378,-75.79451774860,45.35800359900,2016-01-18,5:47:00 PM,01 - Clear,07 - Dark,04 - Slush,01 - Traffic signal,01 - Functioning,02 - Non-fatal injury,03 - Rear end,0
16-731,MARCH RD @ DIAMONDVIEW RD,340138.78289,5019876.16705,-76.04925997850,45.31794681150,2016-01-18,5:45:00 PM,05 - Drifting Snow,07 - Dark,03 - Loose snow,02 - Stop sign,01 - Functioning,02 - Non-fatal injury,03 - Rear end,0
16-732,HERZBERG RD @ MARCH RD,352323.40266,5021527.82968,-75.89369637410,45.33208979480,2016-01-18,5:51:00 PM,01 - Clear,07 - Dark,02 - Wet,01 - Traffic signal,01 - Functioning,03 - P.D. only,03 - Rear end,0
16-733,CONOVER ST btwn CHARING RD & ARDELL GRV,361904.19911,5021569.56714,-75.77146884470,45.33175112980,2016-01-18,6:03:00 PM,03 - Snow,07 - Dark,03 - Loose snow,10 - No control,,03 - P.D. only,06 - SMV unattended vehicle,0
16-734,RIVERTREE ST btwn CROWNRIDGE DR & MEADOWBREEZE DR,355998.61100,5015292.42200,-75.84745503460,45.27572408290,2016-01-18,8:00:00 AM,01 - Clear,01 - Daylight,05 - Packed snow,10 - No control,,03 - P.D. only,06 - SMV unattended vehicle,0
16-735,ALBION RD @ HUNT CLUB RD,371867.75068,5024320.57958,-75.64399480460,45.35562237920,2016-01-18,6:58:00 PM,01 - Clear,07 - Dark,01 - Dry,01 - Traffic signal,01 - Functioning,03 - P.D. only,05 - Turning movement,0
16-736,TENTH LINE RD @ CHARLEMAGNE BLVD S/DES EPINETT,383640.97510,5036900.45590,-75.49173924100,45.46758093120,2016-01-18,7:31:00 PM,01 - Clear,07 - Dark,01 - Dry,01 - Traffic signal,01 - Functioning,03 - P.D. only,05 - Turning movement,0
16-737,WOODROFFE AVE @ QUEENSBURY DR/RIDEAUCREST DR,365727.92104,5016328.22666,-75.72333480590,45.28426845740,2016-01-18,8:00:00 PM,05 - Drifting Snow,07 - Dark,01 - Dry,01 - Traffic signal,01 - Functioning,02 - Non-fatal injury,05 - Turning movement,0
16-738,CARP RD btwn HWY417 IC144 RAMP25 & WESTBROOK RD,347622.30714,5015567.79745,-75.95418498540,45.27876205940,2016-01-18,8:35:00 PM,01 - Clear,07 - Dark,01 - Dry,10 - No control,,03 - P.D. only,07 - SMV other,0