Record,Location,X,Y,Longitude,Latitude,Date,Time,Environment,Light,Road_Surface,Traffic_Control,Collision_Location,Collision_Classification,Impact_type,Pedestrian
16-739,LIMERICK LANE btwn KILKENNY DR & END,338477.67905,5029856.35420,-76.06976629670,45.40783415470,2016-01-18,9:05:00 PM,01 - Clear,07 - Dark,05 - Packed snow,10 - No control,,03 - P.D. only,06 - SMV unattended vehicle,0
16-740,GREENBANK RD btwn HARRISON ST & BANNER RD,361002.13363,5021613.69278,-75.78297140650,45.33222099650,2016-01-18,10:35:00 PM,01 - Clear,07 - Dark,03 - Loose snow,10 - No control,,02 - Non-fatal injury,03 - Rear end,0
16-741,FISHER AVE @ DEER PARK RD/DYNES RD,366406.61181,5025454.42971,-75.71354867760,45.36632563260,2016-01-18,11:58:00 PM,01 - Clear,07 - Dark,02 - Wet,01 - Traffic signal,01 - Functioning,03 - P.D. only,05 - Turning movement,0
16-742,DONNELLY DR btwn JOE DREW LANE & WEEDMARK RD,362420.39097,4984192.81514,-75.76919673360,44.99538432830,2016-01-19,5:55:00 AM,01 - Clear,07 - Dark,05 - Packed snow,10 - No control,,03 - P.D. only,07 - SMV other,0
16-743,FALLOWFIELD RD @ STRANDHERD DR,360752.88342,5014961.93476,-75.78690185810,45.27238806970,2016-01-19,6:27:00 AM,01 - Clear,07 - Dark,06 - Ice,01 - Traffic signal,01 - Functioning,03 - P.D. only,03 - Rear end,0
16-744,ALBION RD/COLLISTON CRES E @ WALKLEY RD,371033.75392,5026354.63484,-75.65436552760,45.37400340660,2016-01-19,6:38:00 AM,01 - Clear,07 - Dark,06 - Ice,01 - Traffic signal,01 - Functioning,03 - P.D. only,05 - Turning movement,0
16-745,HUNT CLUB RD @ UPLANDS DR,370155.62951,5023122.15072,-75.66600313640,45.34500092810,2016-01-19,7:54:00 AM,01 - Clear,03 - Dawn,01 - Dry,01 - Traffic signal,01 - Functioning,03 - P.D. only,03 - Rear end,0
16-746,HAWTHORNE RD @ HUNT CLUB RD,375507.53036,5026407.18782,-75.59724630180,45.37403911630,2016-01-19,8:16:00 AM,01 - Clear,01 - Daylight,01 - Dry,01 - Traffic signal,01 - Functioning,03 - P.D. only,03 - Rear end,0
16-747,PRINCE OF WALES DR btwn HOLBORN AVE & RIDEAU GLEN DR,367452.69122,5017818.57029,-75.70116255920,45.29752678980,2016-01-19,8:33:00 AM,01 - Clear,01 - Daylight,01 - Dry,10 - No control,,02 - Non-fatal injury,05 - Turning movement,0
16-748,PRESTON ST btwn YOUNG ST & GEORGE ST W,366600.54658,5029458.25594,-75.71057192730,45.40233403990,2016-01-19,8:40:00 AM,01 - Clear,01 - Daylight,03 - Loose snow,10 - No control,,03 - P.D. only,02 - Angle,0
16-749,REGIONAL ROAD 174 EB btwn OR174 IC109 RAMP55 & TRANSIT,376495.48444,5035033.99989,-75.58337941970,45.45155779490,2016-01-19,8:45:00 AM,01 - Clear,01 - Daylight,02 - Wet,10 - No control,,03 - P.D. only,04 - Sideswipe,0
16-750,WEST HUNT CLUB RD @ CLEOPATRA DR/LANCELOT DR,365235.69396,5021732.15371,-75.72894978790,45.33293506640,2016-01-19,7:10:00 AM,01 - Clear,03 - Dawn,02 - Wet,01 - Traffic signal,01 - Functioning,03 - P.D. only,03 - Rear end,0
16-751,ARMAGH WAY btwn WOODFORD WAY & WOODPARK WAY,365011.81955,5017306.41159,-75.73234360010,45.29313183230,2016-01-19,10:02:00 AM,02 - Rain,01 - Daylight,03 - Loose snow,10 - No control,,03 - P.D. only,06 - SMV unattended vehicle,0
16-752,JOCK TR btwn MUNSTER RD & GREEN'S RD,352775.45127,5000814.00798,-75.88992740070,45.14566911580,2016-01-19,10:05:00 AM,05 - Drifting Snow,01 - Daylight,06 - Ice,10 - No control,,03 - P.D. only,02 - Angle,0
16-753,BASELINE RD @ FARLANE BLVD,365356.91164,5025518.19202,-75.72693978000,45.36699083070,2016-01-19,10:26:00 AM,01 - Clear,01 - Daylight,05 - Packed snow,01 - Traffic signal,01 - Functioning,03 - P.D. only,03 - Rear end,0
16-754,BOOTH ST btwn MIDDLE ST & VIMY PLACE PRIV,366129.84439,5031271.28562,-75.71635844750,45.41868859420,2016-01-19,8:05:00 AM,01 - Clear,01 - Daylight,02 - Wet,10 - No control,,03 - P.D. only,07 - SMV other,0
16-755,MONK ST @ THORNTON AVE,368370.05178,5029295.77764,-75.68799180920,45.40071366290,2016-01-19,12:20:00 PM,01 - Clear,01 - Daylight,05 - Packed snow,02 - Stop sign,01 - Functioning,03 - P.D. only,02 - Angle,0
16-756,HAZELDEAN RD @ CARBROOKE ST/IRWIN GATE,353418.12721,5018266.15754,-75.88005081950,45.30266563820,2016-01-19,12:44:00 PM,01 - Clear,01 - Daylight,04 - Slush,01 - Traffic signal,01 - Functioning,03 - P.D. only,04 - Sideswipe,0
16-757,BRONSON AVE @ SUNNYSIDE AVE/UNIVERSITY RD - CA,367922.49056,5028091.76664,-75.69386218720,45.38992081980,2016-01-19,1:30:00 PM,01 - Clear,01 - Daylight,04 - Slush,01 - Traffic signal,01 - Functioning,03 - P.D. only,07 - SMV other,0
16-758,DUNROBIN RD btwn KERWIN RD & ROCHON WAY,346524.53583,5026959.89636,-75.96721638590,45.38133776130,2016-01-19,2:25:00 PM,01 - Clear,01 - Daylight,02 - Wet,10 - No control,,03 - P.D. only,03 - Rear end,0
16-759,MONTREAL RD @ SAVARD AVE,370158.60711,5033114.68449,-75.66464167850,45.43490999980,2016-01-19,2:42:00 PM,01 - Clear,01 - Daylight,02 - Wet,02 - Stop sign,01 - Functioning,03 - P.D. only,03 - Rear end,0
16-760,BRONSON AVE btwn UNIVERSITY RD & BREWER WAY,368023.91756,5027918.33085,-75.69258921100,45.38835114570,2016-01-19,2:40:00 PM,01 - Clear,01 - Daylight,02 - Wet,10 - No control,,03 - P.D. only,07 - SMV other,0
16-761,CUMORAH DR/RED WILLOW DR @ MAPLE RUN AVE,380652.19937,5035116.38000,-75.53023092400,45.45186019690,2016-01-18,9:00:00 AM,03 - Snow,01 - Daylight,03 - Loose snow,02 - Stop sign,01 - Functioning,03 - P.D. only,07 - SMV other,0
16-762,DONALD ST @ ST. LAURENT BLVD,372093.49336,5032471.92628,-75.64000220810,45.42894323890,2016-01-19,3:18:00 PM,01 - Clear,01 - Daylight,01 - Dry,01 - Traffic signal,01 - Functioning,03 - P.D. only,03 - Rear end,0
16-763,DALY AVE @ NELSON ST,368729.49066,5032357.36426,-75.68300386870,45.42822803210,2016-01-19,3:37:00 PM,01 - Clear,01 - Daylight,05 - Packed snow,02 - Stop sign,01 - Functioning,03 - P.D. only,02 - Angle,0
16-764,CATHERINE ST/HWY 417 O'CONN IC119BR76 @ O'CONN,368243.61075,5030392.48368,-75.68946561880,45.41059294610,2016-01-19,2:18:00 PM,01 - Clear,01 - Daylight,03 - Loose snow,01 - Traffic signal,01 - Functioning,03 - P.D. only,04 - Sideswipe,0
16-765,INNES RD btwn HWY417 IC112 RAMP66 & CYRVILLE RD,375022.48408,5031102.31884,-75.60277002780,45.41633231650,2016-01-19,4:57:00 PM,03 - Snow,05 - Dusk,02 - Wet,10 - No control,,03 - P.D. only,04 - Sideswipe,0
16-766,FALLOWFIELD RD @ GREENBANK RD,363079.57801,5016733.11392,-75.75704349900,45.28813620480,2016-01-19,4:59:00 PM,01 - Clear,05 - Dusk,01 - Dry,01 - Traffic signal,01 - Functioning,02 - Non-fatal injury,05 - Turning movement,0
16-767,CARLING AVE @ MELROSE AVE,365970.92484,5028392.64859,-75.71874598200,45.39280126230,2016-01-19,4:59:00 PM,01 - Clear,05 - Dusk,04 - Slush,02 - Stop sign,01 - Functioning,03 - P.D. only,05 - Turning movement,0
16-768,225 E OF RIVERSIDE DR / T & T SC @ HUNT CLUB RD,368235.69760,5022055.97860,-75.69063740580,45.33558399620,2016-01-19,5:19:00 PM,03 - Snow,05 - Dusk,03 - Loose snow,01 - Traffic signal,01 - Functioning,03 - P.D. only,05 - Turning movement,0
16-769,MOODIE DR @ WEST HUNT CLUB RD,357910.01608,5018495.98897,-75.82275217390,45.30440844220,2016-01-19,5:20:00 PM,01 - Clear,05 - Dusk,02 - Wet,01 - Traffic signal,01 - Functioning,02 - Non-fatal injury,03 - Rear end,0
16-770,VANIER PKWY/CRICHTON ST @ BEECHWOOD AVE/ST. PA,369127.73885,5033487.07296,-75.67776732390,45.43835619890,2016-01-19,5:28:00 PM,01 - Clear,05 - Dusk,02 - Wet,01 - Traffic signal,01 - Functioning,03 - P.D. only,03 - Rear end,0
16-771,WEST HUNT CLUB RD @ WOODROFFE AVE,363670.72213,5021245.56464,-75.74897212340,45.32868980850,2016-01-19,3:40:00 PM,01 - Clear,01 - Daylight,03 - Loose snow,01 - Traffic signal,01 - Functioning,03 - P.D. only,03 - Rear end,0
16-772,INNES RD WB btwn ORLEANS BLVD & INNES RD,380548.91941,5034347.67936,-75.53166952440,45.44495522340,2016-01-19,6:20:00 PM,03 - Snow,07 - Dark,04 - Slush,10 - No control,,03 - P.D. only,03 - Rear end,0
16-773,BLACKBURN BYPASS WB btwn 1700 W OF NAVAN RD & INNES RD W,377269.44952,5032169.79466,-75.57390733240,45.42570769710,2016-01-19,6:21:00 PM,01 - Clear,07 - Dark,01 - Dry,10 - No control,,03 - P.D. only,03 - Rear end,0
16-774,CARLING AVE @ PINECREST  RD/GREENVIEW AVE,360007.09094,5024632.61915,-75.79532825800,45.35946427530,2016-01-19,6:30:00 PM,03 - Snow,07 - Dark,02 - Wet,01 - Traffic signal,01 - Functioning,03 - P.D. only,05 - Turning movement,0
16-775,INNES RD @ ORLEANS BLVD,380461.01982,5034295.95356,-75.53280097440,45.44449935370,2016-01-19,6:45:00 PM,01 - Clear,07 - Dark,01 - Dry,01 - Traffic signal,01 - Functioning,03 - P.D. only,03 - Rear end,0
16-776,ALBION RD/COLLISTON CRES E @ WALKLEY RD,371033.61785,5026354.80479,-75.65436724100,45.37400494910,2016-01-18,4:20:00 PM,03 - Snow,05 - Dusk,03 - Loose snow,01 - Traffic signal,01 - Functioning,03 - P.D. only,03 - Rear end,0
16-777,CARP RD @ HWY 417 CARP IC144R51,347518.12614,5015686.05135,-75.95550264310,45.27983249050,2016-01-19,7:28:00 PM,01 - Clear,07 - Dark,02 - Wet,02 - Stop sign,01 - Functioning,03 - P.D. only,04 - Sideswipe,0
16-778,BRONSON AVE @ CATHERINE ST/RAYMOND ST,367251.61081,5029796.78604,-75.70221329350,45.40532225790,2016-01-19,7:28:00 PM,03 - Snow,07 - Dark,04 - Slush,01 - Traffic signal,01 - Functioning,03 - P.D. only,04 - Sideswipe,0
16-779,GLADSTONE AVE btwn KENT ST & BANK ST,367907.92484,5030557.30156,-75.69373270140,45.41210627580,2016-01-19,8:46:00 PM,01 - Clear,07 - Dark,05 - Packed snow,10 - No control,,03 - P.D. only,02 - Angle,0
16-780,MOODIE DR btwn HADLEY CIRC & TYRRELL PL,357148.97921,5020273.48030,-75.83226829370,45.32045965150,2016-01-20,12:12:00 AM,01 - Clear,07 - Dark,06 - Ice,10 - No control,,03 - P.D. only,05 - Turning movement,0
16-781,ELGIN ST btwn WELLINGTON ST & LAWRENCE FREIMAN LANE (1),367812.80398,5031810.92199,-75.69478753370,45.42339451650,2016-01-20,2:25:00 AM,01 - Clear,07 - Dark,04 - Slush,10 - No control,,03 - P.D. only,07 - SMV other,0
16-782,LAURIER AVE @ NICHOLAS ST,368373.67122,5031798.20745,-75.68762282480,45.42322936950,2016-01-20,6:43:00 AM,01 - Clear,07 - Dark,04 - Slush,01 - Traffic signal,01 - Functioning,03 - P.D. only,03 - Rear end,0
16-783,KERWIN RD btwn MOWBRAY ST & FIFTH LINE RD,346960.54325,5027787.74514,-75.96157850940,45.38876082100,2016-01-20,7:02:00 AM,01 - Clear,03 - Dawn,01 - Dry,10 - No control,,03 - P.D. only,07 - SMV other,0
16-784,BRONSON AVE btwn COOPER ST & SOMERSET ST W,366959.70497,5030492.55444,-75.70585415010,45.41160856600,2016-01-20,7:00:00 AM,01 - Clear,07 - Dark,02 - Wet,10 - No control,,03 - P.D. only,04 - Sideswipe,0
16-785,FALLOWFIELD RD btwn CONLEY RD & HUNTLEY RD,351754.08870,5009040.54935,-75.90214037960,45.21976385040,2016-01-20,7:37:00 AM,01 - Clear,03 - Dawn,06 - Ice,10 - No control,,03 - P.D. only,07 - SMV other,0
16-786,RAMSAYVILLE RD @ MITCH OWENS RD,381145.01094,5018038.69084,-75.52657121820,45.29815295410,2016-01-20,7:37:00 AM,01 - Clear,03 - Dawn,06 - Ice,02 - Stop sign,01 - Functioning,03 - P.D. only,03 - Rear end,0
16-787,BEARBROOK RD/ROCKCLIFFE PKWY @ ST. JOSEPH BLVD,377128.51476,5035240.25062,-75.57525690760,45.45334827330,2016-01-20,7:38:00 AM,01 - Clear,03 - Dawn,02 - Wet,01 - Traffic signal,01 - Functioning,03 - P.D. only,03 - Rear end,0
16-788,MAIN ST btwn TURN LANE & CENTENNIAL BLVD,369472.92297,5029437.79320,-75.67388718810,45.40189045800,2016-01-20,8:09:00 AM,01 - Clear,01 - Daylight,02 - Wet,10 - No control,,03 - P.D. only,04 - Sideswipe,0
16-789,KAKULU RD @ PICKFORD DR E,353239.96218,5019049.12742,-75.88224601870,45.30972328030,2016-01-20,7:50:00 AM,01 - Clear,03 - Dawn,02 - Wet,02 - Stop sign,01 - Functioning,03 - P.D. only,02 - Angle,0
16-790,OLD TENTH LINE RD @ TENTH LINE RD,383042.22570,5038360.01840,-75.49916274940,45.48078009000,2016-01-20,8:55:00 AM,01 - Clear,01 - Daylight,02 - Wet,01 - Traffic signal,01 - Functioning,03 - P.D. only,03 - Rear end,0
16-791,WALKLEY RD @ SPRINGLAND DR/OTTERSON DR,368722.34456,5024984.96539,-75.68405042380,45.36189415430,2016-01-20,9:01:00 AM,01 - Clear,01 - Daylight,01 - Dry,01 - Traffic signal,01 - Functioning,03 - P.D. only,05 - Turning movement,0
16-792,BEATRICE DR @ CLARIDGE DR,365144.86023,5016523.08414,-75.73074287070,45.28607207400,2016-01-20,9:02:00 AM,01 - Clear,01 - Daylight,01 - Dry,02 - Stop sign,01 - Functioning,03 - P.D. only,02 - Angle,0
16-793,GRANT CARMAN DR @ MEADOWLANDS DR,365051.03548,5023901.28786,-75.73104129700,45.35246853850,2016-01-20,9:10:00 AM,01 - Clear,01 - Daylight,04 - Slush,01 - Traffic signal,01 - Functioning,03 - P.D. only,02 - Angle,0
16-794,ST. JOSEPH BLVD btwn ROCKCLIFFE PKWY & HART RD,377277.51230,5035363.00744,-75.57333408770,45.45443731940,2016-01-20,9:29:00 AM,01 - Clear,01 - Daylight,01 - Dry,10 - No control,,03 - P.D. only,03 - Rear end,0
16-795,BANK ST @ RIVERSIDE DR S,369304.05848,5027895.65059,-75.67624562090,45.38803034820,2016-01-20,10:02:00 AM,01 - Clear,01 - Daylight,02 - Wet,01 - Traffic signal,01 - Functioning,02 - Non-fatal injury,02 - Angle,0
16-796,LEITRIM RD btwn HIGH RD & ALBION RD,371833.45797,5019412.82865,-75.64509713710,45.31146721590,2016-01-20,8:40:00 AM,01 - Clear,01 - Daylight,06 - Ice,10 - No control,,03 - P.D. only,03 - Rear end,0
16-797,BRUYERE ST @ DALHOUSIE ST,367827.81633,5032851.73919,-75.69446251540,45.43275808150,2016-01-20,10:35:00 AM,01 - Clear,01 - Daylight,01 - Dry,01 - Traffic signal,01 - Functioning,03 - P.D. only,03 - Rear end,0
16-798,BROADVIEW AVE @ PRINCETON AVE,362851.02728,5027444.75894,-75.75870029590,45.38453786820,2016-01-20,10:39:00 AM,01 - Clear,01 - Daylight,02 - Wet,02 - Stop sign,01 - Functioning,02 - Non-fatal injury,02 - Angle,0
16-799,BANK ST @ WALKLEY RD,370338.07154,5025947.07628,-75.66330072000,45.37040173770,2016-01-20,10:54:00 AM,01 - Clear,01 - Daylight,01 - Dry,01 - Traffic signal,01 - Functioning,03 - P.D. only,03 - Rear end,0
16-800,FARRIERS LANE @ HUNTER'S POINT CRES,371618.63381,5023375.85808,-75.64730166150,45.34714586860,2016-01-18,4:30:00 PM,01 - Clear,01 - Daylight,01 - Dry,10 - No control,,03 - P.D. only,02 - Angle,0
16-801,TERRY FOX DR @ EDGEWATER ST/WALTER BAKER PL,351776.94958,5017613.23076,-75.90103882610,45.29690210500,2016-01-20,11:26:00 AM,01 - Clear,01 - Daylight,04 - Slush,01 - Traffic signal,01 - Functioning,03 - P.D. only,03 - Rear end,0
16-802,HAWTHORNE RD @ HUNT CLUB RD,375506.86298,5026407.85958,-75.59725472550,45.37404522820,2016-01-20,7:25:00 AM,01 - Clear,03 - Dawn,01 - Dry,01 - Traffic signal,01 - Functioning,03 - P.D. only,03 - Rear end,0
16-803,BRONSON AVE btwn FINDLAY AVE & BRONSON AVE SB OFF RAMP 34,367745.08179,5028521.79775,-75.69607279380,45.39380608700,2016-01-20,11:51:00 AM,01 - Clear,01 - Daylight,02 - Wet,10 - No control,,03 - P.D. only,07 - SMV other,0
16-804,WALKLEY RD @ HEATHERINGTON RD,371766.06618,5026793.42901,-75.64495732470,45.37788191300,2016-01-20,11:53:00 AM,01 - Clear,01 - Daylight,01 - Dry,01 - Traffic signal,01 - Functioning,03 - P.D. only,05 - Turning movement,0
16-805,FISHER AVE @ PRINCE OF WALES DR,367161.48526,5023943.16992,-75.70410379670,45.35266088300,2016-01-20,12:25:00 PM,01 - Clear,01 - Daylight,01 - Dry,01 - Traffic signal,01 - Functioning,03 - P.D. only,03 - Rear end,0
16-806,CHAMPLAIN ST btwn OR174 IC102 RAMP36 & PLACE D'ORLEANS DR,381573.05618,5038238.53285,-75.51797184970,45.47985017110,2016-01-20,11:45:00 AM,01 - Clear,01 - Daylight,01 - Dry,10 - No control,,03 - P.D. only,03 - Rear end,0
16-807,LEITRIM RD btwn RIVER RD & LIMEBANK RD,368042.09617,5017184.92253,-75.69372904360,45.29177250470,2016-01-20,8:00:00 AM,01 - Clear,01 - Daylight,06 - Ice,10 - No control,,03 - P.D. only,07 - SMV other,0
16-808,INDUSTRIAL AVE @ ALTA VISTA DR/SANDFORD FLEMIN,370884.50426,5030558.22862,-75.65570783570,45.41183986510,2016-01-20,12:54:00 PM,01 - Clear,01 - Daylight,01 - Dry,01 - Traffic signal,01 - Functioning,03 - P.D. only,03 - Rear end,0
16-809,CARLING AVE @ MOODIE DR/JAMES CUMMINGS AVE W,356001.38859,5023936.71197,-75.84652625930,45.35350643790,2016-01-20,1:21:00 PM,01 - Clear,01 - Daylight,01 - Dry,01 - Traffic signal,01 - Functioning,02 - Non-fatal injury,05 - Turning movement,0
16-810,NEPEAN ST @ O'CONNOR ST,367720.92944,5031225.48691,-75.69603620900,45.41813523270,2016-01-20,1:28:00 PM,01 - Clear,01 - Daylight,02 - Wet,02 - Stop sign,01 - Functioning,03 - P.D. only,02 - Angle,0
16-811,RIVERSIDE DR @ TREMBLAY RD/HWY417 IC117 RAMP52,370803.82327,5031017.96536,-75.65667693120,45.41598400470,2016-01-20,1:15:00 PM,01 - Clear,01 - Daylight,04 - Slush,01 - Traffic signal,01 - Functioning,03 - P.D. only,03 - Rear end,0
16-812,CLEGG ST @ MAIN ST,369271.92294,5029921.48835,-75.67639119590,45.40626112070,2016-01-17,6:45:00 AM,03 - Snow,07 - Dark,03 - Loose snow,01 - Traffic signal,01 - Functioning,03 - P.D. only,03 - Rear end,0
16-813,MONTREAL RD btwn PALACE ST & VANIER PKWY,370030.33878,5033039.90604,-75.66629082820,45.43424915120,2016-01-20,1:53:00 PM,01 - Clear,01 - Daylight,02 - Wet,10 - No control,,03 - P.D. only,05 - Turning movement,0
16-814,BANK ST @ RIVERSIDE DR S,369305.37572,5027894.33336,-75.67622897340,45.38801837510,2016-01-20,1:55:00 PM,01 - Clear,01 - Daylight,02 - Wet,01 - Traffic signal,01 - Functioning,03 - P.D. only,03 - Rear end,0
16-815,DOVERCOURT AVE @ SHERBOURNE RD,362151.59271,5026790.19482,-75.76770723460,45.37870579040,2016-01-20,9:22:00 AM,01 - Clear,01 - Daylight,01 - Dry,02 - Stop sign,01 - Functioning,03 - P.D. only,02 - Angle,0
16-816,CARLING AVE @ RICHMOND RD,360244.58131,5024782.17092,-75.79228034940,45.36079119540,2016-01-20,3:23:00 PM,01 - Clear,01 - Daylight,02 - Wet,01 - Traffic signal,01 - Functioning,03 - P.D. only,03 - Rear end,0
16-817,BANK ST @ RIVERSIDE DR S,369305.84762,5027894.63272,-75.67622290840,45.38802102460,2016-01-20,3:28:00 PM,01 - Clear,01 - Daylight,01 - Dry,01 - Traffic signal,01 - Functioning,03 - P.D. only,03 - Rear end,0
16-818,CARLING AVE @ MAITLAND AVE/SHERBOURNE RD,362941.98583,5026488.33292,-75.75765150300,45.37592452940,2016-01-20,3:37:00 PM,01 - Clear,01 - Daylight,01 - Dry,01 - Traffic signal,01 - Functioning,03 - P.D. only,04 - Sideswipe,0
16-819,PARKDALE AVE @ WELLINGTON ST,365150.35922,5029270.77524,-75.72911757260,45.40077365210,2016-01-20,3:35:00 PM,01 - Clear,01 - Daylight,01 - Dry,01 - Traffic signal,01 - Functioning,03 - P.D. only,04 - Sideswipe,0
16-820,RIVERSIDE DR @ HERON RD,368121.28952,5026647.49871,-75.69150883930,45.37690775280,2016-01-20,3:51:00 PM,01 - Clear,01 - Daylight,01 - Dry,01 - Traffic signal,01 - Functioning,03 - P.D. only,03 - Rear end,0
16-821,BRONSON AVE btwn RENFREW AVE & POWELL AVE,367359.36817,5029544.08680,-75.70086894300,45.40303892150,2016-01-20,2:00:00 PM,01 - Clear,01 - Daylight,01 - Dry,10 - No control,,03 - P.D. only,02 - Angle,0
16-822,APPLEFORD ST @ OGILVIE RD,375316.94664,5033688.24082,-75.59863789940,45.43956936590,2016-01-20,4:13:00 PM,01 - Clear,05 - Dusk,01 - Dry,01 - Traffic signal,01 - Functioning,03 - P.D. only,03 - Rear end,0
16-823,ST. JOSEPH BLVD @ JEANNE D'ARC BLVD,379860.74250,5036471.32217,-75.54014142050,45.46413638760,2016-01-20,4:23:00 PM,01 - Clear,01 - Daylight,01 - Dry,11 - Roundabout,01 - Functioning,03 - P.D. only,03 - Rear end,0
16-824,MEADOWLANDS DR/TALLWOOD DR @ WOODROFFE AVE,363056.53301,5022730.42981,-75.75663202100,45.34210178220,2016-01-20,4:31:00 PM,01 - Clear,01 - Daylight,02 - Wet,01 - Traffic signal,00 - Unknown,03 - P.D. only,04 - Sideswipe,0
16-825,CORKSTOWN RD @ MARCH RD,352656.68344,5020881.94593,-75.88950705880,45.32625535780,2016-01-20,4:38:00 PM,01 - Clear,05 - Dusk,02 - Wet,02 - Stop sign,00 - Unknown,03 - P.D. only,04 - Sideswipe,0
16-826,BOOTH ST @ WILLOW ST,366710.91698,5029983.68438,-75.70909624150,45.40705195000,2016-01-20,10:00:00 AM,01 - Clear,01 - Daylight,04 - Slush,01 - Traffic signal,01 - Functioning,03 - P.D. only,02 - Angle,0
16-827,ST. JOSEPH BLVD @ TENTH LINE RD,382891.37673,5038666.19520,-75.50104335620,45.48355168050,2016-01-20,5:04:00 PM,01 - Clear,05 - Dusk,02 - Wet,01 - Traffic signal,01 - Functioning,03 - P.D. only,02 - Angle,0
16-828,DUNDEGAN DR btwn GLAMORGAN DR & GLAMORGAN DR,353507.69512,5016605.72825,-75.87907185030,45.28771851010,2016-01-20,5:06:00 PM,01 - Clear,05 - Dusk,05 - Packed snow,10 - No control,,03 - P.D. only,06 - SMV unattended vehicle,0
16-829,CARLING AVE @ KIRKWOOD AVE N,364275.93633,5027492.85803,-75.74050029310,45.38485111950,2016-01-20,5:40:00 PM,01 - Clear,07 - Dark,01 - Dry,01 - Traffic signal,01 - Functioning,03 - P.D. only,05 - Turning movement,0
16-830,PRINCE OF WALES DR btwn WELLSMERE CRT & TURN LANE,367435.67206,5022091.92642,-75.70083920720,45.33597931950,2016-01-20,6:00:00 PM,01 - Clear,07 - Dark,01 - Dry,10 - No control,,03 - P.D. only,03 - Rear end,0
16-831,INNES RD btwn BEARBROOK RD & 173 W OF ORIENT PARK DR,378029.64030,5032861.67049,-75.56409121300,45.43185357150,2016-01-20,6:01:00 PM,01 - Clear,07 - Dark,01 - Dry,10 - No control,,03 - P.D. only,02 - Angle,0
16-832,WALKLEY RD @ HEATHERINGTON RD,371767.23481,5026794.42203,-75.64494227070,45.37789073600,2016-01-20,6:03:00 PM,01 - Clear,07 - Dark,02 - Wet,01 - Traffic signal,01 - Functioning,03 - P.D. only,05 - Turning movement,0
16-833,PRINCE OF WALES DR @ WEST HUNT CLUB RD,367458.49076,5021891.28376,-75.70057349790,45.33417193640,2016-01-20,6:07:00 PM,01 - Clear,07 - Dark,01 - Dry,01 - Traffic signal,01 - Functioning,03 - P.D. only,03 - Rear end,0
16-834,EAGLESON RD @ HAZELDEAN RD/ROBERTSON RD,353673.40536,5018424.24046,-75.87678027240,45.30407038830,2016-01-20,3:00:00 PM,01 - Clear,01 - Daylight,01 - Dry,01 - Traffic signal,01 - Functioning,03 - P.D. only,99 - Other,0
16-835,DWYER HILL RD btwn O'NEIL RD & ROGER STEVENS DR,353996.45213,4989720.77126,-75.87549066680,45.04576220660,2016-01-20,6:38:00 PM,01 - Clear,07 - Dark,01 - Dry,10 - No control,,03 - P.D. only,07 - SMV other,0
16-836,GREENBANK RD btwn LARKIN DR & MALVERN DR,363238.36835,5016362.21630,-75.75506307250,45.28478567890,2016-01-20,6:51:00 PM,03 - Snow,07 - Dark,02 - Wet,10 - No control,,03 - P.D. only,03 - Rear end,0
16-837,O'CONNOR ST @ SLATER ST,367579.70490,5031449.88734,-75.69781191620,45.42016700170,2016-01-19,12:00:00 PM,01 - Clear,01 - Daylight,02 - Wet,01 - Traffic signal,01 - Functioning,03 - P.D. only,05 - Turning movement,0
16-838,JEANNE D'ARC BLVD  S btwn OR174 IC105 RAMP53 & YOUVILLE DR,379669.01314,5036702.17150,-75.54255770250,45.46623396740,2016-01-20,7:37:00 PM,01 - Clear,07 - Dark,01 - Dry,10 - No control,,02 - Non-fatal injury,05 - Turning movement,0
16-839,GEORGE ST    W btwn PRESTON ST & END,366608.38307,5029411.94948,-75.71047763850,45.40191669540,2016-01-20,12:00:00 AM,01 - Clear,00 - Unknown,02 - Wet,10 - No control,,03 - P.D. only,06 - SMV unattended vehicle,0
16-840,BANK ST @ LEITRIM RD,375356.65651,5021619.71664,-75.59985549420,45.33097878710,2016-01-20,4:15:00 PM,01 - Clear,01 - Daylight,01 - Dry,01 - Traffic signal,01 - Functioning,03 - P.D. only,03 - Rear end,0
16-841,INDUSTRIAL AVE @ TRAINYARDS DR,371683.53796,5030539.31994,-75.64550312390,45.41159382340,2016-01-20,8:10:00 PM,01 - Clear,07 - Dark,02 - Wet,01 - Traffic signal,01 - Functioning,03 - P.D. only,03 - Rear end,0
16-842,MEADOWLANDS DR btwn VIEWMOUNT DR & INDIAN RD,363891.55835,5023189.78485,-75.74592293560,45.34616517290,2016-01-20,8:41:00 PM,01 - Clear,07 - Dark,03 - Loose snow,10 - No control,,03 - P.D. only,06 - SMV unattended vehicle,0
16-843,GREENBANK RD @ WEST HUNT CLUB RD,361479.45746,5020502.69874,-75.77700936600,45.32218589130,2016-01-20,10:34:00 PM,01 - Clear,07 - Dark,01 - Dry,01 - Traffic signal,01 - Functioning,03 - P.D. only,03 - Rear end,0
16-844,MARCH RD btwn HWY417 IC155 RAMP35 & HWY417 IC155 RAMP26,339557.15257,5019331.53563,-76.05671655830,45.31307500320,2016-01-20,11:34:00 PM,01 - Clear,07 - Dark,01 - Dry,10 - No control,,03 - P.D. only,03 - Rear end,0