Record,Location,X,Y,Longitude,Latitude,Date,Time,Environment,Light,Road_Surface,Traffic_Control,Collision_Location,Collision_Classification,Impact_type,Pedestrian
16-845,HOLLAND AVE btwn INGLEWOOD PL & CARLING AVE,365374.40801,5028134.56857,-75.72639547000,45.39053096700,2016-01-21,3:35:00 AM,01 - Clear,07 - Dark,01 - Dry,10 - No control,,03 - P.D. only,06 - SMV unattended vehicle,0
16-846,BELFAST RD @ ST. LAURENT BLVD,372860.50212,5030577.89607,-75.63046275760,45.41182744070,2016-01-20,1:55:00 PM,01 - Clear,01 - Daylight,02 - Wet,01 - Traffic signal,01 - Functioning,02 - Non-fatal injury,03 - Rear end,0
16-847,EAGLESON RD btwn FAULKNER TR & FALLOWFIELD RD,355924.43004,5012687.52859,-75.84866853240,45.25229006150,2016-01-21,7:01:00 AM,01 - Clear,03 - Dawn,01 - Dry,10 - No control,,02 - Non-fatal injury,03 - Rear end,0
16-848,MONTREAL RD @ DUCHARME BLVD/CANTIN ST,371017.44254,5033565.32755,-75.65360535060,45.43888388340,2016-01-21,7:09:00 AM,01 - Clear,03 - Dawn,04 - Slush,01 - Traffic signal,01 - Functioning,02 - Non-fatal injury,07 - SMV other,1
16-849,AVIATION PKWY @ MONTREAL RD,372145.61379,5034109.49442,-75.63911216920,45.44367227180,2016-01-21,7:14:00 AM,01 - Clear,03 - Dawn,01 - Dry,01 - Traffic signal,01 - Functioning,03 - P.D. only,05 - Turning movement,0
16-850,GRASSY PLAINS DR @ STONEHAVEN DR,356204.41582,5015964.65308,-75.84476253070,45.28175793390,2016-01-21,7:28:00 AM,01 - Clear,03 - Dawn,01 - Dry,01 - Traffic signal,01 - Functioning,02 - Non-fatal injury,03 - Rear end,0
16-851,CARLING AVE btwn DEFENSE  RESEARCH COMPLEX & RIFLE RD,353468.53742,5023048.42411,-75.87893802870,45.34569386300,2016-01-21,7:50:00 AM,01 - Clear,03 - Dawn,01 - Dry,10 - No control,,03 - P.D. only,03 - Rear end,0
16-852,DONALD ST @ TELFORD AVE,371696.05448,5032427.35096,-75.64508688460,45.42858029730,2016-01-21,8:17:00 AM,03 - Snow,01 - Daylight,03 - Loose snow,01 - Traffic signal,01 - Functioning,02 - Non-fatal injury,03 - Rear end,0
16-853,HWY 417 CASTLEFR IC139R61 @ KANATA AVE,351615.40809,5019224.74907,-75.90294618670,45.31141374100,2016-01-21,8:17:00 AM,01 - Clear,01 - Daylight,01 - Dry,01 - Traffic signal,01 - Functioning,03 - P.D. only,02 - Angle,0
16-854,RUSSELL RD S @ ST. LAURENT BLVD,373568.62312,5029260.98130,-75.62160057840,45.39990924170,2016-01-21,8:21:00 AM,01 - Clear,01 - Daylight,01 - Dry,01 - Traffic signal,01 - Functioning,03 - P.D. only,03 - Rear end,0
16-855,INNES RD btwn CYRVILLE RD & STONEHENGE CRES,375114.60064,5031165.42572,-75.60158419970,45.41689086750,2016-01-21,8:29:00 AM,01 - Clear,01 - Daylight,01 - Dry,10 - No control,,03 - P.D. only,03 - Rear end,0
16-856,WOODROFFE AVE @ CLARIDGE DR/STONEWAY DR N,365576.48006,5016707.66234,-75.72521861050,45.28769571020,2016-01-21,8:11:00 AM,01 - Clear,01 - Daylight,02 - Wet,01 - Traffic signal,01 - Functioning,03 - P.D. only,03 - Rear end,0
16-857,WOODROFFE AVE btwn GEORGINA DR & HWY417 IC127 RAMP36,362006.06463,5025128.26396,-75.76975772660,45.36376378990,2016-01-21,8:57:00 AM,01 - Clear,01 - Daylight,01 - Dry,10 - No control,,03 - P.D. only,02 - Angle,0
16-858,CARLING AVE btwn MARCH RD & SCHNEIDER RD,351001.47072,5022265.44460,-75.91049181140,45.33881529310,2016-01-21,9:12:00 AM,01 - Clear,01 - Daylight,02 - Wet,10 - No control,,03 - P.D. only,03 - Rear end,0
16-859,REGIONAL RD 174 @ TRIM RD,384350.75561,5039991.43839,-75.48216294870,45.49531015680,2016-01-20,3:15:00 PM,01 - Clear,01 - Daylight,01 - Dry,01 - Traffic signal,01 - Functioning,03 - P.D. only,03 - Rear end,0
16-860,METCALFE ST btwn LAURIER AVE W & GLOUCESTER ST,367832.03092,5031388.70872,-75.69459588520,45.41959384890,2016-01-21,9:50:00 AM,01 - Clear,01 - Daylight,02 - Wet,10 - No control,,03 - P.D. only,04 - Sideswipe,0
16-861,WOODROFFE AVE btwn WHITEWATER ST & BREN-MAUR RD,366463.40221,5014518.87741,-75.71418504830,45.26792390350,2016-01-21,8:45:00 AM,"07 - Fog, mist, smoke, dust",01 - Daylight,03 - Loose snow,10 - No control,,03 - P.D. only,06 - SMV unattended vehicle,0
16-862,HUNT CLUB RD @ MAC ST,371197.07238,5023807.28876,-75.65262285120,45.35106778110,2016-01-21,10:34:00 AM,01 - Clear,01 - Daylight,01 - Dry,02 - Stop sign,01 - Functioning,03 - P.D. only,03 - Rear end,0
16-863,BIRKENDALE DR btwn EDENVALE DR & TEESWATER ST,352470.87631,5020199.65479,-75.89194288970,45.32012860540,2016-01-21,7:45:00 AM,01 - Clear,03 - Dawn,01 - Dry,10 - No control,,03 - P.D. only,06 - SMV unattended vehicle,0
16-864,RALSTON ST @ RANDALL AVE,370105.72000,5027329.80411,-75.66608388590,45.38286476410,2016-01-21,11:24:00 AM,01 - Clear,01 - Daylight,02 - Wet,02 - Stop sign,01 - Functioning,02 - Non-fatal injury,07 - SMV other,1
16-865,REGIONAL ROAD 174 btwn TRANSIT & OR174 IC109 RAMP54,375662.95163,5033494.86125,-75.59424358730,45.43779446810,2016-01-21,11:32:00 AM,03 - Snow,01 - Daylight,03 - Loose snow,10 - No control,,03 - P.D. only,07 - SMV other,0
16-866,WALKLEY RD btwn 152 E OF HEATHERINGTON RD & HOLLY LANE,372129.96324,5027004.64011,-75.64028270320,45.37974743380,2016-01-21,11:50:00 AM,01 - Clear,01 - Daylight,03 - Loose snow,10 - No control,,02 - Non-fatal injury,03 - Rear end,0
16-867,KITCHENER AVE @ BANK ST,370541.53472,5025499.62044,-75.66076300670,45.36635661790,2016-01-21,12:00:00 PM,01 - Clear,01 - Daylight,01 - Dry,01 - Traffic signal,01 - Functioning,03 - P.D. only,03 - Rear end,0
16-868,RIVERSIDE DR NB btwn INDUSTRIAL AVE & TREMBLAY RD,370808.34155,5030987.80443,-75.65662324760,45.41571220210,2016-01-21,12:13:00 PM,01 - Clear,01 - Daylight,02 - Wet,10 - No control,,02 - Non-fatal injury,03 - Rear end,0
16-869,BELFAST RD @ ST. LAURENT BLVD,372858.51844,5030576.04596,-75.63048835370,45.41181098720,2016-01-21,12:59:00 PM,01 - Clear,01 - Daylight,02 - Wet,01 - Traffic signal,01 - Functioning,03 - P.D. only,03 - Rear end,0
16-870,KANATA AVE/CASTLEFRANK RD @ AIRD PL,351811.19508,5019070.11233,-75.90046405200,45.31000920230,2016-01-21,1:09:00 PM,01 - Clear,01 - Daylight,01 - Dry,01 - Traffic signal,01 - Functioning,03 - P.D. only,03 - Rear end,0
16-871,ST. LAURENT BLVD @ MCARTHUR AVE,371921.49946,5032886.91628,-75.64214344150,45.43269365290,2016-01-21,1:10:00 PM,01 - Clear,01 - Daylight,06 - Ice,01 - Traffic signal,01 - Functioning,03 - P.D. only,03 - Rear end,0
16-872,RICHMOND RD btwn JOHN SUTHERLAND DR & HOLLY ACRES RD,358830.76942,5022245.34418,-75.81060272210,45.33807516620,2016-01-21,1:12:00 PM,01 - Clear,01 - Daylight,01 - Dry,10 - No control,,03 - P.D. only,06 - SMV unattended vehicle,0
16-873,LEES AVE btwn CHAPEL CRES & TRANSIT,369826.87723,5031111.25433,-75.66914561620,45.41691485510,2016-01-18,1:00:00 AM,01 - Clear,07 - Dark,01 - Dry,10 - No control,,03 - P.D. only,07 - SMV other,0
16-874,BANK ST @ RIVERSIDE DR S,369304.96947,5027895.07180,-75.67623406370,45.38802505640,2016-01-21,1:34:00 PM,01 - Clear,01 - Daylight,01 - Dry,01 - Traffic signal,01 - Functioning,03 - P.D. only,02 - Angle,0
16-875,ALTA VISTA DR btwn CLONTARF AVE & RANDALL AVE,370406.00820,5027391.00287,-75.66224165800,45.38338735150,2016-01-21,2:04:00 PM,01 - Clear,01 - Daylight,02 - Wet,10 - No control,,03 - P.D. only,03 - Rear end,0
16-876,BANK ST @ LAURIER AVE,367480.48076,5031264.92968,-75.69910318900,45.41851170880,2016-01-21,2:03:00 PM,01 - Clear,01 - Daylight,01 - Dry,01 - Traffic signal,01 - Functioning,03 - P.D. only,04 - Sideswipe,0
16-877,STATION RD btwn MARCH RD & END,350871.53634,5022217.73341,-75.91215406550,45.33839452200,2016-01-21,2:27:00 PM,01 - Clear,01 - Daylight,05 - Packed snow,10 - No control,,03 - P.D. only,02 - Angle,0
16-878,PICKERING PL @ TREMBLAY RD,371287.93974,5031298.47391,-75.65045426640,45.41846206750,2016-01-21,3:02:00 PM,01 - Clear,01 - Daylight,02 - Wet,02 - Stop sign,01 - Functioning,03 - P.D. only,02 - Angle,0
16-879,BASELINE RD @ MONTEREY DR,359792.57341,5022155.27926,-75.79834165830,45.33719003290,2016-01-21,3:00:00 PM,01 - Clear,01 - Daylight,01 - Dry,01 - Traffic signal,01 - Functioning,02 - Non-fatal injury,02 - Angle,0
16-880,CARLING AVE @ RICHMOND RD,360245.45946,5024781.29276,-75.79226923910,45.36078322480,2016-01-21,3:42:00 PM,01 - Clear,01 - Daylight,01 - Dry,01 - Traffic signal,01 - Functioning,03 - P.D. only,04 - Sideswipe,0
16-881,DATA CENTRE RD @ HERON RD,368941.94454,5026732.76024,-75.68102064680,45.37760026550,2016-01-21,4:00:00 PM,01 - Clear,05 - Dusk,01 - Dry,02 - Stop sign,01 - Functioning,03 - P.D. only,03 - Rear end,0
16-882,BANK ST @ SLATER ST,367424.04378,5031354.35736,-75.69981287320,45.41932140480,2016-01-21,4:23:00 PM,01 - Clear,01 - Daylight,02 - Wet,01 - Traffic signal,01 - Functioning,03 - P.D. only,04 - Sideswipe,0
16-883,ISLAND PARK DR @ SCOTT ST,363833.90904,5029040.77304,-75.74595923460,45.39881638150,2016-01-21,4:43:00 PM,01 - Clear,05 - Dusk,01 - Dry,01 - Traffic signal,01 - Functioning,03 - P.D. only,03 - Rear end,0
16-884,FALLOWFIELD RD @ RICHMOND RD,357720.53791,5013528.75738,-75.82569787970,45.25972682220,2016-01-21,4:43:00 PM,01 - Clear,05 - Dusk,01 - Dry,01 - Traffic signal,01 - Functioning,02 - Non-fatal injury,03 - Rear end,0
16-885,QUEEN MARY ST @ VERA ST,370522.49376,5031972.91808,-75.66014367000,45.42460276140,2016-01-21,4:43:00 PM,01 - Clear,05 - Dusk,01 - Dry,02 - Stop sign,01 - Functioning,03 - P.D. only,02 - Angle,0
16-886,PARKDALE AVE @ TYNDALL ST,365263.92014,5029013.78044,-75.72769864510,45.39845147210,2016-01-21,4:50:00 PM,01 - Clear,05 - Dusk,02 - Wet,02 - Stop sign,01 - Functioning,03 - P.D. only,99 - Other,0
16-887,RIDEAU ST btwn SUSSEX DR & 88 W OF WILLIAM ST/FREIMAN MALL,368004.97174,5032099.02773,-75.69229518530,45.42596945690,2016-01-21,5:20:00 PM,01 - Clear,05 - Dusk,02 - Wet,10 - No control,,03 - P.D. only,04 - Sideswipe,0
16-888,WOODKILTON RD btwn VANCES SIDE RD & THOMAS A. DOLAN PKWY,340574.51179,5031226.03582,-76.04288058460,45.42005490370,2016-01-21,5:28:00 PM,03 - Snow,05 - Dusk,03 - Loose snow,10 - No control,,03 - P.D. only,01 - Approaching,0
16-889,GARFIELD AVE @ MAITLAND AVE,363342.42549,5025562.26139,-75.75264894060,45.36755851510,2016-01-21,5:43:00 PM,01 - Clear,07 - Dark,02 - Wet,01 - Traffic signal,01 - Functioning,03 - P.D. only,03 - Rear end,0
16-890,RUSSELL RD btwn MILTON RD & SAND RD,389873.52608,5025362.40164,-75.41403964660,45.36304236580,2016-01-21,6:00:00 PM,01 - Clear,07 - Dark,01 - Dry,10 - No control,,03 - P.D. only,07 - SMV other,0
16-891,BASELINE RD btwn COLLEGE SQUARE SC & WOODROFFE AVE,362654.34652,5023831.25858,-75.76163482170,45.35204024540,2016-01-21,6:54:00 PM,01 - Clear,07 - Dark,01 - Dry,10 - No control,,03 - P.D. only,03 - Rear end,0
16-892,MERIVALE RD @ MORISSET AVE,364867.35942,5026492.74704,-75.73307025230,45.37580183750,2016-01-21,7:00:00 PM,01 - Clear,07 - Dark,02 - Wet,02 - Stop sign,01 - Functioning,02 - Non-fatal injury,02 - Angle,0
16-893,ANDERSON RD btwn LEITRIM RD & EIGHTH LINE RD,381173.19978,5023129.00004,-75.52542689840,45.34394951680,2016-01-21,7:11:00 PM,01 - Clear,07 - Dark,01 - Dry,10 - No control,,03 - P.D. only,07 - SMV other,0
16-894,BREANNA CARDILL ST btwn Continuation of BREANNA CARDILL ST & MARY ANNE,378188.33647,5012242.61123,-75.56512149190,45.24631723980,2016-01-20,9:30:00 PM,01 - Clear,07 - Dark,05 - Packed snow,10 - No control,,03 - P.D. only,06 - SMV unattended vehicle,0
16-895,MOODIE DR @ 200 N OF ROBERTSON RD,356988.27669,5020641.86668,-75.83427915640,45.32378639700,2016-01-21,8:09:00 PM,01 - Clear,07 - Dark,01 - Dry,01 - Traffic signal,01 - Functioning,03 - P.D. only,03 - Rear end,0
16-896,MURRAY ST btwn DALHOUSIE ST & CUMBERLAND ST,368034.38457,5032594.55966,-75.69185572600,45.43042542310,2016-01-21,8:35:00 PM,01 - Clear,07 - Dark,02 - Wet,10 - No control,,03 - P.D. only,04 - Sideswipe,0
16-897,MARCH RD btwn PETER ROBINSON RD & CORKERY RD,335739.92264,5015952.40148,-76.10561010990,45.28284629430,2016-01-21,9:15:00 PM,01 - Clear,07 - Dark,01 - Dry,10 - No control,,03 - P.D. only,07 - SMV other,0
16-898,UPPER DWYER HILL RD btwn MARCH RD & OLD ALMONTE RD,336196.15720,5011960.29593,-76.10004698150,45.24690275390,2016-01-21,10:25:00 PM,01 - Clear,07 - Dark,01 - Dry,10 - No control,,03 - P.D. only,07 - SMV other,0
16-899,BRONSON AVE @ SUNNYSIDE AVE/UNIVERSITY RD - CA,367921.61241,5028092.20572,-75.69387334540,45.38992484980,2016-01-21,10:45:00 PM,01 - Clear,07 - Dark,03 - Loose snow,01 - Traffic signal,01 - Functioning,03 - P.D. only,03 - Rear end,0
16-900,RIDEAU VALLEY DR    N btwn SUTHERLAND DR & MARINA DR,372312.21354,5003309.00467,-75.64117786040,45.16652183570,2016-01-22,2:20:00 AM,01 - Clear,07 - Dark,02 - Wet,10 - No control,,03 - P.D. only,01 - Approaching,0
16-901,RIVERSIDE DR @ TREMBLAY RD/HWY417 IC117 RAMP52,370801.85856,5031016.12744,-75.65670227730,45.41596765250,2016-01-22,6:53:00 AM,01 - Clear,07 - Dark,01 - Dry,01 - Traffic signal,01 - Functioning,03 - P.D. only,03 - Rear end,0
16-902,MOODIE DR @ WEST HUNT CLUB RD,357907.75467,5018498.10546,-75.82278078210,45.30442765770,2016-01-22,7:18:00 AM,01 - Clear,03 - Dawn,01 - Dry,01 - Traffic signal,01 - Functioning,02 - Non-fatal injury,03 - Rear end,0
16-903,CROYDON AVE btwn RICHMOND RD & BOND ST,360584.51279,5025197.93204,-75.78789471380,45.36450522890,2016-01-22,7:19:00 AM,01 - Clear,03 - Dawn,01 - Dry,10 - No control,,03 - P.D. only,02 - Angle,0
16-904,BANK ST btwn RIVERSIDE DR & RIVERSIDE DR,369257.98813,5027946.00484,-75.67682732890,45.38848766060,2016-01-22,7:35:00 AM,01 - Clear,03 - Dawn,01 - Dry,10 - No control,,03 - P.D. only,04 - Sideswipe,0
16-905,LATOUR CRES btwn GARDENWAY DR & GARDENWAY DR,383907.00230,5036811.83298,-75.48835193930,45.46675350520,2016-01-22,7:32:00 AM,01 - Clear,03 - Dawn,01 - Dry,10 - No control,,03 - P.D. only,02 - Angle,0
16-906,MERIVALE RD @ WOODFIELD DR/ROYDON PL,365462.70110,5022298.12367,-75.72598447670,45.33800800530,2016-01-22,8:11:00 AM,01 - Clear,01 - Daylight,01 - Dry,01 - Traffic signal,01 - Functioning,02 - Non-fatal injury,07 - SMV other,1
16-907,RIVERSIDE DR @ TREMBLAY RD/HWY417 IC117 RAMP52,370803.17579,5031016.56652,-75.65668539070,45.41597147910,2016-01-22,8:16:00 AM,01 - Clear,01 - Daylight,01 - Dry,01 - Traffic signal,01 - Functioning,02 - Non-fatal injury,05 - Turning movement,0
16-908,BANK ST @ SNAKE ISLAND RD/VICTORIA ST,383696.56876,5010122.06562,-75.49530004720,45.22664183450,2016-01-22,8:15:00 AM,01 - Clear,01 - Daylight,01 - Dry,01 - Traffic signal,01 - Functioning,03 - P.D. only,03 - Rear end,0
16-909,COVENTRY RD @ VANIER PKWY,370676.60444,5031611.48346,-75.65822286430,45.42133622670,2016-01-22,8:30:00 AM,01 - Clear,01 - Daylight,01 - Dry,01 - Traffic signal,01 - Functioning,03 - P.D. only,03 - Rear end,0
16-910,WEST HUNT CLUB RD @ WOODROFFE AVE,363670.03238,5021246.26946,-75.74898083750,45.32869620900,2016-01-22,8:31:00 AM,01 - Clear,01 - Daylight,01 - Dry,01 - Traffic signal,01 - Functioning,03 - P.D. only,04 - Sideswipe,0
16-911,MAITLAND AVE/HWY 417 MAITLAND IC126R53 @ HWY 4,363229.91832,5025774.11217,-75.75406002600,45.36947411120,2016-01-22,8:41:00 AM,01 - Clear,01 - Daylight,01 - Dry,01 - Traffic signal,01 - Functioning,02 - Non-fatal injury,05 - Turning movement,0
16-912,TERON RD @ PARKWAY (THE)/PENFIELD DR S,352293.40356,5020788.26726,-75.89415003150,45.32543709380,2016-01-22,8:48:00 AM,01 - Clear,01 - Daylight,02 - Wet,01 - Traffic signal,01 - Functioning,03 - P.D. only,03 - Rear end,0
16-913,BANK ST @ THIRD AVE,368337.46127,5029551.18767,-75.68837515410,45.40301472130,2016-01-22,9:05:00 AM,01 - Clear,01 - Daylight,02 - Wet,01 - Traffic signal,01 - Functioning,02 - Non-fatal injury,07 - SMV other,1
16-914,ALBERT ST btwn METCALFE ST & ELGIN ST,367781.11775,5031670.52761,-75.69521034640,45.42213414780,2016-01-22,9:07:00 AM,01 - Clear,01 - Daylight,01 - Dry,10 - No control,,03 - P.D. only,04 - Sideswipe,0
16-915,DALY AVE @ WALLER ST,368340.52138,5032120.66854,-75.68800479100,45.42613377230,2016-01-22,11:51:00 AM,01 - Clear,01 - Daylight,01 - Dry,01 - Traffic signal,01 - Functioning,02 - Non-fatal injury,07 - SMV other,1
16-916,ST. LAURENT BLVD @ SUSAN ST,373826.96204,5028231.32586,-75.61844520760,45.39061945940,2016-01-22,12:26:00 PM,01 - Clear,01 - Daylight,01 - Dry,02 - Stop sign,01 - Functioning,03 - P.D. only,03 - Rear end,0
16-917,LABELLE ST/RAMP @ LEMIEUX ST/HWY417 IC115 RAMP,372541.06178,5031688.34966,-75.63439078940,45.42184978330,2016-01-22,1:15:00 PM,01 - Clear,01 - Daylight,01 - Dry,02 - Stop sign,01 - Functioning,03 - P.D. only,02 - Angle,0
16-918,BANK ST @ RIDEAU RD,376955.63942,5017844.02914,-75.58000855220,45.29684420590,2016-01-22,1:39:00 PM,01 - Clear,01 - Daylight,01 - Dry,01 - Traffic signal,01 - Functioning,03 - P.D. only,03 - Rear end,0
16-919,GREY NUNS DR @ ST. JOSEPH BLVD,380155.81827,5036666.51939,-75.53633867400,45.46586085050,2016-01-22,1:41:00 PM,01 - Clear,01 - Daylight,01 - Dry,01 - Traffic signal,01 - Functioning,03 - P.D. only,02 - Angle,0
16-920,BRIDGESTONE DR/STEEPLE CHASE DR @ STONEHAVEN D,355104.80383,5016985.14963,-75.85867461380,45.29102012240,2016-01-21,1:45:00 PM,01 - Clear,01 - Daylight,01 - Dry,11 - Roundabout,01 - Functioning,03 - P.D. only,03 - Rear end,0
16-921,DIAMONDVIEW RD @ DONALD B. MUNRO DR,338123.97334,5022170.82154,-76.07480333220,45.33869368670,2016-01-22,2:04:00 PM,01 - Clear,01 - Daylight,01 - Dry,02 - Stop sign,01 - Functioning,03 - P.D. only,02 - Angle,0
16-922,MEADOWLANDS DR btwn PRINCE OF WALES DR & DEBRA AVE,367253.09279,5025618.05407,-75.70272311940,45.36772297660,2016-01-22,2:12:00 PM,01 - Clear,01 - Daylight,01 - Dry,10 - No control,,03 - P.D. only,02 - Angle,0
16-923,SCOUT ST btwn NIKI WAY & WHITESTONE DR,364518.22005,5025311.64005,-75.73767039210,45.36520426750,2016-01-22,12:00:00 AM,01 - Clear,00 - Unknown,05 - Packed snow,10 - No control,,03 - P.D. only,06 - SMV unattended vehicle,0
16-924,OSGOODE ST btwn KING EDWARD AVE & HENDERSON AVE,368888.21833,5031875.84784,-75.68103824840,45.42388099800,2016-01-22,2:32:00 PM,01 - Clear,01 - Daylight,02 - Wet,10 - No control,,03 - P.D. only,99 - Other,0
16-925,RIVERSIDE DR btwn HOG'S BACK RD & RIDGEWOOD AVE,368177.27857,5026126.09017,-75.69086094840,45.37221119530,2016-01-22,2:41:00 PM,01 - Clear,01 - Daylight,01 - Dry,10 - No control,,03 - P.D. only,04 - Sideswipe,0
16-926,CAVAN ST @ LAROSE AVE,364481.35452,5026737.76074,-75.73796864490,45.37803941400,2016-01-22,2:48:00 PM,01 - Clear,01 - Daylight,01 - Dry,02 - Stop sign,01 - Functioning,03 - P.D. only,02 - Angle,0
16-927,INVERNESS AVE @ MEADOWLANDS DR,365747.72827,5024717.15197,-75.72204993150,45.35974934190,2016-01-22,3:10:00 PM,01 - Clear,01 - Daylight,02 - Wet,01 - Traffic signal,01 - Functioning,02 - Non-fatal injury,03 - Rear end,0
16-928,KING EDWARD AVE @ MURRAY ST,368291.48026,5032753.80154,-75.68854980520,45.43183493060,2016-01-22,3:11:00 PM,01 - Clear,01 - Daylight,01 - Dry,01 - Traffic signal,01 - Functioning,03 - P.D. only,03 - Rear end,0
16-929,RIVERSIDE DR SB btwn TERMINAL AVE & Continuation of RIVERSIDE DR,370701.18402,5030695.51718,-75.65803131570,45.41309242010,2016-01-22,6:40:00 AM,01 - Clear,07 - Dark,01 - Dry,10 - No control,,03 - P.D. only,03 - Rear end,0
16-930,BANK ST btwn COUNCILLOR'S WAY & ST. BERNARD ST,372926.80347,5023771.50638,-75.63055501370,45.35057992520,2016-01-22,3:28:00 PM,01 - Clear,01 - Daylight,01 - Dry,10 - No control,,03 - P.D. only,03 - Rear end,0
16-931,BILLINGS BRIDGESC RAMP NB @ RIVERSIDE DR EB,369083.05043,5027762.90697,-75.67908502080,45.38685628180,2016-01-22,4:16:00 PM,01 - Clear,01 - Daylight,03 - Loose snow,02 - Stop sign,01 - Functioning,03 - P.D. only,02 - Angle,0
16-932,INDUSTRIAL AVE @ RIVERSIDE DR,370684.93814,5030591.89478,-75.65825270580,45.41216159680,2016-01-22,4:34:00 PM,01 - Clear,01 - Daylight,01 - Dry,01 - Traffic signal,01 - Functioning,03 - P.D. only,03 - Rear end,0
16-933,BLACKBURN BYPASS @ INNES RD E,379792.36183,5033781.48591,-75.54142583080,45.43994260470,2016-01-22,4:44:00 PM,01 - Clear,05 - Dusk,01 - Dry,01 - Traffic signal,01 - Functioning,03 - P.D. only,03 - Rear end,0
16-934,INNES RD EB btwn INNES RD E & ORLEANS BLVD,379812.51384,5033781.55232,-75.54116826820,45.43994104030,2016-01-22,4:45:00 PM,01 - Clear,05 - Dusk,01 - Dry,10 - No control,,03 - P.D. only,03 - Rear end,0
16-935,HIGHGATE RD btwn WESTBURY RD & BASELINE RD,362041.39079,5023501.43554,-75.76949519610,45.34912281810,2016-01-22,5:16:00 PM,01 - Clear,05 - Dusk,02 - Wet,10 - No control,,03 - P.D. only,05 - Turning movement,0
16-936,BESSERER ST @ WALLER ST,368315.71376,5032192.63642,-75.68831249870,45.42678356710,2016-01-22,5:38:00 PM,01 - Clear,05 - Dusk,01 - Dry,01 - Traffic signal,01 - Functioning,02 - Non-fatal injury,07 - SMV other,1
16-937,FORESTGLADE CRES btwn FOLKWAY GT & NOBLETON AVE,375351.81561,5026601.97258,-75.59920630680,45.37580739110,2016-01-22,5:53:00 PM,01 - Clear,07 - Dark,01 - Dry,10 - No control,,03 - P.D. only,06 - SMV unattended vehicle,0
16-938,FALLOWFIELD RD @ VIA PARK PL/275 W OF WOODROFFE AVE,364847.45684,5017766.24044,-75.73438324070,45.29728341530,2016-01-22,6:07:00 PM,01 - Clear,07 - Dark,01 - Dry,01 - Traffic signal,01 - Functioning,02 - Non-fatal injury,03 - Rear end,0
16-939,CLARENCE ST btwn SUSSEX DR & BY WARD MARKET SQ,367837.40654,5032376.68550,-75.69440077230,45.42848284840,2016-01-22,6:00:00 AM,01 - Clear,07 - Dark,01 - Dry,10 - No control,,03 - P.D. only,07 - SMV other,0
16-940,WELLINGTON ST    W btwn HAMILTON AVE N & PARKDALE AVE,365142.89489,5029268.57985,-75.72921317740,45.40075454270,2016-01-22,6:54:00 PM,01 - Clear,07 - Dark,04 - Slush,10 - No control,,03 - P.D. only,02 - Angle,0
16-941,BELCOURT BLVD @ INNES RD,382122.01798,5035267.04918,-75.51141842100,45.45305471800,2016-01-22,6:55:00 PM,01 - Clear,07 - Dark,01 - Dry,01 - Traffic signal,01 - Functioning,03 - P.D. only,03 - Rear end,0
16-942,TERRY FOX DR btwn HWY417 IC140 RAMP16 & HWY417 IC140 RAMP35,350944.02206,5018555.25442,-75.91157049490,45.30543388870,2016-01-22,7:05:00 PM,01 - Clear,07 - Dark,01 - Dry,10 - No control,,03 - P.D. only,03 - Rear end,0
16-943,COPE DR @ TERRY FOX,353998.70164,5015345.77934,-75.87293775680,45.27634698710,2016-01-22,7:12:00 PM,01 - Clear,07 - Dark,01 - Dry,01 - Traffic signal,01 - Functioning,03 - P.D. only,02 - Angle,0
16-944,RIVERSIDE DR @ HERON RD,368120.44628,5026647.44064,-75.69151961170,45.37690730620,2016-01-22,7:25:00 PM,01 - Clear,07 - Dark,01 - Dry,01 - Traffic signal,01 - Functioning,03 - P.D. only,03 - Rear end,0
16-945,COOPER ST @ O'CONNOR ST,367808.48648,5031085.57100,-75.69493546160,45.41686843530,2016-01-22,7:41:00 PM,02 - Rain,07 - Dark,02 - Wet,02 - Stop sign,01 - Functioning,03 - P.D. only,04 - Sideswipe,0
16-946,DALHOUSIE ST @ MURRAY ST,368000.47956,5032572.93598,-75.69229176860,45.43023392530,2016-01-22,8:09:00 PM,01 - Clear,07 - Dark,01 - Dry,01 - Traffic signal,01 - Functioning,03 - P.D. only,99 - Other,0
16-947,MAPLE GROVE RD @ TERRY FOX DR,351552.51091,5017864.68404,-75.90387657900,45.29917971830,2016-01-22,5:30:00 PM,01 - Clear,05 - Dusk,02 - Wet,01 - Traffic signal,01 - Functioning,03 - P.D. only,03 - Rear end,0
16-948,BRIDLE PATH DR @ CROSSCUT TER/PIMLICO CRES S,371366.83099,5023704.91085,-75.65047036740,45.35013052460,2016-01-22,8:21:00 PM,01 - Clear,07 - Dark,01 - Dry,02 - Stop sign,01 - Functioning,03 - P.D. only,02 - Angle,0
16-949,KATIMAVIK RD @ CURRAN ST/DAVIS AVE,351460.94828,5018494.67494,-75.90498469950,45.30485462900,2016-01-22,8:39:00 PM,01 - Clear,07 - Dark,01 - Dry,02 - Stop sign,01 - Functioning,03 - P.D. only,03 - Rear end,0
16-950,PINECREST RD btwn HWY417 IC129 RAMP62 & TRANSIT,360382.46379,5023692.14903,-75.79064304630,45.35097229030,2016-01-22,9:15:00 PM,01 - Clear,07 - Dark,02 - Wet,10 - No control,,02 - Non-fatal injury,03 - Rear end,0