Record,Location,X,Y,Longitude,Latitude,Date,Time,Environment,Light,Road_Surface,Traffic_Control,Collision_Location,Collision_Classification,Impact_type,Pedestrian
16-1057,BANK ST btwn BELANGER AVE & ROCKINGHAM AVE,369663.01300,5027411.02190,-75.67172572960,45.38363666680,2016-01-26,1:33:00 PM,01 - Clear,01 - Daylight,01 - Dry,10 - No control,,03 - P.D. only,03 - Rear end,0
16-1058,BEAUSEJOUR DR @ JEANNE D'ARC BLVD,381420.08848,5036060.79084,-75.52026776920,45.46027347140,2016-01-26,1:39:00 PM,02 - Rain,01 - Daylight,02 - Wet,01 - Traffic signal,01 - Functioning,03 - P.D. only,03 - Rear end,0
16-1059,GLOUCESTER ST @ LYON ST,367193.58535,5031002.20142,-75.70280188970,45.41617340350,2016-01-26,1:42:00 PM,01 - Clear,01 - Daylight,02 - Wet,01 - Traffic signal,01 - Functioning,02 - Non-fatal injury,07 - SMV other,1
16-1060,CUMBERLAND ST @ STEWART ST,368496.08064,5032120.95036,-75.68601703840,45.42612216030,2016-01-26,2:26:00 PM,04 - Freezing Rain,01 - Daylight,02 - Wet,02 - Stop sign,01 - Functioning,03 - P.D. only,02 - Angle,0
16-1061,RAFTSMAN LANE W @ VOYAGEUR DR W,378973.38712,5037930.37226,-75.55126689450,45.47735860370,2016-01-26,3:32:00 PM,01 - Clear,01 - Daylight,02 - Wet,02 - Stop sign,01 - Functioning,03 - P.D. only,02 - Angle,0
16-1062,ST. LAURENT BLVD btwn HEMLOCK RD & MEADOW PARK PL,371168.64467,5034724.04138,-75.65151660840,45.44929511530,2016-01-26,4:12:00 PM,02 - Rain,01 - Daylight,04 - Slush,10 - No control,,03 - P.D. only,02 - Angle,0
16-1063,FALLOWFIELD RD @ WOODROFFE AVE,365084.05231,5017903.84862,-75.73135014460,45.29850134580,2016-01-26,4:32:00 PM,01 - Clear,05 - Dusk,02 - Wet,01 - Traffic signal,01 - Functioning,02 - Non-fatal injury,03 - Rear end,0
16-1064,HUNT CLUB RD btwn LORRY GREENBERG DR & PIKE ST,372830.61994,5024812.16629,-75.63163917820,45.35995273380,2016-01-26,5:02:00 PM,01 - Clear,05 - Dusk,02 - Wet,10 - No control,,03 - P.D. only,02 - Angle,0
16-1065,FINDLAY CREEK DR btwn DEVONWOOD CIRC & BANK ST,375744.07055,5020398.27465,-75.59508858300,45.31994970060,2016-01-26,5:12:00 PM,01 - Clear,05 - Dusk,02 - Wet,10 - No control,,03 - P.D. only,02 - Angle,0
16-1066,BLAIR RD btwn OR174 IC112 RAMP15 & MEADOWBROOK RD,374944.65752,5032614.81559,-75.60354892690,45.42994874280,2016-01-26,5:17:00 PM,01 - Clear,05 - Dusk,02 - Wet,10 - No control,,03 - P.D. only,03 - Rear end,0
16-1067,REGIONAL ROAD 174 btwn OR174 IC105 RAMP35 & OR174 IC105 RAMP25,379813.71835,5037231.76825,-75.54062660170,45.47098334200,2016-01-26,5:22:00 PM,01 - Clear,05 - Dusk,01 - Dry,10 - No control,,03 - P.D. only,04 - Sideswipe,0
16-1068,MONTREAL RD @ ST. LAURENT BLVD,371545.37920,5033817.21888,-75.64682382790,45.44110008340,2016-01-26,5:28:00 PM,01 - Clear,05 - Dusk,02 - Wet,01 - Traffic signal,01 - Functioning,03 - P.D. only,03 - Rear end,0
16-1069,BANTREE ST @ SHEFFIELD RD,374646.52136,5030044.76004,-75.60772295710,45.40685458060,2016-01-26,7:16:00 PM,01 - Clear,07 - Dark,01 - Dry,03 - Yield sign,01 - Functioning,03 - P.D. only,03 - Rear end,0
16-1070,KALADAR AVE btwn GREGG ST & BROOKFIELD RD,369704.49375,5026651.06490,-75.67129599470,45.37679497350,2016-01-26,7:28:00 PM,01 - Clear,07 - Dark,02 - Wet,10 - No control,,03 - P.D. only,06 - SMV unattended vehicle,0
16-1071,FIFTH AVE btwn CHRYSLER ST & PERCY ST,367833.27932,5029062.26331,-75.69487739920,45.39866110510,2016-01-26,7:57:00 PM,02 - Rain,07 - Dark,02 - Wet,10 - No control,,03 - P.D. only,99 - Other,0
16-1072,HAILEYBURY ST btwn GEDDES WAY & TEMAGAMI DR,365512.70700,5014414.78700,-75.72631195300,45.26707000970,2016-01-26,8:00:00 AM,01 - Clear,01 - Daylight,01 - Dry,10 - No control,,03 - P.D. only,06 - SMV unattended vehicle,0
16-1073,LIMEBANK RD/RIVERSIDE DR @ RIVER RD,368403.33838,5020476.65348,-75.68870162900,45.32135836480,2016-01-26,11:57:00 PM,03 - Snow,07 - Dark,03 - Loose snow,01 - Traffic signal,01 - Functioning,03 - P.D. only,03 - Rear end,0
16-1074,FLORA ST @ LYON ST,367664.05338,5030226.34846,-75.69689030180,45.40915041150,2016-01-27,7:59:00 AM,01 - Clear,01 - Daylight,01 - Dry,02 - Stop sign,01 - Functioning,03 - P.D. only,05 - Turning movement,0
16-1075,ALBION RD @ RIDEAU RD,375091.65451,5016673.36201,-75.60393747660,45.28649988890,2016-01-27,12:00:00 AM,03 - Snow,00 - Unknown,02 - Wet,01 - Traffic signal,01 - Functioning,03 - P.D. only,07 - SMV other,0
16-1076,MILTON RD @ NAVAN RD,387268.13018,5031813.61879,-75.44621347360,45.42139584110,2016-01-27,8:04:00 AM,01 - Clear,01 - Daylight,02 - Wet,02 - Stop sign,01 - Functioning,02 - Non-fatal injury,03 - Rear end,0
16-1077,HUNTMAR DR @ PALLADIUM DR S,349676.54267,5017364.97588,-75.92784033330,45.29480552750,2016-01-27,8:32:00 AM,01 - Clear,01 - Daylight,06 - Ice,01 - Traffic signal,01 - Functioning,03 - P.D. only,03 - Rear end,0
16-1078,ST. LAURENT BLVD btwn THURSTON DR & WALKLEY RD,373994.00093,5027900.12032,-75.61635861950,45.38762294060,2016-01-27,8:44:00 AM,03 - Snow,01 - Daylight,03 - Loose snow,10 - No control,,03 - P.D. only,03 - Rear end,0
16-1079,WEST HUNT CLUB RD @ WOODROFFE AVE,363670.03238,5021247.58669,-75.74898068080,45.32870806110,2016-01-27,8:56:00 AM,01 - Clear,01 - Daylight,06 - Ice,01 - Traffic signal,01 - Functioning,03 - P.D. only,07 - SMV other,0
16-1080,EAGLESON RD @ 146 N OF ABBEYHILL DR/HAZELDEAN,353773.74345,5018174.88786,-75.87552549980,45.30181967250,2016-01-27,9:06:00 AM,03 - Snow,01 - Daylight,06 - Ice,01 - Traffic signal,01 - Functioning,03 - P.D. only,03 - Rear end,0
16-1081,HUNTMAR DR @ PALLADIUM DR S,349676.26522,5017365.65594,-75.92784380960,45.29481166410,2016-01-27,9:09:00 AM,01 - Clear,01 - Daylight,06 - Ice,01 - Traffic signal,01 - Functioning,03 - P.D. only,03 - Rear end,0
16-1082,MONTREAL RD @ ST. LAURENT BLVD,371545.70290,5033818.92508,-75.64681945930,45.44111540400,2016-01-27,9:30:00 AM,01 - Clear,01 - Daylight,01 - Dry,01 - Traffic signal,01 - Functioning,03 - P.D. only,03 - Rear end,0
16-1083,ST. LAURENT BLVD btwn BOURASSA ST & SMYTH RD,373306.99065,5029520.48913,-75.62490603690,45.40226982350,2016-01-27,10:38:00 AM,01 - Clear,01 - Daylight,01 - Dry,10 - No control,,03 - P.D. only,03 - Rear end,0
16-1084,CRAIG HENRY DR @ KNOXDALE RD,363116.90744,5021656.58819,-75.75598824630,45.33243441160,2016-01-27,9:00:00 AM,01 - Clear,01 - Daylight,06 - Ice,01 - Traffic signal,01 - Functioning,03 - P.D. only,03 - Rear end,0
16-1085,AIRPORT PKWY btwn RAMP & RAMP (4),371205.08387,5022311.02949,-75.65272148140,45.33760413680,2016-01-27,11:37:00 AM,01 - Clear,01 - Daylight,02 - Wet,10 - No control,,02 - Non-fatal injury,03 - Rear end,0
16-1086,KIRKWOOD AVE @ MERIVALE RD,364853.92094,5026646.76194,-75.73322308750,45.37718878820,2016-01-27,11:48:00 AM,01 - Clear,01 - Daylight,02 - Wet,01 - Traffic signal,01 - Functioning,02 - Non-fatal injury,05 - Turning movement,0
16-1087,HINCKS LANE @ RIVERSIDE DR,370166.59902,5030205.66076,-75.66492552240,45.40873501820,2016-01-27,11:51:00 AM,01 - Clear,01 - Daylight,02 - Wet,01 - Traffic signal,01 - Functioning,03 - P.D. only,03 - Rear end,0
16-1088,BRONSON AVE @ CARLING AVE/GLEBE AVE,367446.60931,5029336.22062,-75.69978104310,45.40116079960,2016-01-27,11:59:00 AM,01 - Clear,01 - Daylight,02 - Wet,01 - Traffic signal,01 - Functioning,03 - P.D. only,03 - Rear end,0
16-1089,BRONSON AVE @ SOMERSET ST,366966.59841,5030476.35266,-75.70576813260,45.41146217550,2016-01-27,11:11:00 AM,01 - Clear,01 - Daylight,01 - Dry,01 - Traffic signal,01 - Functioning,03 - P.D. only,05 - Turning movement,0
16-1090,HINCKS LANE @ RIVERSIDE DR,370166.49636,5030205.34646,-75.66492687470,45.40873219980,2016-01-27,1:15:00 PM,01 - Clear,01 - Daylight,01 - Dry,01 - Traffic signal,01 - Functioning,03 - P.D. only,03 - Rear end,0
16-1091,CARLING AVE @ FAIRLAWN AVE/WOODROFFE AVE E,361934.68410,5025830.52790,-75.77058762240,45.37008852270,2016-01-27,1:44:00 PM,01 - Clear,01 - Daylight,01 - Dry,01 - Traffic signal,01 - Functioning,02 - Non-fatal injury,04 - Sideswipe,0
16-1092,POULIN AVE @ RICHMOND RD,360325.45986,5024900.29426,-75.79123478650,45.36184766440,2016-01-27,2:56:00 PM,01 - Clear,01 - Daylight,02 - Wet,01 - Traffic signal,01 - Functioning,03 - P.D. only,04 - Sideswipe,0
16-1093,SPRATT RD btwn SHORELINE DR & CANYON WALK DR,368625.99605,5016070.43109,-75.68642904720,45.28169167310,2016-01-27,3:40:00 PM,01 - Clear,01 - Daylight,02 - Wet,10 - No control,,03 - P.D. only,04 - Sideswipe,0
16-1094,ECCLES ST btwn BOOTH ST & LEBRETON ST N,366671.32047,5030189.51226,-75.70957620220,45.40890743370,2016-01-27,11:30:00 AM,01 - Clear,01 - Daylight,06 - Ice,10 - No control,,03 - P.D. only,06 - SMV unattended vehicle,0
16-1095,CARLING AVE @ BROADVIEW AVE,363180.29598,5026637.76035,-75.75459138550,45.37724924310,2016-01-27,4:15:00 PM,01 - Clear,01 - Daylight,01 - Dry,01 - Traffic signal,01 - Functioning,03 - P.D. only,05 - Turning movement,0
16-1096,STONEHAVEN DR btwn BLUEMEADOW WAY & STONEHILL CRT,354648.81835,5016807.97590,-75.86450531930,45.28945836870,2016-01-27,4:27:00 PM,01 - Clear,01 - Daylight,01 - Dry,10 - No control,,03 - P.D. only,03 - Rear end,0
16-1097,CONROY RD @ 212 N OF HUNTCLUB RD,373681.63243,5025601.01017,-75.62066795070,45.36696733210,2016-01-27,4:48:00 PM,01 - Clear,05 - Dusk,02 - Wet,01 - Traffic signal,01 - Functioning,03 - P.D. only,03 - Rear end,0
16-1098,FALLOWFIELD RD btwn VIA PARK PL/275 W OF WOODROFFE AVE & TRANSIT,364544.49306,5017591.92650,-75.73826674390,45.29574077300,2016-01-27,4:45:00 PM,01 - Clear,05 - Dusk,01 - Dry,10 - No control,,03 - P.D. only,03 - Rear end,0
16-1099,AURIGA DR btwn CORVUS CRT & ANTARES DR,366594.85735,5021275.78370,-75.71166792260,45.32871034620,2016-01-27,5:09:00 PM,01 - Clear,05 - Dusk,01 - Dry,10 - No control,,03 - P.D. only,06 - SMV unattended vehicle,0
16-1100,CHESTERTON DR @ MEADOWLANDS DR,365100.99721,5024009.88004,-75.73039047070,45.35344134000,2016-01-27,5:48:00 PM,01 - Clear,07 - Dark,01 - Dry,01 - Traffic signal,01 - Functioning,03 - P.D. only,03 - Rear end,0
16-1101,CHARLEVOIX ST btwn BEECHWOOD AVE & BARRETTE ST,369239.81107,5033542.40649,-75.67632772950,45.43884374750,2016-01-27,5:54:00 PM,01 - Clear,07 - Dark,01 - Dry,10 - No control,,03 - P.D. only,06 - SMV unattended vehicle,0
16-1102,HUNT CLUB RD @ RIVERSIDE DR,368037.09363,5021944.71725,-75.69318531600,45.33460081600,2016-01-27,5:56:00 PM,01 - Clear,07 - Dark,01 - Dry,01 - Traffic signal,01 - Functioning,03 - P.D. only,03 - Rear end,0
16-1103,MAIN ST @ RIVERDALE AVE,369431.52156,5029531.39631,-75.67440371480,45.40273648980,2016-01-27,6:08:00 PM,01 - Clear,07 - Dark,01 - Dry,01 - Traffic signal,01 - Functioning,02 - Non-fatal injury,05 - Turning movement,0
16-1104,COVENTRY RD @ VANIER PKWY,370675.71897,5031611.92498,-75.65823411780,45.42134028260,2016-01-27,6:23:00 PM,01 - Clear,07 - Dark,04 - Slush,01 - Traffic signal,01 - Functioning,02 - Non-fatal injury,07 - SMV other,1
16-1105,CARSON'S RD btwn MONTREAL RD & SETH PRIV,372806.72279,5034306.81351,-75.63063482940,45.44538364460,2016-01-27,7:52:00 PM,01 - Clear,07 - Dark,01 - Dry,10 - No control,,03 - P.D. only,03 - Rear end,0
16-1106,CANAAN RD btwn REGIONAL ROAD 174 & WILHAVEN DR,396487.37734,5041785.14105,-75.32657252190,45.50995820480,2016-01-27,8:11:00 PM,01 - Clear,07 - Dark,01 - Dry,10 - No control,,03 - P.D. only,07 - SMV other,0
16-1107,MEADOWLANDS DR @ MERIVALE RD,364857.60221,5023726.16902,-75.73353105250,45.35090943540,2016-01-27,8:13:00 PM,01 - Clear,07 - Dark,01 - Dry,01 - Traffic signal,01 - Functioning,03 - P.D. only,05 - Turning movement,0
16-1108,MEADOWLANDS DR btwn TURN LANE & SULLIVAN AVE,363132.87012,5022773.19594,-75.75565298030,45.34248024480,2016-01-27,8:19:00 PM,01 - Clear,07 - Dark,01 - Dry,10 - No control,,03 - P.D. only,06 - SMV unattended vehicle,0
16-1109,REGIONAL ROAD 174 btwn OR174 IC112 RAMP51 & OR174 IC112 RAMP15,375102.49499,5033054.42165,-75.60146924190,45.43388822180,2016-01-27,9:40:00 PM,01 - Clear,07 - Dark,01 - Dry,10 - No control,,03 - P.D. only,07 - SMV other,0
16-1110,MONTREAL RD @ VANIER PKWY,370072.47805,5033065.36035,-75.66574892840,45.43447424720,2016-01-27,11:43:00 PM,01 - Clear,07 - Dark,01 - Dry,01 - Traffic signal,01 - Functioning,02 - Non-fatal injury,05 - Turning movement,0
16-1111,BANK ST btwn MASON ST & MEADOW DR,378314.09510,5014567.13775,-75.56317581890,45.26721931290,2016-01-28,12:00:00 AM,01 - Clear,07 - Dark,05 - Packed snow,10 - No control,,03 - P.D. only,07 - SMV other,0
16-1112,KING EDWARD AVE NB btwn GUIGUES AVE & ST. PATRICK ST,368258.03439,5032848.94554,-75.68896495390,45.43269403770,2016-01-28,1:09:00 AM,03 - Snow,07 - Dark,03 - Loose snow,10 - No control,,03 - P.D. only,07 - SMV other,0
16-1113,BAYSHORE DR @ RICHMOND RD,359372.02658,5023369.18452,-75.80357316620,45.34814561000,2016-01-28,6:30:00 AM,01 - Clear,07 - Dark,01 - Dry,01 - Traffic signal,01 - Functioning,03 - P.D. only,04 - Sideswipe,0
16-1114,NAVAN RD @ TRIM RD,388560.01874,5032374.42781,-75.42961310460,45.42628795210,2016-01-28,6:52:00 AM,01 - Clear,07 - Dark,01 - Dry,02 - Stop sign,01 - Functioning,03 - P.D. only,02 - Angle,0
16-1115,WEST HUNT CLUB RD @ WOODROFFE AVE,363669.85968,5021246.35353,-75.74898303050,45.32869697930,2016-01-28,7:27:00 AM,01 - Clear,03 - Dawn,01 - Dry,01 - Traffic signal,01 - Functioning,02 - Non-fatal injury,03 - Rear end,0
16-1116,ISLAND PARK DR @ MERIVALE RD,364653.92394,5028022.88668,-75.73560959440,45.38958802160,2016-01-28,8:31:00 AM,01 - Clear,01 - Daylight,02 - Wet,01 - Traffic signal,01 - Functioning,03 - P.D. only,03 - Rear end,0
16-1117,TENTH LINE RD @ CHARLEMAGNE BLVD N/TOMPKINS AV,383183.27128,5037977.66236,-75.49741985610,45.47732417820,2016-01-28,8:58:00 AM,01 - Clear,01 - Daylight,01 - Dry,01 - Traffic signal,01 - Functioning,03 - P.D. only,03 - Rear end,0
16-1118,BLACKBURN BYPASS WB btwn NAVAN RD & 1700 W OF NAVAN RD,379198.51929,5033002.54852,-75.54913316390,45.43299772080,2016-01-28,10:31:00 AM,03 - Snow,01 - Daylight,03 - Loose snow,10 - No control,,02 - Non-fatal injury,07 - SMV other,0
16-1119,MICHAEL ST @ BELFAST RD,373132.07028,5030678.34216,-75.62697969630,45.41270474350,2016-01-28,10:31:00 AM,03 - Snow,01 - Daylight,04 - Slush,02 - Stop sign,01 - Functioning,03 - P.D. only,03 - Rear end,0
16-1120,REGIONAL ROAD 174 btwn OR174 IC112 RAMP26 & OR174 IC112 RAMP61,375167.18079,5033123.59351,-75.60063271370,45.43450408400,2016-01-28,10:54:00 AM,03 - Snow,01 - Daylight,03 - Loose snow,10 - No control,,03 - P.D. only,03 - Rear end,0
16-1121,DUNROBIN RD btwn KINBURN SIDE RD & VANCES SIDE RD,339007.64240,5034836.32741,-76.06265024130,45.45261966220,2016-01-28,11:00:00 AM,03 - Snow,01 - Daylight,03 - Loose snow,10 - No control,,02 - Non-fatal injury,04 - Sideswipe,0
16-1122,SOMERSET ST    W btwn BOOTH ST & UPPER LORNE PL,366607.41191,5030268.40165,-75.71038268400,45.40962290540,2016-01-28,11:23:00 AM,01 - Clear,01 - Daylight,02 - Wet,10 - No control,,03 - P.D. only,04 - Sideswipe,0
16-1123,CHARLEMAGNE BLVD @ PRINCESS LOUISE DR W/VALADE,383520.85806,5037973.81920,-75.49310315630,45.47725162230,2016-01-28,11:44:00 AM,03 - Snow,01 - Daylight,04 - Slush,01 - Traffic signal,01 - Functioning,03 - P.D. only,03 - Rear end,0
16-1124,GLADSTONE AVE @ KENT ST,367744.04558,5030459.79004,-75.69583866760,45.41124365610,2016-01-28,11:45:00 AM,03 - Snow,01 - Daylight,02 - Wet,01 - Traffic signal,01 - Functioning,03 - P.D. only,03 - Rear end,0
16-1125,RICHMOND RD btwn WINSTON AVE & CHURCHILL AVE N,363143.98157,5028236.22292,-75.75486608020,45.39163500320,2016-01-28,12:16:00 PM,03 - Snow,01 - Daylight,02 - Wet,10 - No control,,03 - P.D. only,99 - Other,0
16-1126,ST. GEORGES ST btwn LOUISBOURG CRES & MARCOUX DR,382745.83697,5036604.84939,-75.50323187300,45.46502178820,2016-01-28,12:30:00 PM,03 - Snow,01 - Daylight,04 - Slush,10 - No control,,03 - P.D. only,06 - SMV unattended vehicle,0
16-1127,BELFAST RD @ ST. LAURENT BLVD,372864.17931,5030579.81987,-75.63041551760,45.41184439250,2016-01-28,12:39:00 PM,03 - Snow,01 - Daylight,04 - Slush,01 - Traffic signal,01 - Functioning,03 - P.D. only,03 - Rear end,0
16-1128,INNES RD @ JEANNE D'ARC BLVD/MER BLEUE RD,382637.31841,5035569.24816,-75.50478334420,45.45571644180,2016-01-28,1:14:00 PM,01 - Clear,01 - Daylight,02 - Wet,01 - Traffic signal,01 - Functioning,03 - P.D. only,02 - Angle,0
16-1129,BOURASSA ST @ ST. LAURENT BLVD,373234.73492,5029692.37287,-75.62580505630,45.40382342200,2016-01-28,1:10:00 PM,03 - Snow,01 - Daylight,04 - Slush,01 - Traffic signal,01 - Functioning,03 - P.D. only,03 - Rear end,0
16-1130,LYON ST    N btwn ALBERT ST & SLATER ST,367088.06875,5031177.89233,-75.70412772860,45.41776361800,2016-01-28,1:43:00 PM,01 - Clear,01 - Daylight,01 - Dry,10 - No control,,03 - P.D. only,04 - Sideswipe,0
16-1131,EASTVALE DR btwn OGILVIE RD & LOYOLA AVE,375663.29042,5035104.01344,-75.59400751510,45.45227261170,2016-01-28,2:39:00 PM,03 - Snow,01 - Daylight,03 - Loose snow,10 - No control,,03 - P.D. only,02 - Angle,0
16-1132,DONALD ST @ 48 E  PAUL EMILE LAMARCHE,371409.02255,5032394.56710,-75.64875909900,45.42831271690,2016-01-28,2:58:00 PM,01 - Clear,01 - Daylight,02 - Wet,01 - Traffic signal,01 - Functioning,02 - Non-fatal injury,03 - Rear end,0
16-1133,PRESTON ST btwn GEORGE ST W & ABERDEEN ST,366629.03176,5029396.13958,-75.71021588530,45.40177261870,2016-01-28,3:11:00 PM,03 - Snow,01 - Daylight,04 - Slush,10 - No control,,03 - P.D. only,03 - Rear end,0
16-1134,STRANDHERD DR @ WOODROFFE AVE,366105.49538,5015394.92946,-75.71863748720,45.27583787180,2016-01-28,3:18:00 PM,03 - Snow,01 - Daylight,02 - Wet,01 - Traffic signal,01 - Functioning,02 - Non-fatal injury,03 - Rear end,0
16-1135,PARKDALE AVE btwn HUTCHISON AVE & RUSKIN ST,365499.14038,5028471.53475,-75.72476118840,45.39355211540,2016-01-28,4:26:00 PM,01 - Clear,01 - Daylight,01 - Dry,10 - No control,,03 - P.D. only,06 - SMV unattended vehicle,0
16-1136,BASELINE RD @ FISHER AVE,366166.91314,5026028.31316,-75.71653702270,45.37151034850,2016-01-28,4:44:00 PM,01 - Clear,05 - Dusk,01 - Dry,01 - Traffic signal,01 - Functioning,03 - P.D. only,03 - Rear end,0
16-1137,COBBLE HILL DR btwn HAWKSHAW CRES N & HAWKSHAW CRES S,361155.97200,5014975.47100,-75.78176351530,45.27247768110,2016-01-28,12:00:00 AM,01 - Clear,00 - Unknown,01 - Dry,10 - No control,,03 - P.D. only,06 - SMV unattended vehicle,0
16-1138,DALHOUSIE ST @ YORK ST,368093.48756,5032419.37016,-75.69112297390,45.42884378320,2016-01-24,2:10:00 AM,01 - Clear,07 - Dark,02 - Wet,01 - Traffic signal,01 - Functioning,03 - P.D. only,03 - Rear end,0
16-1139,CONROY RD @ HUNT CLUB RD,373764.39862,5025404.30326,-75.61963895140,45.36518930670,2016-01-28,7:09:00 PM,01 - Clear,07 - Dark,02 - Wet,01 - Traffic signal,01 - Functioning,03 - P.D. only,03 - Rear end,0
16-1140,DWYER HILL RD btwn UPPER DWYER HILL RD & RAMP,341095.51957,5007122.52004,-76.03798908060,45.20313405000,2016-01-29,6:27:00 AM,01 - Clear,07 - Dark,01 - Dry,10 - No control,,03 - P.D. only,07 - SMV other,0
16-1141,BASELINE RD @ CENTREPOINTE DR E/HIGHGATE RD,362061.42029,5023464.70637,-75.76924385680,45.34879069680,2016-01-29,7:26:00 AM,03 - Snow,03 - Dawn,03 - Loose snow,01 - Traffic signal,01 - Functioning,03 - P.D. only,02 - Angle,0
16-1142,INNES RD @ JEANNE D'ARC BLVD/MER BLEUE RD,382638.42027,5035566.88703,-75.50476963140,45.45569507500,2016-01-29,7:20:00 AM,02 - Rain,03 - Dawn,02 - Wet,01 - Traffic signal,01 - Functioning,03 - P.D. only,04 - Sideswipe,0
16-1143,HERWIG PL btwn FIREFLY LANE & END,369561.39726,5009293.88458,-75.67538987070,45.22063147360,2016-01-29,3:00:00 AM,03 - Snow,07 - Dark,03 - Loose snow,10 - No control,,03 - P.D. only,07 - SMV other,0
16-1144,TERRY FOX DR btwn HUNTSVILLE DR & OLD SECOND LINE RD,348284.78300,5021990.32600,-75.94517791180,45.33651334530,2016-01-29,8:27:00 AM,03 - Snow,01 - Daylight,02 - Wet,10 - No control,,03 - P.D. only,07 - SMV other,0
16-1145,EAGLESON RD @ HAZELDEAN RD/ROBERTSON RD,353672.52721,5018424.67954,-75.87679142700,45.30407439970,2016-01-27,8:10:00 AM,04 - Freezing Rain,01 - Daylight,06 - Ice,01 - Traffic signal,01 - Functioning,02 - Non-fatal injury,03 - Rear end,0
16-1146,MONTREAL RD @ BATHGATE DR/BURMA RD,373224.70966,5034516.92796,-75.62526289060,45.44723335250,2016-01-29,8:46:00 AM,03 - Snow,01 - Daylight,02 - Wet,01 - Traffic signal,01 - Functioning,02 - Non-fatal injury,07 - SMV other,1
16-1147,BRONSON AVE btwn KIPPEWA DR & FOURTH AVE,367578.66410,5029019.43975,-75.69813472250,45.39829866810,2016-01-29,8:52:00 AM,03 - Snow,01 - Daylight,02 - Wet,10 - No control,,03 - P.D. only,04 - Sideswipe,0
16-1148,INDUSTRIAL AVE btwn SANDFORD FLEMING AVE & NEIGHBORHOOD WAY,370904.34049,5030553.28590,-75.65545510000,45.41179351920,2016-01-29,8:59:00 AM,01 - Clear,01 - Daylight,02 - Wet,10 - No control,,03 - P.D. only,04 - Sideswipe,0
16-1149,WEST HUNT CLUB RD WB btwn 545 E OF ROYDON PL/SUNDERLAND ST & ANTARES D,366703.54006,5022540.99676,-75.71012331150,45.34008495460,2016-01-29,8:40:00 AM,03 - Snow,01 - Daylight,03 - Loose snow,10 - No control,,03 - P.D. only,04 - Sideswipe,0
16-1150,DUNROBIN RD btwn KINBURN SIDE RD & VANCES SIDE RD,339439.64168,5034422.62284,-76.05715636510,45.44887576700,2016-01-29,10:17:00 AM,05 - Drifting Snow,01 - Daylight,05 - Packed snow,10 - No control,,03 - P.D. only,07 - SMV other,0
16-1151,GREENBANK RD btwn JOCKVALE RD & CAMBRIAN RD,364469.65706,5013477.94349,-75.73971532800,45.25872954000,2016-01-29,10:18:00 AM,01 - Clear,01 - Daylight,03 - Loose snow,10 - No control,,02 - Non-fatal injury,01 - Approaching,0
16-1152,PARKDALE AVE @ WELLINGTON ST,365149.48106,5029269.45801,-75.72912894910,45.40076187590,2016-01-27,3:30:00 PM,01 - Clear,01 - Daylight,01 - Dry,01 - Traffic signal,01 - Functioning,03 - P.D. only,05 - Turning movement,0
16-1153,ELGIN ST @ WELLINGTON ST W,367664.92334,5031877.35786,-75.69666856960,45.42400558990,2016-01-29,11:04:00 AM,03 - Snow,01 - Daylight,02 - Wet,01 - Traffic signal,01 - Functioning,03 - P.D. only,04 - Sideswipe,0
16-1154,PRINCE OF WALES DR btwn FAIRPARK DR & WATERBRIDGE DR,367277.81860,5015514.78536,-75.70368212080,45.27681313360,2016-01-29,11:07:00 AM,03 - Snow,01 - Daylight,03 - Loose snow,10 - No control,,02 - Non-fatal injury,01 - Approaching,0
16-1155,8TH LINE RD @ MITCH OWENS RD,382362.57636,5018775.13102,-75.51093387410,45.30464564870,2016-01-29,11:20:00 AM,03 - Snow,01 - Daylight,02 - Wet,02 - Stop sign,01 - Functioning,03 - P.D. only,04 - Sideswipe,0
16-1156,PRINCE OF WALES DR btwn BASELINE RD/HERON RD & GREEN VALLEY CRES,366983.08203,5026687.12118,-75.70603515610,45.37736620550,2016-01-29,11:24:00 AM,01 - Clear,01 - Daylight,03 - Loose snow,10 - No control,,03 - P.D. only,05 - Turning movement,0
16-1157,LAROSE AVE @ MERIVALE RD,364846.03998,5026967.32386,-75.73328471990,45.38007382290,2016-01-29,11:35:00 AM,03 - Snow,01 - Daylight,02 - Wet,02 - Stop sign,,03 - P.D. only,05 - Turning movement,0
16-1158,MAITLAND AVE @ TERREBONNE DR,364012.03333,5025137.11450,-75.74415243710,45.36367685210,2016-01-29,11:59:00 AM,01 - Clear,01 - Daylight,02 - Wet,02 - Stop sign,01 - Functioning,03 - P.D. only,04 - Sideswipe,0
16-1159,CARLING AVE @ CARLINGWOOD SC,362071.89086,5025919.00780,-75.76882585080,45.37087345740,2016-01-29,12:20:00 PM,05 - Drifting Snow,01 - Daylight,05 - Packed snow,01 - Traffic signal,01 - Functioning,03 - P.D. only,05 - Turning movement,0
16-1160,BRONSON AVE @ FIRST AVE,367489.92694,5029236.34286,-75.69924047370,45.40025825120,2016-01-29,12:42:00 PM,03 - Snow,01 - Daylight,02 - Wet,02 - Stop sign,01 - Functioning,03 - P.D. only,02 - Angle,0
16-1161,OGILVIE RD @ CITY PARK DR E/CSIS HQ ACCESS,374188.86726,5033011.91779,-75.61315082060,45.43359704880,2016-01-29,12:48:00 PM,03 - Snow,01 - Daylight,02 - Wet,01 - Traffic signal,01 - Functioning,03 - P.D. only,03 - Rear end,0