Record,Location,X,Y,Longitude,Latitude,Date,Time,Environment,Light,Road_Surface,Traffic_Control,Collision_Location,Collision_Classification,Impact_type,Pedestrian
16-1373,CLEMENTINE BLVD @ ROCKINGHAM AVE,369482.43168,5027286.71012,-75.67404772630,45.38253484620,2016-02-05,10:39:00 PM,01 - Clear,07 - Dark,01 - Dry,02 - Stop sign,01 - Functioning,03 - P.D. only,03 - Rear end,0
16-1374,STONEWAY DR @ WINDHURST DR E,366313.60371,5016174.67094,-75.71588867900,45.28283576260,2016-02-05,10:47:00 PM,01 - Clear,07 - Dark,01 - Dry,02 - Stop sign,01 - Functioning,03 - P.D. only,06 - SMV unattended vehicle,0
16-1375,EAGLESON RD @ PERTH ST/RICHMOND RD,358010.05399,5007412.16318,-75.82266329430,45.20466647280,2016-02-06,1:59:00 AM,01 - Clear,07 - Dark,01 - Dry,01 - Traffic signal,01 - Functioning,03 - P.D. only,07 - SMV other,0
16-1376,HEATHERINGTON RD btwn ALBION RD N & BANNERHILL PRIV,371674.54050,5026248.55534,-75.64619960490,45.37298808220,2016-02-06,5:21:00 AM,01 - Clear,07 - Dark,01 - Dry,10 - No control,,03 - P.D. only,06 - SMV unattended vehicle,0
16-1377,SAUNDERSON DR @ PLEASANT PARK RD,373146.08686,5028668.65692,-75.62707917840,45.39462114860,2016-02-06,8:17:00 AM,01 - Clear,01 - Daylight,01 - Dry,02 - Stop sign,01 - Functioning,03 - P.D. only,02 - Angle,0
16-1378,MARCH RD btwn DONALD B. MUNRO DR & TALL FOREST DR,343190.26475,5022683.52276,-76.01012250610,45.34304822420,2016-02-05,7:30:00 PM,03 - Snow,07 - Dark,03 - Loose snow,10 - No control,,03 - P.D. only,07 - SMV other,0
16-1379,REGIONAL ROAD 174 btwn TRANSIT & OR174 IC105 RAMP51,377254.57577,5035788.97143,-75.57356454520,45.45827223490,2016-02-06,9:44:00 AM,03 - Snow,01 - Daylight,02 - Wet,10 - No control,,02 - Non-fatal injury,07 - SMV other,0
16-1380,STITTSVILLE MAIN ST @ HAZELDEAN RD,349557.73948,5014879.81469,-75.92957910740,45.27245080310,2016-02-06,10:35:00 AM,01 - Clear,01 - Daylight,01 - Dry,01 - Traffic signal,01 - Functioning,03 - P.D. only,03 - Rear end,0
16-1381,SOMERSET ST    W btwn ARTHUR ST & CAMBRIDGE ST N,366873.97860,5030417.65317,-75.70695870830,45.41094223570,2016-02-06,10:35:00 AM,01 - Clear,01 - Daylight,01 - Dry,10 - No control,,03 - P.D. only,04 - Sideswipe,0
16-1382,TRENHOLM LANE btwn COMO CRES & VARENNES BLVD,385042.97048,5037790.30154,-75.47366732620,45.47542724610,2016-02-06,11:00:00 AM,01 - Clear,01 - Daylight,01 - Dry,10 - No control,,03 - P.D. only,99 - Other,0
16-1383,INNES RD @ VISENEAU DR,381798.53156,5035072.89738,-75.51558405370,45.45134361650,2016-02-05,6:00:00 PM,01 - Clear,05 - Dusk,01 - Dry,01 - Traffic signal,01 - Functioning,03 - P.D. only,99 - Other,0
16-1384,ST. JOSEPH BLVD @ JEANNE D'ARC BLVD,379860.20414,5036471.31172,-75.54014830600,45.46413635100,2016-02-06,12:01:00 PM,01 - Clear,01 - Daylight,01 - Dry,11 - Roundabout,01 - Functioning,03 - P.D. only,02 - Angle,0
16-1385,ALERT RD/AIRPORT PKWY/UPLANDS DR RAMP 62 @ LES,371306.41815,5021353.28185,-75.65155736840,45.32897700310,2016-02-06,12:03:00 PM,01 - Clear,01 - Daylight,01 - Dry,01 - Traffic signal,01 - Functioning,03 - P.D. only,02 - Angle,0
16-1386,MONTREAL RD @ OLMSTEAD ST,370331.51304,5033214.88408,-75.66241864130,45.43579537060,2016-02-06,12:54:00 PM,01 - Clear,01 - Daylight,02 - Wet,01 - Traffic signal,01 - Functioning,02 - Non-fatal injury,07 - SMV other,1
16-1387,MERIVALE RD @ WOODFIELD DR/ROYDON PL,365462.06749,5022299.29570,-75.72599241660,45.33801860560,2016-02-06,1:41:00 PM,01 - Clear,01 - Daylight,01 - Dry,01 - Traffic signal,01 - Functioning,03 - P.D. only,03 - Rear end,0
16-1388,ST. JOSEPH BLVD @ JEANNE D'ARC BLVD,379860.20414,5036471.85008,-75.54014822380,45.46414119510,2016-02-06,2:11:00 PM,01 - Clear,01 - Daylight,01 - Dry,11 - Roundabout,01 - Functioning,03 - P.D. only,03 - Rear end,0
16-1389,BLAIR RD @ REGIONAL RD 174 S/OR174 IC112 RAMP15,374906.89682,5032661.48957,-75.60402480570,45.43037247560,2016-02-06,1:10:00 PM,01 - Clear,01 - Daylight,01 - Dry,01 - Traffic signal,01 - Functioning,03 - P.D. only,04 - Sideswipe,0
16-1390,TRAIL SIDE CIRC btwn PINE VISTA DR & PINE VISTA DR,387434.68978,5037649.06022,-75.44310540830,45.47387757180,2016-02-06,2:00:00 AM,03 - Snow,07 - Dark,02 - Wet,10 - No control,,03 - P.D. only,06 - SMV unattended vehicle,0
16-1391,INNES RD btwn SOUTHPARK DR & BEARBROOK RD,377890.67244,5032783.98032,-75.56587858150,45.43116910380,2016-02-06,2:30:00 PM,01 - Clear,01 - Daylight,01 - Dry,10 - No control,,03 - P.D. only,07 - SMV other,0
16-1392,THIRD AVE btwn BANK ST & O'CONNOR ST,368432.09550,5029607.75574,-75.68715912370,45.40351510640,2016-02-05,9:30:00 PM,01 - Clear,07 - Dark,01 - Dry,10 - No control,,03 - P.D. only,06 - SMV unattended vehicle,0
16-1393,PORTOBELLO BLVD @ SUMMER DAYS WALK/STORMWIND AVE,385892.80600,5035157.59590,-75.46323374490,45.45164257560,2016-02-06,4:20:00 PM,01 - Clear,01 - Daylight,01 - Dry,02 - Stop sign,01 - Functioning,03 - P.D. only,02 - Angle,0
16-1394,STRANDHERD DR @ CEDARVIEW RD/TARTAN DR,362290.55398,5013546.50529,-75.76747025190,45.25952790730,2016-02-06,5:26:00 PM,01 - Clear,05 - Dusk,01 - Dry,01 - Traffic signal,01 - Functioning,03 - P.D. only,05 - Turning movement,0
16-1395,BLAIR PL @ OGILVIE RD,374798.62481,5033372.24032,-75.60530731680,45.43677825850,2016-02-06,5:42:00 PM,01 - Clear,07 - Dark,02 - Wet,01 - Traffic signal,01 - Functioning,03 - P.D. only,03 - Rear end,0
16-1396,DENALI WAY btwn END & TONY GEORGE PL,349411.40600,5015727.21000,-75.93136782900,45.28008525730,2016-02-06,5:44:00 PM,01 - Clear,05 - Dusk,01 - Dry,10 - No control,,03 - P.D. only,06 - SMV unattended vehicle,0
16-1397,MARCH RD btwn PETER ROBINSON RD & CORKERY RD,335927.36501,5016118.02168,-76.10321045780,45.28432836250,2016-02-06,5:50:00 PM,01 - Clear,07 - Dark,01 - Dry,10 - No control,,03 - P.D. only,07 - SMV other,0
16-1398,EARL ARMSTRONG RD btwn RIVER RD & SPRATT RD,367905.71521,5014709.64448,-75.69578231660,45.26951247610,2016-02-06,6:29:00 PM,01 - Clear,07 - Dark,01 - Dry,10 - No control,,02 - Non-fatal injury,03 - Rear end,0
16-1399,ALBERT ST @ ELGIN ST/MACKENZIE KING BRIDGE,367851.11928,5031711.93565,-75.69431063770,45.42250041850,2016-02-06,7:34:00 PM,01 - Clear,07 - Dark,01 - Dry,01 - Traffic signal,01 - Functioning,03 - P.D. only,07 - SMV other,0
16-1400,BANK ST @ HUNT CLUB RD,371608.95604,5024097.16482,-75.64732769890,45.35363687290,2016-02-06,9:12:00 PM,01 - Clear,07 - Dark,01 - Dry,01 - Traffic signal,01 - Functioning,02 - Non-fatal injury,02 - Angle,0
16-1401,RUSSELL AVE btwn SOMERSET ST E & TEMPLETON ST,369320.53097,5031753.97746,-75.67553040560,45.42274471440,2016-02-06,7:45:00 PM,01 - Clear,07 - Dark,01 - Dry,10 - No control,,03 - P.D. only,06 - SMV unattended vehicle,0
16-1402,MARCONI AVE btwn APPLECROSS CRES & KINGHORN CRES/APPLECROSS CRES,349832.27605,5024321.78043,-75.92522215730,45.35739468010,2016-02-07,12:28:00 AM,01 - Clear,07 - Dark,01 - Dry,10 - No control,,03 - P.D. only,06 - SMV unattended vehicle,0
16-1403,CAMPEAU DR/HWY 417 MARCH IC138R63 @ MARCH RD,352840.97139,5020476.48579,-75.88719562610,45.32259435840,2016-02-07,3:26:00 AM,01 - Clear,07 - Dark,01 - Dry,01 - Traffic signal,01 - Functioning,03 - P.D. only,07 - SMV other,0
16-1404,SEYTON DR btwn FORESTER CRES & RICHMOND RD,357319.37928,5019330.13671,-75.83019493390,45.31195861510,2016-02-07,7:31:00 AM,01 - Clear,03 - Dawn,02 - Wet,10 - No control,,03 - P.D. only,07 - SMV other,0
16-1405,OSGOODE ST @ RUSSELL AVE,369147.56860,5032035.68543,-75.67770356080,45.42529534810,2016-02-07,9:21:00 AM,01 - Clear,01 - Daylight,02 - Wet,02 - Stop sign,01 - Functioning,03 - P.D. only,06 - SMV unattended vehicle,0
16-1406,CARLING AVE @ EDGEWORTH AVE,361262.01353,5025423.85773,-75.77922109040,45.36648384890,2016-02-07,9:21:00 AM,01 - Clear,01 - Daylight,01 - Dry,01 - Traffic signal,01 - Functioning,02 - Non-fatal injury,07 - SMV other,1
16-1407,ROGER STEVENS DR @ SECOND LINE RD,369956.02738,5001500.65648,-75.67138356290,45.15047170550,2016-02-07,11:43:00 AM,01 - Clear,01 - Daylight,01 - Dry,02 - Stop sign,01 - Functioning,02 - Non-fatal injury,02 - Angle,0
16-1408,PRINCE OF WALES DR @ WEST HUNT CLUB RD,367458.05168,5021891.28376,-75.70057909960,45.33417197560,2016-02-07,11:50:00 AM,01 - Clear,01 - Daylight,01 - Dry,01 - Traffic signal,01 - Functioning,03 - P.D. only,03 - Rear end,0
16-1409,BLAIR RD @ OGILVIE RD,374508.38963,5033198.79698,-75.60904108730,45.43524670680,2016-02-07,1:34:00 PM,01 - Clear,01 - Daylight,01 - Dry,01 - Traffic signal,01 - Functioning,03 - P.D. only,03 - Rear end,0
16-1410,BANK ST @ WILTON CRES,368578.62868,5028965.85754,-75.68537049610,45.39772617580,2016-02-07,12:07:00 PM,01 - Clear,01 - Daylight,01 - Dry,02 - Stop sign,01 - Functioning,02 - Non-fatal injury,03 - Rear end,0
16-1411,HEATHERINGTON RD btwn ALBION RD N & BANNERHILL PRIV,371276.49281,5026236.10579,-75.65128267140,45.37291393900,2016-02-07,2:06:00 PM,01 - Clear,01 - Daylight,01 - Dry,10 - No control,,03 - P.D. only,04 - Sideswipe,0
16-1412,BRONSON AVE btwn SECOND AVE & THIRD AVE,367527.64649,5029142.68872,-75.69877062690,45.39941219910,2016-02-07,4:09:00 PM,01 - Clear,01 - Daylight,01 - Dry,10 - No control,,02 - Non-fatal injury,03 - Rear end,0
16-1413,MURRAY ST btwn SUSSEX DR & PARENT AVE,367772.29310,5032435.55109,-75.69522529240,45.42901836650,2016-02-06,5:13:00 PM,01 - Clear,07 - Dark,01 - Dry,10 - No control,,03 - P.D. only,06 - SMV unattended vehicle,0
16-1414,COWLEY AVE btwn SUNNYMEDE AVE & PREMIER AVE,363981.87969,5029325.34989,-75.74403522120,45.40136445770,2016-02-07,5:46:00 PM,01 - Clear,05 - Dusk,01 - Dry,10 - No control,,03 - P.D. only,99 - Other,0
16-1415,KEITH CRES btwn JODI CRT & AMELIA PL,381436.22059,5032115.12710,-75.52067596200,45.42477174260,2016-02-07,10:42:00 PM,01 - Clear,07 - Dark,01 - Dry,10 - No control,,03 - P.D. only,06 - SMV unattended vehicle,0
16-1416,JOHN QUINN RD btwn COOPER HILL RD & STONE SCHOOL RD,382489.67986,5013194.50466,-75.51018680360,45.25442026480,2016-02-08,6:39:00 AM,01 - Clear,03 - Dawn,01 - Dry,10 - No control,,02 - Non-fatal injury,07 - SMV other,0
16-1417,CENTREPOINTE DR btwn REC PATH BEN FRANKLIN PL & PASEO PRIV,362510.64909,5022866.51048,-75.76358118060,45.34337134840,2016-02-08,9:07:00 AM,01 - Clear,01 - Daylight,01 - Dry,10 - No control,,03 - P.D. only,04 - Sideswipe,0
16-1418,PRINCE OF WALES DR @ MEADOWLANDS DR/HOG'S BACK,367372.50300,5025694.27519,-75.70118922260,45.36839814610,2016-02-08,8:50:00 AM,01 - Clear,01 - Daylight,01 - Dry,01 - Traffic signal,01 - Functioning,03 - P.D. only,05 - Turning movement,0
16-1419,HERON RD btwn HUNTLEY AVE & CLEMENTINE BLVD,369532.57841,5026785.01196,-75.67347323050,45.37801609190,2016-02-08,9:43:00 AM,01 - Clear,01 - Daylight,01 - Dry,10 - No control,,03 - P.D. only,03 - Rear end,0
16-1420,CARLING AVE/STATION RD @ MARCH RD,350906.81699,5022246.25351,-75.91170127060,45.33864883430,2016-02-08,9:10:00 AM,01 - Clear,01 - Daylight,01 - Dry,01 - Traffic signal,01 - Functioning,03 - P.D. only,03 - Rear end,0
16-1421,FALLOWFIELD RD @ GREENBANK RD,363080.45616,5016732.67484,-75.75703235620,45.28813218100,2016-02-08,7:30:00 AM,01 - Clear,01 - Daylight,01 - Dry,01 - Traffic signal,01 - Functioning,03 - P.D. only,03 - Rear end,0
16-1422,COLONNADE RD @ PRINCE OF WALES DR,367398.63973,5023267.49583,-75.70116290920,45.34656017480,2016-02-08,10:03:00 AM,01 - Clear,01 - Daylight,01 - Dry,01 - Traffic signal,01 - Functioning,03 - P.D. only,03 - Rear end,0
16-1423,CLEMENTINE BLVD @ HERON RD,369547.53211,5026786.79747,-75.67328208260,45.37803077550,2016-02-08,10:19:00 AM,01 - Clear,01 - Daylight,01 - Dry,01 - Traffic signal,01 - Functioning,03 - P.D. only,04 - Sideswipe,0
16-1424,FISHER AVE btwn 220 S OF TRENT ST & MCCOOEY LANE,365874.80807,5026717.78219,-75.72018067570,45.37773956970,2016-02-08,10:26:00 AM,01 - Clear,01 - Daylight,01 - Dry,10 - No control,,03 - P.D. only,03 - Rear end,0
16-1425,JOSHUA ST btwn LUCINDA CRES & LUCINDA CRES,381350.47522,5032223.88730,-75.52175462770,45.42575967290,2016-02-08,7:00:00 AM,01 - Clear,03 - Dawn,01 - Dry,10 - No control,,03 - P.D. only,06 - SMV unattended vehicle,0
16-1426,RIVERSIDE DR @ RIVERSIDE HOSPITAL,369715.92547,5028627.48976,-75.67089011250,45.39457713850,2016-02-08,7:50:00 AM,01 - Clear,01 - Daylight,01 - Dry,01 - Traffic signal,01 - Functioning,03 - P.D. only,07 - SMV other,0
16-1427,BANNER RD btwn PARKMOUNT CRES & GREENBANK RD,361001.25548,5021563.19882,-75.78298834170,45.33176672210,2016-02-08,9:00:00 AM,01 - Clear,01 - Daylight,01 - Dry,10 - No control,,03 - P.D. only,99 - Other,0
16-1428,CARINA CRES btwn DORADO WAY & SHANLY PRIV S,364872.97500,5013064.15900,-75.73462690810,45.25497197830,2016-02-06,9:30:00 PM,01 - Clear,07 - Dark,01 - Dry,10 - No control,,03 - P.D. only,06 - SMV unattended vehicle,0
16-1429,COOPER ST btwn ELGIN ST & CARTIER ST,368172.35070,5031304.66725,-75.69025862730,45.41880692950,2016-02-08,11:00:00 AM,01 - Clear,01 - Daylight,01 - Dry,10 - No control,,03 - P.D. only,06 - SMV unattended vehicle,0
16-1430,RIVERSIDE DR NB btwn INDUSTRIAL AVE & TREMBLAY RD,370688.01168,5030604.62804,-75.65821173960,45.41227587570,2016-02-05,3:50:00 PM,01 - Clear,01 - Daylight,01 - Dry,10 - No control,,03 - P.D. only,04 - Sideswipe,0
16-1431,ELGIN ST btwn GLOUCESTER ST & NEPEAN ST (1),367992.39815,5031468.56592,-75.69253672280,45.42029791100,2016-02-01,8:30:00 AM,01 - Clear,01 - Daylight,02 - Wet,10 - No control,,03 - P.D. only,06 - SMV unattended vehicle,0
16-1432,AVIATION PKWY @ OGILVIE RD,373110.05558,5032376.80514,-75.62702544010,45.42798883850,2016-02-08,1:09:00 PM,01 - Clear,01 - Daylight,01 - Dry,01 - Traffic signal,01 - Functioning,03 - P.D. only,03 - Rear end,0
16-1433,CARLING AVE @ TAVISTOCK RD,360699.33532,5025069.30056,-75.78644363710,45.36333866250,2016-02-08,1:16:00 PM,01 - Clear,01 - Daylight,01 - Dry,02 - Stop sign,01 - Functioning,03 - P.D. only,02 - Angle,0
16-1434,COOPER ST @ PERCY ST,367069.96931,5030641.83441,-75.70442670220,45.41294194080,2016-01-27,2:07:00 PM,01 - Clear,01 - Daylight,01 - Dry,02 - Stop sign,01 - Functioning,03 - P.D. only,02 - Angle,0
16-1435,FIELDGATE DR btwn BIRDHILL AVE & GROUSE AVE,363428.03166,5016591.08696,-75.75261852260,45.28682926530,2016-02-08,12:40:00 PM,01 - Clear,01 - Daylight,01 - Dry,10 - No control,,03 - P.D. only,03 - Rear end,0
16-1436,WOLFGANG DR btwn MERKEL DR & FIELDGATE DR,363476.88763,5016811.10428,-75.75196974650,45.28880490460,2016-02-07,12:00:00 AM,01 - Clear,00 - Unknown,01 - Dry,10 - No control,,03 - P.D. only,06 - SMV unattended vehicle,0
16-1437,REGIONAL RD 174 @ TRIM RD,384350.98542,5039989.37802,-75.48216034290,45.49529159320,2016-02-08,4:15:00 PM,01 - Clear,01 - Daylight,02 - Wet,01 - Traffic signal,01 - Functioning,03 - P.D. only,03 - Rear end,0
16-1438,CANOTEK RD btwn SHEFFORD RD & RAINBOW ST,376068.14762,5035107.86793,-75.58883148370,45.45226612210,2016-02-08,4:55:00 PM,01 - Clear,01 - Daylight,01 - Dry,10 - No control,,02 - Non-fatal injury,02 - Angle,0
16-1439,BANK ST @ HUNT CLUB RD,371608.47019,5024096.23989,-75.64733402340,45.35362859720,2016-02-08,5:08:00 PM,01 - Clear,01 - Daylight,01 - Dry,01 - Traffic signal,01 - Functioning,03 - P.D. only,03 - Rear end,0
16-1440,PARKWAY RD btwn PIG ALLY & MEADOW DR,378506.42864,5014060.61689,-75.56080031380,45.26264171330,2016-02-08,5:21:00 PM,01 - Clear,05 - Dusk,01 - Dry,10 - No control,,03 - P.D. only,07 - SMV other,0
16-1441,WALKLEY RD btwn HARDING RD & HALIFAX DR,373226.13684,5027653.89734,-75.62619760340,45.38548296970,2016-02-08,6:46:00 PM,01 - Clear,07 - Dark,01 - Dry,10 - No control,,02 - Non-fatal injury,02 - Angle,0
16-1442,ROBERTSON RD btwn VANIER RD & RICHMOND RD,357554.82305,5020736.74784,-75.82704260230,45.32459779600,2016-02-07,4:30:00 PM,01 - Clear,01 - Daylight,01 - Dry,10 - No control,,03 - P.D. only,04 - Sideswipe,0
16-1443,ROGER STEVENS DR btwn DWYER HILL RD & MALAKOFF RD,355833.55120,4990648.60990,-75.85207737910,45.05398152910,2016-02-08,6:50:00 PM,01 - Clear,07 - Dark,01 - Dry,10 - No control,,03 - P.D. only,07 - SMV other,0
16-1444,GLADSTONE AVE @ ROCHESTER ST,366661.94753,5029789.44177,-75.70974613150,45.40530853800,2016-02-08,7:14:00 PM,01 - Clear,07 - Dark,01 - Dry,01 - Traffic signal,01 - Functioning,02 - Non-fatal injury,05 - Turning movement,0
16-1445,CARLING AVE WB btwn RICHMOND RD & POULIN AVE,360342.83676,5024844.09174,-75.79101930940,45.36134057890,2016-02-08,10:38:00 PM,01 - Clear,07 - Dark,01 - Dry,10 - No control,,02 - Non-fatal injury,07 - SMV other,1
16-1446,BASELINE RD btwn MORLEY BLVD & PRINCE OF WALES DR,366695.52183,5026357.89355,-75.70974768870,45.37442935190,2016-02-09,3:45:00 AM,03 - Snow,07 - Dark,03 - Loose snow,10 - No control,,03 - P.D. only,07 - SMV other,0
16-1447,INNES RD btwn ANDERSON RD & INNES RD,376361.21764,5031884.76827,-75.58555360870,45.42323670510,2016-02-09,6:05:00 AM,03 - Snow,07 - Dark,03 - Loose snow,10 - No control,,02 - Non-fatal injury,07 - SMV other,0
16-1448,HAWTHORNE RD @ STEVENAGE DR,375136.90356,5027313.76344,-75.60184853230,45.38223334860,2016-02-09,6:50:00 AM,03 - Snow,03 - Dawn,04 - Slush,01 - Traffic signal,01 - Functioning,03 - P.D. only,05 - Turning movement,0
16-1449,RAMSAYVILLE RD btwn WHYTE SIDE RD & LEITRIM RD,378464.55724,5024521.16407,-75.55977884190,45.35676512990,2016-02-09,6:54:00 AM,03 - Snow,03 - Dawn,03 - Loose snow,10 - No control,,03 - P.D. only,07 - SMV other,0
16-1450,MONTREAL RD @ SHEFFORD RD,376124.90234,5034854.81694,-75.58814265540,45.44998353820,2016-02-09,8:00:00 AM,01 - Clear,01 - Daylight,03 - Loose snow,01 - Traffic signal,01 - Functioning,03 - P.D. only,03 - Rear end,0
16-1451,IRIS ST @ TRANSITWAY,362011.65862,5024239.78046,-75.76978916930,45.35576882560,2016-02-09,8:10:00 AM,03 - Snow,01 - Daylight,02 - Wet,01 - Traffic signal,01 - Functioning,02 - Non-fatal injury,07 - SMV other,1
16-1452,LEES AVE @ KING EDWARD AVE/MANN AVE,369177.08771,5031335.70510,-75.67741784710,45.41899446870,2016-02-09,8:17:00 AM,03 - Snow,01 - Daylight,04 - Slush,01 - Traffic signal,01 - Functioning,03 - P.D. only,03 - Rear end,0
16-1453,STEVENAGE DR btwn GLENFIELD DR & OVERTON DR,375287.20696,5027374.83858,-75.59992078390,45.38276776610,2016-02-09,8:26:00 AM,03 - Snow,01 - Daylight,03 - Loose snow,10 - No control,,03 - P.D. only,06 - SMV unattended vehicle,0
16-1454,THURSTON DR btwn CONROY RD & THOMAS SPRATT PL,373559.29542,5026977.54831,-75.62203786860,45.37936485260,2016-02-09,8:41:00 AM,03 - Snow,01 - Daylight,03 - Loose snow,10 - No control,,03 - P.D. only,03 - Rear end,0
16-1455,CLYDE AVE btwn BASELINE RD & NE/OT BOUNDARY,364368.58255,5024868.33946,-75.73963384900,45.36122824430,2016-02-09,9:05:00 AM,03 - Snow,01 - Daylight,03 - Loose snow,10 - No control,,03 - P.D. only,03 - Rear end,0
16-1456,BRUYERE ST @ SUSSEX DR,367538.51497,5032668.57932,-75.69818295130,45.43113608540,2016-02-09,9:13:00 AM,03 - Snow,01 - Daylight,03 - Loose snow,01 - Traffic signal,01 - Functioning,03 - P.D. only,02 - Angle,0
16-1457,EQUUS WAY btwn TO BE DETERMINED & BRIDLE PATH DR,371616.95792,5023541.52379,-75.64730066420,45.34863663480,2016-02-09,9:11:00 AM,03 - Snow,01 - Daylight,05 - Packed snow,10 - No control,,03 - P.D. only,01 - Approaching,0
16-1458,BAYNES SOUND WAY @ BLUE ASTER ST E,364192.47210,5012360.32300,-75.74338034270,45.24869660180,2016-02-09,9:16:00 AM,01 - Clear,01 - Daylight,03 - Loose snow,02 - Stop sign,01 - Functioning,03 - P.D. only,06 - SMV unattended vehicle,0
16-1459,REGIONAL ROAD 174 EB btwn HWY417 IC113 RAMP65 & OR174 BLAIR IC112 RAMP51,374624.60476,5032692.63402,-75.60762767660,45.43068093650,2016-02-09,9:28:00 AM,01 - Clear,01 - Daylight,01 - Dry,10 - No control,,03 - P.D. only,03 - Rear end,0
16-1460,WALKLEY RD btwn BANK ST & BANFF AVE,370342.99210,5025949.33002,-75.66323760830,45.37042155560,2016-02-09,10:19:00 AM,01 - Clear,01 - Daylight,01 - Dry,10 - No control,,03 - P.D. only,04 - Sideswipe,0
16-1461,CONROY RD @ WALKLEY RD,372903.98891,5027463.79761,-75.63033718540,45.38380392820,2016-02-09,10:45:00 AM,03 - Snow,01 - Daylight,03 - Loose snow,01 - Traffic signal,01 - Functioning,03 - P.D. only,03 - Rear end,0
16-1462,BANK ST @ SECOND AVE,368305.04678,5029628.34076,-75.68877923800,45.40371186190,2016-02-09,11:06:00 AM,03 - Snow,01 - Daylight,03 - Loose snow,02 - Stop sign,01 - Functioning,03 - P.D. only,02 - Angle,0
16-1463,GREENBANK RD btwn HWY 417 IC129 RAMP57 & HWY417 IC129 RAMP53,360526.04007,5023293.17457,-75.78885579080,45.34737093270,2016-02-09,11:25:00 AM,01 - Clear,01 - Daylight,02 - Wet,10 - No control,,03 - P.D. only,03 - Rear end,0
16-1464,BLAIS RD @ BANK ST,376155.41492,5019728.13302,-75.58993896440,45.31387835450,2016-02-09,9:00:00 AM,03 - Snow,01 - Daylight,06 - Ice,02 - Stop sign,01 - Functioning,03 - P.D. only,01 - Approaching,0
16-1465,BASELINE RD btwn MERIVALE RD & FARLANE BLVD,365119.46040,5025363.93422,-75.72998960200,45.36562331990,2016-02-09,12:14:00 PM,01 - Clear,01 - Daylight,02 - Wet,10 - No control,,03 - P.D. only,02 - Angle,0
16-1466,INDUSTRIAL AVE @ ALTA VISTA DR/SANDFORD FLEMIN,370884.09930,5030558.12244,-75.65571302360,45.41183894780,2016-02-09,12:40:00 PM,03 - Snow,01 - Daylight,02 - Wet,01 - Traffic signal,01 - Functioning,03 - P.D. only,03 - Rear end,0
16-1467,ST. LAURENT BLVD @ TREMBLAY RD,372595.93344,5031241.35646,-75.63375121550,45.41782263240,2016-02-09,12:05:00 PM,01 - Clear,01 - Daylight,02 - Wet,01 - Traffic signal,01 - Functioning,03 - P.D. only,03 - Rear end,0
16-1468,MCARTHUR AVE @ VANIER PKWY,370218.15655,5032692.42026,-75.66393675330,45.43110507480,2016-02-09,2:30:00 PM,01 - Clear,01 - Daylight,02 - Wet,01 - Traffic signal,01 - Functioning,03 - P.D. only,02 - Angle,0
16-1469,CATHERINE ST btwn HWY417 IC120B RAMP36 & KENT ST,367882.35406,5030174.97902,-75.69410828620,45.40866856290,2016-02-09,2:00:00 PM,01 - Clear,01 - Daylight,02 - Wet,10 - No control,,02 - Non-fatal injury,04 - Sideswipe,0
16-1470,GOLDEN AVE @ RICHMOND RD,362862.46966,5028026.76514,-75.75848572180,45.38977372950,2016-02-09,3:00:00 PM,01 - Clear,01 - Daylight,01 - Dry,01 - Traffic signal,01 - Functioning,03 - P.D. only,02 - Angle,0
16-1471,BANK ST @ RIVERSIDE DR S,369304.53039,5027894.19364,-75.67623978550,45.38801719510,2016-02-09,3:15:00 PM,01 - Clear,01 - Daylight,02 - Wet,01 - Traffic signal,01 - Functioning,03 - P.D. only,04 - Sideswipe,0
16-1472,RIVERSIDE DR NB btwn INDUSTRIAL AVE & TREMBLAY RD,370692.62200,5030616.70269,-75.65815123040,45.41238408490,2016-02-09,3:27:00 PM,01 - Clear,01 - Daylight,01 - Dry,10 - No control,,03 - P.D. only,03 - Rear end,0
16-1473,BLAIR RD @ REGIONAL RD 174 N/OR174 IC112 RAMP61,374634.51176,5032991.39937,-75.60745870540,45.43336807380,2016-02-09,3:48:00 PM,01 - Clear,01 - Daylight,01 - Dry,01 - Traffic signal,01 - Functioning,02 - Non-fatal injury,05 - Turning movement,0
16-1474,BASELINE RD @ WOODROFFE AVE,362549.46573,5023769.83130,-75.76298042410,45.35149617200,2016-02-09,2:55:00 PM,01 - Clear,01 - Daylight,01 - Dry,01 - Traffic signal,01 - Functioning,02 - Non-fatal injury,03 - Rear end,0
16-1475,CYRVILLE RD btwn STAR TOP RD & MEADOWBROOK RD,374567.24690,5031264.28062,-75.60856293490,45.41783510280,2016-02-09,3:52:00 PM,01 - Clear,01 - Daylight,02 - Wet,10 - No control,,03 - P.D. only,02 - Angle,0
16-1476,POPPLEWELL CRES btwn COBBLE HILL DR & COBBLE HILL DR,361325.18500,5014699.36700,-75.77963855790,45.26997969260,2016-02-06,9:00:00 PM,01 - Clear,07 - Dark,01 - Dry,10 - No control,,03 - P.D. only,06 - SMV unattended vehicle,0
16-1477,CUMMINGS AVE btwn DONALD ST & EADY CRT,372655.33222,5032401.69975,-75.63283251720,45.42825709190,2016-02-09,4:07:00 PM,01 - Clear,01 - Daylight,02 - Wet,10 - No control,,03 - P.D. only,05 - Turning movement,0
16-1478,GEORGE ST @ DALHOUSIE ST,368157.70651,5032315.97737,-75.69031565420,45.42790767660,2016-02-09,4:42:00 PM,01 - Clear,01 - Daylight,01 - Dry,01 - Traffic signal,01 - Functioning,02 - Non-fatal injury,07 - SMV other,2