Record,Location,X,Y,Longitude,Latitude,Date,Time,Environment,Light,Road_Surface,Traffic_Control,Collision_Location,Collision_Classification,Impact_type,Pedestrian
16-1479,MCARTHUR AVE @ VANIER PKWY,370218.48546,5032689.92728,-75.66393288150,45.43108261300,2016-01-29,12:44:00 PM,03 - Snow,01 - Daylight,02 - Wet,01 - Traffic signal,01 - Functioning,03 - P.D. only,03 - Rear end,0
16-1480,PARKWAY RD @ STAGECOACH RD,376230.52612,5012622.19652,-75.59000388620,45.24993404480,2016-02-09,5:12:00 PM,03 - Snow,01 - Daylight,02 - Wet,02 - Stop sign,01 - Functioning,03 - P.D. only,02 - Angle,0
16-1481,INNES RD btwn PRESTWICK DR & TENTH LINE RD,383860.65163,5036122.89779,-75.48905539690,45.46056034140,2016-02-09,6:26:00 PM,03 - Snow,07 - Dark,02 - Wet,10 - No control,,03 - P.D. only,05 - Turning movement,0
16-1482,RIVERGATE WAY @ RIVERSIDE DR,368117.80939,5023243.17242,-75.69198942840,45.34627676540,2016-02-09,6:39:00 PM,01 - Clear,07 - Dark,03 - Loose snow,01 - Traffic signal,01 - Functioning,02 - Non-fatal injury,05 - Turning movement,0
16-1483,RICHMOND RD @ WOODROFFE AVE,361584.02047,5026653.85727,-75.77496936220,45.37752526910,2016-02-09,6:56:00 PM,03 - Snow,07 - Dark,03 - Loose snow,01 - Traffic signal,01 - Functioning,03 - P.D. only,07 - SMV other,0
16-1484,PALOMINO DR btwn APPALOOSA DR & CHICKASAW CRES N,354440.32056,5017556.68284,-75.86708824470,45.29621015070,2016-02-09,7:05:00 PM,03 - Snow,07 - Dark,02 - Wet,10 - No control,,03 - P.D. only,05 - Turning movement,0
16-1485,RAVEN AVE @ KIRKWOOD AVE,364691.35672,5026773.76424,-75.73528313990,45.37834544740,2016-02-09,7:20:00 PM,03 - Snow,07 - Dark,02 - Wet,02 - Stop sign,01 - Functioning,03 - P.D. only,02 - Angle,0
16-1486,SNAKE ISLAND RD btwn NIXON DR & DOYLE RD,374948.48848,5004024.43644,-75.60754530690,45.17270210270,2016-02-09,7:25:00 PM,05 - Drifting Snow,07 - Dark,06 - Ice,10 - No control,,03 - P.D. only,07 - SMV other,0
16-1487,WOODROFFE AVE @ GEORGINA DR/LENESTER AVE,361910.48553,5025370.25289,-75.77094973690,45.36594898010,2016-02-09,8:13:00 PM,01 - Clear,07 - Dark,02 - Wet,01 - Traffic signal,01 - Functioning,03 - P.D. only,05 - Turning movement,0
16-1488,COVENTRY RD @ VANIER PKWY,370677.48259,5031611.48346,-75.65821164380,45.42133614400,2016-02-09,8:47:00 PM,03 - Snow,07 - Dark,02 - Wet,01 - Traffic signal,01 - Functioning,03 - P.D. only,03 - Rear end,0
16-1489,FERNBANK RD btwn JINKINSON RD & BLACK'S SIDE RD,346047.22713,5007793.34242,-75.97490504250,45.20889809950,2016-02-09,10:36:00 PM,03 - Snow,07 - Dark,02 - Wet,10 - No control,,03 - P.D. only,07 - SMV other,0
16-1490,HAWTHORNE RD btwn DAVIDSON RD & LEITRIM RD,376922.40604,5022984.62853,-75.57968367810,45.34310045990,2016-02-10,1:53:00 AM,02 - Rain,07 - Dark,02 - Wet,10 - No control,,03 - P.D. only,07 - SMV other,0
16-1491,NORTHPARK DR btwn BURNVIEW CRES & BURNVIEW CRES,377930.38462,5033253.37385,-75.56530139600,45.43538824680,2016-02-10,7:01:00 AM,03 - Snow,03 - Dawn,03 - Loose snow,10 - No control,,03 - P.D. only,99 - Other,0
16-1492,RIVERSIDE DR btwn KIMBERWICK CRES & MALHOTRA CRT,368201.41512,5022937.48068,-75.69096180940,45.34351866600,2016-02-10,7:48:00 AM,01 - Clear,01 - Daylight,01 - Dry,10 - No control,,03 - P.D. only,03 - Rear end,0
16-1493,BAYVIEW RD @ SCOTT ST/ALBERT ST,365518.83521,5030071.79163,-75.72431266000,45.40794914470,2016-02-10,8:11:00 AM,03 - Snow,01 - Daylight,04 - Slush,01 - Traffic signal,01 - Functioning,02 - Non-fatal injury,05 - Turning movement,0
16-1494,WEST RIDGE DR btwn BARRACKS WAY & DALEWOOD CRES,350729.06872,5011541.31363,-75.91496029560,45.24233427640,2016-02-10,8:12:00 AM,01 - Clear,01 - Daylight,01 - Dry,10 - No control,,03 - P.D. only,06 - SMV unattended vehicle,0
16-1495,REGIONAL ROAD 174 btwn OR174 IC109 RAMP56 & OR174 IC109 RAMP86,376423.64572,5034921.03763,-75.58431420120,45.45054879840,2016-02-10,8:24:00 AM,03 - Snow,01 - Daylight,03 - Loose snow,10 - No control,,03 - P.D. only,03 - Rear end,0
16-1496,HUNT CLUB RD WB btwn 275 E OF HAWTHORNE RD/OC TRANSPO TURNAROUND & HAWTHORNE RD,375592.93900,5026464.62100,-75.59614775710,45.37454724900,2016-02-10,8:30:00 AM,03 - Snow,01 - Daylight,03 - Loose snow,10 - No control,,03 - P.D. only,04 - Sideswipe,0
16-1497,LANTHIER DR @ VANTAGE DR,383600.08724,5035849.90911,-75.49243045180,45.45813367060,2016-01-14,2:00:00 PM,01 - Clear,01 - Daylight,06 - Ice,02 - Stop sign,01 - Functioning,03 - P.D. only,03 - Rear end,0
16-1498,LESTER RD btwn ALBION RD & UPLANDS DR,372611.53793,5022285.29502,-75.63478175650,45.33723806380,2016-02-10,9:43:00 AM,03 - Snow,01 - Daylight,03 - Loose snow,10 - No control,,03 - P.D. only,07 - SMV other,0
16-1499,FALLOWFIELD RD @ MERIVALE RD,366891.05398,5018845.12782,-75.70819431130,45.30681349710,2016-02-10,10:31:00 AM,01 - Clear,01 - Daylight,02 - Wet,01 - Traffic signal,01 - Functioning,03 - P.D. only,05 - Turning movement,0
16-1500,HAZELDEAN RD @ CARBROOKE ST/IRWIN GATE,353417.76460,5018265.72015,-75.88005548580,45.30266172840,2016-02-10,11:04:00 AM,03 - Snow,01 - Daylight,02 - Wet,01 - Traffic signal,01 - Functioning,03 - P.D. only,03 - Rear end,0
16-1501,HERON RD @ KALADAR AVE,369685.50386,5026804.31806,-75.67151829570,45.37817565660,2016-02-10,11:17:00 AM,01 - Clear,01 - Daylight,02 - Wet,01 - Traffic signal,01 - Functioning,02 - Non-fatal injury,02 - Angle,0
16-1502,KING EDWARD AVE @ YORK ST S,368389.70455,5032597.58721,-75.68731475410,45.43042044640,2016-02-10,11:19:00 AM,01 - Clear,01 - Daylight,06 - Ice,02 - Stop sign,01 - Functioning,03 - P.D. only,03 - Rear end,0
16-1503,ELGIN ST btwn LEWIS ST & WAVERLEY ST,368301.24128,5030977.81508,-75.68865401160,45.41585433740,2016-02-10,11:32:00 AM,03 - Snow,01 - Daylight,02 - Wet,10 - No control,,03 - P.D. only,04 - Sideswipe,0
16-1504,GILLES ST @ HERON RD,369757.91967,5026818.80211,-75.67059185640,45.37829926890,2016-02-10,11:36:00 AM,01 - Clear,01 - Daylight,01 - Dry,02 - Stop sign,01 - Functioning,03 - P.D. only,02 - Angle,0
16-1505,STANLEY AVE btwn QUEEN VICTORIA ST & KEEFER ST,368291.69508,5033672.63785,-75.68842855470,45.44010226320,2016-02-10,11:35:00 AM,03 - Snow,01 - Daylight,03 - Loose snow,10 - No control,,03 - P.D. only,06 - SMV unattended vehicle,0
16-1506,CAMERON ST @ REGIONAL RD 174,389860.73999,5042616.51024,-75.41122086720,45.51827751230,2016-02-10,1:43:00 PM,01 - Clear,01 - Daylight,02 - Wet,01 - Traffic signal,01 - Functioning,03 - P.D. only,05 - Turning movement,0
16-1507,REGIONAL ROAD 174 EB btwn OR174 IC109 RAMP55 & TRANSIT,376483.58557,5035010.79703,-75.58353490660,45.45135025060,2016-02-09,5:40:00 PM,03 - Snow,05 - Dusk,04 - Slush,10 - No control,,03 - P.D. only,03 - Rear end,0
16-1508,BOREALIS CRES btwn SOLACE CRT & MERGANSER ST,372519.30146,5033586.84531,-75.63440773340,45.43893363640,2016-02-09,2:21:00 PM,01 - Clear,01 - Daylight,02 - Wet,10 - No control,,03 - P.D. only,06 - SMV unattended vehicle,0
16-1509,GLADSTONE AVE @ METCALFE ST,368230.05308,5030751.66629,-75.68959258770,45.41382598240,2016-02-10,2:50:00 PM,03 - Snow,01 - Daylight,04 - Slush,01 - Traffic signal,01 - Functioning,03 - P.D. only,03 - Rear end,0
16-1510,MERIVALE RD @ WEST HUNT CLUB RD,365612.92695,5021941.80295,-75.72411165880,45.33478887400,2016-02-10,2:54:00 PM,01 - Clear,01 - Daylight,01 - Dry,01 - Traffic signal,01 - Functioning,03 - P.D. only,04 - Sideswipe,0
16-1511,GLADSTONE AVE btwn BANK ST & O'CONNOR ST,368040.30498,5030639.25782,-75.69203106470,45.41283174090,2016-02-10,3:02:00 PM,01 - Clear,01 - Daylight,02 - Wet,10 - No control,,03 - P.D. only,06 - SMV unattended vehicle,0
16-1512,ANTARES DR btwn CAPELLA CRT & AURIGA DR (2),366896.43550,5021948.05597,-75.70773664860,45.33473272680,2016-02-10,3:02:00 PM,03 - Snow,01 - Daylight,03 - Loose snow,10 - No control,,03 - P.D. only,03 - Rear end,0
16-1513,CHAMPLAIN ST @ PLACE D'ORLEANS DR,381596.14831,5038181.03544,-75.51768550520,45.47933031820,2016-02-10,3:14:00 PM,01 - Clear,01 - Daylight,02 - Wet,01 - Traffic signal,01 - Functioning,03 - P.D. only,04 - Sideswipe,0
16-1514,ALBION RD @ 210 S OF HIGH RD/EARL ARMSTRONG RD,374709.44416,5017555.43818,-75.60868490520,45.29447464430,2016-02-10,3:30:00 PM,01 - Clear,01 - Daylight,02 - Wet,01 - Traffic signal,01 - Functioning,03 - P.D. only,02 - Angle,0
16-1515,FALLOWFIELD RD btwn MERIVALE RD & WOODROFFE AVE,365176.49487,5017954.05551,-75.73016545150,45.29894516640,2016-02-10,4:47:00 PM,03 - Snow,01 - Daylight,02 - Wet,10 - No control,,03 - P.D. only,07 - SMV other,0
16-1516,BASELINE RD @ GREENBANK RD,360597.90384,5022583.84158,-75.78801879140,45.34098265110,2016-02-10,5:05:00 PM,01 - Clear,01 - Daylight,02 - Wet,01 - Traffic signal,01 - Functioning,03 - P.D. only,03 - Rear end,0
16-1517,ALERT RD/AIRPORT PKWY/UPLANDS DR RAMP 62 @ LES,371305.53593,5021354.56265,-75.65156845090,45.32898861100,2016-02-10,3:45:00 PM,03 - Snow,01 - Daylight,02 - Wet,01 - Traffic signal,01 - Functioning,03 - P.D. only,03 - Rear end,0
16-1518,MCCARTHY RD @ WALKLEY RD,369249.94177,5025299.84900,-75.67727543120,45.36467908310,2016-02-10,5:15:00 PM,01 - Clear,05 - Dusk,02 - Wet,01 - Traffic signal,01 - Functioning,03 - P.D. only,03 - Rear end,0
16-1519,MONTREAL RD btwn BETHAMY LANE & OGILVIE RD,375569.11480,5034501.70136,-75.59529805340,45.44686291820,2016-02-10,5:15:00 PM,03 - Snow,05 - Dusk,03 - Loose snow,10 - No control,,03 - P.D. only,04 - Sideswipe,0
16-1520,ORLEANS BLVD @ MAPLE RUN AVE/BEAUSEJOUR DR S,380572.09528,5035316.22792,-75.53122411900,45.45366696240,2016-02-10,5:42:00 PM,03 - Snow,07 - Dark,03 - Loose snow,01 - Traffic signal,01 - Functioning,03 - P.D. only,03 - Rear end,0
16-1521,COLONEL BY DR/SUSSEX DR @ RIDEAU ST,367920.91405,5032043.95426,-75.69337631930,45.42548151560,2016-02-10,5:55:00 PM,03 - Snow,07 - Dark,02 - Wet,01 - Traffic signal,01 - Functioning,03 - P.D. only,04 - Sideswipe,0
16-1522,STONEHAVEN DR btwn RICHMOND RD & SAWYER WAY/SUMMITVIEW DR,356769.56646,5015883.75314,-75.83756766800,45.28098842800,2016-02-10,5:58:00 PM,03 - Snow,05 - Dusk,04 - Slush,10 - No control,,03 - P.D. only,02 - Angle,0
16-1523,BLACKBURN BYPASS @ NAVAN RD,379617.21397,5033278.93052,-75.54374069080,45.43543973890,2016-02-10,5:55:00 PM,03 - Snow,07 - Dark,03 - Loose snow,01 - Traffic signal,01 - Functioning,02 - Non-fatal injury,03 - Rear end,0
16-1524,NORICE ST @ WOODROFFE AVE,363195.34262,5022397.27266,-75.75490024840,45.33909251840,2016-02-10,8:40:00 AM,03 - Snow,01 - Daylight,03 - Loose snow,01 - Traffic signal,01 - Functioning,03 - P.D. only,05 - Turning movement,0
16-1525,CASTLEFRANK RD @ TERRY FOX DR,352992.91131,5016304.58836,-75.88566320960,45.28504426380,2016-02-10,6:21:00 PM,01 - Clear,07 - Dark,01 - Dry,01 - Traffic signal,01 - Functioning,02 - Non-fatal injury,03 - Rear end,0
16-1526,DORCHESTER AVE btwn PRINCE ST & SILVER ST,365042.14308,5026661.25379,-75.73081828940,45.37730302570,2016-02-10,6:00:00 PM,03 - Snow,07 - Dark,05 - Packed snow,10 - No control,,03 - P.D. only,06 - SMV unattended vehicle,0
16-1527,BAYSHORE DR btwn WOODRIDGE CRES S & BAYSHORE CS,359176.97845,5023619.11385,-75.80603462810,45.35040962720,2016-02-10,7:26:00 PM,03 - Snow,07 - Dark,04 - Slush,10 - No control,,03 - P.D. only,01 - Approaching,0
16-1528,CASTLEFRANK RD btwn GLAMORGAN DR & SHELDRAKE DR (1),353286.51379,5016423.82142,-75.88190909260,45.28609696030,2016-02-10,8:23:00 PM,01 - Clear,07 - Dark,06 - Ice,10 - No control,,03 - P.D. only,06 - SMV unattended vehicle,0
16-1529,STRANDHERD DR @ CLARIDGE DR,364948.64139,5015381.41185,-75.73338234340,45.27581615530,2016-02-10,8:56:00 PM,01 - Clear,07 - Dark,01 - Dry,01 - Traffic signal,01 - Functioning,02 - Non-fatal injury,07 - SMV other,0
16-1530,INNES RD @ JEANNE D'ARC BLVD/MER BLEUE RD,382638.21284,5035567.32408,-75.50477221490,45.45569903080,2016-02-10,11:53:00 PM,05 - Drifting Snow,07 - Dark,03 - Loose snow,01 - Traffic signal,01 - Functioning,03 - P.D. only,07 - SMV other,0
16-1531,HUNTMAR DR btwn OLD CARP RD & BRADLEY SIDE RD,347442.99129,5019869.87043,-75.95610047110,45.31748451050,2016-02-11,2:32:00 AM,05 - Drifting Snow,07 - Dark,03 - Loose snow,10 - No control,,03 - P.D. only,07 - SMV other,0
16-1532,LECKIE PRIV btwn CONVAIR PRIV & ALOUETTE PRIV,369626.07001,5021067.20448,-75.67302926770,45.32656016490,2016-02-11,3:30:00 AM,05 - Drifting Snow,07 - Dark,05 - Packed snow,10 - No control,,03 - P.D. only,07 - SMV other,0
16-1533,BOUNDARY RD btwn MITCH OWENS RD & DEVINE RD,388321.09675,5021548.77526,-75.43449682640,45.32891739450,2016-02-11,6:42:00 AM,03 - Snow,07 - Dark,03 - Loose snow,10 - No control,,03 - P.D. only,07 - SMV other,0
16-1534,MOODIE DR btwn ANWATIN ST & ARNOLD DR,357507.44984,5019415.95235,-75.82778741660,45.31271670370,2016-02-11,6:45:00 AM,03 - Snow,03 - Dawn,03 - Loose snow,10 - No control,,03 - P.D. only,01 - Approaching,0
16-1535,MARCH RD btwn KLONDIKE RD & MORGAN'S GRANT WAY,349465.94726,5023835.90784,-75.92994152670,45.35304612550,2016-02-11,7:32:00 AM,03 - Snow,01 - Daylight,04 - Slush,10 - No control,,02 - Non-fatal injury,04 - Sideswipe,0
16-1536,BOWESVILLE RD/HIGH RD @ LEITRIM RD,371675.39723,5019287.24992,-75.64712966900,45.31035236080,2016-02-11,8:05:00 AM,01 - Clear,01 - Daylight,02 - Wet,02 - Stop sign,01 - Functioning,03 - P.D. only,03 - Rear end,0
16-1537,DEER PARK RD btwn GREENWICH AVE & HIGWOOD DR,365921.05069,5024968.36233,-75.71980674550,45.36199459790,2016-02-11,8:26:00 AM,01 - Clear,01 - Daylight,05 - Packed snow,10 - No control,,03 - P.D. only,04 - Sideswipe,0
16-1538,RICHMOND RD btwn PERTH ST & CAMBRIAN RD,359084.43972,5009401.54784,-75.80877107550,45.22248549360,2016-02-11,8:51:00 AM,03 - Snow,01 - Daylight,03 - Loose snow,10 - No control,,02 - Non-fatal injury,07 - SMV other,0
16-1539,ALTA VISTA DR btwn FAIRCREST RD & SMYTH RD,370437.20523,5029005.23876,-75.66162861270,45.39790874810,2016-02-11,8:50:00 AM,03 - Snow,01 - Daylight,03 - Loose snow,10 - No control,,03 - P.D. only,03 - Rear end,0
16-1540,MOODIE DR btwn BARNSDALE RD & BROPHY DR,362559.17872,5007325.94263,-75.76476985920,45.20353255320,2016-02-11,9:28:00 AM,05 - Drifting Snow,01 - Daylight,03 - Loose snow,10 - No control,,03 - P.D. only,07 - SMV other,0
16-1541,BAYSHORE DR @ RICHMOND RD,359372.02658,5023368.74544,-75.80357321460,45.34814165900,2016-02-11,8:40:00 AM,03 - Snow,01 - Daylight,03 - Loose snow,01 - Traffic signal,01 - Functioning,03 - P.D. only,04 - Sideswipe,0
16-1542,MARCH RD @ TALL FOREST DR E,343831.87884,5023266.29832,-76.00188953480,45.34825682800,2016-02-11,10:00:00 AM,01 - Clear,01 - Daylight,03 - Loose snow,02 - Stop sign,01 - Functioning,03 - P.D. only,07 - SMV other,0
16-1543,BARNSDALE RD S @ MOODIE DR,361949.55656,5008824.28728,-75.77235735270,45.21706459810,2016-02-11,10:19:00 AM,01 - Clear,01 - Daylight,06 - Ice,02 - Stop sign,01 - Functioning,02 - Non-fatal injury,03 - Rear end,0
16-1544,HUNT CLUB RD @ RIVERSIDE DR,368036.04438,5021944.40081,-75.69319874140,45.33459806280,2016-02-11,10:41:00 AM,01 - Clear,01 - Daylight,01 - Dry,01 - Traffic signal,01 - Functioning,03 - P.D. only,03 - Rear end,0
16-1545,LEES AVE btwn CHESTNUT ST & HWY417 IC118 RAMP45,369439.08592,5030821.10296,-75.67413799930,45.41434011270,2016-02-11,10:50:00 AM,03 - Snow,01 - Daylight,03 - Loose snow,10 - No control,,03 - P.D. only,04 - Sideswipe,0
16-1546,DONALD B. MUNRO DR btwn THOMAS A. DOLAN PKWY & JOHN SHAW RD,334335.48091,5024042.76276,-76.12302962630,45.35570803560,2016-02-11,10:55:00 AM,05 - Drifting Snow,01 - Daylight,05 - Packed snow,10 - No control,,03 - P.D. only,07 - SMV other,0
16-1547,CATHERINE ST btwn BRONSON AVE & HWY417 IC121A RAMP61,367352.95847,5029853.94390,-75.70091150490,45.40582749850,2016-02-11,11:56:00 AM,01 - Clear,01 - Daylight,02 - Wet,10 - No control,,03 - P.D. only,04 - Sideswipe,0
16-1548,CAMPEAU DR @ TERRY FOX DR,350455.38116,5019010.23566,-75.91775941570,45.30955986670,2016-02-11,12:08:00 PM,06 - Strong wind,01 - Daylight,05 - Packed snow,01 - Traffic signal,01 - Functioning,03 - P.D. only,01 - Approaching,0
16-1549,TELFORD AVE btwn SIROIS AVE & STRABY AVE,371664.59849,5032720.93743,-75.64544897510,45.43122486170,2016-02-11,12:46:00 PM,01 - Clear,01 - Daylight,06 - Ice,10 - No control,,03 - P.D. only,01 - Approaching,0
16-1550,AGES DR @ HAWTHORNE RD,374971.51648,5027718.43468,-75.60390262060,45.38589097110,2016-02-11,1:01:00 PM,01 - Clear,01 - Daylight,02 - Wet,01 - Traffic signal,01 - Functioning,03 - P.D. only,04 - Sideswipe,0
16-1551,HUNTERSWOOD CRES btwn FOLKWAY GT (2) & HUNTERSWOOD CRES,375243.13150,5026803.30160,-75.60056507570,45.37762978750,2016-02-11,1:17:00 PM,01 - Clear,01 - Daylight,05 - Packed snow,10 - No control,,03 - P.D. only,06 - SMV unattended vehicle,0
16-1552,GREENBANK RD btwn WEST HUNT CLUB RD & FALLOWFIELD RD,363061.13673,5016779.65618,-75.75727310580,45.28855652200,2016-02-11,2:20:00 PM,01 - Clear,01 - Daylight,02 - Wet,10 - No control,,03 - P.D. only,05 - Turning movement,0
16-1553,O'CONNOR ST @ SOMERSET ST,367855.71010,5031013.26276,-75.69434139420,45.41621357540,2016-02-11,2:26:00 PM,01 - Clear,01 - Daylight,02 - Wet,01 - Traffic signal,01 - Functioning,03 - P.D. only,99 - Other,0
16-1554,NAVAN RD btwn DIAMOND WAY & TENTH LINE RD,384343.61560,5032097.15461,-75.48353142580,45.42428547920,2016-02-11,2:27:00 PM,01 - Clear,01 - Daylight,01 - Dry,10 - No control,,03 - P.D. only,05 - Turning movement,0
16-1555,GEORGE ST btwn WILLIAM ST & DALHOUSIE ST,368152.93013,5032312.33794,-75.69037715660,45.42787536240,2016-02-11,2:43:00 PM,01 - Clear,01 - Daylight,01 - Dry,10 - No control,,03 - P.D. only,99 - Other,0
16-1556,CHIMO DR @ MCCLURE CRES N,352207.71749,5019089.37521,-75.89540562230,45.31015587910,2016-02-11,2:46:00 PM,01 - Clear,01 - Daylight,01 - Dry,02 - Stop sign,01 - Functioning,03 - P.D. only,02 - Angle,0
16-1557,CALDWELL AVE btwn MORISSET AVE & MEDFORD ST,364433.74391,5026116.09172,-75.73865156640,45.37244979180,2016-02-11,3:05:00 PM,01 - Clear,01 - Daylight,02 - Wet,10 - No control,,03 - P.D. only,02 - Angle,0
16-1558,MONTREAL RD @ GRANVILLE ST/LAFONTAINE AVE,370826.49386,5033474.37206,-75.65605799910,45.43808356490,2016-02-11,3:06:00 PM,01 - Clear,01 - Daylight,04 - Slush,01 - Traffic signal,01 - Functioning,03 - P.D. only,02 - Angle,0
16-1559,LAKEVIEW TER btwn QUEEN ELIZABETH DRWY & BRONSON AVE,367645.33728,5028737.17777,-75.69731915690,45.39575297410,2016-02-11,3:18:00 PM,01 - Clear,01 - Daylight,03 - Loose snow,10 - No control,,03 - P.D. only,04 - Sideswipe,0
16-1560,ATHLONE AVE btwn RICHMOND RD & BYRON AVE,363481.64111,5028371.24434,-75.75053800990,45.39282169090,2016-02-11,3:31:00 PM,01 - Clear,01 - Daylight,03 - Loose snow,10 - No control,,03 - P.D. only,02 - Angle,0
16-1561,CHURCHILL AVE   N btwn RICHMOND RD & DANFORTH AVE,363235.18113,5028273.37947,-75.75369703450,45.39196172850,2016-02-11,3:37:00 PM,01 - Clear,01 - Daylight,01 - Dry,10 - No control,,03 - P.D. only,03 - Rear end,0
16-1562,CEDARVIEW RD @ JOCKVALE RD,361474.31142,5015252.66168,-75.77767507630,45.27494628000,2016-02-11,3:47:00 PM,01 - Clear,01 - Daylight,01 - Dry,11 - Roundabout,01 - Functioning,02 - Non-fatal injury,03 - Rear end,0
16-1563,REGIONAL ROAD 174 EB btwn HWY417 IC113 RAMP65 & OR174 BLAIR IC112 RAMP51,374770.81771,5032797.57365,-75.60574436370,45.43161051270,2016-02-11,3:50:00 PM,01 - Clear,01 - Daylight,06 - Ice,10 - No control,,03 - P.D. only,03 - Rear end,0
16-1564,HUNTER'S GLEN CRES btwn LORRY GREENBERG DR & STREAMWOOD LANE,372581.57315,5025075.03139,-75.63478166110,45.36234201840,2016-02-11,12:00:00 PM,01 - Clear,01 - Daylight,03 - Loose snow,10 - No control,,03 - P.D. only,06 - SMV unattended vehicle,0
16-1565,ALBION RD @ RIDEAU RD,375093.86208,5016675.56958,-75.60390902530,45.28651953140,2016-02-11,4:16:00 PM,03 - Snow,01 - Daylight,06 - Ice,01 - Traffic signal,01 - Functioning,03 - P.D. only,03 - Rear end,0
16-1566,THURSTON DR btwn CONROY RD & THOMAS SPRATT PL,373293.13752,5026831.18683,-75.62545624460,45.37807402440,2016-02-11,4:23:00 PM,01 - Clear,01 - Daylight,01 - Dry,10 - No control,,03 - P.D. only,05 - Turning movement,0
16-1567,SAVILLE ROW btwn WOODROFFE AVE & LOCKHART AVE,361788.67770,5026189.69914,-75.77241002880,45.37333220120,2016-02-11,4:20:00 PM,01 - Clear,01 - Daylight,01 - Dry,10 - No control,,03 - P.D. only,02 - Angle,0
16-1568,NEPEAN ST @ O'CONNOR ST,367720.48543,5031226.36013,-75.69604177010,45.41814312940,2016-02-11,5:15:00 PM,03 - Snow,05 - Dusk,03 - Loose snow,02 - Stop sign,01 - Functioning,03 - P.D. only,02 - Angle,0
16-1569,FALLOWFIELD RD @ TRANSITWAY/VIARAIL,364466.99838,5017548.98646,-75.73925986840,45.29536098540,2016-02-11,5:54:00 PM,01 - Clear,07 - Dark,01 - Dry,01 - Traffic signal,01 - Functioning,02 - Non-fatal injury,05 - Turning movement,0
16-1570,METCALFE ST btwn COOPER ST & SOMERSET ST W,367997.31242,5031123.67269,-75.69251817200,45.41719423240,2016-02-11,5:10:00 PM,01 - Clear,07 - Dark,04 - Slush,10 - No control,,03 - P.D. only,04 - Sideswipe,0
16-1571,WOODROFFE AVE/HWY 417 WOODROFF IC127R25 @ HWY,362180.13418,5024694.01261,-75.76758630900,45.35984220460,2016-02-11,6:02:00 PM,01 - Clear,05 - Dusk,01 - Dry,01 - Traffic signal,01 - Functioning,03 - P.D. only,03 - Rear end,0
16-1572,WOODROFFE AVE @ KNOXDALE RD/MEDHURST DR,363419.77690,5021826.51362,-75.75210441760,45.33393815400,2016-02-11,6:30:00 PM,01 - Clear,07 - Dark,02 - Wet,01 - Traffic signal,01 - Functioning,03 - P.D. only,05 - Turning movement,0
16-1573,BRITTANY DR @ MONTREAL RD,371912.49226,5033995.24042,-75.64210743720,45.44266668950,2016-02-11,7:23:00 PM,06 - Strong wind,07 - Dark,06 - Ice,01 - Traffic signal,01 - Functioning,03 - P.D. only,05 - Turning movement,0
16-1574,WOODROFFE AVE @ KNOXDALE RD/MEDHURST DR,363420.34852,5021826.70654,-75.75209710270,45.33393984200,2016-02-09,6:20:00 PM,01 - Clear,07 - Dark,01 - Dry,01 - Traffic signal,01 - Functioning,03 - P.D. only,03 - Rear end,0
16-1575,WEST HUNT CLUB RD @ CLEOPATRA DR/LANCELOT DR,365236.43254,5021731.65977,-75.72894042720,45.33293055880,2016-02-11,10:28:00 PM,03 - Snow,07 - Dark,06 - Ice,01 - Traffic signal,01 - Functioning,03 - P.D. only,03 - Rear end,0
16-1576,VANIER PKWY/CRICHTON ST @ BEECHWOOD AVE/ST. PA,369127.76633,5033487.40165,-75.67776693070,45.43835915390,2016-02-12,4:57:00 AM,01 - Clear,07 - Dark,06 - Ice,01 - Traffic signal,01 - Functioning,03 - P.D. only,07 - SMV other,0
16-1577,JEANNE D'ARC BLVD @ MONTCERF CRT,381117.25995,5036287.08444,-75.52410430810,45.46234262260,2016-02-12,8:35:00 AM,01 - Clear,01 - Daylight,01 - Dry,01 - Traffic signal,01 - Functioning,02 - Non-fatal injury,03 - Rear end,0
16-1578,HWY417 IC129 RAMP25 btwn GREENBANK RD & HIGHWAY 417,360864.50106,5023841.46776,-75.78447471850,45.35227748530,2016-02-12,8:40:00 AM,01 - Clear,01 - Daylight,02 - Wet,10 - No control,,03 - P.D. only,03 - Rear end,0
16-1579,FALAISE RD @ FISHER AVE,366775.48622,5024561.29912,-75.70895219430,45.35825690890,2016-02-12,8:52:00 AM,01 - Clear,01 - Daylight,02 - Wet,02 - Stop sign,,03 - P.D. only,05 - Turning movement,0
16-1580,HWY 417 CASTLEFR IC139R61 @ KANATA AVE,351616.09505,5019225.18440,-75.90293738450,45.31141761210,2016-02-12,8:30:00 AM,03 - Snow,01 - Daylight,03 - Loose snow,01 - Traffic signal,01 - Functioning,03 - P.D. only,03 - Rear end,0
16-1581,DALY AVE @ WALLER ST,368341.08087,5032120.88962,-75.68799761320,45.42613571080,2016-02-12,9:00:00 AM,01 - Clear,01 - Daylight,01 - Dry,01 - Traffic signal,01 - Functioning,02 - Non-fatal injury,07 - SMV other,1
16-1582,MOODIE DR @ WEST HUNT CLUB RD,357906.99308,5018497.79708,-75.82279052620,45.30442494030,2016-02-12,9:27:00 AM,01 - Clear,01 - Daylight,04 - Slush,01 - Traffic signal,01 - Functioning,02 - Non-fatal injury,03 - Rear end,0