Record,Location,X,Y,Longitude,Latitude,Date,Time,Environment,Light,Road_Surface,Traffic_Control,Collision_Location,Collision_Classification,Impact_type,Pedestrian
16-1583,CARLING AVE @ CLYDE AVE/COLE AVE,363520.47106,5026850.76164,-75.75022302000,45.37913737050,2016-02-12,9:41:00 AM,01 - Clear,01 - Daylight,02 - Wet,01 - Traffic signal,01 - Functioning,02 - Non-fatal injury,05 - Turning movement,0
16-1584,GREENBANK RD btwn GIBBARD AVE & WEST HUNT CLUB RD,361434.11953,5020604.82564,-75.77757596190,45.32310848830,2016-02-12,10:26:00 AM,01 - Clear,01 - Daylight,01 - Dry,10 - No control,,03 - P.D. only,04 - Sideswipe,0
16-1585,CLYDE AVE btwn STARWOOD RD & LOTTA AVE,364510.20812,5024537.81360,-75.73786615400,45.35824217030,2016-02-12,10:35:00 AM,01 - Clear,01 - Daylight,01 - Dry,10 - No control,,03 - P.D. only,03 - Rear end,0
16-1586,FISHER AVE btwn CRERAR AVE & TUNIS AVE,365476.28198,5027641.97867,-75.72515510430,45.38608992890,2016-02-12,11:04:00 AM,01 - Clear,01 - Daylight,02 - Wet,10 - No control,,03 - P.D. only,03 - Rear end,0
16-1587,JEANNE D'ARC BLVD btwn JEANNE D'ARC BLVD N & BALSAM DR,381448.05377,5038749.80221,-75.51949076250,45.48446386870,2016-02-12,11:13:00 AM,01 - Clear,01 - Daylight,04 - Slush,10 - No control,,03 - P.D. only,99 - Other,0
16-1588,WALKLEY RD btwn BAYCREST DR & HEATHERINGTON RD,371743.23413,5026779.81759,-75.64525066440,45.37776162460,2016-02-12,12:27:00 PM,01 - Clear,01 - Daylight,01 - Dry,10 - No control,,03 - P.D. only,03 - Rear end,0
16-1589,CHAMPLAIN ST @ PLACE D'ORLEANS DR,381597.23246,5038180.74179,-75.51767168490,45.47932755740,2016-02-12,12:37:00 PM,01 - Clear,01 - Daylight,01 - Dry,01 - Traffic signal,01 - Functioning,03 - P.D. only,04 - Sideswipe,0
16-1590,EAGLESON RD @ HAZELDEAN RD/ROBERTSON RD,353674.28352,5018424.67954,-75.87676903250,45.30407427750,2016-02-12,1:04:00 PM,01 - Clear,01 - Daylight,01 - Dry,01 - Traffic signal,01 - Functioning,03 - P.D. only,03 - Rear end,0
16-1591,HWY 416 ACRES IC75R24 @ HOLLY ACRES RD,358757.26786,5022869.44163,-75.81147242030,45.34369647370,2016-02-12,1:48:00 PM,01 - Clear,01 - Daylight,01 - Dry,01 - Traffic signal,01 - Functioning,03 - P.D. only,99 - Other,0
16-1592,ALTA VISTA DR btwn KILBORN AVE & CAVENDISH RD,370343.09568,5028012.72800,-75.66296237460,45.38898730760,2016-02-12,2:02:00 PM,01 - Clear,01 - Daylight,01 - Dry,10 - No control,,03 - P.D. only,06 - SMV unattended vehicle,0
16-1593,KIRKWOOD AVE @ RICHMOND RD,363778.68482,5028642.02272,-75.74671222790,45.39523315270,2016-02-12,2:42:00 PM,01 - Clear,01 - Daylight,02 - Wet,01 - Traffic signal,01 - Functioning,03 - P.D. only,02 - Angle,0
16-1594,CAMERON ST @ REGIONAL RD 174,389861.24306,5042618.00329,-75.41121416960,45.51829088400,2016-02-12,2:51:00 PM,02 - Rain,01 - Daylight,02 - Wet,01 - Traffic signal,01 - Functioning,02 - Non-fatal injury,03 - Rear end,0
16-1595,ST. JOSEPH BLVD @ TENTH LINE RD,382890.58426,5038667.55049,-75.50105327570,45.48356396290,2016-02-12,2:55:00 PM,01 - Clear,01 - Daylight,02 - Wet,01 - Traffic signal,01 - Functioning,03 - P.D. only,03 - Rear end,0
16-1596,CASTLEFRANK RD btwn GLAMORGAN DR & SHELDRAKE DR (2),353405.83880,5016704.75093,-75.88036054150,45.28861659100,2016-02-12,3:11:00 PM,01 - Clear,01 - Daylight,01 - Dry,10 - No control,,03 - P.D. only,06 - SMV unattended vehicle,0
16-1597,DATA CENTRE RD @ HERON RD,368942.38362,5026732.32116,-75.68101509790,45.37759627530,2016-02-12,3:15:00 PM,01 - Clear,01 - Daylight,01 - Dry,02 - Stop sign,01 - Functioning,03 - P.D. only,03 - Rear end,0
16-1598,ELGIN ST @ LAURIER AVE,367947.61221,5031550.23442,-75.69309846710,45.42103678080,2016-02-12,3:24:00 PM,03 - Snow,01 - Daylight,03 - Loose snow,01 - Traffic signal,01 - Functioning,03 - P.D. only,04 - Sideswipe,0
16-1599,PINECREST RD/HWY 417 PINECRE IC129R63 @ TRANSI,360388.13449,5023678.16133,-75.79057225350,45.35084597970,2016-02-12,3:25:00 PM,01 - Clear,01 - Daylight,01 - Dry,01 - Traffic signal,01 - Functioning,03 - P.D. only,03 - Rear end,0
16-1600,NAVAHO DR @ WOODROFFE AVE/TRANSITWAY N BASELIN,362705.14421,5023493.89879,-75.76102607570,45.34900051560,2016-02-12,3:27:00 PM,01 - Clear,01 - Daylight,01 - Dry,01 - Traffic signal,01 - Functioning,02 - Non-fatal injury,03 - Rear end,0
16-1601,HWY 417 TERRYFO IC140R52 @ TERRY FOX DR,351051.78852,5018433.60052,-75.91020768030,45.30433212650,2016-02-12,3:27:00 PM,01 - Clear,01 - Daylight,01 - Dry,01 - Traffic signal,01 - Functioning,03 - P.D. only,03 - Rear end,0
16-1602,ST. LAURENT BLVD btwn MONTREAL RD & CAMIL ST,371552.72815,5033800.47066,-75.64673217110,45.44094868930,2016-02-12,3:33:00 PM,01 - Clear,01 - Daylight,06 - Ice,10 - No control,,03 - P.D. only,03 - Rear end,0
16-1603,BASELINE RD @ GREENBANK RD,360596.58661,5022585.15882,-75.78803544900,45.34099460800,2016-02-12,3:38:00 PM,01 - Clear,01 - Daylight,06 - Ice,01 - Traffic signal,01 - Functioning,02 - Non-fatal injury,03 - Rear end,0
16-1604,PARKGLEN DR @ WOODROFFE AVE,362889.28990,5023126.58968,-75.75871938370,45.34568026900,2016-02-12,4:04:00 PM,01 - Clear,01 - Daylight,01 - Dry,02 - Stop sign,01 - Functioning,03 - P.D. only,05 - Turning movement,0
16-1605,INDIAN RD @ WITHROW AVE,363787.77642,5023701.27848,-75.74718618960,45.35077627510,2016-02-12,4:00:00 PM,03 - Snow,01 - Daylight,02 - Wet,02 - Stop sign,01 - Functioning,03 - P.D. only,02 - Angle,0
16-1606,MAITLAND AVE btwn GARFIELD AVE & AGINCOURT RD,363415.17524,5025483.68322,-75.75172962190,45.36684539790,2016-02-12,2:50:00 PM,01 - Clear,01 - Daylight,02 - Wet,10 - No control,,03 - P.D. only,04 - Sideswipe,0
16-1607,CARLING AVE WB btwn KIRKWOOD AVE & HWY417 IC124 RAMP67,364287.10561,5027500.25720,-75.74035678350,45.38491674780,2016-02-12,4:34:00 PM,01 - Clear,01 - Daylight,01 - Dry,10 - No control,,03 - P.D. only,04 - Sideswipe,0
16-1608,MERIVALE RD btwn CLYDE AVE & RITA AVE,364525.21491,5024496.17013,-75.73767965770,45.35786618960,2016-02-12,4:36:00 PM,01 - Clear,01 - Daylight,01 - Dry,10 - No control,,03 - P.D. only,02 - Angle,0
16-1609,O'CONNOR ST @ SLATER ST,367580.14398,5031451.45436,-75.69780610630,45.42018106250,2016-02-12,5:11:00 PM,03 - Snow,07 - Dark,03 - Loose snow,01 - Traffic signal,01 - Functioning,03 - P.D. only,03 - Rear end,0
16-1610,BLAIR RD @ OGILVIE RD,374508.82139,5033199.23362,-75.60903550730,45.43525059200,2016-02-12,5:15:00 PM,03 - Snow,05 - Dusk,03 - Loose snow,01 - Traffic signal,01 - Functioning,03 - P.D. only,03 - Rear end,0
16-1611,VANIER PKWY NB btwn DONALD ST & QUEEN MARY ST,370335.82905,5032108.84745,-75.66251068360,45.42584331160,2016-02-12,5:30:00 PM,03 - Snow,05 - Dusk,03 - Loose snow,10 - No control,,03 - P.D. only,07 - SMV other,0
16-1612,RICHMOND RD @ STONEHAVEN DR,356780.98248,5015890.77838,-75.83742142740,45.28105079890,2016-02-12,5:44:00 PM,03 - Snow,07 - Dark,03 - Loose snow,01 - Traffic signal,01 - Functioning,03 - P.D. only,03 - Rear end,0
16-1613,TENTH LINE RD @ CHARLEMAGNE BLVD N/TOMPKINS AV,383184.15386,5037978.55379,-75.49740842640,45.47733209910,2016-02-12,5:52:00 PM,03 - Snow,05 - Dusk,03 - Loose snow,01 - Traffic signal,01 - Functioning,03 - P.D. only,03 - Rear end,0
16-1614,COLDREY AVE @ KIRKWOOD AVE,364438.03688,5027135.88108,-75.73847360060,45.38162532190,2016-02-12,5:54:00 PM,03 - Snow,07 - Dark,03 - Loose snow,01 - Traffic signal,01 - Functioning,03 - P.D. only,03 - Rear end,0
16-1615,PARKROSE PRIV btwn Continuation of PARKROSE PRIV & Continuation of PAR,383573.29111,5039618.81980,-75.49216870940,45.49204588700,2016-02-12,6:00:00 PM,03 - Snow,07 - Dark,03 - Loose snow,10 - No control,,03 - P.D. only,05 - Turning movement,0
16-1616,BANK ST @ HUNT CLUB RD,371607.63881,5024096.72574,-75.64734456760,45.35363304750,2016-02-12,6:12:00 PM,03 - Snow,07 - Dark,06 - Ice,01 - Traffic signal,01 - Functioning,02 - Non-fatal injury,03 - Rear end,0
16-1617,CAMBRIAN RD @ GREENBANK RD,364764.02688,5012873.08122,-75.73603791550,45.25326194900,2016-02-12,6:18:00 PM,03 - Snow,07 - Dark,04 - Slush,11 - Roundabout,01 - Functioning,03 - P.D. only,07 - SMV other,0
16-1618,GLADSTONE AVE @ PRESTON ST,366489.48646,5029712.77794,-75.71195861160,45.40463395710,2016-02-12,5:40:00 PM,03 - Snow,05 - Dusk,03 - Loose snow,01 - Traffic signal,01 - Functioning,03 - P.D. only,03 - Rear end,0
16-1619,COLONEL BY DR @ HAWTHORNE AVE/PRETORIA BRIDGE,368767.05158,5030526.22552,-75.68276163980,45.41174866190,2016-02-12,6:24:00 PM,03 - Snow,07 - Dark,03 - Loose snow,01 - Traffic signal,01 - Functioning,03 - P.D. only,05 - Turning movement,0
16-1620,JOCKVALE RD/RIDEAU VALLEY DR @ PRINCE OF WALES,366706.87818,5012198.59750,-75.71137164340,45.24702471790,2016-02-12,6:30:00 PM,03 - Snow,07 - Dark,03 - Loose snow,01 - Traffic signal,01 - Functioning,03 - P.D. only,03 - Rear end,0
16-1621,HUNTMAR DR @ RICHARDSON SIDE RD,348208.36332,5018982.68448,-75.94641654710,45.30945443420,2016-02-12,7:02:00 PM,03 - Snow,07 - Dark,06 - Ice,02 - Stop sign,01 - Functioning,03 - P.D. only,99 - Other,0
16-1622,BANK ST btwn WALKLEY RD & SURREY AVE,370350.33845,5025911.48125,-75.66314885210,45.37008031810,2016-02-12,7:20:00 PM,03 - Snow,07 - Dark,06 - Ice,10 - No control,,03 - P.D. only,07 - SMV other,0
16-1623,PORTOBELLO BLVD btwn INNES RD & CHAREST WAY,385659.21207,5036818.12789,-75.46594666410,45.46660950150,2016-02-12,8:31:00 PM,03 - Snow,07 - Dark,03 - Loose snow,10 - No control,,03 - P.D. only,05 - Turning movement,0
16-1624,STRANDHERD DR @ WOODROFFE AVE,366106.37354,5015395.80762,-75.71862618810,45.27584569640,2016-02-12,8:00:00 PM,03 - Snow,07 - Dark,04 - Slush,01 - Traffic signal,01 - Functioning,03 - P.D. only,03 - Rear end,0
16-1625,BASELINE RD @ 207 E OF CLYDE AVE,364535.63507,5025003.44602,-75.73748535780,45.36242969860,2016-02-12,9:20:00 PM,03 - Snow,07 - Dark,04 - Slush,01 - Traffic signal,01 - Functioning,03 - P.D. only,05 - Turning movement,0
16-1626,MCCALLUM DR/SUNLAND DR N @ NORTHLANDS DR,384931.30036,5037517.34228,-75.47513991070,45.47298424630,2016-02-12,9:38:00 PM,01 - Clear,07 - Dark,03 - Loose snow,02 - Stop sign,01 - Functioning,03 - P.D. only,02 - Angle,0
16-1627,PRINCE OF WALES DR btwn 187 N OF MEADOWLANDS DR & MEADOWLANDS DR/HOG'S,367341.84206,5025790.73276,-75.70156839520,45.36926878580,2016-02-12,9:38:00 PM,01 - Clear,07 - Dark,04 - Slush,10 - No control,,03 - P.D. only,04 - Sideswipe,0
16-1628,JOCKVALE RD btwn BLACKLEAF DR & GOLFLINKS DR,365664.79837,5012788.07073,-75.72457323780,45.25241968840,2016-02-12,10:01:00 PM,03 - Snow,07 - Dark,03 - Loose snow,10 - No control,,03 - P.D. only,07 - SMV other,0
16-1629,OR174 IC109 RAMP65 @ MONTREAL RD,376403.03843,5034982.77576,-75.58456863840,45.45110639090,2016-02-12,10:54:00 PM,01 - Clear,07 - Dark,02 - Wet,01 - Traffic signal,01 - Functioning,03 - P.D. only,07 - SMV other,0
16-1630,RIDDELL DR btwn MARCH VALLEY RD & SIXTH LINE RD,348205.99808,5027269.49390,-75.94571944060,45.38402141570,2016-02-12,11:21:00 PM,03 - Snow,07 - Dark,03 - Loose snow,10 - No control,,03 - P.D. only,07 - SMV other,0
16-1631,JOCKVALE RD btwn BLACKLEAF DR & GOLFLINKS DR,365977.65741,5012632.34001,-75.72060690310,45.25099129480,2016-02-13,6:34:00 AM,06 - Strong wind,03 - Dawn,05 - Packed snow,10 - No control,,02 - Non-fatal injury,07 - SMV other,0
16-1632,WEST HUNT CLUB RD EB btwn ROYDON PL/SUNDERLAND ST & 545 E OF ROYDON PL,366082.20359,5022224.70534,-75.71808986740,45.33729356050,2016-02-13,8:08:00 AM,01 - Clear,01 - Daylight,06 - Ice,10 - No control,,02 - Non-fatal injury,07 - SMV other,0
16-1633,CARLING AVE @ RICHARDSON SIDE RD,351834.34748,5022269.68988,-75.89986488760,45.33879815120,2016-02-13,2:00:00 AM,01 - Clear,07 - Dark,03 - Loose snow,02 - Stop sign,01 - Functioning,03 - P.D. only,07 - SMV other,0
16-1634,MARCH RD btwn HERZBERG RD & CORKSTOWN RD,352358.46840,5021505.15930,-75.89325120940,45.33188342650,2016-02-13,8:33:00 AM,05 - Drifting Snow,01 - Daylight,06 - Ice,10 - No control,,03 - P.D. only,07 - SMV other,0
16-1635,PRINCE OF WALES DR btwn BASELINE RD/HERON RD & GREEN VALLEY CRES,366902.75727,5026538.87279,-75.70707930140,45.37603942510,2016-02-13,8:00:00 AM,01 - Clear,01 - Daylight,05 - Packed snow,10 - No control,,03 - P.D. only,07 - SMV other,0
16-1636,CRESTHAVEN DR @ STRANDHERD DR,366813.68666,5015027.85116,-75.70965802020,45.27247282140,2016-02-13,9:09:00 AM,01 - Clear,01 - Daylight,05 - Packed snow,01 - Traffic signal,01 - Functioning,03 - P.D. only,02 - Angle,0
16-1637,HERON RD WB btwn HERON RD WB OFF RAMP/VINCENT MASSEY PARK & RIVERSIDE,368021.82384,5026636.57830,-75.69278009640,45.37681847590,2016-02-13,9:18:00 AM,01 - Clear,01 - Daylight,05 - Packed snow,10 - No control,,03 - P.D. only,07 - SMV other,0
16-1638,AVIATION PKWY @ MONTREAL RD,372147.04366,5034108.88798,-75.63909397570,45.44366667800,2016-02-13,9:28:00 AM,01 - Clear,01 - Daylight,01 - Dry,01 - Traffic signal,01 - Functioning,03 - P.D. only,05 - Turning movement,0
16-1639,ROGER STEVENS DR btwn HWY416 IC49 RAMP24 & SECOND LINE RD S,369925.73101,5001461.57855,-75.67177390740,45.15012287540,2016-02-13,9:45:00 AM,05 - Drifting Snow,01 - Daylight,06 - Ice,10 - No control,,03 - P.D. only,07 - SMV other,0
16-1640,REGIONAL ROAD 174 btwn OR174 IC109 RAMP56 & OR174 IC109 RAMP86,376338.39884,5034732.06926,-75.58543139650,45.44885731250,2016-02-13,10:44:00 AM,01 - Clear,01 - Daylight,01 - Dry,10 - No control,,02 - Non-fatal injury,04 - Sideswipe,0
16-1641,RICHMOND RD btwn BASELINE RD TURN LANE & NORTHSIDE RD,358426.19094,5021365.98916,-75.81585978920,45.33019372170,2016-02-13,10:04:00 AM,01 - Clear,01 - Daylight,06 - Ice,10 - No control,,02 - Non-fatal injury,07 - SMV other,0
16-1642,EAGLESON RD @ FALLOWFIELD RD,355961.85364,5012595.06432,-75.84820129940,45.25145532520,2016-02-13,10:08:00 AM,01 - Clear,01 - Daylight,06 - Ice,01 - Traffic signal,01 - Functioning,03 - P.D. only,05 - Turning movement,0
16-1643,BUNCHBERRY WAY @ FINDLAY CREEK DR,374327.32790,5019387.18600,-75.61329923380,45.31099401600,2016-02-13,10:08:00 AM,01 - Clear,01 - Daylight,06 - Ice,02 - Stop sign,01 - Functioning,03 - P.D. only,07 - SMV other,0
16-1644,DALY AVE @ NICHOLAS ST,368227.70100,5032047.72181,-75.68945579060,45.42548766290,2016-02-13,10:12:00 AM,01 - Clear,01 - Daylight,06 - Ice,01 - Traffic signal,01 - Functioning,02 - Non-fatal injury,05 - Turning movement,0
16-1645,KITCHENER AVE @ BANK ST,370540.21748,5025499.75216,-75.66077980230,45.36635792730,2016-02-13,10:14:00 AM,01 - Clear,01 - Daylight,03 - Loose snow,01 - Traffic signal,01 - Functioning,02 - Non-fatal injury,05 - Turning movement,0
16-1646,CHARLTON DR @ MATHESON RD,373199.06318,5033127.79764,-75.62578377380,45.43473719100,2016-02-13,10:15:00 AM,01 - Clear,01 - Daylight,06 - Ice,02 - Stop sign,01 - Functioning,03 - P.D. only,02 - Angle,0
16-1647,COLDREY AVE @ KIRKWOOD AVE,364438.02957,5027136.31772,-75.73847364110,45.38162925090,2016-02-13,10:47:00 AM,01 - Clear,01 - Daylight,02 - Wet,01 - Traffic signal,01 - Functioning,03 - P.D. only,02 - Angle,0
16-1648,LESTER RD btwn ALBION RD & UPLANDS DR,371815.79430,5021869.38146,-75.64498995420,45.33357225810,2016-02-13,10:56:00 AM,01 - Clear,01 - Daylight,02 - Wet,10 - No control,,02 - Non-fatal injury,01 - Approaching,0
16-1649,HWY 417 CARLING IC124R57 @ CARLING AVE,364235.60136,5027185.44875,-75.74105233170,45.38208852780,2016-02-12,2:15:00 PM,01 - Clear,01 - Daylight,01 - Dry,10 - No control,,03 - P.D. only,03 - Rear end,0
16-1650,HWY 417 VANIER IC117R63 @ VANIER PKWY,370799.46442,5031396.97716,-75.65668185390,45.41939460830,2016-02-13,11:15:00 AM,01 - Clear,01 - Daylight,02 - Wet,01 - Traffic signal,01 - Functioning,02 - Non-fatal injury,02 - Angle,0
16-1651,ANOKA ST @ BANK ST,370022.06638,5026775.20342,-75.66722524420,45.37788244230,2016-02-13,11:19:00 AM,01 - Clear,01 - Daylight,02 - Wet,02 - Stop sign,01 - Functioning,03 - P.D. only,03 - Rear end,0
16-1652,CARLING AVE btwn DAVIDSON'S SIDE RD & GRANDVIEW RD,355149.94815,5024076.80739,-75.85737807470,45.35482868270,2016-02-13,12:07:00 PM,01 - Clear,01 - Daylight,01 - Dry,10 - No control,,03 - P.D. only,07 - SMV other,0
16-1653,REGINA ST btwn DON ST & CROYDON AVE,360360.11816,5025356.70077,-75.79074110150,45.36595164580,2016-02-13,11:45:00 AM,01 - Clear,01 - Daylight,06 - Ice,10 - No control,,03 - P.D. only,03 - Rear end,0
16-1654,"COTE ST btwn MORGAN ST & EGLISE, RUE DE L",371319.12793,5033168.93358,-75.64980318400,45.43528867410,2016-02-12,12:12:00 PM,03 - Snow,01 - Daylight,03 - Loose snow,10 - No control,,03 - P.D. only,06 - SMV unattended vehicle,0
16-1655,INDUSTRIAL AVE btwn NEIGHBORHOOD WAY & TRAINYARDS DR,371644.74585,5030545.76956,-75.64599779880,45.41165556140,2016-02-13,12:18:00 PM,01 - Clear,01 - Daylight,01 - Dry,10 - No control,,03 - P.D. only,02 - Angle,0
16-1656,UPPER DWYER HILL RD btwn MARCH RD & OLD ALMONTE RD,334094.85580,5014276.61923,-76.12667813550,45.26783708410,2016-02-13,12:45:00 PM,03 - Snow,01 - Daylight,03 - Loose snow,10 - No control,,03 - P.D. only,03 - Rear end,0
16-1657,HERZBERG RD @ MARCH RD,352321.96589,5021530.55869,-75.89371444180,45.33211444820,2016-02-13,1:29:00 PM,03 - Snow,01 - Daylight,06 - Ice,01 - Traffic signal,01 - Functioning,03 - P.D. only,03 - Rear end,0
16-1658,BEAUSEJOUR DR @ JEANNE D'ARC BLVD,381420.52756,5036060.35176,-75.52026222370,45.46026947350,2016-02-13,1:45:00 PM,01 - Clear,01 - Daylight,01 - Dry,01 - Traffic signal,01 - Functioning,03 - P.D. only,02 - Angle,0
16-1659,COBOURG ST @ HENEY ST,368992.36842,5032991.80454,-75.67956202350,45.43391240680,2016-02-13,1:45:00 PM,01 - Clear,01 - Daylight,02 - Wet,02 - Stop sign,01 - Functioning,03 - P.D. only,02 - Angle,0
16-1660,BASELINE RD @ WOODROFFE AVE,362548.59251,5023771.16332,-75.76299141170,45.35150822910,2016-02-13,2:02:00 PM,01 - Clear,01 - Daylight,01 - Dry,01 - Traffic signal,01 - Functioning,03 - P.D. only,03 - Rear end,0
16-1661,BEAUSEJOUR DR @ JEANNE D'ARC BLVD,381420.96664,5036061.66899,-75.52025640580,45.46028127640,2016-02-13,2:05:00 PM,01 - Clear,01 - Daylight,01 - Dry,01 - Traffic signal,01 - Functioning,03 - P.D. only,03 - Rear end,0
16-1662,DAVID DR btwn HOWDEN AVE & SULLIVAN AVE,363267.00991,5023065.41965,-75.75390691800,45.34509848350,2016-02-13,2:03:00 PM,01 - Clear,01 - Daylight,01 - Dry,10 - No control,,03 - P.D. only,05 - Turning movement,0
16-1663,REVOL RD btwn VAAN DR & ARCO WAY,364591.35931,5020845.94435,-75.73727663190,45.32501623410,2016-01-22,6:15:00 PM,01 - Clear,07 - Dark,01 - Dry,10 - No control,,03 - P.D. only,06 - SMV unattended vehicle,0
16-1664,TRIM RD btwn NORTH SERVICE RD & REGIONAL ROAD 174,384275.17808,5040173.76353,-75.48310026790,45.49695915150,2016-02-13,2:33:00 PM,01 - Clear,01 - Daylight,05 - Packed snow,10 - No control,,03 - P.D. only,07 - SMV other,0
16-1665,MAPLE GROVE RD @ TERRY FOX DR,351554.43423,5017865.83462,-75.90385194860,45.29918994380,2016-02-13,2:49:00 PM,05 - Drifting Snow,01 - Daylight,06 - Ice,01 - Traffic signal,01 - Functioning,03 - P.D. only,03 - Rear end,0
16-1666,SPRATT RD btwn RIDEAU RD & BLACK CANARY DR,369481.66597,5012097.27507,-75.67604054450,45.24586349760,2016-02-13,3:03:00 PM,05 - Drifting Snow,01 - Daylight,06 - Ice,10 - No control,,03 - P.D. only,07 - SMV other,0
16-1667,MERIVALE RD/LOTTA AVE @ CLYDE AVE,364520.58141,5024507.68166,-75.73773740270,45.35797016410,2016-02-13,3:08:00 PM,01 - Clear,01 - Daylight,02 - Wet,01 - Traffic signal,01 - Functioning,02 - Non-fatal injury,05 - Turning movement,0
16-1668,WELLINGTON ST    W btwn HAMPTON AVE & ROSS AVE,364457.99028,5029002.65749,-75.73799315260,45.39842052640,2016-02-13,1:00:00 PM,01 - Clear,01 - Daylight,01 - Dry,10 - No control,,03 - P.D. only,99 - Other,0
16-1669,ST. JOSEPH BLVD btwn R.C.M.P. COMPLEX & YOUVILLE DR,378431.07620,5036027.42021,-75.55848762330,45.46029463410,2016-02-13,3:40:00 PM,01 - Clear,01 - Daylight,01 - Dry,10 - No control,,03 - P.D. only,07 - SMV other,0
16-1670,LOYOLA AVE @ SHEFFORD RD,376000.06858,5035168.68279,-75.58969296480,45.45282023580,2016-02-13,3:43:00 PM,01 - Clear,01 - Daylight,03 - Loose snow,02 - Stop sign,01 - Functioning,03 - P.D. only,02 - Angle,0
16-1671,EARL ARMSTRONG RD @ HIGH RD,373764.40042,5018173.80588,-75.62064636970,45.30013191500,2016-02-13,3:55:00 PM,01 - Clear,01 - Daylight,05 - Packed snow,10 - No control,,03 - P.D. only,07 - SMV other,0
16-1672,CRESTHAVEN DR @ STRANDHERD DR,366813.24758,5015028.72932,-75.70966350610,45.27248076130,2016-02-13,4:15:00 PM,01 - Clear,01 - Daylight,05 - Packed snow,01 - Traffic signal,01 - Functioning,03 - P.D. only,03 - Rear end,0
16-1673,RUSSELL RD btwn BIRCHGROVE RD & CANAAN RD,401142.97604,5030069.39184,-75.26929833110,45.40393085290,2016-02-13,4:17:00 PM,03 - Snow,01 - Daylight,06 - Ice,10 - No control,,03 - P.D. only,07 - SMV other,0
16-1674,COVENTRY RD @ VANIER PKWY,370676.82398,5031612.14208,-75.65821997050,45.42134213190,2016-02-13,4:28:00 PM,01 - Clear,01 - Daylight,01 - Dry,01 - Traffic signal,01 - Functioning,03 - P.D. only,04 - Sideswipe,0
16-1675,HUNT CLUB RD @ RIVERSIDE DR,368036.04438,5021945.71804,-75.69319857300,45.33460991470,2016-02-13,4:40:00 PM,01 - Clear,05 - Dusk,01 - Dry,01 - Traffic signal,01 - Functioning,02 - Non-fatal injury,03 - Rear end,0
16-1676,BASELINE RD @ MERIVALE RD,365055.15564,5025325.28528,-75.73081512610,45.36528109430,2016-02-13,4:52:00 PM,06 - Strong wind,05 - Dusk,06 - Ice,01 - Traffic signal,01 - Functioning,03 - P.D. only,03 - Rear end,0
16-1677,MACLAREN ST @ O'CONNOR ST,367899.93444,5030940.35746,-75.69378573450,45.41555361040,2016-02-13,5:46:00 PM,01 - Clear,05 - Dusk,06 - Ice,02 - Stop sign,01 - Functioning,03 - P.D. only,02 - Angle,0
16-1678,CURRIER ST @ MANOTICK MAIN ST,368987.48742,5009680.16242,-75.68264694020,45.22415970970,2016-02-13,5:54:00 PM,01 - Clear,05 - Dusk,01 - Dry,02 - Stop sign,01 - Functioning,03 - P.D. only,02 - Angle,0
16-1679,MARCH VALLEY RD btwn RIDDELL DR & KLONDIKE RD,348335.30653,5027115.15801,-75.94408190350,45.38262464650,2016-02-13,6:03:00 PM,01 - Clear,07 - Dark,03 - Loose snow,10 - No control,,03 - P.D. only,07 - SMV other,0
16-1680,BRONSON AVE btwn LAKESIDE AVE & LAKEVIEW TER,367662.57023,5028823.11334,-75.69708812380,45.39652465030,2016-02-13,6:50:00 PM,01 - Clear,07 - Dark,01 - Dry,10 - No control,,03 - P.D. only,04 - Sideswipe,0
16-1681,ELGIN ST @ QUEEN ST,367804.48296,5031779.35846,-75.69489789040,45.42311126810,2016-02-13,7:00:00 PM,01 - Clear,07 - Dark,06 - Ice,01 - Traffic signal,01 - Functioning,03 - P.D. only,03 - Rear end,0
16-1682,LIMEBANK RD @ SPRATT RD,369776.77976,5016878.50986,-75.67165605790,45.28885720670,2016-02-13,7:20:00 PM,01 - Clear,07 - Dark,02 - Wet,01 - Traffic signal,01 - Functioning,03 - P.D. only,02 - Angle,0
16-1683,CATHERINE ST @ KENT ST,367908.80519,5030188.78394,-75.69376863370,45.40879039050,2016-02-13,7:26:00 PM,01 - Clear,07 - Dark,01 - Dry,01 - Traffic signal,01 - Functioning,03 - P.D. only,05 - Turning movement,0
16-1684,MERIVALE RD @ EMERALD PLAZA SC,364736.35394,5024007.22020,-75.73504424420,45.35344866930,2016-02-13,7:57:00 PM,01 - Clear,07 - Dark,06 - Ice,01 - Traffic signal,01 - Functioning,03 - P.D. only,04 - Sideswipe,0
16-1685,HUNT CLUB RD @ RIVERSIDE DR,368036.48346,5021945.71804,-75.69319297130,45.33460987510,2016-02-13,8:01:00 PM,03 - Snow,07 - Dark,06 - Ice,01 - Traffic signal,01 - Functioning,03 - P.D. only,03 - Rear end,0
16-1686,BUTTERFLY WALK btwn CONTOUR ST & MORNINGSTAR WAY,381733.72100,5032987.91600,-75.51673846190,45.43259176100,2016-02-13,8:50:00 PM,01 - Clear,07 - Dark,05 - Packed snow,10 - No control,,03 - P.D. only,06 - SMV unattended vehicle,0
16-1687,BANK ST btwn BANK ST EXTENSION NB & JOHNSTON RD,370835.26508,5024876.62999,-75.65709698910,45.36072354120,2016-02-13,9:57:00 PM,01 - Clear,07 - Dark,01 - Dry,10 - No control,,02 - Non-fatal injury,07 - SMV other,0