Record,Location,X,Y,Longitude,Latitude,Date,Time,Environment,Light,Road_Surface,Traffic_Control,Collision_Location,Collision_Classification,Impact_type,Pedestrian
16-1688,ALBERT ST btwn BRONSON AVE & BAY ST,366937.64600,5031142.48891,-75.70605400180,45.41745844390,2016-02-13,10:00:00 PM,01 - Clear,07 - Dark,02 - Wet,10 - No control,,03 - P.D. only,04 - Sideswipe,0
16-1689,MURRAY ST @ SUSSEX DR,367706.87048,5032393.39961,-75.69606668310,45.42864498900,2016-02-14,2:46:00 AM,01 - Clear,07 - Dark,01 - Dry,01 - Traffic signal,01 - Functioning,02 - Non-fatal injury,02 - Angle,0
16-1690,MONTREAL RD @ BATHGATE DR/BURMA RD,373224.50286,5034517.25082,-75.62526548910,45.44723627710,2016-02-14,12:39:00 AM,01 - Clear,07 - Dark,02 - Wet,01 - Traffic signal,01 - Functioning,03 - P.D. only,02 - Angle,0
16-1691,HERON RD EB btwn PRINCE OF WALES DR & HERON RD EB OFF RAMP/VINCENT MAS,367072.88452,5026450.04611,-75.70491854810,45.37522508420,2016-02-14,3:33:00 AM,01 - Clear,07 - Dark,06 - Ice,10 - No control,,03 - P.D. only,07 - SMV other,0
16-1692,VANIER PKWY/CRICHTON ST @ BEECHWOOD AVE/ST. PA,369127.65393,5033487.14624,-75.67776840070,45.43835686540,2016-02-14,6:29:00 AM,01 - Clear,03 - Dawn,01 - Dry,01 - Traffic signal,01 - Functioning,03 - P.D. only,03 - Rear end,0
16-1693,ORIENT PARK DR btwn KELDEN CRES & FALKIRK CRES,378550.86259,5032964.42341,-75.55741526320,45.43272330000,2016-02-14,7:13:00 AM,01 - Clear,01 - Daylight,06 - Ice,10 - No control,,03 - P.D. only,06 - SMV unattended vehicle,0
16-1694,BLACKBURN AVE @ LAURIER AVE,369187.71460,5032308.90928,-75.67715487070,45.42775001920,2016-02-14,8:14:00 AM,01 - Clear,01 - Daylight,06 - Ice,02 - Stop sign,00 - Unknown,03 - P.D. only,02 - Angle,0
16-1695,STAGECOACH RD btwn SNAKE ISLAND RD & HERBERTS CORNERS RD,377952.13185,5008599.67925,-75.56866555810,45.21356392600,2016-02-14,3:00:00 AM,06 - Strong wind,07 - Dark,01 - Dry,10 - No control,,03 - P.D. only,07 - SMV other,0
16-1696,BESSERER ST @ CHARLOTTE ST,369292.93298,5032791.81118,-75.67574712470,45.43208528980,2016-02-14,10:00:00 AM,01 - Clear,01 - Daylight,06 - Ice,02 - Stop sign,01 - Functioning,03 - P.D. only,07 - SMV other,0
16-1697,BALLANTYNE DR btwn SERENITY AVE & VENUS AVE,385797.89875,5037023.29636,-75.46413957330,45.46843933710,2016-02-13,12:00:00 AM,01 - Clear,00 - Unknown,06 - Ice,10 - No control,,03 - P.D. only,06 - SMV unattended vehicle,0
16-1698,WINDHURST DR btwn STONEWAY DR & STONEPOINTE AVE,366412.08760,5016133.83434,-75.71463849720,45.28245969270,2016-02-14,10:41:00 AM,01 - Clear,01 - Daylight,01 - Dry,10 - No control,,03 - P.D. only,07 - SMV other,0
16-1699,BLAIR PL @ OGILVIE RD,374799.94204,5033371.80124,-75.60529054540,45.43677417580,2016-02-13,5:00:00 PM,01 - Clear,07 - Dark,01 - Dry,01 - Traffic signal,01 - Functioning,03 - P.D. only,03 - Rear end,0
16-1700,INNES RD btwn 173 W OF ORIENT PARK DR & ORIENT PARK DR,378183.96732,5032955.55942,-75.56210511490,45.43268214450,2016-02-14,11:04:00 AM,01 - Clear,01 - Daylight,01 - Dry,10 - No control,,02 - Non-fatal injury,02 - Angle,0
16-1701,BILL LEATHEM DR @ LEIKIN DR S,366925.92344,5017440.11212,-75.70792574390,45.29416823800,2016-02-14,11:12:00 AM,05 - Drifting Snow,01 - Daylight,06 - Ice,02 - Stop sign,01 - Functioning,03 - P.D. only,07 - SMV other,0
16-1702,HWY 417 VANIER IC117R63 @ VANIER PKWY,370799.38667,5031398.38411,-75.65668265820,45.41940727430,2016-02-14,11:50:00 AM,01 - Clear,01 - Daylight,01 - Dry,01 - Traffic signal,01 - Functioning,03 - P.D. only,03 - Rear end,0
16-1703,TERRY FOX DR S @ DIDSBURY RD/CENTRUM KANATA SC,350623.22676,5018915.40371,-75.91562777040,45.30869561140,2016-02-13,8:55:00 PM,01 - Clear,07 - Dark,06 - Ice,01 - Traffic signal,01 - Functioning,03 - P.D. only,03 - Rear end,0
16-1704,CHURCHILL AVE   N btwn RAVENHILL AVE & KENWOOD AVE,363329.98588,5028053.79206,-75.75251238790,45.38997799880,2016-02-14,12:50:00 PM,01 - Clear,01 - Daylight,01 - Dry,10 - No control,,03 - P.D. only,99 - Other,0
16-1705,ST. ANTHONY ST btwn PRESTON ST & END,366509.23369,5029540.23903,-75.71172797030,45.40307975740,2016-02-14,10:45:00 AM,01 - Clear,01 - Daylight,05 - Packed snow,10 - No control,,03 - P.D. only,06 - SMV unattended vehicle,0
16-1706,ASHENVALE WAY btwn EMERILLON RIDGE & RAVENSWOOD WAY,385773.75800,5034904.76500,-75.46479713360,45.44938164880,2016-02-14,2:15:00 PM,01 - Clear,01 - Daylight,06 - Ice,10 - No control,,03 - P.D. only,05 - Turning movement,0
16-1707,LEMIEUX ST @ ST. LAURENT BLVD,372392.82239,5031743.66209,-75.63627721710,45.42236179700,2016-02-14,2:31:00 PM,01 - Clear,01 - Daylight,01 - Dry,01 - Traffic signal,01 - Functioning,02 - Non-fatal injury,03 - Rear end,0
16-1708,RIVERSIDE DR @ SMYTH RD NORTH SIDE RAMP,369937.95094,5029316.52694,-75.66796370330,45.40075623280,2016-02-14,3:07:00 PM,01 - Clear,01 - Daylight,01 - Dry,01 - Traffic signal,01 - Functioning,03 - P.D. only,04 - Sideswipe,0
16-1709,GREENBANK RD @ HWY 417 IC129 RAMP57/IRIS ST,360531.90081,5023312.51661,-75.78877882600,45.34754450600,2016-02-14,3:34:00 PM,01 - Clear,01 - Daylight,01 - Dry,01 - Traffic signal,01 - Functioning,03 - P.D. only,03 - Rear end,0
16-1710,CANON SMITH DR @ GALETTA SIDE RD,329165.80344,5036251.45016,-76.18840722610,45.46576592240,2016-02-14,4:26:00 PM,01 - Clear,01 - Daylight,01 - Dry,02 - Stop sign,01 - Functioning,03 - P.D. only,02 - Angle,0
16-1711,CARLING AVE @ MAITLAND AVE/SHERBOURNE RD,362942.47836,5026489.62479,-75.75764506200,45.37593611290,2016-02-14,4:45:00 PM,01 - Clear,05 - Dusk,01 - Dry,01 - Traffic signal,01 - Functioning,03 - P.D. only,03 - Rear end,0
16-1712,BANK ST @ SOMERSET ST,367693.60521,5030915.78404,-75.69642483310,45.41535108180,2016-02-14,5:20:00 PM,01 - Clear,07 - Dark,01 - Dry,01 - Traffic signal,01 - Functioning,03 - P.D. only,03 - Rear end,0
16-1713,COLONEL BY DR @ HAWTHORNE AVE/PRETORIA BRIDGE,368768.50913,5030525.83321,-75.68274307170,45.41174499890,2016-02-14,5:39:00 PM,01 - Clear,07 - Dark,01 - Dry,01 - Traffic signal,01 - Functioning,03 - P.D. only,03 - Rear end,0
16-1714,RIVERSIDE DR @ PLEASANT PARK RD,369561.78681,5028415.16142,-75.67288644470,45.39268095140,2016-02-14,6:45:00 PM,01 - Clear,07 - Dark,01 - Dry,01 - Traffic signal,01 - Functioning,03 - P.D. only,03 - Rear end,0
16-1715,BASELINE RD @ CORDOVA ST,363593.46866,5024409.30686,-75.74958157230,45.35716335570,2016-02-14,7:28:00 PM,01 - Clear,07 - Dark,02 - Wet,01 - Traffic signal,01 - Functioning,03 - P.D. only,05 - Turning movement,0
16-1716,DAZE ST btwn HUNT CLUB RD & 200 W OF BANK ST,371199.52469,5024045.67887,-75.65255954490,45.35321250750,2016-02-14,12:29:00 AM,01 - Clear,07 - Dark,01 - Dry,10 - No control,,03 - P.D. only,05 - Turning movement,0
16-1717,BANK ST btwn RIDEAU RD & TURN LANE,377363.36887,5016861.37743,-75.57495439570,45.28796072020,2016-02-14,11:19:00 PM,01 - Clear,07 - Dark,01 - Dry,10 - No control,,03 - P.D. only,07 - SMV other,0
16-1718,WOODROFFE AVE @ KNOXDALE RD/MEDHURST DR,363419.25612,5021825.99285,-75.75211112330,45.33393351230,2016-02-14,11:33:00 PM,01 - Clear,07 - Dark,01 - Dry,01 - Traffic signal,01 - Functioning,03 - P.D. only,05 - Turning movement,0
16-1719,FRENCH HILL RD @ SARSFIELD RD,393597.43104,5038168.28640,-75.36420537580,45.47779246870,2016-02-14,11:43:00 PM,03 - Snow,07 - Dark,06 - Ice,02 - Stop sign,01 - Functioning,03 - P.D. only,07 - SMV other,0
16-1720,BEECH ST btwn BAYSWATER AVE & BREEZEHILL AVE S,366237.60102,5029078.04438,-75.71525504750,45.39894494000,2016-02-12,9:00:00 AM,01 - Clear,01 - Daylight,06 - Ice,10 - No control,,03 - P.D. only,07 - SMV other,0
16-1721,ST. JOSEPH BLVD btwn PRESTONE DR & TENTH LINE RD,382867.05241,5038659.12761,-75.50135559230,45.48349081320,2016-02-15,7:17:00 AM,01 - Clear,01 - Daylight,01 - Dry,10 - No control,,03 - P.D. only,04 - Sideswipe,0
16-1722,FALLOWFIELD RD @ GREENBANK RD,363080.89768,5016733.56518,-75.75702662370,45.28814015620,2016-02-15,9:43:00 AM,01 - Clear,01 - Daylight,01 - Dry,01 - Traffic signal,01 - Functioning,03 - P.D. only,03 - Rear end,0
16-1723,EAGLESON RD @ HOPE SIDE RD/TERRY FOX DR,355187.04302,5014616.67083,-75.85786668340,45.26970214610,2016-02-15,10:33:00 AM,01 - Clear,01 - Daylight,01 - Dry,01 - Traffic signal,01 - Functioning,03 - P.D. only,05 - Turning movement,0
16-1724,RICHMOND RD btwn WINSTON AVE & CHURCHILL AVE N,363085.74125,5028195.99692,-75.75561457840,45.39127790560,2016-02-15,10:35:00 AM,01 - Clear,01 - Daylight,01 - Dry,10 - No control,,03 - P.D. only,06 - SMV unattended vehicle,0
16-1725,ABBEYHILL DR @ EAGLESON RD,353827.40536,5018035.55359,-75.87485506550,45.30056216960,2016-02-13,8:35:00 AM,01 - Clear,01 - Daylight,06 - Ice,01 - Traffic signal,01 - Functioning,03 - P.D. only,03 - Rear end,0
16-1726,MAURICE ST @ RENAUD RD,378422.41503,5031676.77998,-75.55924916230,45.42115147470,2016-02-15,11:25:00 AM,01 - Clear,01 - Daylight,01 - Dry,02 - Stop sign,01 - Functioning,02 - Non-fatal injury,04 - Sideswipe,0
16-1727,MARTHA AVE @ SUSAN ST,373903.55543,5028260.63439,-75.61746303280,45.39087561040,2016-02-15,11:41:00 AM,01 - Clear,01 - Daylight,05 - Packed snow,02 - Stop sign,01 - Functioning,02 - Non-fatal injury,02 - Angle,0
16-1728,MERIVALE RD btwn CLYDE AVE & GILBEY DR,364541.18019,5024517.44710,-75.73747332650,45.35805627700,2016-02-15,12:48:00 PM,01 - Clear,01 - Daylight,01 - Dry,10 - No control,,03 - P.D. only,05 - Turning movement,0
16-1729,ROGER STEVENS DR btwn SECOND LINE RD S & DORACK DR,370508.07335,5001844.53375,-75.66431848800,45.15351477310,2016-02-15,12:50:00 PM,01 - Clear,01 - Daylight,01 - Dry,10 - No control,,03 - P.D. only,07 - SMV other,0
16-1730,MACLAREN ST @ O'CONNOR ST,367898.54303,5030939.01450,-75.69380368230,45.41554165200,2016-02-14,12:50:00 PM,01 - Clear,01 - Daylight,01 - Dry,02 - Stop sign,01 - Functioning,02 - Non-fatal injury,07 - SMV other,1
16-1731,ALBERT ST @ PRESTON ST,366160.33122,5030464.47466,-75.71606939330,45.41142645790,2016-02-15,12:15:00 PM,01 - Clear,01 - Daylight,06 - Ice,01 - Traffic signal,01 - Functioning,03 - P.D. only,03 - Rear end,0
16-1732,COLONEL BY DR @ HAWTHORNE AVE/PRETORIA BRIDGE,368767.92974,5030526.22552,-75.68275042240,45.41174858160,2016-02-15,2:03:00 PM,01 - Clear,01 - Daylight,04 - Slush,01 - Traffic signal,01 - Functioning,03 - P.D. only,02 - Angle,0
16-1733,DALHOUSIE ST btwn RIDEAU ST & BESSERER ST,368212.41711,5032218.79964,-75.68962905860,45.42702834690,2016-02-15,1:00:00 PM,01 - Clear,01 - Daylight,01 - Dry,10 - No control,,03 - P.D. only,06 - SMV unattended vehicle,0
16-1734,JOCKVALE RD btwn GOLFLINKS DR & PRINCE OF WALES DR,366635.59969,5012207.60969,-75.71227844930,45.24711207540,2016-02-15,4:25:00 PM,03 - Snow,01 - Daylight,04 - Slush,10 - No control,,03 - P.D. only,07 - SMV other,0
16-1735,HWY 417 ST.LAURE IC115R51 @ ST. LAURENT BLVD,372530.18529,5031410.24376,-75.63456798730,45.41934856950,2016-02-15,4:47:00 PM,03 - Snow,05 - Dusk,06 - Ice,01 - Traffic signal,01 - Functioning,03 - P.D. only,03 - Rear end,0
16-1736,HAWTHORNE RD @ HUNT CLUB RD,375507.09128,5026406.74874,-75.59725197010,45.37403520980,2016-02-15,5:22:00 PM,01 - Clear,05 - Dusk,01 - Dry,01 - Traffic signal,01 - Functioning,03 - P.D. only,03 - Rear end,0
16-1737,RICHMOND RD @ STONEHAVEN DR,356780.97517,5015892.54688,-75.83742133520,45.28106671270,2016-02-15,5:40:00 PM,01 - Clear,07 - Dark,01 - Dry,01 - Traffic signal,01 - Functioning,02 - Non-fatal injury,05 - Turning movement,0
16-1738,AVIATION PKWY @ MONTREAL RD,372146.04471,5034108.35884,-75.63910681700,45.44366201270,2016-02-15,5:56:00 PM,01 - Clear,05 - Dusk,01 - Dry,01 - Traffic signal,01 - Functioning,03 - P.D. only,03 - Rear end,0
16-1739,ST. JOSEPH BLVD btwn R.C.M.P. COMPLEX & YOUVILLE DR,378430.64670,5036026.84297,-75.55849320090,45.46028948610,2016-02-15,6:15:00 PM,03 - Snow,07 - Dark,02 - Wet,10 - No control,,02 - Non-fatal injury,05 - Turning movement,0
16-1740,BRIDGESTONE DR/STEEPLE CHASE DR @ STONEHAVEN D,355105.95272,5016985.16390,-75.85865996620,45.29102016890,2016-02-15,6:16:00 PM,03 - Snow,07 - Dark,06 - Ice,11 - Roundabout,01 - Functioning,03 - P.D. only,02 - Angle,0
16-1741,DALMENY RD btwn STAGECOACH RD & 4TH LINE RD,378860.03930,4999842.38785,-75.55840759800,45.13467332840,2016-02-15,6:29:00 PM,01 - Clear,07 - Dark,02 - Wet,10 - No control,,03 - P.D. only,07 - SMV other,0
16-1742,ASHTON STATION RD @ FRANKTOWN RD,346299.49540,4996556.59702,-75.97262728060,45.10776838890,2016-02-15,10:00:00 PM,01 - Clear,07 - Dark,02 - Wet,02 - Stop sign,01 - Functioning,02 - Non-fatal injury,07 - SMV other,0
16-1743,ANDERSON RD btwn DOLMAN RIDGE RD & RIDGE RD,379011.86481,5028562.18338,-75.55218698510,45.39306608550,2016-02-15,10:15:00 PM,01 - Clear,07 - Dark,01 - Dry,10 - No control,,03 - P.D. only,07 - SMV other,0
16-1744,INNES RD @ TENTH LINE RD,383951.53832,5036159.33882,-75.48788754900,45.46087791360,2016-02-16,6:10:00 AM,03 - Snow,07 - Dark,05 - Packed snow,01 - Traffic signal,01 - Functioning,03 - P.D. only,03 - Rear end,0
16-1745,HAZELDEAN RD @ TERRY FOX DR,352206.93911,5017242.67496,-75.89559214110,45.29353886720,2016-02-16,6:52:00 AM,02 - Rain,03 - Dawn,03 - Loose snow,01 - Traffic signal,01 - Functioning,02 - Non-fatal injury,02 - Angle,0
16-1746,BLACKBURN BYPASS @ INNES RD E,379792.23870,5033781.81030,-75.54142735460,45.43994553660,2016-02-16,6:55:00 AM,03 - Snow,03 - Dawn,05 - Packed snow,01 - Traffic signal,01 - Functioning,03 - P.D. only,07 - SMV other,0
16-1747,FISHER AVE @ VIEWMOUNT DR,366918.70930,5024209.73672,-75.70716846480,45.35508094630,2016-02-16,6:58:00 AM,03 - Snow,03 - Dawn,03 - Loose snow,01 - Traffic signal,01 - Functioning,03 - P.D. only,07 - SMV other,0
16-1748,BANK ST @ CATHERINE ST,368040.37133,5030267.35002,-75.69207793190,45.40948542770,2016-02-16,7:06:00 AM,03 - Snow,03 - Dawn,03 - Loose snow,01 - Traffic signal,01 - Functioning,03 - P.D. only,02 - Angle,0
16-1749,CARLING AVE btwn ULLSWATER DR & SUNNY BRAE AVE,356862.88735,5023819.61928,-75.83554417810,45.35238939760,2016-02-16,7:38:00 AM,03 - Snow,01 - Daylight,04 - Slush,10 - No control,,03 - P.D. only,03 - Rear end,0
16-1750,CARLSBAD LANE @ RUSSELL RD,388197.48143,5025629.27222,-75.43538550430,45.36564482150,2016-02-16,7:30:00 AM,03 - Snow,01 - Daylight,05 - Packed snow,02 - Stop sign,01 - Functioning,02 - Non-fatal injury,07 - SMV other,0
16-1751,INNES RD @ STAR TOP RD/WINDMILL LANE,374147.94534,5030666.34096,-75.61400397000,45.41249683060,2016-02-16,7:58:00 AM,03 - Snow,01 - Daylight,05 - Packed snow,01 - Traffic signal,01 - Functioning,03 - P.D. only,03 - Rear end,0
16-1752,HERON RD EB btwn RIVERSIDE DR & BRONSON AVE RAMP 35,368617.65109,5026688.76006,-75.68516656520,45.37723397790,2016-02-16,8:15:00 AM,03 - Snow,01 - Daylight,03 - Loose snow,10 - No control,,03 - P.D. only,99 - Other,0
16-1753,REGIONAL ROAD 174 btwn OLD MONTREAL RD & OLD MONTREAL RD,393417.14207,5042795.10155,-75.36567536710,45.51944131330,2016-02-16,9:01:00 AM,03 - Snow,01 - Daylight,03 - Loose snow,10 - No control,,02 - Non-fatal injury,07 - SMV other,0
16-1754,KLONDIKE RD @ MARCH RD,349263.64289,5024061.39714,-75.93250307180,45.35508798550,2016-02-16,9:08:00 AM,03 - Snow,01 - Daylight,03 - Loose snow,01 - Traffic signal,01 - Functioning,03 - P.D. only,07 - SMV other,0
16-1755,SLATER ST btwn LYON ST N & KENT ST,367112.11365,5031158.79047,-75.70382294550,45.41758960480,2016-02-16,9:23:00 AM,03 - Snow,01 - Daylight,03 - Loose snow,10 - No control,,03 - P.D. only,03 - Rear end,0
16-1756,BALSAM ST btwn PRESTON ST & ROCHESTER ST,366532.44544,5029819.52069,-75.71139652920,45.40559061290,2016-02-16,9:36:00 AM,03 - Snow,01 - Daylight,03 - Loose snow,10 - No control,,03 - P.D. only,02 - Angle,0
16-1757,OLD SECOND LINE RD @ TERRY FOX DR,348795.20000,5022408.41290,-75.93862864270,45.34024357990,2016-02-16,9:53:00 AM,03 - Snow,01 - Daylight,03 - Loose snow,01 - Traffic signal,01 - Functioning,03 - P.D. only,07 - SMV other,0
16-1758,LANGSTROM CRES btwn JOHNSTON RD & JOHNSTON RD,373624.60567,5026309.66336,-75.62129712640,45.37334909830,2016-02-16,9:30:00 AM,03 - Snow,01 - Daylight,03 - Loose snow,10 - No control,,03 - P.D. only,06 - SMV unattended vehicle,0
16-1759,REGIONAL ROAD 174 btwn OR174 IC109 RAMP64 & OR174 IC105 RAMP16,376588.49670,5035283.52764,-75.58215399940,45.45379333560,2016-02-16,10:14:00 AM,03 - Snow,01 - Daylight,03 - Loose snow,10 - No control,,03 - P.D. only,04 - Sideswipe,0
16-1760,BANTREE ST @ INNES RD,373705.65779,5030405.97815,-75.61969040070,45.41019790240,2016-02-16,10:13:00 AM,03 - Snow,01 - Daylight,05 - Packed snow,01 - Traffic signal,01 - Functioning,03 - P.D. only,03 - Rear end,0
16-1761,METCALFE ST btwn CATHERINE ST & CATHERINE ST,368398.97656,5030479.20723,-75.68746972850,45.41135915380,2016-02-14,1:30:00 PM,01 - Clear,01 - Daylight,06 - Ice,10 - No control,,03 - P.D. only,03 - Rear end,0
16-1762,CARLING AVE @ SCRIVENS ST,359424.33393,5024259.17773,-75.80280736890,45.35614969850,2016-02-16,10:38:00 AM,03 - Snow,01 - Daylight,03 - Loose snow,01 - Traffic signal,01 - Functioning,03 - P.D. only,03 - Rear end,0
16-1763,PRESTONE DR btwn LAURIN CRES & MOUNTAINSIDE CRES,382933.46659,5038106.96694,-75.50059398570,45.47851554140,2016-02-16,10:48:00 AM,05 - Drifting Snow,01 - Daylight,03 - Loose snow,10 - No control,,03 - P.D. only,07 - SMV other,0
16-1764,HEMLO CRES btwn GOLDRIDGE DR & GRENGOLD WAY (1),350301.13285,5019352.21970,-75.91969503120,45.31264714220,2016-02-16,10:00:00 AM,03 - Snow,01 - Daylight,05 - Packed snow,10 - No control,,03 - P.D. only,07 - SMV other,0
16-1765,MARCH RD @ SOLANDT RD,350489.38896,5022711.16102,-75.91698421990,45.34285948280,2016-02-16,11:02:00 AM,03 - Snow,01 - Daylight,03 - Loose snow,01 - Traffic signal,01 - Functioning,03 - P.D. only,05 - Turning movement,0
16-1766,PANMURE RD @ HWY 417 PANMURE IC163R16,331523.01535,5021652.50843,-76.15905444800,45.33431211270,2016-02-16,11:09:00 AM,01 - Clear,01 - Daylight,05 - Packed snow,10 - No control,,03 - P.D. only,07 - SMV other,0
16-1767,BLOHM DR @ HUNT CLUB RD,375127.63516,5026191.45276,-75.60212670610,45.37213626420,2016-02-15,11:40:00 AM,01 - Clear,01 - Daylight,01 - Dry,01 - Traffic signal,01 - Functioning,03 - P.D. only,03 - Rear end,0
16-1768,HWY417 IC129 RAMP25 btwn GREENBANK RD & HIGHWAY 417,360711.33204,5023709.21063,-75.78644434720,45.35109966780,2016-02-16,11:12:00 AM,03 - Snow,01 - Daylight,03 - Loose snow,10 - No control,,03 - P.D. only,03 - Rear end,0
16-1769,CARLING AVE @ PARKDALE AVE,365625.32138,5028172.21138,-75.72318667430,45.39084792130,2016-02-16,11:00:00 AM,03 - Snow,01 - Daylight,03 - Loose snow,01 - Traffic signal,01 - Functioning,03 - P.D. only,03 - Rear end,0
16-1770,ST. JOSEPH BLVD/OLD MONTREAL RD @ TRIM RD,384682.14129,5039286.17498,-75.47803838600,45.48892703550,2016-02-16,11:49:00 AM,03 - Snow,01 - Daylight,03 - Loose snow,11 - Roundabout,01 - Functioning,03 - P.D. only,07 - SMV other,0
16-1771,JOCKVALE RD/RIDEAU VALLEY DR @ PRINCE OF WALES,366707.85244,5012197.71264,-75.71135934450,45.24701666990,2016-02-16,12:15:00 PM,03 - Snow,01 - Daylight,03 - Loose snow,01 - Traffic signal,01 - Functioning,03 - P.D. only,99 - Other,0
16-1772,NICHOLAS ST SB btwn LAURIER AVE E & Continuation of NICHOLAS ST,368455.08596,5031718.57725,-75.68659285940,45.42250548130,2016-02-16,12:15:00 PM,03 - Snow,01 - Daylight,03 - Loose snow,10 - No control,,03 - P.D. only,04 - Sideswipe,0
16-1773,CARLING AVE @ MERIVALE RD,364894.24456,5027699.39609,-75.73258014160,45.38665673720,2016-02-16,7:45:00 AM,03 - Snow,01 - Daylight,03 - Loose snow,01 - Traffic signal,01 - Functioning,03 - P.D. only,03 - Rear end,0
16-1774,BANK ST btwn PATTERSON AVE & POWELL AVE,368164.61120,5029966.12343,-75.69052959050,45.40676384960,2016-02-16,12:50:00 PM,03 - Snow,01 - Daylight,03 - Loose snow,10 - No control,,02 - Non-fatal injury,03 - Rear end,0
16-1775,INNES RD @ STAR TOP RD/WINDMILL LANE,374148.18504,5030666.33088,-75.61400090940,45.41249671600,2016-02-16,1:00:00 PM,03 - Snow,01 - Daylight,05 - Packed snow,01 - Traffic signal,01 - Functioning,03 - P.D. only,04 - Sideswipe,0
16-1776,INNES RD @ ORCHARDVIEW AVE/ESPRIT DR,384844.54013,5036560.33503,-75.47640524780,45.46438395730,2016-02-16,1:09:00 PM,03 - Snow,01 - Daylight,03 - Loose snow,01 - Traffic signal,01 - Functioning,03 - P.D. only,03 - Rear end,0
16-1777,BAYSHORE DR @ WOODRIDGE CRES N,359070.14623,5023875.78340,-75.80736976350,45.35272741760,2016-02-16,1:09:00 PM,03 - Snow,01 - Daylight,03 - Loose snow,01 - Traffic signal,01 - Functioning,02 - Non-fatal injury,07 - SMV other,1
16-1778,INDUSTRIAL AVE/INNES RD @ ST. LAURENT BLVD,373099.47048,5030004.92103,-75.62748944840,45.40664879660,2016-02-16,1:13:00 PM,03 - Snow,01 - Daylight,03 - Loose snow,01 - Traffic signal,01 - Functioning,03 - P.D. only,03 - Rear end,0
16-1779,CARRISON DR btwn REVELL DR & SCHARFGATE DR,367580.36413,5008883.11872,-75.70066375470,45.21711472990,2016-02-16,1:20:00 PM,03 - Snow,01 - Daylight,03 - Loose snow,10 - No control,,03 - P.D. only,07 - SMV other,0
16-1780,FERNBANK RD @ ROMINA ST,354466.98028,5015278.78831,-75.86697637530,45.27571126310,2016-02-16,1:00:00 PM,03 - Snow,01 - Daylight,05 - Packed snow,02 - Stop sign,01 - Functioning,03 - P.D. only,02 - Angle,0
16-1781,BESSERER ST @ CHARLOTTE ST,369292.92948,5032791.36372,-75.67574722810,45.43208126370,2016-02-16,1:50:00 PM,03 - Snow,01 - Daylight,03 - Loose snow,02 - Stop sign,01 - Functioning,03 - P.D. only,02 - Angle,0
16-1782,ALBERT ST @ BRONSON AVE,366741.08203,5031017.72241,-75.70858098360,45.41635326050,2016-02-16,2:53:00 PM,03 - Snow,01 - Daylight,03 - Loose snow,01 - Traffic signal,01 - Functioning,02 - Non-fatal injury,01 - Approaching,0
16-1783,CUMBERLAND ST @ LAURIER AVE,368598.62258,5031947.43619,-75.68472924460,45.42455159660,2016-02-16,2:54:00 PM,03 - Snow,01 - Daylight,03 - Loose snow,01 - Traffic signal,01 - Functioning,03 - P.D. only,04 - Sideswipe,0
16-1784,INNES RD @ O'TOOLE RD,389105.44364,5038307.22282,-75.42162735010,45.47959927830,2016-02-16,3:19:00 PM,03 - Snow,01 - Daylight,05 - Packed snow,02 - Stop sign,03 - Obscured,03 - P.D. only,02 - Angle,0
16-1785,BRONSON AVE @ CATHERINE ST/RAYMOND ST,367252.97481,5029795.76757,-75.70219599980,45.40531297300,2016-02-16,3:24:00 PM,03 - Snow,01 - Daylight,03 - Loose snow,01 - Traffic signal,01 - Functioning,03 - P.D. only,02 - Angle,0
16-1786,MERIVALE RD @ SHILLINGTON AVE,364844.02827,5026810.20403,-75.73332951170,45.37866025890,2016-02-16,3:31:00 PM,03 - Snow,01 - Daylight,03 - Loose snow,01 - Traffic signal,01 - Functioning,03 - P.D. only,07 - SMV other,0
16-1787,CONROY RD @ WALKLEY RD,372903.49813,5027464.20470,-75.63034339590,45.38380763890,2016-02-16,1:00:00 PM,03 - Snow,01 - Daylight,05 - Packed snow,01 - Traffic signal,01 - Functioning,03 - P.D. only,03 - Rear end,0
16-1788,DENHAM WAY btwn VICTOR ST & IVA ST,350435.48613,5015213.93449,-75.91836241210,45.27540090750,2016-02-16,3:55:00 PM,03 - Snow,01 - Daylight,05 - Packed snow,10 - No control,,03 - P.D. only,06 - SMV unattended vehicle,0
16-1789,CORKSTOWN RD btwn MOODIE DR & CRYSTAL BEACH DR,356865.50150,5022668.45095,-75.83563200420,45.34203090970,2016-02-16,4:04:00 PM,03 - Snow,01 - Daylight,03 - Loose snow,10 - No control,,03 - P.D. only,07 - SMV other,0
16-1790,BANK ST @ WALKLEY RD,370336.75431,5025948.83259,-75.66331730140,45.37041766350,2016-02-16,4:28:00 PM,03 - Snow,01 - Daylight,03 - Loose snow,01 - Traffic signal,01 - Functioning,03 - P.D. only,04 - Sideswipe,0
16-1791,TOPLEY CRES btwn KARSH DR & KEYS WAY (2),373812.59078,5026381.84129,-75.61888726790,45.37398003590,2016-02-16,4:00:00 PM,03 - Snow,01 - Daylight,03 - Loose snow,10 - No control,,03 - P.D. only,02 - Angle,0