Record,Location,X,Y,Longitude,Latitude,Date,Time,Environment,Light,Road_Surface,Traffic_Control,Collision_Location,Collision_Classification,Impact_type,Pedestrian
16-1792,WESLOCK WAY btwn WALDEN DR & ZOKOL CRES,350645.05282,5021232.35606,-75.91513498800,45.32954270820,2016-02-16,5:15:00 PM,03 - Snow,05 - Dusk,03 - Loose snow,10 - No control,,03 - P.D. only,06 - SMV unattended vehicle,0
16-1793,CYRVILLE RD btwn STAR TOP RD & MEADOWBROOK RD,374243.00704,5031332.90016,-75.61269567400,45.41848476240,2016-02-16,5:25:00 PM,03 - Snow,07 - Dark,03 - Loose snow,10 - No control,,03 - P.D. only,01 - Approaching,0
16-1794,EAGLESON RD @ PALOMINO DR S/ROTHESAY DR,354124.85638,5017289.11483,-75.87113676630,45.29382473270,2016-02-16,5:46:00 PM,03 - Snow,05 - Dusk,03 - Loose snow,01 - Traffic signal,01 - Functioning,03 - P.D. only,02 - Angle,0
16-1795,TENTH LINE RD @ LAKEPOINTE DR,384261.73132,5035420.34571,-75.48404114760,45.45419391810,2016-02-16,5:51:00 PM,03 - Snow,07 - Dark,05 - Packed snow,01 - Traffic signal,01 - Functioning,03 - P.D. only,03 - Rear end,0
16-1796,TENTH LINE RD btwn TOMPKINS AVE & CANOTIA PL,383214.78307,5037884.30174,-75.49703176190,45.47648066530,2016-02-16,6:14:00 PM,03 - Snow,07 - Dark,03 - Loose snow,10 - No control,,03 - P.D. only,03 - Rear end,0
16-1797,ERINBROOK CRES @ SOUTHVALE CRES E,374114.40873,5029183.21313,-75.61464088040,45.39915569840,2016-02-16,6:29:00 PM,03 - Snow,07 - Dark,03 - Loose snow,10 - No control,,03 - P.D. only,03 - Rear end,0
16-1798,KING EDWARD AVE @ ST. PATRICK ST,368248.47734,5032824.26069,-75.68909026850,45.43247279990,2016-02-16,6:36:00 PM,03 - Snow,07 - Dark,05 - Packed snow,01 - Traffic signal,01 - Functioning,02 - Non-fatal injury,03 - Rear end,0
16-1799,CHAMBERLAIN AVE @ PERCY ST,367558.93488,5029824.78118,-75.69828421100,45.40554666360,2016-02-16,6:49:00 PM,03 - Snow,07 - Dark,03 - Loose snow,01 - Traffic signal,01 - Functioning,03 - P.D. only,02 - Angle,0
16-1800,CARLING AVE btwn ARCHIBALD ST & 73 E OF ARCHIBALD ST/WESTGATE SC W,364680.02746,5027565.12088,-75.73533179690,45.38546690040,2016-02-16,7:01:00 PM,03 - Snow,07 - Dark,03 - Loose snow,10 - No control,,02 - Non-fatal injury,03 - Rear end,0
16-1801,HAWTHORNE RD/RUSSELL RD @ WALKLEY RD,374674.15419,5028500.46149,-75.60758877520,45.39295699700,2016-02-16,6:50:00 AM,03 - Snow,03 - Dawn,04 - Slush,01 - Traffic signal,01 - Functioning,03 - P.D. only,03 - Rear end,0
16-1802,LEMIEUX ST @ ST. LAURENT BLVD,372391.06608,5031742.78394,-75.63629977760,45.42235406510,2016-02-16,7:18:00 PM,03 - Snow,07 - Dark,04 - Slush,01 - Traffic signal,01 - Functioning,03 - P.D. only,02 - Angle,0
16-1803,CYRVILLE RD btwn ST. LAURENT BLVD & CYRVILLE RD,372274.47712,5032107.58533,-75.63773944970,45.42564763320,2016-02-16,7:23:00 PM,03 - Snow,07 - Dark,03 - Loose snow,10 - No control,,03 - P.D. only,03 - Rear end,0
16-1804,JEANNE D'ARC BLVD  S btwn OR174 IC105 RAMP52 & OR174 IC105 RAMP53,379460.45946,5036907.96943,-75.54519309870,45.46810790200,2016-02-16,7:25:00 PM,03 - Snow,07 - Dark,05 - Packed snow,10 - No control,,02 - Non-fatal injury,03 - Rear end,0
16-1805,GREENBANK RD btwn WEST HUNT CLUB RD & FALLOWFIELD RD,363077.16307,5016744.74949,-75.75707291510,45.28824110230,2016-02-16,7:49:00 PM,03 - Snow,07 - Dark,03 - Loose snow,10 - No control,,03 - P.D. only,03 - Rear end,0
16-1806,SOUTHLAND CRES btwn KARSH DR & KARSH DR,373783.41917,5026134.57108,-75.61929420470,45.37175807700,2016-02-16,7:51:00 PM,03 - Snow,07 - Dark,03 - Loose snow,10 - No control,,02 - Non-fatal injury,07 - SMV other,1
16-1807,MEADOWLANDS DR btwn BAYNE AVE & MERIVALE RD,364807.86003,5023697.51488,-75.73416929420,45.35065586770,2016-02-16,8:33:00 PM,03 - Snow,07 - Dark,05 - Packed snow,10 - No control,,03 - P.D. only,03 - Rear end,0
16-1808,FALLOWFIELD RD @ WOODROFFE AVE,365085.15000,5017902.47994,-75.73133631610,45.29848893610,2016-02-16,8:50:00 PM,03 - Snow,07 - Dark,03 - Loose snow,01 - Traffic signal,01 - Functioning,03 - P.D. only,04 - Sideswipe,0
16-1809,ECHO DR @ HARVEY ST,368800.71180,5030716.13135,-75.68230698470,45.41345429220,2016-02-16,10:21:00 PM,03 - Snow,07 - Dark,03 - Loose snow,10 - No control,,03 - P.D. only,06 - SMV unattended vehicle,0
16-1810,GREENBANK RD btwn LISA AVE & BASELINE RD,360594.57664,5022592.93527,-75.78806021760,45.34106474080,2016-02-16,10:26:00 PM,03 - Snow,07 - Dark,03 - Loose snow,10 - No control,,03 - P.D. only,03 - Rear end,0
16-1811,COVENTRY RD @ VANIER PKWY,370676.60444,5031612.36162,-75.65822274690,45.42134412750,2016-02-16,11:24:00 PM,03 - Snow,07 - Dark,03 - Loose snow,01 - Traffic signal,01 - Functioning,03 - P.D. only,07 - SMV other,0
16-1812,QUEEN MARY ST btwn QUILL ST & EDITH AVE,370896.53878,5032018.36386,-75.65535823680,45.42497642000,2016-02-16,11:23:00 PM,03 - Snow,07 - Dark,05 - Packed snow,10 - No control,,03 - P.D. only,06 - SMV unattended vehicle,0
16-1813,DALHOUSIE ST @ ST. ANDREW ST,367870.48362,5032783.36292,-75.69392601180,45.43213900870,2016-02-17,12:35:00 AM,01 - Clear,07 - Dark,03 - Loose snow,02 - Stop sign,01 - Functioning,03 - P.D. only,01 - Approaching,0
16-1814,FISHER AVE btwn SHILLINGTON AVE & EMPEROR AVE,365664.74765,5027204.09378,-75.72280258420,45.38213358160,2016-02-17,5:45:00 AM,01 - Clear,07 - Dark,03 - Loose snow,10 - No control,,03 - P.D. only,03 - Rear end,0
16-1815,KING EDWARD AVE @ MURRAY ST,368291.03387,5032754.24793,-75.68855545230,45.43183898760,2016-02-17,6:49:00 AM,01 - Clear,03 - Dawn,06 - Ice,01 - Traffic signal,01 - Functioning,02 - Non-fatal injury,03 - Rear end,0
16-1816,AIRPORT PKWY @ HUNT CLUB RD,371018.52800,5023702.30934,-75.65491529090,45.35014008940,2016-02-17,6:55:00 AM,01 - Clear,03 - Dawn,02 - Wet,01 - Traffic signal,,03 - P.D. only,04 - Sideswipe,0
16-1817,ANGLEHART AVE E @ DES ARBRES ST E,383242.14563,5036179.59430,-75.49695393190,45.46114016410,2016-02-17,7:54:00 AM,01 - Clear,01 - Daylight,05 - Packed snow,03 - Yield sign,01 - Functioning,03 - P.D. only,02 - Angle,0
16-1818,EAGLESON RD btwn ABBEYHILL DR & PALOMINO DR,354007.18637,5017583.88409,-75.87260765220,45.29648538140,2016-02-17,8:03:00 AM,01 - Clear,01 - Daylight,03 - Loose snow,10 - No control,,03 - P.D. only,03 - Rear end,0
16-1819,HERON RD EB btwn BRONSON AVE RAMP 52 & HERON RD SPLIT,368700.47171,5026699.13093,-75.68410786490,45.37731974300,2016-02-17,8:13:00 AM,01 - Clear,01 - Daylight,04 - Slush,10 - No control,,03 - P.D. only,03 - Rear end,0
16-1820,BUNCHBERRY WAY btwn WILLOWMERE WAY N & WILLOWMERE WAY S,373943.54400,5019726.73700,-75.61814576610,45.31408707280,2016-02-17,8:25:00 AM,01 - Clear,01 - Daylight,03 - Loose snow,10 - No control,,03 - P.D. only,02 - Angle,0
16-1821,BAY ST @ COOPER ST,367202.16014,5030719.87684,-75.70272809010,45.41363236760,2016-02-17,8:15:00 AM,03 - Snow,01 - Daylight,03 - Loose snow,02 - Stop sign,01 - Functioning,03 - P.D. only,02 - Angle,0
16-1822,INNES RD @ JEANNE D'ARC BLVD/MER BLEUE RD,382637.53162,5035567.77568,-75.50478085180,45.45570316980,2016-02-17,8:29:00 AM,01 - Clear,01 - Daylight,02 - Wet,01 - Traffic signal,01 - Functioning,03 - P.D. only,05 - Turning movement,0
16-1823,METCALFE ST @ WELLINGTON ST,367564.75245,5031817.34491,-75.69795614160,45.42347460760,2016-02-17,8:33:00 AM,03 - Snow,01 - Daylight,05 - Packed snow,01 - Traffic signal,01 - Functioning,03 - P.D. only,03 - Rear end,0
16-1824,CAMPEAU DR @ TERON RD/COLCHESTER SQ,352563.05657,5020467.74778,-75.89074131190,45.32253469660,2016-02-17,7:55:00 AM,03 - Snow,01 - Daylight,05 - Packed snow,01 - Traffic signal,01 - Functioning,03 - P.D. only,03 - Rear end,0
16-1825,INNES RD @ TENTH LINE RD,383951.08841,5036158.88891,-75.48789337340,45.46087391680,2016-02-17,8:15:00 AM,01 - Clear,01 - Daylight,05 - Packed snow,01 - Traffic signal,01 - Functioning,03 - P.D. only,03 - Rear end,0
16-1826,CATHERINE ST @ KENT ST,367906.32977,5030188.33478,-75.69380031190,45.40878657280,2016-02-17,8:33:00 AM,01 - Clear,01 - Daylight,03 - Loose snow,01 - Traffic signal,01 - Functioning,03 - P.D. only,04 - Sideswipe,0
16-1827,MEADOWBROOK RD @ RIDGEBROOK DR N,374693.51206,5032097.78824,-75.60683155420,45.42532195590,2016-02-16,7:00:00 PM,03 - Snow,07 - Dark,03 - Loose snow,02 - Stop sign,01 - Functioning,03 - P.D. only,06 - SMV unattended vehicle,0
16-1828,GREENBANK RD @ WEST HUNT CLUB RD,361479.45746,5020501.82058,-75.77700946650,45.32217799020,2016-02-17,8:55:00 AM,01 - Clear,01 - Daylight,04 - Slush,01 - Traffic signal,01 - Functioning,03 - P.D. only,03 - Rear end,0
16-1829,BAY ST @ GLADSTONE AVE,367462.48872,5030288.34202,-75.69945722610,45.40972628600,2016-02-17,8:58:00 AM,01 - Clear,01 - Daylight,04 - Slush,02 - Stop sign,01 - Functioning,03 - P.D. only,02 - Angle,0
16-1830,DUNROBIN RD btwn DUNROBIN RD & MURPHY SIDE RD,343635.03421,5029952.86817,-76.00387559470,45.40843545040,2016-02-17,9:10:00 AM,05 - Drifting Snow,01 - Daylight,03 - Loose snow,10 - No control,,03 - P.D. only,03 - Rear end,0
16-1831,HOLLAND AVE/TUNNEY'S PASTURE @ SCOTT ST,364737.30331,5029595.80940,-75.73435374280,45.40373372530,2016-02-17,9:17:00 AM,01 - Clear,01 - Daylight,05 - Packed snow,01 - Traffic signal,01 - Functioning,03 - P.D. only,03 - Rear end,0
16-1832,DERBY ST btwn BYRON ST & END,385359.17269,5010876.17638,-75.47400909030,45.23323868650,2016-02-17,9:26:00 AM,01 - Clear,01 - Daylight,03 - Loose snow,10 - No control,,03 - P.D. only,02 - Angle,0
16-1833,BEECH ST btwn PRESTON ST & ROCHESTER ST,366830.97821,5029331.48679,-75.70764466680,45.40117302540,2016-02-17,9:26:00 AM,03 - Snow,01 - Daylight,05 - Packed snow,10 - No control,,03 - P.D. only,06 - SMV unattended vehicle,0
16-1834,OR174 IC112 RAMP61 btwn OR174 IC112 RAMP36 & REGIONAL ROAD 174,374681.05402,5033017.26106,-75.60686026070,45.43359611360,2016-02-16,8:06:00 AM,03 - Snow,01 - Daylight,05 - Packed snow,10 - No control,,03 - P.D. only,03 - Rear end,0
16-1835,ADELINE ST @ PRESTON ST,366778.90147,5029050.82081,-75.70834507600,45.39865228010,2016-02-17,9:52:00 AM,01 - Clear,01 - Daylight,01 - Dry,02 - Stop sign,01 - Functioning,03 - P.D. only,03 - Rear end,0
16-1836,FARMERS WAY btwn LEITRIM RD & EIGHTH LINE RD,381442.28246,5025475.89328,-75.52162990960,45.36503599350,2016-02-13,3:00:00 PM,01 - Clear,01 - Daylight,01 - Dry,10 - No control,,02 - Non-fatal injury,07 - SMV other,0
16-1837,MANCINI WAY btwn INFUSION PRIV E & INFUSION PRIV W,364921.74100,5014725.70100,-75.73380456720,45.26991837680,2016-02-16,2:50:00 PM,03 - Snow,01 - Daylight,05 - Packed snow,10 - No control,,03 - P.D. only,02 - Angle,0
16-1838,ST. LAURENT BLVD @ JOLIFFE ST,373751.83257,5028417.48034,-75.61937857090,45.39230179240,2016-02-17,10:37:00 AM,01 - Clear,01 - Daylight,06 - Ice,01 - Traffic signal,01 - Functioning,02 - Non-fatal injury,03 - Rear end,0
16-1839,WEST HUNT CLUB RD WB btwn 210 W OF MERIVALE RD & MERIVALE RD,365559.94548,5021909.50157,-75.72479153250,45.33450281980,2016-02-17,10:46:00 AM,01 - Clear,01 - Daylight,02 - Wet,10 - No control,,03 - P.D. only,03 - Rear end,0
16-1840,GENEST ST @ MARQUETTE AVE,369841.92938,5033961.82058,-75.66857681290,45.44256170490,2016-02-17,8:20:00 AM,01 - Clear,01 - Daylight,05 - Packed snow,02 - Stop sign,01 - Functioning,03 - P.D. only,03 - Rear end,0
16-1841,SWEETFLAG ST btwn SPRINGBEAUTY AVE & TWAYBLADE AVE,365197.04700,5016870.59700,-75.73003536530,45.28919449780,2016-02-10,12:00:00 AM,00 - Unknown,00 - Unknown,00 - Unknown,10 - No control,,03 - P.D. only,06 - SMV unattended vehicle,0
16-1842,LAURIER AVE   E btwn RUSSELL AVE & CHAPEL ST,369111.90349,5032260.85264,-75.67812987640,45.42732459800,2016-02-16,8:30:00 AM,03 - Snow,01 - Daylight,05 - Packed snow,10 - No control,,03 - P.D. only,06 - SMV unattended vehicle,0
16-1843,BANK ST @ HERON RD,369995.49802,5026852.65208,-75.66755421560,45.37858177340,2016-02-17,11:40:00 AM,01 - Clear,01 - Daylight,02 - Wet,01 - Traffic signal,01 - Functioning,03 - P.D. only,05 - Turning movement,0
16-1844,HUNT CLUB RD @ CANADAIR PRIV,368661.61971,5022311.27436,-75.68517076050,45.33784245680,2016-02-17,7:30:00 AM,01 - Clear,01 - Daylight,04 - Slush,01 - Traffic signal,01 - Functioning,03 - P.D. only,03 - Rear end,0
16-1845,INNES RD btwn TENTH LINE RD & 240 E OF TENTH LINE RD/HOME DEPOT E,383962.28662,5036164.71198,-75.48774926670,45.46092503900,2016-02-17,11:57:00 AM,01 - Clear,01 - Daylight,04 - Slush,10 - No control,,03 - P.D. only,04 - Sideswipe,0
16-1846,IRIS ST btwn LAZARD ST & FIELD ST,362584.00015,5024627.76840,-75.76243943970,45.35921297430,2016-02-17,12:19:00 PM,03 - Snow,01 - Daylight,03 - Loose snow,10 - No control,,03 - P.D. only,99 - Other,0
16-1847,GREENBANK RD @ LISA AVE,360553.75662,5022894.18096,-75.78854709040,45.34377859180,2016-02-17,12:23:00 PM,01 - Clear,01 - Daylight,03 - Loose snow,01 - Traffic signal,01 - Functioning,03 - P.D. only,05 - Turning movement,0
16-1848,PRINCE OF WALES DR @ MEADOWLANDS DR/HOG'S BACK,367371.01672,5025692.55403,-75.70120841310,45.36838279180,2016-02-14,3:45:00 PM,01 - Clear,01 - Daylight,01 - Dry,01 - Traffic signal,01 - Functioning,03 - P.D. only,04 - Sideswipe,0
16-1849,IPSWICH TER btwn BEACON WAY & BEACON WAY,349130.74156,5023023.95167,-75.93429223620,45.34576122570,2016-02-17,12:30:00 PM,03 - Snow,01 - Daylight,03 - Loose snow,10 - No control,,03 - P.D. only,01 - Approaching,0
16-1850,MCCARTHY RD @ WALKLEY RD,369249.76522,5025299.48683,-75.67727773250,45.36467584030,2016-02-17,12:50:00 PM,03 - Snow,01 - Daylight,03 - Loose snow,01 - Traffic signal,01 - Functioning,03 - P.D. only,02 - Angle,0
16-1851,CARLING AVE WB btwn SHERBOURNE RD & BROADVIEW AVE,363027.27115,5026540.66926,-75.75655651250,45.37638836360,2016-02-17,1:19:00 PM,03 - Snow,01 - Daylight,03 - Loose snow,10 - No control,,03 - P.D. only,01 - Approaching,0
16-1852,BANK ST @ SOMERSET ST,367694.70290,5030916.69020,-75.69641069380,45.41535913680,2016-02-17,1:25:00 PM,03 - Snow,01 - Daylight,03 - Loose snow,01 - Traffic signal,01 - Functioning,03 - P.D. only,03 - Rear end,0
16-1853,ST. ANDREW ST btwn CUMBERLAND ST & KING EDWARD AVE,368107.41714,5032936.82983,-75.69087844760,45.43349844050,2016-02-17,1:27:00 PM,03 - Snow,01 - Daylight,05 - Packed snow,10 - No control,,03 - P.D. only,06 - SMV unattended vehicle,0
16-1854,KINGHAVEN CRES btwn KINGHAVEN CRES & STONEHAVEN DR,355405.94900,5017058.29000,-75.85482815860,45.29165663260,2016-02-16,4:30:00 PM,03 - Snow,01 - Daylight,03 - Loose snow,10 - No control,,03 - P.D. only,02 - Angle,0
16-1855,BASELINE RD @ GREENBANK RD,360597.46476,5022584.28066,-75.78802434300,45.34098663710,2016-02-17,7:45:00 AM,01 - Clear,01 - Daylight,04 - Slush,01 - Traffic signal,01 - Functioning,03 - P.D. only,03 - Rear end,0
16-1856,EAGLE LANE @ MEADOWLANDS DR,365278.89670,5024421.08653,-75.72806987700,45.35712599220,2016-02-16,6:30:00 PM,05 - Drifting Snow,07 - Dark,03 - Loose snow,02 - Stop sign,01 - Functioning,03 - P.D. only,02 - Angle,0
16-1857,FISHER AVE btwn APPLEBY PRIV & TURN LANE,366974.69248,5024080.42143,-75.70647027330,45.35391243120,2016-02-17,10:00:00 AM,03 - Snow,01 - Daylight,03 - Loose snow,10 - No control,,03 - P.D. only,99 - Other,0
16-1858,VANIER PKWY SB btwn PRESLAND RD & COVENTRY RD,370639.94144,5031609.94669,-75.65869150200,45.42132585060,2016-02-17,2:05:00 PM,03 - Snow,01 - Daylight,03 - Loose snow,10 - No control,,03 - P.D. only,07 - SMV other,0
16-1859,GLOUCESTER ST btwn BANK ST & O'CONNOR ST,367611.56718,5031251.71670,-75.69743008830,45.41838106650,2016-02-17,2:06:00 PM,03 - Snow,01 - Daylight,03 - Loose snow,10 - No control,,03 - P.D. only,06 - SMV unattended vehicle,0
16-1860,GOLDRIDGE DR btwn CHELTONIA WAY & INSMILL CRES (2),349744.04313,5019337.81023,-75.92680090030,45.31255335780,2016-02-17,2:07:00 PM,01 - Clear,01 - Daylight,03 - Loose snow,10 - No control,,03 - P.D. only,04 - Sideswipe,0
16-1861,ROBERTSON RD @ VANIER RD,357394.55611,5020645.70254,-75.82909654870,45.32379058850,2016-02-17,8:40:00 AM,01 - Clear,01 - Daylight,05 - Packed snow,01 - Traffic signal,01 - Functioning,03 - P.D. only,03 - Rear end,0
16-1862,BAYCREST DR btwn CEDARWOOD DR & SANDALWOOD DR,371237.49545,5026781.76705,-75.65170709520,45.37782730360,2016-02-17,2:44:00 PM,01 - Clear,01 - Daylight,02 - Wet,10 - No control,,03 - P.D. only,04 - Sideswipe,0
16-1863,COBB CRT btwn THARE CRES & END,363965.51076,5016925.98827,-75.74572747230,45.28979766480,2016-02-17,2:45:00 PM,01 - Clear,01 - Daylight,01 - Dry,10 - No control,,03 - P.D. only,99 - Other,0
16-1864,BARRETTE ST @ ST. CHARLES ST,369470.60626,5033730.83564,-75.67335324590,45.44051784600,2016-02-17,3:44:00 PM,03 - Snow,01 - Daylight,03 - Loose snow,02 - Stop sign,01 - Functioning,02 - Non-fatal injury,02 - Angle,0
16-1865,MONTREAL RD @ MONTFORT HOSPITAL,372221.98287,5034143.84907,-75.63813133700,45.44397401690,2016-02-17,3:56:00 PM,03 - Snow,01 - Daylight,03 - Loose snow,01 - Traffic signal,01 - Functioning,02 - Non-fatal injury,03 - Rear end,0
16-1866,MAPLE GROVE RD btwn HUNTMAR DR & ROSEHILL AVE,350381.47847,5016814.00834,-75.91890375060,45.28980237980,2016-02-17,3:58:00 PM,03 - Snow,01 - Daylight,05 - Packed snow,10 - No control,,03 - P.D. only,07 - SMV other,0
16-1867,ALBERT ST @ ELGIN ST/MACKENZIE KING BRIDGE,367851.37753,5031711.80338,-75.69430735560,45.42249920480,2016-02-17,3:59:00 PM,03 - Snow,01 - Daylight,05 - Packed snow,01 - Traffic signal,01 - Functioning,03 - P.D. only,04 - Sideswipe,0
16-1868,ABERDEEN ST @ PRESTON ST,366651.47516,5029342.66029,-75.70993593510,45.40128944370,2016-02-17,4:00:00 PM,03 - Snow,01 - Daylight,04 - Slush,02 - Stop sign,01 - Functioning,03 - P.D. only,02 - Angle,0
16-1869,RICHMOND RD @ SEYTON DR,357399.31383,5019314.69648,-75.82917719970,45.31181369970,2016-02-17,4:12:00 PM,01 - Clear,01 - Daylight,03 - Loose snow,01 - Traffic signal,01 - Functioning,02 - Non-fatal injury,05 - Turning movement,0
16-1870,KING EDWARD AVE btwn RAMP & BOLTON ST,368002.57415,5033232.40544,-75.69218034760,45.43616740760,2016-02-17,4:45:00 PM,03 - Snow,01 - Daylight,06 - Ice,10 - No control,,03 - P.D. only,07 - SMV other,0
16-1871,COUNTRY GLEN WAY btwn CALVINGTON AVE & CAMPEAU DR,349219.68456,5018338.08322,-75.93357764260,45.30359088070,2016-02-17,4:19:00 PM,03 - Snow,01 - Daylight,03 - Loose snow,10 - No control,,03 - P.D. only,99 - Other,0
16-1872,ELGIN ST NB @ WELLINGTON ST/RIDEAU ST,367802.91951,5031965.72653,-75.69489403120,45.42478828590,2016-02-17,4:10:00 PM,03 - Snow,01 - Daylight,03 - Loose snow,01 - Traffic signal,00 - Unknown,03 - P.D. only,03 - Rear end,0
16-1873,RIDEAU ST btwn RIDEAU PL & MONTREAL RD,369534.24623,5032961.82051,-75.67264098860,45.43359267000,2016-02-17,4:39:00 PM,05 - Drifting Snow,01 - Daylight,06 - Ice,10 - No control,,03 - P.D. only,01 - Approaching,0
16-1874,PRESTON ST @ SOMERSET ST,366307.74827,5030127.45279,-75.71422824310,45.40838108490,2016-02-17,4:42:00 PM,03 - Snow,01 - Daylight,04 - Slush,01 - Traffic signal,01 - Functioning,03 - P.D. only,02 - Angle,0
16-1875,VANIER PKWY/CRICHTON ST @ BEECHWOOD AVE/ST. PA,369127.74744,5033487.27228,-75.67776718920,45.43835799140,2016-02-17,4:41:00 PM,01 - Clear,01 - Daylight,01 - Dry,01 - Traffic signal,01 - Functioning,03 - P.D. only,03 - Rear end,0
16-1876,CYRVILLE RD btwn MEADOWBROOK RD & MAXIME ST,374723.85055,5031209.70371,-75.60656995140,45.41732841580,2016-02-17,4:46:00 PM,01 - Clear,01 - Daylight,03 - Loose snow,10 - No control,,03 - P.D. only,02 - Angle,0
16-1877,BEARBROOK RD/ROCKCLIFFE PKWY @ ST. JOSEPH BLVD,377126.96320,5035241.22047,-75.57527660010,45.45335716050,2016-02-17,4:30:00 PM,03 - Snow,01 - Daylight,03 - Loose snow,01 - Traffic signal,01 - Functioning,03 - P.D. only,05 - Turning movement,0
16-1878,BASELINE RD @ MERIVALE RD,365054.47442,5025325.29292,-75.73082382020,45.36528122120,2016-02-17,4:49:00 PM,03 - Snow,01 - Daylight,05 - Packed snow,01 - Traffic signal,01 - Functioning,03 - P.D. only,03 - Rear end,0
16-1879,BANK ST @ RIVERDALE AVE,369077.31556,5028115.88831,-75.67911227480,45.39003282320,2016-02-17,4:48:00 PM,01 - Clear,01 - Daylight,04 - Slush,01 - Traffic signal,01 - Functioning,03 - P.D. only,03 - Rear end,0
16-1880,REGIONAL ROAD 174 btwn TRANSIT & OR174 IC109 RAMP54,376365.82928,5034752.92113,-75.58507772830,45.44904211560,2016-02-17,5:03:00 PM,03 - Snow,01 - Daylight,05 - Packed snow,10 - No control,,03 - P.D. only,03 - Rear end,0
16-1881,MER BLEUE RD btwn 210 S OF INNES RD & INNES RD,382725.55848,5035388.19160,-75.50368397880,45.45407761470,2016-02-17,5:04:00 PM,03 - Snow,01 - Daylight,06 - Ice,10 - No control,,02 - Non-fatal injury,07 - SMV other,1
16-1882,PRINCE OF WALES DR @ STRANDHERD DR,367175.06782,5014824.41298,-75.70507834810,45.27061033710,2016-02-17,5:04:00 PM,03 - Snow,01 - Daylight,06 - Ice,01 - Traffic signal,01 - Functioning,03 - P.D. only,03 - Rear end,0
16-1883,MONTREAL RD @ DEN HAAG DR/LANG'S RD,372386.49846,5034221.36416,-75.63601789480,45.44465557220,2016-02-17,4:45:00 PM,03 - Snow,01 - Daylight,03 - Loose snow,01 - Traffic signal,01 - Functioning,03 - P.D. only,03 - Rear end,0
16-1884,GIBBARD AVE @ GREENBANK RD,361430.34983,5020617.59008,-75.77762258450,45.32322364730,2016-02-17,1:10:00 PM,01 - Clear,01 - Daylight,01 - Dry,02 - Stop sign,01 - Functioning,03 - P.D. only,03 - Rear end,0
16-1885,PLEASANT PARK RD @ ALTA VISTA DR,370365.99358,5028467.67998,-75.66260953070,45.39307866100,2016-02-17,5:20:00 PM,03 - Snow,05 - Dusk,02 - Wet,01 - Traffic signal,01 - Functioning,03 - P.D. only,05 - Turning movement,0
16-1886,BANK ST @ SOUTHKEYS SC,371084.15738,5024522.31989,-75.65396788070,45.35751208580,2016-02-17,5:29:00 PM,03 - Snow,05 - Dusk,03 - Loose snow,01 - Traffic signal,01 - Functioning,03 - P.D. only,03 - Rear end,0
16-1887,VANIER PKWY/CRICHTON ST @ BEECHWOOD AVE/ST. PA,369131.39678,5033489.80259,-75.67772021700,45.43838042220,2016-02-17,8:00:00 AM,03 - Snow,01 - Daylight,02 - Wet,01 - Traffic signal,01 - Functioning,03 - P.D. only,03 - Rear end,0
16-1888,KLONDIKE RD @ SECOND LINE RD,348189.27511,5023075.38359,-75.94630127570,45.34628289410,2016-02-17,5:55:00 PM,03 - Snow,07 - Dark,06 - Ice,02 - Stop sign,03 - Obscured,03 - P.D. only,03 - Rear end,0
16-1889,MOSS GROVE ST btwn SORENTO ST & PAUL METIVIER DR,366231.85090,5014874.92452,-75.71709152820,45.27114786350,2016-02-17,6:01:00 PM,03 - Snow,07 - Dark,03 - Loose snow,10 - No control,,03 - P.D. only,06 - SMV unattended vehicle,0
16-1890,BERRIGAN DR @ LONGFIELDS DR,364305.90363,5015647.46028,-75.74154166790,45.27826474740,2016-02-17,6:06:00 PM,01 - Clear,07 - Dark,06 - Ice,11 - Roundabout,01 - Functioning,03 - P.D. only,03 - Rear end,0
16-1891,CLYDE AVE btwn MAITLAND AVE & BASELINE RD,364290.76157,5025047.15441,-75.74060558580,45.36284380430,2016-02-17,6:08:00 PM,03 - Snow,05 - Dusk,04 - Slush,10 - No control,,03 - P.D. only,05 - Turning movement,0
16-1892,IRVING AVE @ LAUREL ST,365712.57987,5029607.83198,-75.72189510440,45.40375771630,2016-02-17,6:10:00 PM,01 - Clear,07 - Dark,03 - Loose snow,10 - No control,,03 - P.D. only,05 - Turning movement,0
16-1893,LEEDS AVE @ SHEFFIELD RD,374863.40553,5029551.21873,-75.60502276650,45.40239227340,2016-02-17,6:13:00 PM,03 - Snow,07 - Dark,05 - Packed snow,03 - Yield sign,01 - Functioning,03 - P.D. only,02 - Angle,0
16-1894,MEADOW LANE RD btwn LILAC LANE & BELLA VISTA DR,386278.73603,5042004.14495,-75.45716454850,45.51319589630,2016-02-17,6:23:00 PM,03 - Snow,07 - Dark,03 - Loose snow,10 - No control,,03 - P.D. only,06 - SMV unattended vehicle,0
16-1895,MERIVALE RD btwn WOODFIELD DR & 170 N OF WEST HUNT CLUB RD/COSTCO SC,365478.23939,5022261.65096,-75.72579070910,45.33767848510,2016-02-17,6:34:00 PM,03 - Snow,07 - Dark,04 - Slush,10 - No control,,03 - P.D. only,04 - Sideswipe,0