Record,Location,X,Y,Longitude,Latitude,Date,Time,Environment,Light,Road_Surface,Traffic_Control,Collision_Location,Collision_Classification,Impact_type,Pedestrian
16-2003,BRONSON AVE btwn CLEMOW AVE & CARLING AVE,367426.05870,5029383.98426,-75.70003745600,45.40159240240,2016-02-18,12:15:00 PM,01 - Clear,01 - Daylight,01 - Dry,10 - No control,,02 - Non-fatal injury,01 - Approaching,0
16-2004,LEITRIM RD btwn FENTON RD & BANK ST,375132.89293,5021429.26403,-75.60273692210,45.32928763220,2016-02-15,12:15:00 PM,01 - Clear,01 - Daylight,01 - Dry,10 - No control,,03 - P.D. only,07 - SMV other,0
16-2005,LENESTER AVE @ MAITLAND AVE,363078.90744,5026145.86548,-75.75594386800,45.37283167600,2016-02-18,10:00:00 AM,01 - Clear,01 - Daylight,05 - Packed snow,02 - Stop sign,01 - Functioning,03 - P.D. only,02 - Angle,0
16-2006,HERON RD @ BRIAR HILL DR/SANDALWOOD DR,371451.83876,5027011.54895,-75.64893958420,45.37987443930,2016-02-18,12:57:00 PM,01 - Clear,01 - Daylight,02 - Wet,01 - Traffic signal,01 - Functioning,03 - P.D. only,02 - Angle,0
16-2007,RIVER RD btwn RIDEAU RD & KNOTT CRES,368058.80531,5012351.78335,-75.69413171860,45.24828286600,2016-02-17,1:07:00 PM,05 - Drifting Snow,01 - Daylight,03 - Loose snow,10 - No control,,02 - Non-fatal injury,01 - Approaching,0
16-2008,MARCH RD @ RICHARDSON SIDE RD,351415.70967,5021778.71987,-75.90525245930,45.33440824180,2016-02-18,1:20:00 PM,01 - Clear,01 - Daylight,02 - Wet,01 - Traffic signal,01 - Functioning,02 - Non-fatal injury,02 - Angle,0
16-2009,NORMAN ST btwn PRESTON ST & ROCHESTER ST,366798.60269,5029230.39007,-75.70807088550,45.40026625240,2016-02-16,1:37:00 PM,03 - Snow,01 - Daylight,04 - Slush,10 - No control,,03 - P.D. only,06 - SMV unattended vehicle,0
16-2010,EARL ARMSTRONG RD @ SPRATT RD,368396.93108,5015011.65108,-75.68948422090,45.27218565160,2016-02-18,1:46:00 PM,01 - Clear,01 - Daylight,01 - Dry,01 - Traffic signal,01 - Functioning,02 - Non-fatal injury,05 - Turning movement,0
16-2011,PRESTON ST @ SIDNEY ST,366809.61483,5028986.00413,-75.70796096190,45.39806635710,2016-02-18,1:49:00 PM,03 - Snow,01 - Daylight,04 - Slush,02 - Stop sign,01 - Functioning,03 - P.D. only,04 - Sideswipe,0
16-2012,WALKLEY RD btwn RIVERSIDE DR & RIVER GARDEN PRIV,368433.37429,5024848.20188,-75.68775627870,45.36068988040,2016-02-17,6:10:00 PM,04 - Freezing Rain,05 - Dusk,06 - Ice,10 - No control,,03 - P.D. only,04 - Sideswipe,0
16-2013,RUSSELL RD @ THIRSK ST,372542.64708,5029955.25066,-75.63460874850,45.40625599750,2016-02-18,2:04:00 PM,03 - Snow,01 - Daylight,02 - Wet,02 - Stop sign,01 - Functioning,03 - P.D. only,02 - Angle,0
16-2014,REGIONAL ROAD 174 btwn OR174 IC112 RAMP36 & OR174 IC112 RAMP26,374544.26718,5032651.77082,-75.60866006960,45.43032128800,2016-02-18,2:10:00 PM,01 - Clear,01 - Daylight,02 - Wet,10 - No control,,02 - Non-fatal injury,03 - Rear end,0
16-2015,GREENBANK RD @ STRANDHERD DR,363933.01797,5014785.52708,-75.74639669060,45.27054052320,2016-02-17,8:45:00 PM,03 - Snow,07 - Dark,05 - Packed snow,01 - Traffic signal,01 - Functioning,03 - P.D. only,99 - Other,0
16-2016,MONTREAL RD @ OGILVIE RD,375653.90684,5034554.51571,-75.59420661530,45.44732951910,2016-02-18,2:14:00 PM,01 - Clear,01 - Daylight,01 - Dry,01 - Traffic signal,01 - Functioning,03 - P.D. only,03 - Rear end,0
16-2017,CLYDE AVE @ DOHENY ST,363590.47202,5026700.87177,-75.74934713160,45.37778281350,2016-02-18,7:00:00 AM,01 - Clear,03 - Dawn,06 - Ice,01 - Traffic signal,01 - Functioning,03 - P.D. only,03 - Rear end,0
16-2018,MERIVALE RD @ CLEOPATRA DR,365950.01735,5021122.68439,-75.71991244380,45.32738925850,2016-02-18,2:00:00 PM,01 - Clear,01 - Daylight,02 - Wet,01 - Traffic signal,01 - Functioning,03 - P.D. only,05 - Turning movement,0
16-2019,RUSSELL RD btwn THIRSK ST & HAIG DR,372569.91950,5029903.28544,-75.63426753460,45.40578579690,2016-02-17,3:15:00 PM,03 - Snow,01 - Daylight,05 - Packed snow,10 - No control,,03 - P.D. only,06 - SMV unattended vehicle,0
16-2020,MARQUIS AVE E @ NASKAPI DR E,375275.94668,5034648.81688,-75.59902433020,45.44821619660,2016-02-17,9:00:00 PM,03 - Snow,07 - Dark,05 - Packed snow,02 - Stop sign,01 - Functioning,03 - P.D. only,02 - Angle,0
16-2021,EMOND ST btwn DESCHAMPS AVE & MONTREAL RD,370172.17925,5033173.96104,-75.66446035760,45.43544207610,2016-02-18,2:54:00 PM,01 - Clear,01 - Daylight,05 - Packed snow,10 - No control,,03 - P.D. only,01 - Approaching,0
16-2022,EDEN AVE @ RICHMOND RD,363331.23056,5028361.23972,-75.75246002390,45.39274425910,2016-02-18,12:00:00 PM,01 - Clear,01 - Daylight,01 - Dry,02 - Stop sign,01 - Functioning,03 - P.D. only,04 - Sideswipe,0
16-2023,FELICITY CRES btwn FOUNTAINHEAD DR & SADDLERIDGE DR,381514.98306,5032134.10198,-75.51966665950,45.42493383090,2016-02-18,12:00:00 AM,01 - Clear,00 - Unknown,03 - Loose snow,10 - No control,,03 - P.D. only,06 - SMV unattended vehicle,0
16-2024,DALHOUSIE ST btwn CLARENCE ST & YORK ST,368047.43456,5032496.60805,-75.69170154250,45.42954290890,2016-02-18,3:15:00 PM,01 - Clear,01 - Daylight,02 - Wet,10 - No control,,03 - P.D. only,04 - Sideswipe,0
16-2025,CAHILL DR @ MCCARTHY RD,370272.07654,5023736.67193,-75.66443597480,45.35051935700,2016-02-18,3:22:00 PM,01 - Clear,01 - Daylight,02 - Wet,02 - Stop sign,01 - Functioning,03 - P.D. only,02 - Angle,0
16-2026,BEECHWOOD AVE btwn SPRINGFIELD RD & LOYER ST,369241.80684,5033656.47458,-75.67628728850,45.43986990270,2016-02-18,3:34:00 PM,01 - Clear,01 - Daylight,02 - Wet,10 - No control,,03 - P.D. only,05 - Turning movement,0
16-2027,FEATHERSTON DR E @ KILBORN AVE E,372290.48531,5027963.90963,-75.63810212080,45.38836311090,2016-02-18,3:36:00 PM,01 - Clear,01 - Daylight,01 - Dry,02 - Stop sign,01 - Functioning,03 - P.D. only,02 - Angle,0
16-2028,BRONSON AVE btwn BREWER WAY & RIVERSIDE DR RAMPS 34B & 42A-3,368114.97123,5027754.08815,-75.69144758380,45.38686511140,2016-02-16,3:00:00 PM,03 - Snow,01 - Daylight,05 - Packed snow,10 - No control,,03 - P.D. only,07 - SMV other,0
16-2029,MOODIE DR @ HWY 417 MOODIE IC134R63,356390.76044,5022479.54630,-75.84170910700,45.34036620240,2016-02-18,3:46:00 PM,01 - Clear,01 - Daylight,02 - Wet,01 - Traffic signal,01 - Functioning,03 - P.D. only,04 - Sideswipe,0
16-2030,BERRIGAN DR @ LONGFIELDS DR,364305.90363,5015646.12842,-75.74154182760,45.27825276290,2016-02-17,6:50:00 PM,03 - Snow,07 - Dark,05 - Packed snow,11 - Roundabout,01 - Functioning,03 - P.D. only,03 - Rear end,0
16-2031,CARLING AVE @ PARKDALE AVE,365624.60227,5028172.18114,-75.72319586090,45.39084771110,2016-02-18,3:54:00 PM,01 - Clear,01 - Daylight,05 - Packed snow,01 - Traffic signal,01 - Functioning,03 - P.D. only,03 - Rear end,0
16-2032,ALBERT ST @ O'CONNOR ST,367537.28238,5031520.80969,-75.69834489900,45.42080894410,2016-02-18,4:18:00 PM,01 - Clear,01 - Daylight,01 - Dry,01 - Traffic signal,01 - Functioning,03 - P.D. only,04 - Sideswipe,0
16-2033,LAROUCHE ST btwn MCARTHUR AVE & STEVENS AVE,370416.17592,5032551.42205,-75.66142506880,45.42981788130,2016-02-17,4:18:00 PM,01 - Clear,01 - Daylight,03 - Loose snow,10 - No control,,03 - P.D. only,06 - SMV unattended vehicle,0
16-2034,REGIONAL ROAD 174 btwn OR174 IC105 RAMP63 & OR174 IC102 RAMP36,380685.65877,5037753.79207,-75.52939606370,45.47558588810,2016-02-18,4:29:00 PM,01 - Clear,01 - Daylight,06 - Ice,10 - No control,,03 - P.D. only,03 - Rear end,0
16-2035,RIVERSIDE DR NB btwn HWY417 IC117 RAMP25 & VANIER PKWY,370814.71500,5031190.94666,-75.65651461130,45.41753939210,2016-02-18,4:41:00 PM,01 - Clear,01 - Daylight,02 - Wet,10 - No control,,02 - Non-fatal injury,03 - Rear end,0
16-2036,COOPER ST @ METCALFE ST,367963.42187,5031178.16335,-75.69294416820,45.41768758210,2016-02-18,4:46:00 PM,01 - Clear,01 - Daylight,02 - Wet,02 - Stop sign,01 - Functioning,03 - P.D. only,02 - Angle,0
16-2037,WELLINGTON ST    W btwn GRANGE AVE & WARREN AVE,364603.22765,5029045.89922,-75.73613296950,45.39879721580,2016-02-18,4:57:00 PM,01 - Clear,05 - Dusk,05 - Packed snow,10 - No control,,03 - P.D. only,06 - SMV unattended vehicle,0
16-2038,RICHMOND RD btwn WINSTON AVE & CHURCHILL AVE N,363054.68271,5028172.93667,-75.75601392630,45.39107299770,2016-02-18,5:12:00 PM,02 - Rain,05 - Dusk,02 - Wet,10 - No control,,03 - P.D. only,04 - Sideswipe,0
16-2039,EAGLESON RD btwn COPE DR & Continuation of EAGLESON RD,354696.46477,5015841.20973,-75.86399515670,45.28075581280,2016-02-18,5:17:00 PM,01 - Clear,05 - Dusk,06 - Ice,10 - No control,,03 - P.D. only,03 - Rear end,0
16-2040,BANK ST btwn POPHAM ST & LAWRENCE ST,386377.84525,5002908.79126,-75.46234138650,45.16143539080,2016-02-18,5:24:00 PM,01 - Clear,05 - Dusk,01 - Dry,10 - No control,,03 - P.D. only,03 - Rear end,0
16-2041,CALDWELL AVE btwn MORISSET AVE & MEDFORD ST,364409.81012,5026150.60905,-75.73895293810,45.37276241020,2016-02-18,5:28:00 PM,01 - Clear,05 - Dusk,06 - Ice,10 - No control,,03 - P.D. only,02 - Angle,0
16-2042,MACKENZIE AVE btwn 205 N OF RIDEAU ST & RIDEAU ST,367815.10533,5032097.19671,-75.69472150640,45.42597011280,2016-02-18,4:20:00 PM,01 - Clear,01 - Daylight,05 - Packed snow,10 - No control,,03 - P.D. only,04 - Sideswipe,0
16-2043,BASELINE RD @ CORDOVA ST,363593.68820,5024409.08294,-75.74957879760,45.35716132180,2016-02-18,6:00:00 PM,01 - Clear,05 - Dusk,04 - Slush,01 - Traffic signal,01 - Functioning,03 - P.D. only,03 - Rear end,0
16-2044,CARLING AVE @ CIVIC HOSPITAL,365792.05345,5028278.49995,-75.72104436360,45.39178978110,2016-02-18,6:21:00 PM,01 - Clear,07 - Dark,02 - Wet,01 - Traffic signal,01 - Functioning,03 - P.D. only,05 - Turning movement,0
16-2045,MILTON RD @ SMITH RD,387573.91528,5031062.29672,-75.44243299450,45.41460006190,2016-02-18,6:29:00 PM,01 - Clear,07 - Dark,06 - Ice,02 - Stop sign,01 - Functioning,03 - P.D. only,05 - Turning movement,0
16-2046,LAKERIDGE DR btwn HARVEST VALLEY AVE E & LAKERIDGE DR N,385056.74321,5034600.59560,-75.47401188840,45.44672771690,2016-02-18,3:50:00 PM,01 - Clear,01 - Daylight,01 - Dry,10 - No control,,03 - P.D. only,04 - Sideswipe,0
16-2047,LYON ST @ WELLINGTON ST,366935.32382,5031426.31059,-75.70604787910,45.42001239220,2016-02-18,3:30:00 PM,01 - Clear,01 - Daylight,06 - Ice,01 - Traffic signal,01 - Functioning,03 - P.D. only,03 - Rear end,0
16-2048,AQUAVIEW DR @ BRIAN COBURN BLVD,384775.13290,5035180.01416,-75.47751717210,45.45197306990,2016-02-18,6:46:00 PM,01 - Clear,07 - Dark,06 - Ice,02 - Stop sign,01 - Functioning,03 - P.D. only,02 - Angle,0
16-2049,CLYDE AVE @ DOHENY ST,363590.42454,5026702.19142,-75.74934758090,45.37779469110,2016-02-18,7:12:00 PM,04 - Freezing Rain,07 - Dark,06 - Ice,01 - Traffic signal,01 - Functioning,02 - Non-fatal injury,03 - Rear end,0
16-2050,BANK ST btwn FOURTH AVE & FIFTH AVE,368394.71873,5029408.28134,-75.68766225290,45.40172369550,2016-02-18,7:55:00 PM,01 - Clear,07 - Dark,05 - Packed snow,10 - No control,,03 - P.D. only,06 - SMV unattended vehicle,0
16-2051,CAMBRIAN RD/GOLFLINKS DR W @ LONGFIELDS DR,365382.91034,5013223.63604,-75.72811111230,45.25636323230,2016-02-17,8:17:00 PM,01 - Clear,07 - Dark,01 - Dry,11 - Roundabout,01 - Functioning,03 - P.D. only,03 - Rear end,0
16-2052,BASELINE RD btwn SOUTHWOOD DR & COBDEN RD,361249.04882,5022972.01546,-75.77966654390,45.34442333680,2016-02-18,8:44:00 PM,01 - Clear,07 - Dark,05 - Packed snow,10 - No control,,03 - P.D. only,03 - Rear end,0
16-2053,ST. LAURENT BLVD @ MCARTHUR AVE,371920.92007,5032886.77597,-75.64215086490,45.43269244620,2016-02-18,8:30:00 AM,01 - Clear,01 - Daylight,02 - Wet,01 - Traffic signal,01 - Functioning,03 - P.D. only,03 - Rear end,0
16-2054,MAYFIELD ST @ MCARTHUR AVE,370065.79927,5032675.17706,-75.66588600190,45.43096416260,2016-02-18,10:45:00 PM,01 - Clear,07 - Dark,06 - Ice,02 - Stop sign,01 - Functioning,02 - Non-fatal injury,02 - Angle,0
16-2055,ALESTHER ST @ DONALD ST,371992.94004,5032461.68139,-75.64128851360,45.42886072760,2016-02-18,11:02:00 PM,01 - Clear,07 - Dark,05 - Packed snow,02 - Stop sign,01 - Functioning,03 - P.D. only,02 - Angle,0
16-2056,RIDEAU ST btwn WURTEMBURG ST & RIDEAU PL,369443.13959,5032970.10990,-75.67380419860,45.43367568260,2016-02-19,12:27:00 AM,01 - Clear,07 - Dark,03 - Loose snow,10 - No control,,03 - P.D. only,07 - SMV other,0
16-2057,HUNT CLUB RD btwn NORTH BOWESVILLE RD & BILLY BISHOP PRIV,368934.34581,5022474.15786,-75.68167021160,45.33928316860,2016-02-19,1:50:00 AM,01 - Clear,07 - Dark,05 - Packed snow,10 - No control,,03 - P.D. only,99 - Other,0
16-2058,TERRY FOX DR N @ FLAMBOROUGH WAY/INNOVATION DR,349386.23997,5022954.52506,-75.93103822220,45.34512031430,2016-02-19,6:43:00 AM,01 - Clear,03 - Dawn,06 - Ice,01 - Traffic signal,01 - Functioning,03 - P.D. only,02 - Angle,0
16-2059,WALKLEY RD @ GLENHAVEN PRIV,370214.00577,5025874.33868,-75.66489408150,45.36975885890,2016-02-19,6:50:00 AM,01 - Clear,03 - Dawn,03 - Loose snow,01 - Traffic signal,01 - Functioning,03 - P.D. only,03 - Rear end,0
16-2060,HAMLET RD btwn HAIG DR & SAUNDERSON DR,372576.13896,5029212.81505,-75.63428298740,45.39957264670,2016-02-18,7:08:00 AM,01 - Clear,03 - Dawn,01 - Dry,10 - No control,,03 - P.D. only,06 - SMV unattended vehicle,0
16-2061,RIVER RD @ RYEBURN DR,368049.02814,5016305.89344,-75.69375274150,45.28386248400,2016-02-19,8:01:00 AM,01 - Clear,01 - Daylight,01 - Dry,02 - Stop sign,01 - Functioning,03 - P.D. only,05 - Turning movement,0
16-2062,GLADSTONE AVE @ O'CONNOR ST,368075.38764,5030657.89326,-75.69158049590,45.41299624580,2016-02-19,8:24:00 AM,01 - Clear,01 - Daylight,02 - Wet,01 - Traffic signal,01 - Functioning,02 - Non-fatal injury,03 - Rear end,0
16-2063,KINBURN SIDE RD @ UPPER DWYER HILL RD,325038.43030,5024357.14794,-76.24167636320,45.35886704130,2016-02-19,8:32:00 AM,01 - Clear,01 - Daylight,01 - Dry,02 - Stop sign,01 - Functioning,02 - Non-fatal injury,02 - Angle,0
16-2064,CONROY RD @ WALKLEY RD,372903.94214,5027463.31176,-75.63033785000,45.38379956170,2016-02-19,8:40:00 AM,01 - Clear,01 - Daylight,06 - Ice,01 - Traffic signal,01 - Functioning,03 - P.D. only,03 - Rear end,0
16-2065,PALLADIUM DR btwn SILVER SEVEN RD & TERRY FOX DR,351175.20814,5017988.65426,-75.90867556910,45.30032024390,2016-02-18,7:28:00 PM,01 - Clear,07 - Dark,01 - Dry,10 - No control,,03 - P.D. only,02 - Angle,0
16-2066,SLACK RD btwn TURN LANE & VAAN DR,364790.47242,5020284.44798,-75.73480490850,45.31994694990,2016-02-19,9:03:00 AM,01 - Clear,01 - Daylight,01 - Dry,10 - No control,,02 - Non-fatal injury,01 - Approaching,0
16-2067,CULLODEN CRES btwn CULLODEN CRES & CULLODEN CRES,366553.76464,5012519.06265,-75.71328215760,45.24992170930,2016-02-19,9:04:00 AM,03 - Snow,01 - Daylight,04 - Slush,10 - No control,,03 - P.D. only,06 - SMV unattended vehicle,0
16-2068,CARLING AVE @ WOODROFFE AVE W,361767.01767,5025725.29152,-75.77274010470,45.36915526330,2016-02-19,9:09:00 AM,01 - Clear,01 - Daylight,04 - Slush,01 - Traffic signal,01 - Functioning,03 - P.D. only,03 - Rear end,0
16-2069,STRANDHERD DR @ WOODROFFE AVE,366106.37948,5015394.47256,-75.71862627650,45.27583368360,2016-02-17,10:40:00 AM,03 - Snow,01 - Daylight,06 - Ice,01 - Traffic signal,01 - Functioning,03 - P.D. only,03 - Rear end,0
16-2070,THIRD AVE btwn BANK ST & O'CONNOR ST,368421.89192,5029603.81317,-75.68728996060,45.40348056050,2016-02-19,9:00:00 AM,01 - Clear,01 - Daylight,05 - Packed snow,10 - No control,,03 - P.D. only,01 - Approaching,0
16-2071,BOOTH ST btwn NORMAN ST & CARLING AVE,367017.21464,5029280.21522,-75.70527246610,45.40069517130,2016-02-18,4:00:00 PM,03 - Snow,01 - Daylight,05 - Packed snow,10 - No control,,03 - P.D. only,06 - SMV unattended vehicle,0
16-2072,HERON RD @ 155 W OF BANK ST/CANADIAN TIRE SC,369847.82380,5026829.27921,-75.66944266660,45.37838519750,2016-02-19,9:53:00 AM,01 - Clear,01 - Daylight,04 - Slush,01 - Traffic signal,01 - Functioning,03 - P.D. only,02 - Angle,0
16-2073,FALLOWFIELD RD @ WOODROFFE AVE,365084.48407,5017904.29988,-75.73134458460,45.29850536950,2016-02-19,10:22:00 AM,01 - Clear,01 - Daylight,01 - Dry,01 - Traffic signal,01 - Functioning,02 - Non-fatal injury,03 - Rear end,0
16-2074,AGINCOURT RD @ MAITLAND AVE,363446.01244,5025450.52690,-75.75133992930,45.36654448210,2016-02-19,10:50:00 AM,01 - Clear,01 - Daylight,02 - Wet,02 - Stop sign,01 - Functioning,03 - P.D. only,02 - Angle,0
16-2075,CENTENNIAL BLVD btwn BULLOCK AVE & RIDEAU GARDEN DR,369691.75288,5029539.61581,-75.67107881500,45.40278637160,2016-02-17,3:45:00 PM,01 - Clear,01 - Daylight,01 - Dry,10 - No control,,03 - P.D. only,06 - SMV unattended vehicle,0
16-2076,BANK ST @ HUNT CLUB RD,371608.95604,5024096.72574,-75.64732775830,45.35363292200,2016-02-19,10:52:00 AM,01 - Clear,01 - Daylight,01 - Dry,01 - Traffic signal,01 - Functioning,03 - P.D. only,04 - Sideswipe,0
16-2077,ALBERT ST @ PRESTON ST,366161.18028,5030464.47466,-75.71605854640,45.41142638350,2016-02-19,10:51:00 AM,01 - Clear,01 - Daylight,01 - Dry,01 - Traffic signal,01 - Functioning,03 - P.D. only,03 - Rear end,0
16-2078,MAIN ST btwn CENTENNIAL BLVD & TORONTO ST,369507.66059,5029356.60188,-75.67345415950,45.40115671680,2016-02-19,11:05:00 AM,01 - Clear,01 - Daylight,05 - Packed snow,10 - No control,,03 - P.D. only,04 - Sideswipe,0
16-2079,GLADSTONE AVE @ ROSEMOUNT AVE,365454.36653,5029222.78308,-75.72524060820,45.40031555760,2016-02-18,4:58:00 PM,01 - Clear,01 - Daylight,02 - Wet,02 - Stop sign,01 - Functioning,02 - Non-fatal injury,03 - Rear end,0
16-2080,MAPLE GROVE RD btwn MONTSERRAT ST & LEVECHE WAY,350142.36938,5016599.57314,-75.92197148000,45.28788829300,2016-02-18,12:00:00 AM,01 - Clear,00 - Unknown,02 - Wet,10 - No control,,03 - P.D. only,06 - SMV unattended vehicle,0
16-2081,PRINCE OF WALES DR @ WEST HUNT CLUB RD,367458.05168,5021892.16192,-75.70057898840,45.33417987660,2016-02-19,11:53:00 AM,01 - Clear,01 - Daylight,01 - Dry,01 - Traffic signal,01 - Functioning,03 - P.D. only,03 - Rear end,0
16-2082,KANATA RD @ LORD BYNG WAY/MARITIME WAY,351428.80554,5019330.96235,-75.90531587270,45.31238188950,2016-02-19,11:45:00 AM,01 - Clear,01 - Daylight,01 - Dry,01 - Traffic signal,01 - Functioning,03 - P.D. only,03 - Rear end,0
16-2083,BANK ST btwn ALTA VISTA DR & ERIE AVE,370179.66312,5026364.07152,-75.66526764730,45.37416852310,2016-02-19,12:06:00 PM,01 - Clear,01 - Daylight,01 - Dry,10 - No control,,03 - P.D. only,02 - Angle,0
16-2084,PRINCE OF WALES DR @ WEST HUNT CLUB RD,367459.82018,5021892.61318,-75.70055637010,45.33418377940,2016-02-19,12:15:00 PM,01 - Clear,01 - Daylight,01 - Dry,01 - Traffic signal,01 - Functioning,03 - P.D. only,03 - Rear end,0
16-2085,WEST HUNT CLUB RD @ WOODROFFE AVE,363671.35693,5021246.71098,-75.74896388950,45.32870007050,2016-02-19,10:40:00 AM,03 - Snow,01 - Daylight,02 - Wet,01 - Traffic signal,01 - Functioning,03 - P.D. only,02 - Angle,0
16-2086,PARKDALE AVE btwn HWY417 IC122 RAMP51 & SHERWOOD DR,365340.51842,5028837.01537,-75.72674204470,45.39685436100,2016-02-18,1:36:00 PM,01 - Clear,01 - Daylight,01 - Dry,10 - No control,,03 - P.D. only,02 - Angle,0
16-2087,HAZELDEAN RD @ TERRY FOX DR,352207.73492,5017242.67685,-75.89558199550,45.29353883060,2016-02-19,2:04:00 PM,01 - Clear,01 - Daylight,02 - Wet,01 - Traffic signal,01 - Functioning,03 - P.D. only,03 - Rear end,0
16-2088,ALBERT ST @ ELGIN ST/MACKENZIE KING BRIDGE,367851.10223,5031710.01890,-75.69431110150,45.42248317330,2016-02-19,2:48:00 PM,03 - Snow,01 - Daylight,02 - Wet,01 - Traffic signal,01 - Functioning,03 - P.D. only,04 - Sideswipe,0
16-2089,INDUSTRIAL AVE btwn TRAINYARDS DR & RUSSELL RD,371785.84287,5030523.09282,-75.64419843920,45.41143803410,2016-02-19,1:30:00 PM,01 - Clear,01 - Daylight,01 - Dry,10 - No control,,03 - P.D. only,04 - Sideswipe,0
16-2090,ESSON ST @ HUNT CLUB RD,374638.64041,5025907.30146,-75.60840911640,45.36962850180,2016-02-19,3:58:00 PM,03 - Snow,01 - Daylight,03 - Loose snow,02 - Stop sign,01 - Functioning,03 - P.D. only,02 - Angle,0
16-2091,BASELINE RD @ NAVAHO DR,363085.91268,5024097.72828,-75.75609601670,45.35440217830,2016-02-19,4:24:00 PM,01 - Clear,01 - Daylight,02 - Wet,01 - Traffic signal,01 - Functioning,02 - Non-fatal injury,03 - Rear end,0
16-2092,RICHMOND RD btwn WEST HUNT CLUB RD & STONEHAVEN DR,357129.44308,5018076.76863,-75.83274944690,45.30069482510,2016-02-19,4:28:00 PM,01 - Clear,01 - Daylight,06 - Ice,10 - No control,,02 - Non-fatal injury,07 - SMV other,0
16-2093,CARLING AVE @ HAMILTON AVE,365558.92566,5028129.87381,-75.72403976280,45.39047274030,2016-02-19,4:53:00 PM,01 - Clear,05 - Dusk,02 - Wet,02 - Stop sign,01 - Functioning,03 - P.D. only,04 - Sideswipe,0
16-2094,ACACIA AVE btwn RIDEAU TER & CARSDALE AVE,369553.63068,5034148.58438,-75.67223713680,45.44426889180,2016-02-18,6:30:00 PM,01 - Clear,07 - Dark,03 - Loose snow,10 - No control,,03 - P.D. only,05 - Turning movement,0
16-2095,ARGYLE AVE @ BANK ST,367994.90987,5030372.30579,-75.69264520730,45.41043389310,2016-02-19,5:09:00 PM,03 - Snow,01 - Daylight,05 - Packed snow,10 - No control,,03 - P.D. only,02 - Angle,0
16-2096,ST. GEORGES ST btwn BONAIR DR & DES EPINETTES AVE,382900.68014,5036422.13005,-75.50128107920,45.46336054510,2016-02-19,5:24:00 PM,01 - Clear,05 - Dusk,06 - Ice,10 - No control,,03 - P.D. only,01 - Approaching,0
16-2097,BRONSON AVE @ IMPERIAL AVE/PLYMOUTH ST,367318.64276,5029643.35210,-75.70137653200,45.40393572040,2016-02-19,5:45:00 PM,03 - Snow,05 - Dusk,04 - Slush,10 - No control,,03 - P.D. only,03 - Rear end,0
16-2098,BRIDLEWOOD DR btwn SPRUCE MEADOWS DR & CLYDESDALE AVE,355001.03866,5017311.45192,-75.85996438460,45.29396367630,2016-02-19,4:20:00 PM,01 - Clear,01 - Daylight,05 - Packed snow,10 - No control,,03 - P.D. only,02 - Angle,0
16-2099,CATHERINE ST btwn HWY417 IC120B RAMP36 & KENT ST,367790.57978,5030118.37879,-75.69528783960,45.40816755740,2016-02-19,5:50:00 PM,03 - Snow,07 - Dark,04 - Slush,10 - No control,,03 - P.D. only,04 - Sideswipe,0
16-2100,ALBION RD/COLLISTON CRES E @ WALKLEY RD,371035.01651,5026354.24297,-75.65434946170,45.37399976200,2016-02-19,6:17:00 PM,01 - Clear,07 - Dark,01 - Dry,01 - Traffic signal,01 - Functioning,03 - P.D. only,05 - Turning movement,0
16-2101,GREENBANK RD btwn JOCKVALE RD & CAMBRIAN RD,364411.15298,5013685.87364,-75.74043574910,45.26060545940,2016-02-19,6:23:00 PM,02 - Rain,07 - Dark,03 - Loose snow,10 - No control,,03 - P.D. only,01 - Approaching,0
16-2102,BRONSON AVE @ FIFTH AVE/MADAWASKA DR,367613.93224,5028939.65139,-75.69769445160,45.39757759180,2016-02-19,6:47:00 PM,03 - Snow,07 - Dark,03 - Loose snow,01 - Traffic signal,01 - Functioning,03 - P.D. only,03 - Rear end,0
16-2103,RENAUD RD @ PAGE RD,381704.31014,5032669.90187,-75.51716396270,45.42973375370,2016-02-19,6:55:00 PM,03 - Snow,07 - Dark,03 - Loose snow,02 - Stop sign,01 - Functioning,03 - P.D. only,02 - Angle,0
16-2104,GREENBANK RD @ 220 N OF STRANDHERD DR,363848.17052,5014984.59208,-75.74745423860,45.27233884320,2016-02-19,6:27:00 PM,03 - Snow,07 - Dark,04 - Slush,01 - Traffic signal,01 - Functioning,03 - P.D. only,03 - Rear end,0
16-2105,BEECHWOOD AVE @ LOYER ST,369300.70490,5033688.59590,-75.67553030580,45.44015348590,2016-02-19,7:00:00 PM,03 - Snow,07 - Dark,04 - Slush,02 - Stop sign,01 - Functioning,03 - P.D. only,02 - Angle,0
16-2106,SPARTAN AVE btwn EVE ST & LOLA ST,370983.18276,5032519.64043,-75.65418378120,45.42947849710,2016-02-19,3:00:00 PM,01 - Clear,01 - Daylight,03 - Loose snow,10 - No control,,03 - P.D. only,06 - SMV unattended vehicle,0
16-2107,INNES RD btwn STONEHENGE CRES & BLAIR RD,375535.00571,5031416.24766,-75.59617731170,45.41910525060,2016-02-19,7:40:00 PM,03 - Snow,07 - Dark,03 - Loose snow,10 - No control,,03 - P.D. only,04 - Sideswipe,0
16-2108,QUEEN ST @ LYON ST,367018.33853,5031287.68751,-75.70500474230,45.41875772610,2016-02-19,7:42:00 PM,03 - Snow,07 - Dark,03 - Loose snow,01 - Traffic signal,01 - Functioning,02 - Non-fatal injury,02 - Angle,0