Record,Location,X,Y,Longitude,Latitude,Date,Time,Environment,Light,Road_Surface,Traffic_Control,Collision_Location,Collision_Classification,Impact_type,Pedestrian
16-2109,CEDAROCK DR @ STONEHAVEN DR,354727.34498,5016854.86402,-75.86349957060,45.28987470350,2016-02-19,7:51:00 PM,01 - Clear,07 - Dark,02 - Wet,02 - Stop sign,01 - Functioning,03 - P.D. only,02 - Angle,0
16-2110,MONTREAL RD btwn BETHAMY LANE & OGILVIE RD,375641.43173,5034547.79241,-75.59436704450,45.44727029140,2016-02-19,6:00:00 PM,01 - Clear,05 - Dusk,01 - Dry,10 - No control,,03 - P.D. only,02 - Angle,0
16-2111,COLONEL BY DR @ LEONARD AVE,368227.71100,5028575.10754,-75.68990247400,45.39424220270,2016-02-19,7:56:00 PM,03 - Snow,07 - Dark,04 - Slush,02 - Stop sign,01 - Functioning,03 - P.D. only,03 - Rear end,0
16-2112,RICHMOND RD @ WEST HUNT CLUB RD,357145.86928,5018153.12823,-75.83253194900,45.30138069560,2016-02-19,8:30:00 PM,03 - Snow,07 - Dark,06 - Ice,01 - Traffic signal,01 - Functioning,02 - Non-fatal injury,05 - Turning movement,0
16-2113,"EGLISE, RUE DE L btwn MONTREAL RD & COLLEGE CIRC",371169.81443,5033608.32049,-75.65165214270,45.43925626630,2016-02-19,12:00:00 AM,03 - Snow,00 - Unknown,05 - Packed snow,10 - No control,,03 - P.D. only,06 - SMV unattended vehicle,0
16-2114,CRAIGHALL CIRC @ JOHNSTON RD,372889.48423,5025788.51290,-75.63075337140,45.36873180780,2016-02-19,8:30:00 PM,03 - Snow,07 - Dark,05 - Packed snow,02 - Stop sign,01 - Functioning,03 - P.D. only,03 - Rear end,0
16-2115,BANK ST btwn HOPEWELL AVE & GLEN AVE,368787.40198,5028468.36082,-75.68276868340,45.39323080940,2016-02-19,8:42:00 PM,03 - Snow,07 - Dark,03 - Loose snow,10 - No control,,03 - P.D. only,06 - SMV unattended vehicle,0
16-2116,ALBERT ST @ BANK ST,367386.35472,5031423.79314,-75.70028558350,45.41994953780,2016-02-19,8:48:00 PM,03 - Snow,07 - Dark,03 - Loose snow,01 - Traffic signal,01 - Functioning,03 - P.D. only,07 - SMV other,0
16-2117,DEERCROFT AVE @ LONGFIELDS DR,364481.03181,5015295.13255,-75.73935205100,45.27507966050,2016-02-19,8:57:00 PM,03 - Snow,07 - Dark,03 - Loose snow,02 - Stop sign,01 - Functioning,03 - P.D. only,05 - Turning movement,0
16-2118,BELFAST RD @ ST. LAURENT BLVD,372861.52303,5030577.76307,-75.63044973450,45.41182614470,2016-02-19,9:13:00 PM,03 - Snow,07 - Dark,05 - Packed snow,01 - Traffic signal,01 - Functioning,03 - P.D. only,02 - Angle,0
16-2120,ROGER STEVENS DR btwn DWYER HILL RD & MALAKOFF RD,361283.47245,4995301.12448,-75.78236647020,45.09543323630,2016-02-19,10:15:00 PM,01 - Clear,07 - Dark,02 - Wet,10 - No control,,03 - P.D. only,02 - Angle,0
16-2121,KING EDWARD AVE @ OSGOODE ST/THOMAS MORE PRIV,368848.57779,5031852.18156,-75.68154782610,45.42367168870,2016-02-19,10:00:00 PM,03 - Snow,07 - Dark,03 - Loose snow,01 - Traffic signal,01 - Functioning,03 - P.D. only,05 - Turning movement,0
16-2122,BANK ST @ HUNT CLUB RD,371608.96097,5024095.83280,-75.64732781510,45.35362488750,2016-02-19,10:30:00 PM,03 - Snow,07 - Dark,03 - Loose snow,01 - Traffic signal,01 - Functioning,03 - P.D. only,03 - Rear end,0
16-2123,MITCH OWENS RD btwn TURN LANE & SALE BARN RD,378518.37570,5016436.01183,-75.56029541620,45.28401327170,2016-02-19,11:35:00 PM,03 - Snow,07 - Dark,03 - Loose snow,10 - No control,,03 - P.D. only,07 - SMV other,0
16-2124,WEST RIDGE DR btwn BALLYBOY ST & PARLOR PL,349251.67225,5012998.52396,-75.93364798040,45.25554167130,2016-02-20,3:30:00 AM,03 - Snow,07 - Dark,05 - Packed snow,10 - No control,,03 - P.D. only,02 - Angle,0
16-2125,FALLOWFIELD RD @ STRANDHERD DR,360752.44678,5014963.26418,-75.78690727210,45.27240006650,2016-02-20,3:57:00 AM,02 - Rain,07 - Dark,04 - Slush,01 - Traffic signal,01 - Functioning,03 - P.D. only,03 - Rear end,0
16-2126,CLARENCE ST @ CUMBERLAND ST,368213.35602,5032607.36836,-75.68956702690,45.43052446630,2016-02-20,4:17:00 AM,03 - Snow,07 - Dark,03 - Loose snow,02 - Stop sign,01 - Functioning,03 - P.D. only,02 - Angle,0
16-2127,PRINCE OF WALES DR @ WEST HUNT CLUB RD,367458.92984,5021890.84468,-75.70056795300,45.33416794630,2016-02-20,7:14:00 AM,02 - Rain,03 - Dawn,04 - Slush,01 - Traffic signal,01 - Functioning,02 - Non-fatal injury,02 - Angle,0
16-2128,DIAMONDVIEW RD btwn DONALD B. MUNRO DR & WILLIAM HODGINS LANE,339241.31183,5020889.27418,-76.06063626340,45.32710780580,2016-02-20,7:30:00 AM,02 - Rain,01 - Daylight,04 - Slush,10 - No control,,03 - P.D. only,07 - SMV other,0
16-2129,ROGER STEVENS DR btwn MCCORDICK RD & CRAIGHURST DR,364887.41287,4998471.97470,-75.73620119450,45.12366846310,2016-02-20,7:35:00 AM,02 - Rain,01 - Daylight,04 - Slush,10 - No control,,03 - P.D. only,07 - SMV other,0
16-2130,UPPER DWYER HILL RD btwn VAUGHAN SIDE RD & CARROLL SIDE RD,333178.77478,5015261.92302,-76.13829575040,45.27674101550,2016-02-20,8:11:00 AM,02 - Rain,01 - Daylight,04 - Slush,10 - No control,,02 - Non-fatal injury,07 - SMV other,0
16-2131,HOLMWOOD AVE btwn BANK ST & ADELAIDE ST,368513.35783,5029215.29158,-75.68617188160,45.39997644810,2016-02-19,7:30:00 PM,03 - Snow,07 - Dark,04 - Slush,10 - No control,,03 - P.D. only,01 - Approaching,0
16-2132,EAGLESON RD @ FERNBANK RD,354798.85128,5015587.64668,-75.86271571210,45.27846692110,2016-02-19,10:21:00 AM,03 - Snow,01 - Daylight,03 - Loose snow,01 - Traffic signal,01 - Functioning,03 - P.D. only,02 - Angle,0
16-2133,VALIN ST btwn GLANDRIEL CRES & TIMBERTRAIL TER,386820.65457,5037750.89130,-75.45094056530,45.47486613260,2016-02-19,10:56:00 AM,03 - Snow,01 - Daylight,03 - Loose snow,10 - No control,,03 - P.D. only,06 - SMV unattended vehicle,0
16-2134,SPRINGRIDGE DR btwn TRIM RD & PEPPERGRASS RD,385779.54841,5038262.61310,-75.46416994510,45.47959160170,2016-02-20,11:15:00 AM,02 - Rain,01 - Daylight,04 - Slush,10 - No control,,03 - P.D. only,02 - Angle,0
16-2135,COVENTRY RD btwn JETFORM PARK  STADIUM & ARCOLA PRIV,370864.39822,5031673.19024,-75.65581520530,45.42187372910,2016-02-20,11:54:00 AM,02 - Rain,01 - Daylight,02 - Wet,10 - No control,,03 - P.D. only,04 - Sideswipe,0
16-2136,NICHOLAS ST NB btwn LAURIER AVE E & WALLER ST,368448.41534,5031737.48544,-75.68667564840,45.42267621670,2016-02-20,11:56:00 AM,03 - Snow,01 - Daylight,03 - Loose snow,10 - No control,,03 - P.D. only,03 - Rear end,0
16-2137,TERRY FOX DR @ HALKIRK AVE/WINCHESTER DR,352511.94124,5016869.67104,-75.89173966020,45.29016183830,2016-02-20,12:05:00 PM,01 - Clear,01 - Daylight,02 - Wet,01 - Traffic signal,01 - Functioning,03 - P.D. only,04 - Sideswipe,0
16-2138,CARP RD @ STITTSVILLE MAIN ST,349520.69989,5014330.67456,-75.93010059390,45.26751180310,2016-02-20,8:50:00 AM,02 - Rain,01 - Daylight,02 - Wet,01 - Traffic signal,01 - Functioning,03 - P.D. only,03 - Rear end,0
16-2139,FERNBANK RD btwn SHEA RD & FERNBANK RD,352833.93960,5013827.41572,-75.88792924060,45.26276485610,2016-02-20,12:40:00 PM,02 - Rain,01 - Daylight,02 - Wet,10 - No control,,03 - P.D. only,99 - Other,0
16-2140,CALDWELL AVE @ MERIVALE RD,364906.30031,5026230.63174,-75.73260500690,45.37344003050,2016-02-20,12:45:00 PM,02 - Rain,01 - Daylight,02 - Wet,01 - Traffic signal,01 - Functioning,03 - P.D. only,05 - Turning movement,0
16-2141,GOULBOURN FORCED RD @ INNOVATION DR,349438.00600,5022666.63590,-75.93040365170,45.34252652670,2016-02-20,1:06:00 PM,02 - Rain,01 - Daylight,02 - Wet,02 - Stop sign,,03 - P.D. only,05 - Turning movement,0
16-2142,PLAYFAIR DR btwn DORSET DR & RHODES CRES,371449.20207,5028005.39691,-75.64883905790,45.38881695950,2016-02-20,2:08:00 PM,01 - Clear,01 - Daylight,03 - Loose snow,10 - No control,,03 - P.D. only,02 - Angle,0
16-2143,MADISON AVE btwn WINSTON AVE & CHURCHILL AVE N,363129.71294,5028326.81786,-75.75503758620,45.39245135150,2016-02-20,2:15:00 PM,01 - Clear,01 - Daylight,02 - Wet,10 - No control,,03 - P.D. only,99 - Other,0
16-2144,BANTREE ST btwn OLD INNES RD & EDINBURGH PL,373832.38843,5030115.52978,-75.61811220780,45.40757210080,2016-02-20,2:10:00 PM,02 - Rain,01 - Daylight,02 - Wet,10 - No control,,03 - P.D. only,06 - SMV unattended vehicle,0
16-2145,REGIONAL ROAD 174 btwn OR174 IC112 RAMP36 & OR174 IC112 RAMP26,374652.55056,5032733.29213,-75.60726479970,45.43104396510,2016-02-19,8:27:00 AM,01 - Clear,01 - Daylight,06 - Ice,10 - No control,,03 - P.D. only,03 - Rear end,0
16-2146,ST. CHARLES ST btwn BEECHWOOD AVE & BARRETTE ST,369462.94535,5033737.93149,-75.67345022820,45.44058240060,2016-02-20,2:21:00 PM,02 - Rain,01 - Daylight,04 - Slush,10 - No control,,03 - P.D. only,06 - SMV unattended vehicle,0
16-2147,GOULBOURN FORCED RD btwn INNOVATION DR & KANATA ROCKERIES PRIV,349304.55840,5022389.19400,-75.93213136290,45.34003851590,2016-02-20,2:35:00 PM,02 - Rain,01 - Daylight,04 - Slush,10 - No control,,03 - P.D. only,02 - Angle,0
16-2148,ST. LAURENT BLVD @ MCARTHUR AVE,371922.39240,5032886.45257,-75.64213209420,45.43268939510,2016-02-20,2:43:00 PM,02 - Rain,01 - Daylight,02 - Wet,01 - Traffic signal,01 - Functioning,03 - P.D. only,02 - Angle,0
16-2149,CYRVILLE RD btwn STAR TOP RD & MEADOWBROOK RD,374290.89805,5031328.79109,-75.61208440140,45.41844303600,2016-02-20,2:50:00 PM,02 - Rain,01 - Daylight,02 - Wet,10 - No control,,03 - P.D. only,02 - Angle,0
16-2150,DUNDONALD DR @ GREENBANK RD,365090.64410,5012122.31100,-75.73196813040,45.24647859430,2016-02-20,2:55:00 PM,02 - Rain,01 - Daylight,02 - Wet,02 - Stop sign,01 - Functioning,03 - P.D. only,02 - Angle,0
16-2151,ST. JOSEPH BLVD @ TENTH LINE RD,382891.02578,5038667.11873,-75.50104769740,45.48356002860,2016-02-20,3:30:00 PM,02 - Rain,01 - Daylight,04 - Slush,01 - Traffic signal,01 - Functioning,03 - P.D. only,03 - Rear end,0
16-2152,RIVERSIDE DR @ TREMBLAY RD/HWY417 IC117 RAMP52,370801.85612,5031016.12988,-75.65670230890,45.41596767520,2016-02-20,5:07:00 PM,02 - Rain,05 - Dusk,02 - Wet,01 - Traffic signal,01 - Functioning,03 - P.D. only,07 - SMV other,0
16-2153,BANK ST @ DAVIDSON RD/LESTER RD,373672.20833,5022924.18601,-75.62116114740,45.34288325440,2016-02-20,5:13:00 PM,02 - Rain,01 - Daylight,02 - Wet,01 - Traffic signal,01 - Functioning,03 - P.D. only,05 - Turning movement,0
16-2154,BANK ST @ PORTLAND AVE,370106.93958,5026553.63318,-75.66617097590,45.37588091970,2016-02-20,5:55:00 PM,02 - Rain,07 - Dark,02 - Wet,02 - Stop sign,01 - Functioning,02 - Non-fatal injury,02 - Angle,0
16-2155,GLADSTONE AVE @ MELROSE AVE,365587.23536,5029280.24546,-75.72353650160,45.40082106680,2016-02-19,7:45:00 PM,01 - Clear,07 - Dark,05 - Packed snow,02 - Stop sign,01 - Functioning,03 - P.D. only,02 - Angle,0
16-2156,DALY AVE btwn CHARLOTTE ST & WURTEMBURG ST,369347.12475,5032729.24088,-75.67506280010,45.43151730700,2016-02-18,12:00:00 AM,01 - Clear,00 - Unknown,04 - Slush,10 - No control,,03 - P.D. only,06 - SMV unattended vehicle,0
16-2157,NELSON ST btwn MURRAY ST & END,368409.12435,5032876.86336,-75.68703051380,45.43293150600,2016-02-20,2:30:00 PM,02 - Rain,01 - Daylight,04 - Slush,10 - No control,,03 - P.D. only,06 - SMV unattended vehicle,0
16-2158,HANNAH ST btwn MONTFORT ST & ETHEL ST,370141.95506,5033514.41118,-75.66480142900,45.43850812810,2016-02-20,10:00:00 PM,02 - Rain,07 - Dark,02 - Wet,10 - No control,,02 - Non-fatal injury,07 - SMV other,1
16-2159,TORWOOD DR btwn VANCES SIDE RD & KERSCOTT HEIGHTS WAY,343362.58953,5036403.11202,-76.00685067060,45.46649110160,2016-02-20,10:38:00 PM,02 - Rain,07 - Dark,06 - Ice,10 - No control,,03 - P.D. only,07 - SMV other,0
16-2160,MARCH VALLEY RD btwn RIDDELL DR & KLONDIKE RD,348918.78105,5026475.56905,-75.93668881700,45.37683299980,2016-02-21,12:31:00 AM,04 - Freezing Rain,07 - Dark,06 - Ice,10 - No control,,03 - P.D. only,07 - SMV other,0
16-2161,BLOHM DR @ ESSON ST,374368.51996,5026173.30716,-75.61181971250,45.37204876820,2016-02-21,2:42:00 AM,04 - Freezing Rain,07 - Dark,06 - Ice,02 - Stop sign,01 - Functioning,03 - P.D. only,07 - SMV other,0
16-2162,LONGFIELDS DR btwn STRANDHERD DR & MARKETPLACE AVE,364629.91649,5014960.94775,-75.73749492190,45.27206001460,2016-02-21,3:19:00 AM,01 - Clear,07 - Dark,01 - Dry,10 - No control,,02 - Non-fatal injury,07 - SMV other,1
16-2163,VANIER PKWY/CRICHTON ST @ BEECHWOOD AVE/ST. PA,369127.32363,5033486.89731,-75.67777265460,45.43835465630,2016-02-21,4:18:00 AM,02 - Rain,07 - Dark,02 - Wet,01 - Traffic signal,01 - Functioning,03 - P.D. only,07 - SMV other,0
16-2164,KLONDIKE RD @ MARCH VALLEY RD,350278.39452,5024992.74468,-75.91946659220,45.36340335140,2016-02-21,2:00:00 AM,01 - Clear,07 - Dark,01 - Dry,02 - Stop sign,01 - Functioning,03 - P.D. only,07 - SMV other,0
16-2165,PANET ST btwn CHRISTINE AVE & EMPEROR AVE,364945.10462,5026717.51954,-75.73205032780,45.37781763100,2016-02-21,6:00:00 AM,03 - Snow,07 - Dark,03 - Loose snow,10 - No control,,03 - P.D. only,07 - SMV other,0
16-2166,DORIMA ST btwn RENAISSANCE DR & END,384375.13704,5036186.04612,-75.48246751790,45.46107008190,2016-02-21,7:00:00 AM,01 - Clear,03 - Dawn,05 - Packed snow,10 - No control,,03 - P.D. only,06 - SMV unattended vehicle,0
16-2167,SOMERSET ST    W btwn BOOTH ST & UPPER LORNE PL,366651.59834,5030302.96559,-75.70981390020,45.40992999810,2016-02-20,8:00:00 PM,02 - Rain,07 - Dark,02 - Wet,10 - No control,,03 - P.D. only,06 - SMV unattended vehicle,0
16-2168,BLAIR RD @ REGIONAL RD 174 S/OR174 IC112 RAMP15,374907.74362,5032661.67578,-75.60401395830,45.43037406610,2016-02-21,10:17:00 AM,01 - Clear,01 - Daylight,02 - Wet,01 - Traffic signal,01 - Functioning,02 - Non-fatal injury,05 - Turning movement,0
16-2169,REGIONAL RD 174 @ TRIM RD,384350.98542,5039991.15896,-75.48216005430,45.49530761690,2016-02-21,12:56:00 PM,01 - Clear,01 - Daylight,01 - Dry,01 - Traffic signal,01 - Functioning,02 - Non-fatal injury,03 - Rear end,0
16-2170,WILLOW GARDENS CRES btwn ELM CRES & HEARN CRES (1),350165.92816,5012572.44475,-75.92203906520,45.25164930110,2016-02-21,1:26:00 PM,03 - Snow,01 - Daylight,03 - Loose snow,10 - No control,,03 - P.D. only,06 - SMV unattended vehicle,0
16-2171,MANN AVE btwn CHAPEL ST & NANCY SMITH PRIV,369564.93533,5031558.94611,-75.67243327440,45.42096731200,2016-02-18,3:30:00 PM,03 - Snow,01 - Daylight,02 - Wet,10 - No control,,03 - P.D. only,04 - Sideswipe,0
16-2172,INNES RD btwn BANTREE ST & STAR TOP RD,374017.64811,5030589.75695,-75.61567921450,45.41182066580,2016-02-21,3:06:00 PM,01 - Clear,01 - Daylight,01 - Dry,10 - No control,,02 - Non-fatal injury,03 - Rear end,0
16-2173,BASELINE RD btwn CORNELL ST & GREENBANK RD,360571.99824,5022566.27847,-75.78835130100,45.34082667850,2016-02-21,3:13:00 PM,01 - Clear,01 - Daylight,02 - Wet,10 - No control,,03 - P.D. only,04 - Sideswipe,0
16-2174,MAY ST btwn COTE ST & VERNON AVE,371596.49625,5033192.17154,-75.64625531460,45.43547131730,2016-02-21,3:52:00 PM,01 - Clear,01 - Daylight,01 - Dry,10 - No control,,03 - P.D. only,02 - Angle,0
16-2175,ERIN CRES btwn LILLICO DR & LILLICO DR,369882.50340,5023031.72512,-75.66950000090,45.34421269740,2016-02-18,12:00:00 PM,03 - Snow,01 - Daylight,05 - Packed snow,10 - No control,,03 - P.D. only,06 - SMV unattended vehicle,0
16-2176,ALBION RD @ BANK ST,371946.06197,5024130.60928,-75.64302120800,45.35390559690,2016-02-21,4:46:00 PM,01 - Clear,01 - Daylight,01 - Dry,01 - Traffic signal,01 - Functioning,03 - P.D. only,03 - Rear end,0
16-2177,OAKLAND AVE btwn WILTON LANE & MONK ST,368482.52993,5029004.73758,-75.68659279960,45.39808475400,2016-02-21,12:00:00 PM,01 - Clear,01 - Daylight,02 - Wet,10 - No control,,03 - P.D. only,06 - SMV unattended vehicle,0
16-2178,RUSSELL RD btwn ST. LAURENT BLVD & SOUTHVALE CRES,373580.99278,5029252.94736,-75.62144371610,45.39983574120,2016-02-21,4:57:00 PM,01 - Clear,01 - Daylight,01 - Dry,10 - No control,,02 - Non-fatal injury,04 - Sideswipe,0
16-2179,WALLER ST btwn RIDEAU ST & BESSERER ST,368308.07696,5032211.50642,-75.68840764880,45.42695404620,2016-02-20,10:00:00 PM,01 - Clear,07 - Dark,01 - Dry,10 - No control,,03 - P.D. only,06 - SMV unattended vehicle,0
16-2180,SOUTHPORT DR btwn Continuation of SOUTHPORT DR & Continuation of SOUTH,372608.38780,5024825.31348,-75.63447367790,45.36009255680,2016-02-21,7:16:00 PM,01 - Clear,07 - Dark,01 - Dry,10 - No control,,03 - P.D. only,06 - SMV unattended vehicle,0
16-2181,TERRY FOX DR btwn HUNTSVILLE DR & OLD SECOND LINE RD,348664.47300,5022290.61600,-75.94030706060,45.33919179890,2016-02-22,6:55:00 AM,01 - Clear,03 - Dawn,01 - Dry,10 - No control,,02 - Non-fatal injury,01 - Approaching,0
16-2182,CARLING AVE @ KIRKWOOD AVE N,364275.70050,5027494.21577,-75.74050314040,45.38486335680,2016-02-22,7:00:00 AM,01 - Clear,03 - Dawn,02 - Wet,01 - Traffic signal,01 - Functioning,02 - Non-fatal injury,07 - SMV other,1
16-2183,LA VERENDRYE DR btwn GATINEAU VIEW CRES & OGILVIE RD,375223.33289,5035116.59591,-75.59962990210,45.45243029500,2016-02-22,7:26:00 AM,01 - Clear,01 - Daylight,01 - Dry,10 - No control,,03 - P.D. only,03 - Rear end,0
16-2184,OGILVIE RD btwn CADBORO RD & BATHGATE DR,373645.95492,5032692.50132,-75.62013354100,45.43077676620,2016-02-21,12:00:00 AM,01 - Clear,07 - Dark,02 - Wet,10 - No control,,03 - P.D. only,06 - SMV unattended vehicle,0
16-2185,BRONSON AVE @ COMMISSIONER ST/SLATER ST,366769.81528,5030948.34572,-75.70822261870,45.41572648510,2016-02-22,8:02:00 AM,01 - Clear,01 - Daylight,01 - Dry,01 - Traffic signal,01 - Functioning,03 - P.D. only,04 - Sideswipe,0
16-2186,BRONSON AVE btwn BRONSON AVE NB ON RAMP 42 & BRONSON AVE SB ON RAMP 43,367759.57133,5028418.42687,-75.69590094470,45.39287468240,2016-02-22,8:10:00 AM,01 - Clear,01 - Daylight,01 - Dry,10 - No control,,02 - Non-fatal injury,03 - Rear end,0
16-2187,BANK ST btwn SOMERSET ST W & MACLAREN ST,367719.18415,5030878.47490,-75.69610281250,45.41501308680,2016-02-21,8:15:00 AM,01 - Clear,01 - Daylight,01 - Dry,10 - No control,,03 - P.D. only,06 - SMV unattended vehicle,0
16-2188,MARCH RD btwn RICHARDSON SIDE RD & HERZBERG RD,351798.85593,5021687.80658,-75.90037298160,45.33356462700,2016-02-22,8:31:00 AM,01 - Clear,01 - Daylight,01 - Dry,10 - No control,,03 - P.D. only,03 - Rear end,0
16-2189,MCARTHUR AVE btwn LAFONTAINE AVE & EASTWOOD PL,371020.21103,5032778.55095,-75.65367579770,45.43180455630,2016-02-21,7:30:00 PM,01 - Clear,07 - Dark,02 - Wet,10 - No control,,03 - P.D. only,99 - Other,0
16-2190,ROTHBURY CRES btwn PROVENDER AVE & DRAYTON PRIV,372928.70406,5034730.85474,-75.62901694150,45.44918706740,2016-02-21,6:00:00 PM,01 - Clear,07 - Dark,01 - Dry,10 - No control,,03 - P.D. only,06 - SMV unattended vehicle,0
16-2191,QUEEN VICTORIA ST btwn STANLEY AVE & RIVER LANE,368272.98116,5033692.51114,-75.68866517480,45.44028277400,2016-02-22,9:00:00 AM,01 - Clear,01 - Daylight,05 - Packed snow,10 - No control,,03 - P.D. only,06 - SMV unattended vehicle,0
16-2192,RICHMOND RD @ LYNHAR RD/STAFFORD RD,358138.49246,5021085.23336,-75.81956011210,45.32768938620,2016-02-22,9:33:00 AM,01 - Clear,01 - Daylight,01 - Dry,01 - Traffic signal,01 - Functioning,03 - P.D. only,02 - Angle,0
16-2193,CARLOTTA AVE btwn NORTH RIVER RD & MARGUERITE AVE,369899.61469,5032580.63420,-75.66802215780,45.43012899300,2016-02-18,10:00:00 PM,03 - Snow,07 - Dark,05 - Packed snow,10 - No control,,03 - P.D. only,06 - SMV unattended vehicle,0
16-2194,INDUSTRIAL AVE @ RIVERSIDE DR,370684.94256,5030593.22529,-75.65825247050,45.41217356770,2016-02-22,3:16:00 PM,01 - Clear,01 - Daylight,01 - Dry,01 - Traffic signal,01 - Functioning,02 - Non-fatal injury,02 - Angle,0
16-2195,CARRUTHERS AVE @ SCOTT ST,365153.37578,5029848.96299,-75.72900827980,45.40597579410,2016-02-22,7:45:00 AM,01 - Clear,01 - Daylight,06 - Ice,01 - Traffic signal,01 - Functioning,03 - P.D. only,03 - Rear end,0
16-2196,SPRINGHILL RD btwn 9TH LINE RD & YORKS CORNERS RD,388663.56581,5008426.79011,-75.43234457160,45.21081502300,2016-02-22,10:43:00 AM,01 - Clear,01 - Daylight,01 - Dry,10 - No control,,03 - P.D. only,07 - SMV other,0
16-2197,WEST HUNT CLUB RD EB btwn 210 W OF MERIVALE RD & MERIVALE RD,365610.00160,5021929.03019,-75.72415054880,45.33467419950,2016-02-22,10:45:00 AM,01 - Clear,01 - Daylight,01 - Dry,10 - No control,,03 - P.D. only,04 - Sideswipe,0
16-2198,CARLING AVE EB btwn FISHER AVE & ISLAND PARK DR,365337.06393,5027975.80844,-75.72689182910,45.38910570530,2016-02-22,10:51:00 AM,01 - Clear,01 - Daylight,01 - Dry,10 - No control,,03 - P.D. only,04 - Sideswipe,0
16-2199,SHADY GROVE ST btwn WOODROFFE AVE & STONELEIGH ST,366521.39250,5014720.39613,-75.71342106650,45.26973207230,2016-02-20,10:54:00 AM,03 - Snow,01 - Daylight,04 - Slush,10 - No control,,03 - P.D. only,06 - SMV unattended vehicle,0
16-2200,UPMINSTER WAY @ GOSPEL OAK DR,364894.37820,5016337.74842,-75.73395809480,45.28442588940,2016-02-22,8:45:00 AM,01 - Clear,01 - Daylight,01 - Dry,02 - Stop sign,01 - Functioning,03 - P.D. only,06 - SMV unattended vehicle,0
16-2201,CUMBERLAND ST @ WILBROD ST/SERAPHIN MARION PRI,368533.79322,5032050.81372,-75.68554422720,45.42548766020,2016-02-22,11:45:00 AM,01 - Clear,01 - Daylight,01 - Dry,02 - Stop sign,01 - Functioning,03 - P.D. only,05 - Turning movement,0
16-2202,KING EDWARD AVE @ MURRAY ST,368291.92178,5032753.80398,-75.68854416290,45.43183491300,2016-02-22,11:53:00 AM,01 - Clear,01 - Daylight,01 - Dry,01 - Traffic signal,,03 - P.D. only,04 - Sideswipe,0
16-2203,ALTA VISTA DR btwn CRESTVIEW RD & ROGER RD,370396.27902,5028849.34922,-75.66217202870,45.39650994600,2016-02-16,8:05:00 AM,03 - Snow,01 - Daylight,03 - Loose snow,10 - No control,,03 - P.D. only,03 - Rear end,0
16-2204,STITTSVILLE MAIN ST @ MULKINS ST S/WINTERGREEN,350006.05397,5013640.70674,-75.92397857580,45.26127220010,2016-02-22,12:06:00 PM,01 - Clear,01 - Daylight,02 - Wet,01 - Traffic signal,01 - Functioning,03 - P.D. only,03 - Rear end,0
16-2205,MONTREAL RD @ VANIER PKWY,370073.37573,5033066.25803,-75.66573733840,45.43448223960,2016-02-22,12:15:00 PM,01 - Clear,01 - Daylight,01 - Dry,01 - Traffic signal,01 - Functioning,03 - P.D. only,02 - Angle,0
16-2206,KING EDWARD AVE NB btwn YORK ST & RIDEAU ST,368426.11426,5032573.32892,-75.68685261460,45.43019886750,2016-02-22,1:30:00 PM,01 - Clear,01 - Daylight,01 - Dry,10 - No control,,03 - P.D. only,02 - Angle,0
16-2207,CEDARVIEW RD @ FALLOWFIELD RD,361294.88918,5015664.22012,-75.77991482660,45.27866395270,2016-02-22,1:47:00 PM,01 - Clear,01 - Daylight,01 - Dry,01 - Traffic signal,01 - Functioning,02 - Non-fatal injury,04 - Sideswipe,0
16-2208,KANATA AVE @ TERRY FOX DR,349305.64278,5019211.58460,-75.93240315050,45.31144546520,2016-02-22,1:49:00 PM,01 - Clear,01 - Daylight,01 - Dry,01 - Traffic signal,01 - Functioning,02 - Non-fatal injury,05 - Turning movement,0
16-2209,TENTH LINE RD btwn OLD TENTH LINE RD & TOMPKINS AVE,383177.90880,5037999.39069,-75.49748496890,45.47752027160,2016-02-18,8:51:00 AM,03 - Snow,01 - Daylight,06 - Ice,10 - No control,,02 - Non-fatal injury,03 - Rear end,0
16-2210,FALLOWFIELD RD btwn ASHDALE AVE & PRINCE OF WALES DR,367364.80330,5019146.05308,-75.70211550040,45.30947914210,2016-02-13,2:30:00 PM,01 - Clear,01 - Daylight,03 - Loose snow,10 - No control,,03 - P.D. only,01 - Approaching,0
16-2211,COLONEL MURRAY ST btwn HAMILTON ST & MARTIN ST,357116.83064,5006059.87216,-75.83417472970,45.19256501240,2016-02-22,3:25:00 PM,01 - Clear,01 - Daylight,01 - Dry,10 - No control,,03 - P.D. only,04 - Sideswipe,0
16-2212,WYNDALE CRES btwn FEATHERSTON DR & HADDINGTON CRES (1),371533.97782,5027338.76904,-75.64784665810,45.38281082330,2016-02-22,3:59:00 PM,01 - Clear,01 - Daylight,01 - Dry,10 - No control,,02 - Non-fatal injury,07 - SMV other,1
16-2213,COPE DR @ TERRY FOX,353996.16022,5015345.52968,-75.87297017100,45.27634491900,2016-02-22,4:09:00 PM,01 - Clear,01 - Daylight,01 - Dry,01 - Traffic signal,01 - Functioning,03 - P.D. only,05 - Turning movement,0