Record,Location,X,Y,Longitude,Latitude,Date,Time,Environment,Light,Road_Surface,Traffic_Control,Collision_Location,Collision_Classification,Impact_type,Pedestrian
16-2214,BANK ST @ WALKLEY RD,370338.07647,5025947.95937,-75.66330053900,45.37040968310,2016-02-22,5:05:00 PM,01 - Clear,05 - Dusk,01 - Dry,01 - Traffic signal,01 - Functioning,02 - Non-fatal injury,03 - Rear end,0
16-2215,REGIONAL RD 174 @ TRIM RD,384352.07528,5039990.56268,-75.48214620810,45.49530212770,2016-02-22,4:20:00 PM,01 - Clear,01 - Daylight,01 - Dry,01 - Traffic signal,01 - Functioning,03 - P.D. only,03 - Rear end,0
16-2216,STRANDHERD DR btwn Continuation of STRANDHERD DR & MCKENNA CASEY DR,361892.04237,5013627.10417,-75.77253830960,45.26028559620,2016-02-22,6:14:00 PM,01 - Clear,07 - Dark,01 - Dry,10 - No control,,02 - Non-fatal injury,03 - Rear end,0
16-2217,GOLFLINKS DR btwn HAWKTREE RDG & FERGUSLEA LANE,366160.78813,5012748.06784,-75.71825978030,45.25201666840,2016-02-22,7:03:00 PM,01 - Clear,07 - Dark,01 - Dry,10 - No control,,03 - P.D. only,06 - SMV unattended vehicle,0
16-2218,INDUSTRIAL AVE/INNES RD @ ST. LAURENT BLVD,373098.94639,5030007.35320,-75.62749580590,45.40667073150,2016-02-22,8:42:00 PM,01 - Clear,07 - Dark,02 - Wet,01 - Traffic signal,01 - Functioning,03 - P.D. only,05 - Turning movement,0
16-2219,KING EDWARD AVE @ LAURIER AVE,368739.48522,5032034.80458,-75.68291803050,45.42532484430,2016-02-22,10:28:00 PM,01 - Clear,07 - Dark,01 - Dry,01 - Traffic signal,01 - Functioning,02 - Non-fatal injury,05 - Turning movement,0
16-2220,TIMM DR btwn HAANEL DR & MOODIE DR,355238.95148,5020069.00908,-75.85665069420,45.31875961710,2016-02-23,2:32:00 AM,01 - Clear,07 - Dark,01 - Dry,10 - No control,,03 - P.D. only,07 - SMV other,0
16-2221,CLOVER ST @ HERON RD,369292.93768,5026764.32182,-75.67653542540,45.37785202730,2016-02-23,6:30:00 AM,01 - Clear,03 - Dawn,01 - Dry,01 - Traffic signal,01 - Functioning,03 - P.D. only,03 - Rear end,0
16-2222,INNES RD btwn INDUSTRIAL AVE & BANTREE ST,373502.93589,5030283.64435,-75.62229703310,45.40911713140,2016-02-23,8:18:00 AM,01 - Clear,01 - Daylight,01 - Dry,10 - No control,,02 - Non-fatal injury,03 - Rear end,0
16-2223,BRONSON AVE @ FIFTH AVE/MADAWASKA DR,367613.05408,5028938.33416,-75.69770583400,45.39756581880,2016-02-23,9:35:00 AM,01 - Clear,01 - Daylight,01 - Dry,01 - Traffic signal,01 - Functioning,02 - Non-fatal injury,03 - Rear end,0
16-2224,DONLAND AVE btwn PARKER AVE & VIEWMOUNT DR,363805.35769,5022621.86326,-75.74709060240,45.34106232550,2016-02-23,12:00:00 AM,01 - Clear,00 - Unknown,06 - Ice,10 - No control,,03 - P.D. only,06 - SMV unattended vehicle,0
16-2225,RIVERSIDE DR @ RIVERSIDE HOSPITAL,369715.83546,5028626.03451,-75.67089145340,45.39456405260,2016-02-23,10:41:00 AM,01 - Clear,01 - Daylight,01 - Dry,01 - Traffic signal,01 - Functioning,03 - P.D. only,03 - Rear end,0
16-2226,IRVING PL btwn LAURENTIAN PL & BOTANICA PRIV,366127.68014,5028655.25503,-75.71671150220,45.39515042140,2016-02-22,2:00:00 PM,01 - Clear,01 - Daylight,01 - Dry,10 - No control,,03 - P.D. only,06 - SMV unattended vehicle,0
16-2227,ROSEMOUNT AVE btwn WELLINGTON ST W & GLADSTONE AVE,365375.70888,5029399.98108,-75.72622347250,45.40191675460,2016-02-23,11:17:00 AM,01 - Clear,01 - Daylight,01 - Dry,10 - No control,,03 - P.D. only,06 - SMV unattended vehicle,0
16-2228,BASELINE RD @ WOODROFFE AVE,362549.69024,5023770.50439,-75.76297748060,45.35150221000,2016-02-23,11:39:00 AM,01 - Clear,01 - Daylight,01 - Dry,01 - Traffic signal,01 - Functioning,02 - Non-fatal injury,03 - Rear end,0
16-2229,AVENUE N btwn TREMBLAY RD & END,371638.74308,5031309.26162,-75.64597093290,45.41852570620,2016-02-23,11:49:00 AM,01 - Clear,01 - Daylight,06 - Ice,10 - No control,,03 - P.D. only,06 - SMV unattended vehicle,0
16-2230,ARGYLE AVE btwn CARTIER ST & QUEEN ELIZABETH DRWY,368670.83204,5030742.61680,-75.68396276770,45.41370446530,2016-02-21,12:22:00 PM,01 - Clear,01 - Daylight,01 - Dry,10 - No control,,03 - P.D. only,06 - SMV unattended vehicle,0
16-2231,GREENFIELD AVE btwn MAIN ST & HAVELOCK ST,368937.63251,5030843.79641,-75.68054120920,45.41459044120,2016-02-22,12:24:00 PM,01 - Clear,01 - Daylight,01 - Dry,10 - No control,,03 - P.D. only,06 - SMV unattended vehicle,0
16-2232,CONROY RD @ WALKLEY RD,372903.93502,5027464.51483,-75.63033777470,45.38381038650,2016-02-23,12:31:00 PM,01 - Clear,01 - Daylight,01 - Dry,01 - Traffic signal,01 - Functioning,03 - P.D. only,03 - Rear end,0
16-2233,CARLING AVE @ CROYDON AVE,360658.01467,5025043.62738,-75.78697395640,45.36311095010,2016-02-23,12:49:00 PM,01 - Clear,01 - Daylight,01 - Dry,01 - Traffic signal,01 - Functioning,03 - P.D. only,99 - Other,0
16-2234,BARRINGTON ST btwn NUGGETT DR & BROMONT WAY,381471.55761,5035655.47411,-75.51967293690,45.45662111710,2016-02-22,5:00:00 PM,01 - Clear,07 - Dark,01 - Dry,10 - No control,,03 - P.D. only,06 - SMV unattended vehicle,0
16-2235,THIRD AVE btwn BANK ST & O'CONNOR ST,368356.23942,5029563.01071,-75.68813378380,45.40311939630,2016-02-20,4:30:00 PM,03 - Snow,01 - Daylight,04 - Slush,10 - No control,,03 - P.D. only,06 - SMV unattended vehicle,0
16-2236,ST. LAURENT BLVD btwn CYRVILLE RD & COVENTRY RD,372272.27393,5032035.74968,-75.63777744160,45.42500150260,2016-02-23,11:30:00 AM,01 - Clear,01 - Daylight,02 - Wet,10 - No control,,03 - P.D. only,03 - Rear end,0
16-2237,SWANS WAY btwn CURLEW PL & SWANS WAY S,373758.51840,5035294.67876,-75.61833049430,45.45417866280,2016-02-23,3:15:00 PM,01 - Clear,01 - Daylight,06 - Ice,10 - No control,,03 - P.D. only,06 - SMV unattended vehicle,0
16-2238,SECOND AVE btwn O'CONNOR ST & QUEEN ELIZABETH DRWY,368738.57452,5029885.52977,-75.68320851990,45.40598650000,2016-02-23,3:26:00 PM,01 - Clear,01 - Daylight,06 - Ice,10 - No control,,03 - P.D. only,06 - SMV unattended vehicle,0
16-2239,ANDRE AUDET AVE btwn DES SOLDATS-RIENDEAU ST & PONDHAWK WAY S/SWITCH GRASS CRES S,365021.69200,5011881.67700,-75.73287556420,45.24431926540,2016-02-23,3:31:00 PM,01 - Clear,01 - Daylight,01 - Dry,10 - No control,,02 - Non-fatal injury,07 - SMV other,1
16-2240,TERRY FOX DR @ WESTPHALIAN AVE,353455.22610,5015759.78900,-75.87982363390,45.28011017200,2016-02-23,3:38:00 PM,01 - Clear,01 - Daylight,01 - Dry,01 - Traffic signal,01 - Functioning,03 - P.D. only,04 - Sideswipe,0
16-2241,MARCH RD @ SOLANDT RD,350488.94257,5022711.61228,-75.91698987410,45.34286357280,2016-02-23,3:50:00 PM,01 - Clear,01 - Daylight,01 - Dry,01 - Traffic signal,01 - Functioning,03 - P.D. only,03 - Rear end,0
16-2242,LABELLE ST/RAMP @ LEMIEUX ST/HWY417 IC115 RAMP,372541.94436,5031689.68902,-75.63437932850,45.42186174820,2016-02-23,4:15:00 PM,01 - Clear,01 - Daylight,01 - Dry,02 - Stop sign,01 - Functioning,03 - P.D. only,02 - Angle,0
16-2243,SPRINGFIELD RD btwn BUENA VISTA RD & PARK RD,369010.43868,5034857.16242,-75.67908770610,45.45069449490,2016-02-23,5:04:00 PM,01 - Clear,01 - Daylight,01 - Dry,10 - No control,,03 - P.D. only,06 - SMV unattended vehicle,0
16-2244,LESTER RD btwn ALBION RD & UPLANDS DR,372531.62575,5022215.92071,-75.63581074650,45.33662157570,2016-02-19,11:00:00 PM,03 - Snow,07 - Dark,05 - Packed snow,10 - No control,,02 - Non-fatal injury,07 - SMV other,0
16-2245,CARLSEN AVE btwn GREGG ST & BROOKFIELD RD,369389.25667,5026568.01228,-75.67533140120,45.37607682150,2016-02-23,5:55:00 PM,01 - Clear,05 - Dusk,03 - Loose snow,10 - No control,,03 - P.D. only,99 - Other,0
16-2246,GREENBANK RD btwn WEST HUNT CLUB RD & FALLOWFIELD RD,363078.09414,5016739.86424,-75.75706162150,45.28819706720,2016-02-23,6:14:00 PM,01 - Clear,07 - Dark,01 - Dry,10 - No control,,03 - P.D. only,04 - Sideswipe,0
16-2247,CARLING AVE @ PARKDALE AVE,365626.65340,5028171.74767,-75.72316972170,45.39084363330,2016-02-23,6:35:00 PM,03 - Snow,07 - Dark,06 - Ice,01 - Traffic signal,01 - Functioning,03 - P.D. only,03 - Rear end,0
16-2248,CAMBRIDGE ST    N btwn PRIMROSE AVE & SOMERSET ST W,366826.25424,5030602.65088,-75.70754508480,45.41261102330,2016-02-22,7:06:00 PM,01 - Clear,07 - Dark,04 - Slush,10 - No control,,03 - P.D. only,06 - SMV unattended vehicle,0
16-2249,BLACKDOME CRES btwn KALBROOK ST & GOLDRIDGE DR,350088.73519,5020055.12282,-75.92233947630,45.31898578340,2016-02-20,9:00:00 AM,01 - Clear,01 - Daylight,04 - Slush,10 - No control,,03 - P.D. only,07 - SMV other,0
16-2250,INNES RD @ ORLEANS BLVD,380461.01906,5034296.17904,-75.53280094870,45.44450138170,2016-02-23,7:59:00 PM,01 - Clear,07 - Dark,05 - Packed snow,01 - Traffic signal,01 - Functioning,02 - Non-fatal injury,03 - Rear end,0
16-2251,KINBURN SIDE RD btwn FARMVIEW RD & MOHRS RD,328108.86027,5027068.19018,-76.20235791370,45.38316704500,2016-02-24,6:53:00 AM,03 - Snow,03 - Dawn,03 - Loose snow,10 - No control,,02 - Non-fatal injury,07 - SMV other,0
16-2252,HAWTHORNE RD btwn DAVIDSON RD & LEITRIM RD,376298.92319,5024457.29620,-75.58742567640,45.35641465610,2016-02-24,7:53:00 AM,03 - Snow,01 - Daylight,03 - Loose snow,10 - No control,,02 - Non-fatal injury,07 - SMV other,0
16-2253,CARP RD btwn MARCH RD & JOHN CAVANAUGH DR,343828.74000,5019854.18418,-76.00219865090,45.31755357480,2016-02-24,7:52:00 AM,03 - Snow,01 - Daylight,05 - Packed snow,10 - No control,,03 - P.D. only,05 - Turning movement,0
16-2254,JOCKVALE RD @ LONGFIELDS DR,364829.29290,5014001.02790,-75.73507021200,45.26340566480,2016-02-24,7:56:00 AM,03 - Snow,01 - Daylight,03 - Loose snow,02 - Stop sign,01 - Functioning,03 - P.D. only,02 - Angle,0
16-2255,RUSSELL RD btwn THIRSK ST & HAIG DR,372702.60508,5029700.60447,-75.63260063730,45.40394930580,2016-02-24,8:12:00 AM,03 - Snow,01 - Daylight,03 - Loose snow,10 - No control,,02 - Non-fatal injury,07 - SMV other,1
16-2256,STIKINE DR btwn KEYROCK DR & NORTOBA CRES,349780.67521,5020114.54508,-75.92626320490,45.31954028600,2016-02-24,9:18:00 AM,03 - Snow,01 - Daylight,03 - Loose snow,10 - No control,,03 - P.D. only,04 - Sideswipe,0
16-2257,WOODROFFE AVE btwn VAAN DR & PINELAND AVE,363994.03418,5020529.16358,-75.74493355730,45.32221648940,2016-02-24,9:20:00 AM,03 - Snow,01 - Daylight,05 - Packed snow,10 - No control,,03 - P.D. only,07 - SMV other,0
16-2258,BRONSON AVE @ POWELL AVE,367388.10337,5029477.88740,-75.70051031830,45.40244070980,2016-02-24,9:34:00 AM,03 - Snow,01 - Daylight,04 - Slush,01 - Traffic signal,01 - Functioning,03 - P.D. only,03 - Rear end,0
16-2259,HONEYWELL AVE btwn LOCKHART AVE & SHERBOURNE RD,361911.93671,5026859.13310,-75.77075905410,45.37934566700,2016-02-24,9:35:00 AM,03 - Snow,01 - Daylight,05 - Packed snow,10 - No control,,03 - P.D. only,06 - SMV unattended vehicle,0
16-2260,MARCH RD @ RICHARDSON SIDE RD,351413.45389,5021780.98110,-75.90528102550,45.33442873840,2016-02-24,9:47:00 AM,03 - Snow,01 - Daylight,03 - Loose snow,01 - Traffic signal,01 - Functioning,03 - P.D. only,02 - Angle,0
16-2261,NICHOLAS ST NB btwn HWY417 IC118 RAMP52 & WALLER ST/TRANSITWAY,368772.45149,5031500.92632,-75.68256612760,45.42051818550,2016-02-24,9:45:00 AM,03 - Snow,01 - Daylight,05 - Packed snow,10 - No control,,03 - P.D. only,04 - Sideswipe,0
16-2262,INNES RD btwn ANDERSON RD & INNES RD,376294.13298,5031848.36961,-75.58641602340,45.42291607040,2016-02-24,10:31:00 AM,03 - Snow,01 - Daylight,03 - Loose snow,10 - No control,,03 - P.D. only,07 - SMV other,0
16-2263,WOODROFFE AVE @ HWY 417 WOODROFF IC127R26/HWY4,362082.46492,5024939.29562,-75.76880445180,45.36205722870,2016-02-24,11:16:00 AM,03 - Snow,01 - Daylight,02 - Wet,01 - Traffic signal,01 - Functioning,03 - P.D. only,03 - Rear end,0
16-2264,ST. LOUIS DR btwn BUCKSKIN WAY & ST. ANDRE DR,379612.11665,5038303.95034,-75.54304130710,45.48065162020,2016-02-24,11:28:00 AM,03 - Snow,01 - Daylight,03 - Loose snow,10 - No control,,03 - P.D. only,06 - SMV unattended vehicle,0
16-2265,LEES AVE btwn ROBINSON AVE & CHAPEL CRES,369664.80584,5031284.75531,-75.67119336010,45.41849099500,2016-02-24,12:00:00 PM,03 - Snow,01 - Daylight,03 - Loose snow,10 - No control,,03 - P.D. only,07 - SMV other,0
16-2266,POWER RD btwn RIDEAU RD & END,378369.55735,5018570.65581,-75.56187554580,45.30323543710,2016-02-24,11:47:00 AM,06 - Strong wind,01 - Daylight,03 - Loose snow,10 - No control,,03 - P.D. only,05 - Turning movement,0
16-2267,ESSON ST @ HUNT CLUB RD,374639.51363,5025906.84760,-75.60839803430,45.36962433080,2016-02-24,12:26:00 PM,03 - Snow,01 - Daylight,04 - Slush,02 - Stop sign,01 - Functioning,03 - P.D. only,03 - Rear end,0
16-2268,RICHMOND RD @ LYNHAR RD/STAFFORD RD,358137.77255,5021086.01240,-75.81956921130,45.32769645040,2016-02-24,12:47:00 PM,03 - Snow,01 - Daylight,03 - Loose snow,01 - Traffic signal,01 - Functioning,03 - P.D. only,02 - Angle,0
16-2269,LYON ST    N btwn MACLAREN ST & GILMOUR ST,367415.23688,5030634.87852,-75.70001681090,45.41284854550,2016-02-24,12:52:00 PM,03 - Snow,01 - Daylight,03 - Loose snow,10 - No control,,03 - P.D. only,06 - SMV unattended vehicle,0
16-2270,CARP RD @ HAZELDEAN RD,348804.35392,5014360.65818,-75.93922626850,45.26782679100,2016-02-24,2:29:00 PM,03 - Snow,01 - Daylight,03 - Loose snow,01 - Traffic signal,01 - Functioning,03 - P.D. only,02 - Angle,0
16-2271,BEAVER RDG btwn COMMANCHE DR & LEAVER AVE,364950.87017,5024571.38886,-75.73223801640,45.35850660870,2016-02-24,2:39:00 PM,03 - Snow,01 - Daylight,06 - Ice,10 - No control,,03 - P.D. only,01 - Approaching,0
16-2272,REGIONAL ROAD 174 btwn OR174 IC112 RAMP15 & TRANSIT,375582.16768,5033417.65761,-75.59528712310,45.43710801750,2016-02-24,2:46:00 PM,03 - Snow,01 - Daylight,04 - Slush,10 - No control,,03 - P.D. only,07 - SMV other,0
16-2273,PRESTWICK DR @ ROXDALE AVE,383058.51651,5037352.39115,-75.49911491630,45.47171254420,2016-02-24,3:08:00 PM,03 - Snow,01 - Daylight,06 - Ice,02 - Stop sign,01 - Functioning,03 - P.D. only,02 - Angle,0
16-2274,ROBERTSON RD btwn MOODIE DR & VANIER RD,357213.32082,5020542.03220,-75.83141922560,45.32287130860,2016-02-24,3:09:00 PM,03 - Snow,01 - Daylight,03 - Loose snow,10 - No control,,03 - P.D. only,02 - Angle,0
16-2275,MOODIE DR btwn HWY417 IC134 RAMP53 & TIMM DR,356535.92640,5021752.77251,-75.83993291720,45.33381593260,2016-02-24,3:10:00 PM,02 - Rain,01 - Daylight,03 - Loose snow,10 - No control,,03 - P.D. only,04 - Sideswipe,0
16-2276,STRACHAN ST btwn LENNOX ST & MCBEAN ST,357123.37664,5005759.98462,-75.83412289370,45.18986604360,2016-02-24,11:40:00 AM,03 - Snow,01 - Daylight,03 - Loose snow,10 - No control,,03 - P.D. only,99 - Other,0
16-2277,STEVENAGE DR @ SWANSEA CRES,374414.96192,5026771.37302,-75.61114255940,45.37742528250,2016-02-24,3:21:00 PM,04 - Freezing Rain,01 - Daylight,06 - Ice,10 - No control,,03 - P.D. only,02 - Angle,0
16-2278,ST. PATRICK ST WB btwn FORSEY ST & ISLAND LODGE RD,368640.48940,5033236.17051,-75.68402721490,45.43614333320,2016-02-24,3:30:00 PM,03 - Snow,01 - Daylight,02 - Wet,10 - No control,,03 - P.D. only,02 - Angle,0
16-2279,COMPASS ST/MARKINCH RD @ RENAUD RD,382358.01010,5033070.71370,-75.50874780730,45.43326775050,2016-02-24,3:40:00 PM,04 - Freezing Rain,01 - Daylight,04 - Slush,02 - Stop sign,01 - Functioning,03 - P.D. only,02 - Angle,0
16-2280,CHURCHILL AVE   N btwn WHITBY AVE & MADISON AVE,363187.75845,5028380.81853,-75.75428992640,45.39293240310,2016-02-24,4:09:00 PM,04 - Freezing Rain,01 - Daylight,04 - Slush,10 - No control,,03 - P.D. only,05 - Turning movement,0
16-2281,WALDEN DR btwn CHARLESWORTH CRT & IRONSIDE CRT,349994.16896,5021038.29919,-75.92345588210,45.32783875240,2016-02-24,4:08:00 PM,03 - Snow,01 - Daylight,03 - Loose snow,10 - No control,,03 - P.D. only,06 - SMV unattended vehicle,0
16-2282,CONROY RD btwn CONROY RD & ROSEBELLA AVE,374286.05370,5024196.34144,-75.61315041430,45.35426905870,2016-02-24,4:12:00 PM,04 - Freezing Rain,01 - Daylight,04 - Slush,10 - No control,,03 - P.D. only,03 - Rear end,0
16-2283,STEVENAGE DR @ SWANSEA CRES E,374906.91646,5027199.90617,-75.60480110880,45.38123196960,2016-02-24,4:46:00 PM,03 - Snow,01 - Daylight,06 - Ice,02 - Stop sign,01 - Functioning,03 - P.D. only,02 - Angle,0
16-2284,LISGAR ST @ METCALFE ST,367915.48679,5031252.06669,-75.69354712050,45.41835686540,2016-02-24,3:25:00 PM,03 - Snow,01 - Daylight,03 - Loose snow,01 - Traffic signal,01 - Functioning,03 - P.D. only,05 - Turning movement,0
16-2285,EAGLESON RD @ KAKULU RD,353382.71529,5019150.37111,-75.88041567180,45.31062443150,2016-02-24,6:22:00 PM,04 - Freezing Rain,07 - Dark,04 - Slush,01 - Traffic signal,01 - Functioning,03 - P.D. only,07 - SMV other,0
16-2286,CORKSTOWN RD btwn MARCH RD & MOODIE DR,356303.81068,5022744.78951,-75.84279088620,45.34275927410,2016-02-24,5:31:00 PM,04 - Freezing Rain,05 - Dusk,04 - Slush,10 - No control,,03 - P.D. only,03 - Rear end,0
16-2287,LESTER RD btwn ALADDIN LANE & MEANDERING BROOK DR,372878.39358,5022444.35224,-75.63135541130,45.33864336390,2016-02-24,6:10:00 PM,04 - Freezing Rain,07 - Dark,04 - Slush,10 - No control,,03 - P.D. only,01 - Approaching,0
16-2288,HIGHWAY 417 btwn HWY417 IC110 RAMP55 & HWY417 IC104 RAMP51,377106.07125,5026929.24586,-75.57676323280,45.37857319220,2016-02-24,1:00:00 PM,03 - Snow,01 - Daylight,06 - Ice,10 - No control,,03 - P.D. only,07 - SMV other,0
16-2289,VANIER PKWY SB btwn QUEEN MARY ST & PRESLAND RD,370353.72160,5031932.94581,-75.66230546800,45.42425894360,2016-02-24,7:00:00 PM,04 - Freezing Rain,07 - Dark,04 - Slush,10 - No control,,03 - P.D. only,04 - Sideswipe,0
16-2290,CADBORO RD @ OGILVIE RD,373602.09983,5032663.41529,-75.62069801630,45.43051938110,2016-02-24,2:50:00 PM,03 - Snow,01 - Daylight,06 - Ice,01 - Traffic signal,01 - Functioning,03 - P.D. only,03 - Rear end,0
16-2291,CAMPEAU DR/HWY 417 MARCH IC138R63 @ MARCH RD,352841.66932,5020476.45187,-75.88718672760,45.32259400560,2016-02-24,7:21:00 PM,02 - Rain,07 - Dark,02 - Wet,01 - Traffic signal,01 - Functioning,03 - P.D. only,04 - Sideswipe,0
16-2292,LIMEBANK RD btwn EARL ARMSTRONG RD & RIDEAU RD,370762.66551,5014349.83249,-75.65942505040,45.26601279130,2016-02-24,7:54:00 PM,04 - Freezing Rain,07 - Dark,06 - Ice,10 - No control,,03 - P.D. only,03 - Rear end,0
16-2293,MERIVALE RD btwn AMBERWOOD CRES & FALLOWFIELD RD,366871.73455,5018892.54823,-75.70843471620,45.30724188780,2016-02-24,8:52:00 PM,04 - Freezing Rain,07 - Dark,06 - Ice,10 - No control,,03 - P.D. only,07 - SMV other,0
16-2294,BRONSON AVE btwn BREWER WAY & RIVERSIDE DR RAMPS 34B & 42A-3,368126.07088,5027733.81892,-75.69130845190,45.38668173050,2016-02-24,9:08:00 PM,04 - Freezing Rain,07 - Dark,06 - Ice,10 - No control,,03 - P.D. only,07 - SMV other,0
16-2295,RIVERSIDE DR @ WALKLEY RD,368419.38252,5024852.43161,-75.68793431350,45.36072920800,2016-02-24,10:03:00 PM,04 - Freezing Rain,07 - Dark,04 - Slush,01 - Traffic signal,01 - Functioning,03 - P.D. only,07 - SMV other,0
16-2296,ROCKDALE RD btwn DEVINE RD & FRANK KENNY RD,394891.28582,5024088.08792,-75.35023297360,45.35095067500,2016-02-24,10:04:00 PM,01 - Clear,07 - Dark,01 - Dry,10 - No control,,03 - P.D. only,07 - SMV other,0
16-2297,WEST HUNT CLUB RD WB btwn CEDARVIEW RD & GREENBANK RD,359896.30319,5019663.31747,-75.79729555070,45.31475914240,2016-02-24,10:15:00 PM,02 - Rain,07 - Dark,04 - Slush,10 - No control,,03 - P.D. only,07 - SMV other,0
16-2298,TEWSLEY DR btwn RIVERSEDGE CRES & RIVERSEDGE CRES,367689.26214,5015495.80289,-75.69844094110,45.27660564950,2016-02-24,10:22:00 PM,04 - Freezing Rain,07 - Dark,06 - Ice,10 - No control,,03 - P.D. only,06 - SMV unattended vehicle,0
16-2299,FISHER AVE btwn TRENT ST & 220 S OF TRENT ST,365852.41510,5026769.81293,-75.72046013570,45.37820968290,2016-02-24,10:27:00 PM,04 - Freezing Rain,07 - Dark,06 - Ice,10 - No control,,03 - P.D. only,03 - Rear end,0
16-2300,BAY ST @ WELLINGTON ST,366814.03938,5031351.34706,-75.70760691170,45.41934865420,2016-02-24,10:27:00 PM,02 - Rain,07 - Dark,02 - Wet,01 - Traffic signal,01 - Functioning,03 - P.D. only,04 - Sideswipe,0
16-2301,CLYDE AVE @ STARWOOD RD,364459.47616,5024656.86178,-75.73849926320,45.35931766830,2016-02-24,10:51:00 PM,04 - Freezing Rain,07 - Dark,02 - Wet,02 - Stop sign,01 - Functioning,03 - P.D. only,02 - Angle,0
16-2302,BANK ST btwn OHIO ST & BELANGER AVE,369634.99712,5027462.74846,-75.67207664980,45.38410467970,2016-02-25,1:54:00 AM,02 - Rain,07 - Dark,04 - Slush,10 - No control,,02 - Non-fatal injury,07 - SMV other,1
16-2303,AIRPORT PKWY @ HUNT CLUB RD,371018.75755,5023703.14452,-75.65491224920,45.35014758260,2016-02-25,7:41:00 AM,04 - Freezing Rain,01 - Daylight,06 - Ice,01 - Traffic signal,01 - Functioning,03 - P.D. only,03 - Rear end,0
16-2304,BANK ST @ HERON RD,369995.94447,5026851.31773,-75.66754869130,45.37856972530,2016-02-25,7:35:00 AM,04 - Freezing Rain,01 - Daylight,06 - Ice,01 - Traffic signal,01 - Functioning,03 - P.D. only,03 - Rear end,0
16-2305,WALKLEY RD btwn SHEFFIELD RD & WALKLEY EXTENSION RD,375347.74608,5028833.27645,-75.59893934080,45.39588396110,2016-02-25,7:41:00 AM,04 - Freezing Rain,01 - Daylight,06 - Ice,10 - No control,,03 - P.D. only,03 - Rear end,0
16-2306,BLAIR RD @ INNES RD,375578.73490,5031440.01434,-75.59561521400,45.41931466670,2016-02-25,7:43:00 AM,02 - Rain,01 - Daylight,06 - Ice,01 - Traffic signal,01 - Functioning,03 - P.D. only,03 - Rear end,0
16-2307,BLAIR RD @ CLAVER ST,374416.94784,5033434.79724,-75.61017630950,45.43737921630,2016-02-25,7:45:00 AM,02 - Rain,01 - Daylight,06 - Ice,02 - Stop sign,01 - Functioning,03 - P.D. only,03 - Rear end,0
16-2308,INDUSTRIAL AVE @ RIVERSIDE DR,370685.38453,5030592.33142,-75.65824694480,45.41216548310,2016-02-25,7:47:00 AM,04 - Freezing Rain,01 - Daylight,06 - Ice,01 - Traffic signal,01 - Functioning,03 - P.D. only,04 - Sideswipe,0
16-2309,TERRY FOX DR @ WESTPHALIAN AVE,353455.22610,5015759.78900,-75.87982363390,45.28011017200,2016-02-25,7:50:00 AM,01 - Clear,01 - Daylight,02 - Wet,01 - Traffic signal,01 - Functioning,03 - P.D. only,03 - Rear end,0
16-2310,KATIMAVIK RD @ CHIMO DR E/HEARST WAY,352960.28783,5019610.24902,-75.88575795470,45.31479160730,2016-02-25,7:59:00 AM,02 - Rain,01 - Daylight,02 - Wet,01 - Traffic signal,01 - Functioning,03 - P.D. only,03 - Rear end,0
16-2311,INNES RD @ PORTOBELLO BLVD,385631.55016,5036893.21022,-75.46628800720,45.46728822010,2016-02-25,8:04:00 AM,02 - Rain,01 - Daylight,06 - Ice,01 - Traffic signal,01 - Functioning,03 - P.D. only,03 - Rear end,0
16-2312,ROWE DR btwn MCGIBBON DR & MCGIBBON DR,351207.89877,5018353.33100,-75.90822461860,45.30359954370,2016-02-25,8:06:00 AM,02 - Rain,01 - Daylight,06 - Ice,10 - No control,,03 - P.D. only,01 - Approaching,0
16-2313,WALKLEY RD btwn LANCASTER RD & SHEFFIELD RD,374937.63188,5028617.99473,-75.60420742380,45.39398816290,2016-02-25,8:11:00 AM,04 - Freezing Rain,01 - Daylight,02 - Wet,10 - No control,,03 - P.D. only,06 - SMV unattended vehicle,0
16-2314,FISHER AVE @ MEADOWLANDS DR,366575.52414,5025045.21638,-75.71144375830,45.36262874820,2016-02-25,8:22:00 AM,02 - Rain,01 - Daylight,02 - Wet,01 - Traffic signal,01 - Functioning,02 - Non-fatal injury,05 - Turning movement,0
16-2315,WALKLEY EXTENSION RD btwn HWY417 IC110 RAMP57 & HWY417 IC110 RAMP65,375713.65607,5029029.79864,-75.59423814460,45.39761520150,2016-02-25,8:28:00 AM,04 - Freezing Rain,01 - Daylight,06 - Ice,10 - No control,,03 - P.D. only,03 - Rear end,0
16-2316,CYRVILLE RD btwn STAR TOP RD & MEADOWBROOK RD,373963.86671,5031470.04469,-75.61624269560,45.41974636840,2016-02-25,8:29:00 AM,04 - Freezing Rain,01 - Daylight,06 - Ice,10 - No control,,02 - Non-fatal injury,01 - Approaching,0
16-2317,HERON RD btwn WILDWOOD AVE & BANK ST,369982.02752,5026850.86880,-75.66772643030,45.37856698120,2016-02-25,8:58:00 AM,01 - Clear,01 - Daylight,02 - Wet,10 - No control,,03 - P.D. only,04 - Sideswipe,0
16-2318,CONROY RD @ HUNT CLUB RD,373763.74000,5025403.19242,-75.61964751280,45.36517937610,2016-02-25,9:04:00 AM,04 - Freezing Rain,01 - Daylight,06 - Ice,01 - Traffic signal,01 - Functioning,03 - P.D. only,03 - Rear end,0