Record,Location,X,Y,Longitude,Latitude,Date,Time,Environment,Light,Road_Surface,Traffic_Control,Collision_Location,Collision_Classification,Impact_type,Pedestrian
16-2319,BOOTH ST btwn NORMAN ST & CARLING AVE,367053.65811,5029198.54673,-75.70481731090,45.39995710090,2016-02-18,12:15:00 PM,01 - Clear,01 - Daylight,01 - Dry,10 - No control,,03 - P.D. only,06 - SMV unattended vehicle,0
16-2320,CRAIG HENRY DR @ IVYLEA ST/WOODVALE GR,363035.31809,5021803.63497,-75.75701177960,45.33376430560,2016-02-25,8:40:00 AM,01 - Clear,01 - Daylight,02 - Wet,02 - Stop sign,01 - Functioning,03 - P.D. only,02 - Angle,0
16-2321,COBOURG ST btwn RIDEAU ST & END,369134.77362,5032778.58654,-75.67777000150,45.43198086680,2016-02-25,10:53:00 AM,03 - Snow,01 - Daylight,03 - Loose snow,10 - No control,,03 - P.D. only,06 - SMV unattended vehicle,0
16-2322,CARLING AVE @ BROADVIEW AVE,363180.90614,5026637.88298,-75.75458358180,45.37725029540,2016-02-25,11:30:00 AM,01 - Clear,01 - Daylight,04 - Slush,01 - Traffic signal,01 - Functioning,03 - P.D. only,05 - Turning movement,0
16-2323,ANTARES DR btwn CAPELLA CRT & AURIGA DR (1),366753.92521,5021565.71111,-75.70960256470,45.33130504490,2016-02-25,11:43:00 AM,03 - Snow,01 - Daylight,02 - Wet,10 - No control,,03 - P.D. only,02 - Angle,0
16-2324,AMBERWOOD CRES btwn WEATHERWOOD CRES & CALAIS CRT,366537.75673,5020466.75492,-75.71249717330,45.32143584320,2016-02-25,11:55:00 AM,03 - Snow,01 - Daylight,06 - Ice,10 - No control,,03 - P.D. only,06 - SMV unattended vehicle,0
16-2325,PRINCE OF WALES DR btwn MEADOWLANDS DR & NESBITT PL,367381.46011,5025603.67693,-75.70108636220,45.36758216390,2016-02-25,12:14:00 PM,03 - Snow,01 - Daylight,02 - Wet,10 - No control,,03 - P.D. only,02 - Angle,0
16-2326,PRESTON ST btwn NORMAN ST & PAMILLA ST,366721.75740,5029181.48366,-75.70905850250,45.39983300660,2016-02-25,12:34:00 PM,03 - Snow,01 - Daylight,04 - Slush,10 - No control,,03 - P.D. only,02 - Angle,0
16-2327,GLADSTONE AVE btwn CAMBRIDGE ST N & BRONSON AVE,367069.09538,5030040.08232,-75.70451387920,45.40752762870,2016-02-25,12:51:00 PM,01 - Clear,01 - Daylight,01 - Dry,10 - No control,,03 - P.D. only,02 - Angle,0
16-2328,CEDARVIEW RD btwn WEST HUNT CLUB RD & LYTLE AVE,360432.77350,5017670.78725,-75.79067751560,45.29678795380,2016-02-16,7:45:00 AM,03 - Snow,01 - Daylight,05 - Packed snow,10 - No control,,03 - P.D. only,07 - SMV other,0
16-2329,BOYCE AVE btwn WALTER ST & CARLING AVE,359342.42751,5024226.97262,-75.80385624920,45.35586629320,2016-02-25,1:11:00 PM,04 - Freezing Rain,01 - Daylight,02 - Wet,10 - No control,,03 - P.D. only,06 - SMV unattended vehicle,0
16-2330,BLAIR RD @ INNES RD,375578.73490,5031440.88548,-75.59561508880,45.41932250530,2016-02-25,7:50:00 AM,04 - Freezing Rain,01 - Daylight,06 - Ice,01 - Traffic signal,01 - Functioning,03 - P.D. only,03 - Rear end,0
16-2331,LEMIEUX ST @ ST. LAURENT BLVD,372391.73328,5031742.56403,-75.63629128310,45.42235202200,2016-02-25,2:29:00 PM,03 - Snow,01 - Daylight,03 - Loose snow,01 - Traffic signal,01 - Functioning,03 - P.D. only,02 - Angle,0
16-2332,HERON RD EB btwn BRONSON AVE RAMP 35 & BRONSON AVE RAMP 52,368678.52017,5026696.45907,-75.68438846250,45.37729770450,2016-02-25,2:35:00 PM,04 - Freezing Rain,01 - Daylight,06 - Ice,10 - No control,,03 - P.D. only,03 - Rear end,0
16-2333,HUNTMAR DR @ MAPLE GROVE RD,350267.82454,5016714.11202,-75.92036175190,45.28891084450,2016-02-25,3:30:00 PM,02 - Rain,01 - Daylight,02 - Wet,01 - Traffic signal,01 - Functioning,03 - P.D. only,05 - Turning movement,0
16-2334,SOMERSET ST    W btwn O'CONNOR ST & METCALFE ST,367984.50049,5031089.11927,-75.69268628570,45.41688448940,2016-02-25,3:34:00 PM,01 - Clear,01 - Daylight,02 - Wet,10 - No control,,03 - P.D. only,02 - Angle,0
16-2335,FISHER AVE btwn TUNIS AVE & SHILLINGTON AVE,365553.72205,5027460.78276,-75.72418857650,45.38445285360,2016-02-25,3:49:00 PM,02 - Rain,01 - Daylight,06 - Ice,10 - No control,,03 - P.D. only,99 - Other,0
16-2336,SOUTHGATE RD btwn CLEARWATER CRES & CLEARWATER CRES,371164.34591,5024691.02652,-75.65292183940,45.35902246740,2016-02-25,4:17:00 PM,01 - Clear,01 - Daylight,01 - Dry,10 - No control,,03 - P.D. only,06 - SMV unattended vehicle,0
16-2337,GREY NUNS DR @ ST. JOSEPH BLVD,380156.83309,5036666.37026,-75.53632572130,45.46585939960,2016-02-25,4:40:00 PM,03 - Snow,01 - Daylight,02 - Wet,01 - Traffic signal,01 - Functioning,03 - P.D. only,02 - Angle,0
16-2338,NAVY PRIV @ PRINCE OF WALES DR,366839.72468,5028678.41998,-75.70761509310,45.39529612900,2016-02-25,5:02:00 PM,03 - Snow,01 - Daylight,06 - Ice,02 - Stop sign,01 - Functioning,03 - P.D. only,03 - Rear end,0
16-2339,PAUL METIVIER DR btwn LEAMINGTON WAY & LONGFIELDS DR,365153.82000,5014303.02000,-75.73089857020,45.26609521890,2016-02-25,5:26:00 PM,04 - Freezing Rain,07 - Dark,06 - Ice,10 - No control,,03 - P.D. only,06 - SMV unattended vehicle,0
16-2340,INNES RD EB btwn INNES RD & INNES RD W,376758.16605,5032114.83633,-75.58044824160,45.42526599870,2016-02-25,5:45:00 PM,03 - Snow,05 - Dusk,06 - Ice,10 - No control,,02 - Non-fatal injury,99 - Other,0
16-2341,BANK ST @ HERON RD,369995.04660,5026851.31773,-75.66756015490,45.37856980890,2016-02-25,5:44:00 PM,02 - Rain,05 - Dusk,04 - Slush,01 - Traffic signal,01 - Functioning,03 - P.D. only,03 - Rear end,0
16-2342,SMYTH RD btwn RIVERSIDE HOSPITAL & ALTA VISTA DR,370406.59076,5029084.41151,-75.66200907200,45.39862398420,2016-02-25,5:50:00 PM,04 - Freezing Rain,07 - Dark,06 - Ice,10 - No control,,03 - P.D. only,04 - Sideswipe,0
16-2343,COLONEL BY DR @ HAWTHORNE AVE/PRETORIA BRIDGE,368767.03680,5030525.34243,-75.68276194340,45.41174071740,2016-02-25,4:45:00 PM,03 - Snow,01 - Daylight,04 - Slush,01 - Traffic signal,01 - Functioning,03 - P.D. only,05 - Turning movement,0
16-2344,TENTH LINE RD btwn BLACKBURN BYPS & SOUTHFIELD WAY,384544.55119,5034746.12944,-75.48053502610,45.44809571950,2016-02-25,5:57:00 PM,03 - Snow,07 - Dark,06 - Ice,10 - No control,,03 - P.D. only,07 - SMV other,0
16-2345,DUMAURIER AVE @ PINECREST RD,360321.43341,5023834.37220,-75.79140590160,45.35225684630,2016-02-25,6:01:00 PM,04 - Freezing Rain,07 - Dark,06 - Ice,01 - Traffic signal,01 - Functioning,03 - P.D. only,03 - Rear end,0
16-2346,ST. LAURENT BLVD btwn TO BE DETERMINED & DWELLINGHAM PRIV,373490.92594,5029097.57526,-75.62261566450,45.39844661750,2016-02-25,6:00:00 PM,04 - Freezing Rain,07 - Dark,06 - Ice,10 - No control,,03 - P.D. only,01 - Approaching,0
16-2347,PRINCE OF WALES DR btwn BASELINE RD & TURN LANE,366881.70595,5026472.71664,-75.70735637260,45.37544603240,2016-02-25,6:09:00 PM,03 - Snow,07 - Dark,06 - Ice,10 - No control,,03 - P.D. only,01 - Approaching,0
16-2348,BLAIR RD @ MONTREAL RD,374020.81789,5034439.36526,-75.61509762110,45.44645709860,2016-02-25,6:13:00 PM,03 - Snow,05 - Dusk,06 - Ice,01 - Traffic signal,01 - Functioning,03 - P.D. only,03 - Rear end,0
16-2349,MONTREAL RD @ BATHGATE DR/BURMA RD,373224.96837,5034516.20322,-75.62525968460,45.44722680580,2016-02-25,6:10:00 PM,04 - Freezing Rain,05 - Dusk,06 - Ice,01 - Traffic signal,01 - Functioning,03 - P.D. only,05 - Turning movement,0
16-2350,HUNT CLUB RD @ LORRY GREENBERG DR/SABLE RIDGE,372824.53763,5024807.23849,-75.63171748350,45.35990898550,2016-02-25,4:00:00 PM,03 - Snow,01 - Daylight,04 - Slush,01 - Traffic signal,01 - Functioning,03 - P.D. only,03 - Rear end,0
16-2351,BANK ST @ JOHNSTON RD,370851.51096,5024839.30836,-75.65689462970,45.36038620290,2016-02-25,6:15:00 PM,01 - Clear,05 - Dusk,06 - Ice,01 - Traffic signal,01 - Functioning,02 - Non-fatal injury,03 - Rear end,0
16-2352,RIVERSIDE DR @ TRANSITWAY - RIVERSIDE H,369770.52772,5028800.81658,-75.67016997720,45.39613160930,2016-02-25,6:31:00 PM,04 - Freezing Rain,07 - Dark,06 - Ice,01 - Traffic signal,01 - Functioning,03 - P.D. only,03 - Rear end,0
16-2353,BASELINE RD @ GREENBANK RD,360597.46476,5022584.71974,-75.78802429350,45.34099058720,2016-02-25,6:34:00 PM,03 - Snow,07 - Dark,06 - Ice,01 - Traffic signal,01 - Functioning,03 - P.D. only,04 - Sideswipe,0
16-2354,SLACK RD @ WOODROFFE AVE,364233.46396,5019975.57589,-75.74194613840,45.31721511500,2016-02-25,6:48:00 PM,01 - Clear,07 - Dark,06 - Ice,01 - Traffic signal,01 - Functioning,03 - P.D. only,04 - Sideswipe,0
16-2355,CEDARVIEW RD @ FALLOWFIELD RD,361295.49536,5015665.68434,-75.77990693390,45.27867707900,2016-02-25,6:49:00 PM,03 - Snow,07 - Dark,04 - Slush,01 - Traffic signal,01 - Functioning,02 - Non-fatal injury,03 - Rear end,0
16-2356,WEST HUNT CLUB RD @ WOODROFFE AVE,363671.78869,5021246.26946,-75.74895843390,45.32869606170,2016-02-25,6:50:00 PM,04 - Freezing Rain,07 - Dark,06 - Ice,01 - Traffic signal,01 - Functioning,03 - P.D. only,04 - Sideswipe,0
16-2357,JEANNE D'ARC BLVD  S btwn ST. JOSEPH BLVD & WOODCLIFFE PRIV,379919.44965,5036384.63799,-75.53940403970,45.46335015970,2016-02-25,6:52:00 PM,03 - Snow,07 - Dark,03 - Loose snow,10 - No control,,03 - P.D. only,99 - Other,0
16-2358,HUNT CLUB RD @ RIVERSIDE DR,368036.48102,5021945.27652,-75.69319305960,45.33460590280,2016-02-25,7:01:00 PM,01 - Clear,07 - Dark,02 - Wet,01 - Traffic signal,01 - Functioning,03 - P.D. only,03 - Rear end,0
16-2359,LYON ST @ WELLINGTON ST,366935.94536,5031426.45063,-75.70603991950,45.42001359670,2016-02-25,7:04:00 PM,03 - Snow,07 - Dark,04 - Slush,01 - Traffic signal,01 - Functioning,02 - Non-fatal injury,05 - Turning movement,0
16-2360,LESTER RD btwn ALBION RD & UPLANDS DR,371512.64505,5021468.43976,-75.64891124150,45.32999358810,2016-02-25,7:13:00 PM,03 - Snow,07 - Dark,05 - Packed snow,10 - No control,,02 - Non-fatal injury,03 - Rear end,0
16-2361,COLONNADE RD @ PRINCE OF WALES DR,367394.19403,5023263.05013,-75.70122019900,45.34652057000,2016-02-25,8:28:00 PM,04 - Freezing Rain,07 - Dark,06 - Ice,01 - Traffic signal,01 - Functioning,02 - Non-fatal injury,99 - Other,0
16-2362,CAMPEAU DR @ GRAY CRES,352098.05757,5020078.82808,-75.89670958260,45.31906659680,2016-02-25,7:00:00 PM,03 - Snow,07 - Dark,04 - Slush,02 - Stop sign,01 - Functioning,03 - P.D. only,03 - Rear end,0
16-2363,ALBERT ST @ BOOTH ST,366427.59551,5030626.34706,-75.71263494840,45.41285945640,2016-02-25,7:28:00 PM,01 - Clear,07 - Dark,02 - Wet,01 - Traffic signal,01 - Functioning,03 - P.D. only,03 - Rear end,0
16-2364,SMYTH RD btwn SAUNDERSON DR & CUBA AVE,372814.14842,5029326.84388,-75.63122747620,45.40057554610,2016-02-25,7:48:00 PM,03 - Snow,07 - Dark,06 - Ice,10 - No control,,03 - P.D. only,03 - Rear end,0
16-2365,STRANDHERD DR @ CLARIDGE DR,364949.34982,5015381.17571,-75.73337334400,45.27581396930,2016-02-25,7:47:00 PM,01 - Clear,07 - Dark,04 - Slush,01 - Traffic signal,01 - Functioning,03 - P.D. only,05 - Turning movement,0
16-2366,MERIVALE RD btwn 210 S OF MEADOWLANDS DR/MERIVALE PL SC & FAMILY BROWN,364996.48577,5023406.64570,-75.73179764240,45.34802250100,2016-02-25,8:10:00 PM,04 - Freezing Rain,07 - Dark,06 - Ice,10 - No control,,03 - P.D. only,99 - Other,0
16-2367,KANATA RD @ LORD BYNG WAY/MARITIME WAY,351429.31538,5019331.52854,-75.90530931670,45.31238694960,2016-02-25,8:00:00 PM,04 - Freezing Rain,07 - Dark,06 - Ice,01 - Traffic signal,01 - Functioning,03 - P.D. only,04 - Sideswipe,0
16-2368,HAWTHORNE RD @ HUNT CLUB RD,375507.07650,5026406.75367,-75.59725215830,45.37403525630,2016-02-25,8:09:00 PM,01 - Clear,07 - Dark,06 - Ice,01 - Traffic signal,01 - Functioning,03 - P.D. only,03 - Rear end,0
16-2369,ST. JOSEPH BLVD @ TENTH LINE RD,382891.26304,5038665.76394,-75.50104487910,45.48354781280,2016-02-25,7:00:00 PM,03 - Snow,07 - Dark,06 - Ice,01 - Traffic signal,01 - Functioning,03 - P.D. only,07 - SMV other,0
16-2370,MEADOWLANDS DR @ MERIVALE RD,364858.04128,5023724.85178,-75.73352560910,45.35089754580,2016-02-25,8:24:00 PM,04 - Freezing Rain,07 - Dark,06 - Ice,01 - Traffic signal,01 - Functioning,02 - Non-fatal injury,05 - Turning movement,0
16-2371,PRINCE OF WALES DR btwn FALLOWFIELD RD & AMBERWOOD CRES,367390.70890,5019268.11674,-75.70176974300,45.31057514510,2016-02-25,8:28:00 PM,03 - Snow,07 - Dark,03 - Loose snow,10 - No control,,03 - P.D. only,07 - SMV other,0
16-2372,DUMAURIER AVE @ PINECREST RD,360322.33762,5023833.41321,-75.79139447030,45.35224814560,2016-02-25,8:33:00 PM,01 - Clear,07 - Dark,06 - Ice,01 - Traffic signal,01 - Functioning,03 - P.D. only,03 - Rear end,0
16-2373,CRESTWAY DR @ PRINCE OF WALES DR,367370.52600,5016577.13862,-75.70236668500,45.28636384520,2016-02-25,9:01:00 PM,04 - Freezing Rain,07 - Dark,06 - Ice,01 - Traffic signal,01 - Functioning,03 - P.D. only,03 - Rear end,0
16-2374,CASTLEFRANK RD @ KATIMAVIK RD,351949.75549,5018943.75185,-75.89870910500,45.30886289210,2016-02-25,9:03:00 PM,05 - Drifting Snow,07 - Dark,05 - Packed snow,01 - Traffic signal,01 - Functioning,03 - P.D. only,02 - Angle,0
16-2375,WOODROFFE AVE btwn TURN LANE & KNOXDALE RD,363412.41182,5021844.93226,-75.75219619530,45.33410449940,2016-02-25,9:10:00 PM,02 - Rain,07 - Dark,06 - Ice,10 - No control,,03 - P.D. only,04 - Sideswipe,0
16-2376,EARL ARMSTRONG RD @ LIMEBANK RD,370155.06228,5015959.35301,-75.66695516810,45.28055172060,2016-02-25,9:56:00 PM,03 - Snow,07 - Dark,06 - Ice,01 - Traffic signal,01 - Functioning,03 - P.D. only,04 - Sideswipe,0
16-2377,KANATA RD @ LORD BYNG WAY/MARITIME WAY,351429.45394,5019331.65185,-75.90530753880,45.31238805080,2016-02-25,9:40:00 PM,01 - Clear,07 - Dark,06 - Ice,01 - Traffic signal,01 - Functioning,03 - P.D. only,03 - Rear end,0
16-2378,WOODROFFE AVE @ QUEENSBURY DR/RIDEAUCREST DR,365727.48636,5016328.63012,-75.72334029580,45.28427212490,2016-02-25,10:18:00 PM,01 - Clear,07 - Dark,06 - Ice,01 - Traffic signal,01 - Functioning,03 - P.D. only,07 - SMV other,0
16-2379,WOODROFFE AVE btwn KNOXDALE RD/MEDHURST DR & NORICE ST,363382.13997,5021926.35384,-75.75257274590,45.33483965230,2016-02-25,10:33:00 PM,03 - Snow,07 - Dark,06 - Ice,10 - No control,,03 - P.D. only,03 - Rear end,0
16-2380,LIMEBANK RD @ SPRATT RD,369776.34068,5016878.50986,-75.67166165510,45.28885724730,2016-02-25,11:23:00 PM,05 - Drifting Snow,07 - Dark,06 - Ice,01 - Traffic signal,01 - Functioning,03 - P.D. only,03 - Rear end,0
16-2381,BANK ST @ MCLEOD ST,367949.38179,5030487.79716,-75.69321200390,45.41147715760,2016-02-26,2:19:00 AM,04 - Freezing Rain,07 - Dark,06 - Ice,02 - Stop sign,01 - Functioning,03 - P.D. only,05 - Turning movement,0
16-2382,RUSSELL RD btwn CLAYTON RD & RUISSELLET RD,398377.98782,5028802.27067,-75.30485130250,45.39290610130,2016-02-26,5:46:00 AM,01 - Clear,07 - Dark,06 - Ice,10 - No control,,03 - P.D. only,07 - SMV other,0
16-2383,ROGER STEVENS DR btwn DWYER HILL RD & MALAKOFF RD,362047.32695,4995969.12172,-75.77258600940,45.10138271320,2016-02-26,7:17:00 AM,01 - Clear,01 - Daylight,06 - Ice,10 - No control,,02 - Non-fatal injury,03 - Rear end,0
16-2384,MITCH OWENS RD btwn MANOTICK STATION RD & BOWESVILLE RD,373761.50003,5013432.03043,-75.62134213890,45.25746701060,2016-02-26,7:20:00 AM,01 - Clear,01 - Daylight,05 - Packed snow,10 - No control,,03 - P.D. only,03 - Rear end,0
16-2385,FALLOWFIELD RD btwn EAGLESON RD & RICHMOND RD,356112.79947,5012611.94177,-75.84627664160,45.25159620270,2016-02-26,7:26:00 AM,04 - Freezing Rain,01 - Daylight,06 - Ice,10 - No control,,03 - P.D. only,99 - Other,0
16-2386,BEATRICE DR btwn GLEESON WAY & DEERFOX DR,365377.80345,5015718.23227,-75.72787190130,45.27881001130,2016-02-25,7:00:00 PM,01 - Clear,07 - Dark,02 - Wet,10 - No control,,03 - P.D. only,06 - SMV unattended vehicle,0
16-2387,REGIONAL ROAD 174 btwn OR174 IC105 RAMP63 & OR174 IC102 RAMP36,380691.58309,5037763.41503,-75.52931881420,45.47567182320,2016-02-26,8:21:00 AM,01 - Clear,01 - Daylight,01 - Dry,10 - No control,,03 - P.D. only,03 - Rear end,0
16-2388,PALLADIUM DR @ SILVER SEVEN RD,351051.82968,5017888.11273,-75.91025804680,45.29942367670,2016-02-26,8:42:00 AM,01 - Clear,01 - Daylight,06 - Ice,01 - Traffic signal,01 - Functioning,02 - Non-fatal injury,03 - Rear end,0
16-2389,MONTREAL RD @ BATHGATE DR/BURMA RD,373224.62487,5034516.98912,-75.62526396600,45.44723391050,2016-02-26,1:50:00 AM,01 - Clear,07 - Dark,06 - Ice,01 - Traffic signal,01 - Functioning,03 - P.D. only,03 - Rear end,0
16-2390,BRONSON AVE RAMP 52 btwn HERON RD EB & BRONSON AVE RAMP 62,368876.50346,5026636.24966,-75.68186865030,45.37673787980,2016-02-26,9:09:00 AM,01 - Clear,01 - Daylight,06 - Ice,10 - No control,,02 - Non-fatal injury,04 - Sideswipe,0
16-2391,BEATRICE DR @ CLARIDGE DR,365145.91145,5016523.60974,-75.73072940640,45.28607671310,2016-02-26,8:30:00 AM,01 - Clear,01 - Daylight,06 - Ice,02 - Stop sign,01 - Functioning,03 - P.D. only,02 - Angle,0
16-2392,CAMBRIAN RD/GOLFLINKS DR W @ LONGFIELDS DR,365382.46882,5013223.19452,-75.72811679080,45.25635929770,2016-02-25,8:00:00 PM,04 - Freezing Rain,07 - Dark,06 - Ice,11 - Roundabout,01 - Functioning,03 - P.D. only,03 - Rear end,0
16-2393,BRONSON AVE btwn BRONSON AVE SB ON RAMP 43 & SUNNYSIDE AVE/UNIVERSITY,367894.87621,5028141.82769,-75.69420841510,45.39037374370,2016-02-26,9:32:00 AM,04 - Freezing Rain,01 - Daylight,06 - Ice,10 - No control,,03 - P.D. only,03 - Rear end,0
16-2394,BLAIR RD btwn OR174 IC112 RAMP15 & MEADOWBROOK RD,375186.07745,5032321.11425,-75.60050592940,45.42728192890,2016-01-14,10:35:00 AM,01 - Clear,01 - Daylight,03 - Loose snow,10 - No control,,02 - Non-fatal injury,02 - Angle,0
16-2395,MCKITRICK DR btwn RICKEY PL & MELANIE CRES,352825.73627,5016982.72537,-75.88772849580,45.29115775620,2016-02-25,6:00:00 PM,03 - Snow,07 - Dark,06 - Ice,10 - No control,,03 - P.D. only,06 - SMV unattended vehicle,0
16-2396,PINECREST RD @ LISA AVE,360694.62548,5022916.66204,-75.78674711440,45.34396966480,2016-02-26,10:28:00 AM,01 - Clear,01 - Daylight,01 - Dry,02 - Stop sign,01 - Functioning,03 - P.D. only,02 - Angle,0
16-2397,PARKWOOD CRES btwn WESTPARK DR & WESTPARK DR,377320.81327,5033351.68834,-75.57307697350,45.43633630190,2016-02-26,10:00:00 AM,01 - Clear,01 - Daylight,05 - Packed snow,10 - No control,,03 - P.D. only,06 - SMV unattended vehicle,0
16-2398,INDUSTRIAL AVE/INNES RD @ ST. LAURENT BLVD,373099.55710,5030005.51721,-75.62748825960,45.40665415250,2016-02-26,11:29:00 AM,01 - Clear,01 - Daylight,01 - Dry,01 - Traffic signal,01 - Functioning,03 - P.D. only,03 - Rear end,0
16-2399,KING EDWARD AVE @ ST. PATRICK ST,368249.36723,5032824.25473,-75.68907889690,45.43247266520,2016-02-26,11:41:00 AM,01 - Clear,01 - Daylight,01 - Dry,01 - Traffic signal,01 - Functioning,03 - P.D. only,03 - Rear end,0
16-2400,PALLADIUM DR @ SILVER SEVEN RD,351052.52618,5017886.75794,-75.91024929280,45.29941144000,2016-02-26,11:48:00 AM,01 - Clear,01 - Daylight,06 - Ice,01 - Traffic signal,01 - Functioning,03 - P.D. only,03 - Rear end,0
16-2401,MERIVALE RD @ WEST HUNT CLUB RD,365612.78738,5021942.50700,-75.72411335320,45.33479522060,2016-02-26,11:53:00 AM,02 - Rain,01 - Daylight,02 - Wet,01 - Traffic signal,01 - Functioning,03 - P.D. only,03 - Rear end,0
16-2402,WEST HUNT CLUB RD EB btwn KNOXDALE RD & WOODROFFE AVE,363656.70654,5021236.05615,-75.74915203870,45.32860542810,2016-02-26,11:58:00 AM,01 - Clear,01 - Daylight,01 - Dry,10 - No control,,03 - P.D. only,04 - Sideswipe,0
16-2403,BLAIR RD @ MONTREAL RD,374019.49822,5034439.80678,-75.61511442770,45.44646120170,2016-02-26,12:06:00 PM,02 - Rain,01 - Daylight,06 - Ice,01 - Traffic signal,01 - Functioning,03 - P.D. only,05 - Turning movement,0
16-2404,BASIL MACDONALD WAY @ GRANT CARMAN DR,365350.09422,5023323.04172,-75.72729568690,45.34723980580,2016-02-26,12:12:00 PM,01 - Clear,01 - Daylight,01 - Dry,02 - Stop sign,01 - Functioning,03 - P.D. only,02 - Angle,0
16-2405,GLADSTONE AVE @ KENT ST,367744.03827,5030459.79248,-75.69583876050,45.41124367930,2016-02-26,12:19:00 PM,01 - Clear,01 - Daylight,01 - Dry,01 - Traffic signal,01 - Functioning,03 - P.D. only,03 - Rear end,0
16-2406,MERIVALE RD btwn VIEWMOUNT DR & COLONNADE RD,365343.05127,5022594.44091,-75.72747473060,45.34068456390,2016-02-26,12:24:00 PM,01 - Clear,01 - Daylight,06 - Ice,10 - No control,,03 - P.D. only,03 - Rear end,0
16-2407,AGES DR @ HAWTHORNE RD,374971.07527,5027717.31382,-75.60390841340,45.38588093000,2016-02-25,6:15:00 PM,03 - Snow,07 - Dark,06 - Ice,01 - Traffic signal,01 - Functioning,03 - P.D. only,02 - Angle,0
16-2408,FALLOWFIELD RD @ GREENBANK RD,363080.45372,5016732.23332,-75.75703243990,45.28812820860,2016-02-26,12:56:00 PM,01 - Clear,01 - Daylight,06 - Ice,01 - Traffic signal,01 - Functioning,03 - P.D. only,02 - Angle,0
16-2409,LORRY GREENBERG DR btwn HEARTLEAF PRIV & HUNT CLUB RD,372813.42037,5024831.43455,-75.63185604030,45.36012777150,2016-02-26,1:18:00 PM,01 - Clear,01 - Daylight,01 - Dry,10 - No control,,03 - P.D. only,02 - Angle,0
16-2410,RUSSELL RD btwn BIRCHGROVE RD & CANAAN RD,401090.10224,5030042.34830,-75.26997887400,45.40369483050,2016-02-26,1:41:00 PM,01 - Clear,01 - Daylight,01 - Dry,10 - No control,,03 - P.D. only,07 - SMV other,0
16-2411,BRONSON AVE @ FIFTH AVE/MADAWASKA DR,367613.03930,5028937.43137,-75.69770613800,45.39755769700,2016-02-26,1:44:00 PM,01 - Clear,01 - Daylight,01 - Dry,01 - Traffic signal,01 - Functioning,03 - P.D. only,05 - Turning movement,0
16-2412,ISABELLA ST/HWY417 IC119AR75 @ METCALFE ST,368448.29477,5030399.67535,-75.68684998030,45.41063906940,2016-02-26,1:55:00 PM,01 - Clear,01 - Daylight,01 - Dry,01 - Traffic signal,01 - Functioning,03 - P.D. only,03 - Rear end,0
16-2413,INNES RD @ STAR TOP RD/WINDMILL LANE,374146.03667,5030667.18598,-75.61402823270,45.41250462260,2016-02-26,1:55:00 PM,01 - Clear,01 - Daylight,01 - Dry,01 - Traffic signal,01 - Functioning,02 - Non-fatal injury,05 - Turning movement,0
16-2414,BANK ST @ RIVERSIDE DR N,369225.93788,5027984.65588,-75.67723154370,45.38883837980,2016-02-26,2:06:00 PM,01 - Clear,01 - Daylight,01 - Dry,01 - Traffic signal,01 - Functioning,03 - P.D. only,04 - Sideswipe,0
16-2415,JOHN QUINN RD btwn PARKWAY RD & IVESON DR,381579.68529,5015379.83710,-75.52144119730,45.27418266190,2016-02-26,2:09:00 PM,01 - Clear,01 - Daylight,06 - Ice,10 - No control,,03 - P.D. only,07 - SMV other,0
16-2416,CAVANMORE RD btwn WESCAR LANE & CARP RD,345421.49955,5017276.23130,-75.98209551770,45.29426584470,2016-02-26,2:34:00 PM,01 - Clear,01 - Daylight,01 - Dry,10 - No control,,03 - P.D. only,06 - SMV unattended vehicle,0
16-2417,VANIER PKWY NB btwn COVENTRY RD & HWY417 IC117 RAMP62,370691.64865,5031598.68392,-75.65803235970,45.42121964440,2016-02-26,2:44:00 PM,01 - Clear,01 - Daylight,01 - Dry,10 - No control,,03 - P.D. only,04 - Sideswipe,0
16-2418,BANK ST @ NOTTING HILL AVE,370410.09828,5025744.51113,-75.66240818350,45.36857238190,2016-02-26,2:30:00 PM,01 - Clear,01 - Daylight,01 - Dry,02 - Stop sign,01 - Functioning,03 - P.D. only,05 - Turning movement,0
16-2419,CARLING AVE @ KIRKWOOD AVE N,364276.03668,5027494.75500,-75.74049878260,45.38486817990,2016-02-26,2:54:00 PM,01 - Clear,01 - Daylight,01 - Dry,01 - Traffic signal,01 - Functioning,03 - P.D. only,04 - Sideswipe,0
16-2420,AMIENS ST @ TENTH LINE RD,383352.50592,5037568.89083,-75.49532091560,45.47362740570,2016-02-26,3:00:00 PM,01 - Clear,01 - Daylight,01 - Dry,01 - Traffic signal,01 - Functioning,03 - P.D. only,03 - Rear end,0
16-2421,DEER PARK RD @ MEADOWLANDS DR,365979.15751,5024860.56667,-75.71907844170,45.36101960420,2016-02-26,3:09:00 PM,01 - Clear,01 - Daylight,01 - Dry,01 - Traffic signal,01 - Functioning,03 - P.D. only,01 - Approaching,0
16-2422,GREENBANK RD @ WEST HUNT CLUB RD,361480.34293,5020503.14513,-75.77699802190,45.32218983650,2016-02-26,3:12:00 PM,03 - Snow,01 - Daylight,03 - Loose snow,01 - Traffic signal,01 - Functioning,03 - P.D. only,03 - Rear end,0