Record,Location,X,Y,Longitude,Latitude,Date,Time,Environment,Light,Road_Surface,Traffic_Control,Collision_Location,Collision_Classification,Impact_type,Pedestrian
16-2423,HWY 417 INNES IC112R57 @ INNES RD,374298.98611,5030754.28091,-75.61206209110,45.41327308530,2016-02-26,3:17:00 PM,01 - Clear,01 - Daylight,06 - Ice,01 - Traffic signal,01 - Functioning,03 - P.D. only,03 - Rear end,0
16-2424,RICHMOND RD btwn WINSTON AVE & CHURCHILL AVE N,363077.11820,5028189.68533,-75.75572544280,45.39122183240,2016-02-26,1:30:00 PM,01 - Clear,01 - Daylight,06 - Ice,10 - No control,,03 - P.D. only,06 - SMV unattended vehicle,0
16-2425,ALTA VISTA DR @ RIDGEMONT AVE,370517.94264,5026673.74454,-75.66090793210,45.37692321350,2016-02-26,3:21:00 PM,01 - Clear,01 - Daylight,01 - Dry,01 - Traffic signal,01 - Functioning,03 - P.D. only,04 - Sideswipe,0
16-2426,INDUSTRIAL AVE @ ALTA VISTA DR/SANDFORD FLEMIN,370884.94827,5030557.79447,-75.65570222200,45.41183591730,2016-02-26,12:10:00 PM,01 - Clear,01 - Daylight,01 - Dry,01 - Traffic signal,01 - Functioning,03 - P.D. only,03 - Rear end,0
16-2427,ARTHUR ST @ SOMERSET ST,366827.99578,5030392.16175,-75.70754932390,45.41071694840,2016-02-26,3:37:00 PM,01 - Clear,01 - Daylight,01 - Dry,01 - Traffic signal,01 - Functioning,03 - P.D. only,04 - Sideswipe,0
16-2428,ALTA VISTA DR btwn CLUNY ST & ABBEY RD,370552.47025,5029853.40576,-75.66004343030,45.40552941920,2016-02-26,3:44:00 PM,01 - Clear,01 - Daylight,01 - Dry,10 - No control,,03 - P.D. only,03 - Rear end,0
16-2429,FOREST VALLEY DR btwn RIVERCREST DR & MEADOWGLEN DR,379776.50017,5035281.77237,-75.54139992580,45.45344277100,2016-02-25,10:00:00 PM,01 - Clear,07 - Dark,06 - Ice,10 - No control,,03 - P.D. only,03 - Rear end,0
16-2430,MURRAY ST btwn PARENT AVE & DALHOUSIE ST,367931.68783,5032531.32922,-75.69317618080,45.42986577500,2016-02-26,3:46:00 PM,01 - Clear,01 - Daylight,01 - Dry,10 - No control,,03 - P.D. only,06 - SMV unattended vehicle,0
16-2431,WOODROFFE AVE/HWY 417 WOODROFF IC127R25 @ HWY,362179.78612,5024694.82525,-75.76759065750,45.35984954570,2016-02-26,3:55:00 PM,01 - Clear,01 - Daylight,01 - Dry,01 - Traffic signal,01 - Functioning,03 - P.D. only,03 - Rear end,0
16-2432,CEDARVIEW RD btwn BRUIN RD & HWY416 IC72 RAMP62,359590.34993,5019774.63061,-75.80118511020,45.31578468410,2016-02-26,4:08:00 PM,01 - Clear,01 - Daylight,02 - Wet,10 - No control,,03 - P.D. only,05 - Turning movement,0
16-2433,HUNT CLUB RD @ DOWNPATRICK RD/MCCARTHY RD,370507.91576,5023399.46540,-75.66147128690,45.34746321430,2016-02-26,4:47:00 PM,01 - Clear,01 - Daylight,01 - Dry,01 - Traffic signal,01 - Functioning,03 - P.D. only,02 - Angle,0
16-2434,ST. JOSEPH BLVD @ JEANNE D'ARC BLVD,379860.99034,5036470.59701,-75.54013836280,45.46412983620,2016-02-26,4:48:00 PM,01 - Clear,01 - Daylight,01 - Dry,11 - Roundabout,01 - Functioning,03 - P.D. only,03 - Rear end,0
16-2435,ST. LAURENT BLVD btwn MCARTHUR AVE & DONALD ST,371925.93654,5032876.69810,-75.64208813330,45.43260128850,2016-02-26,5:05:00 PM,01 - Clear,01 - Daylight,01 - Dry,10 - No control,,03 - P.D. only,04 - Sideswipe,0
16-2436,NEWPORT CRES btwn HUNTERSFIELD DR & HUNTERSFIELD DR,373196.40322,5025145.33161,-75.62692465900,45.36291483490,2016-02-26,5:06:00 PM,04 - Freezing Rain,01 - Daylight,06 - Ice,10 - No control,,03 - P.D. only,07 - SMV other,0
16-2437,PRINCE OF WALES DR btwn RIDEAU GLEN DR & FALLOWFIELD RD,367401.72568,5019155.04803,-75.70164354130,45.30955678680,2016-02-26,5:31:00 PM,03 - Snow,07 - Dark,04 - Slush,10 - No control,,03 - P.D. only,01 - Approaching,0
16-2438,PRINCE OF WALES DR @ WEST HUNT CLUB RD,367458.71030,5021891.08922,-75.70057072230,45.33417016590,2016-02-19,8:00:00 AM,01 - Clear,01 - Daylight,01 - Dry,01 - Traffic signal,01 - Functioning,03 - P.D. only,03 - Rear end,0
16-2439,"EGLISE, RUE DE L @ MONTREAL RD",371158.10083,5033633.58700,-75.65179844460,45.43948471450,2016-02-26,5:05:00 PM,01 - Clear,05 - Dusk,01 - Dry,01 - Traffic signal,01 - Functioning,03 - P.D. only,04 - Sideswipe,0
16-2440,KIRKWOOD AVE @ LAROSE AVE,364646.90067,5026842.20984,-75.73584242520,45.37896510780,2016-02-26,6:29:00 PM,01 - Clear,07 - Dark,01 - Dry,02 - Stop sign,01 - Functioning,03 - P.D. only,02 - Angle,0
16-2441,FABLE ST btwn SHERWAY DR & BERKSHIRE WAY,362586.57291,5015313.96772,-75.76349312000,45.27540738510,2016-02-26,8:15:00 PM,01 - Clear,07 - Dark,01 - Dry,10 - No control,,03 - P.D. only,06 - SMV unattended vehicle,0
16-2442,JOHN QUINN RD btwn MITCH OWENS RD & PARKWAY RD,380983.78834,5016779.10064,-75.52882003630,45.28683733140,2016-02-26,8:58:00 PM,03 - Snow,07 - Dark,06 - Ice,10 - No control,,03 - P.D. only,07 - SMV other,0
16-2443,BRONSON AVE btwn SOMERSET ST W & MACLAREN ST,366973.75671,5030458.83932,-75.70567889700,45.41130395910,2016-02-26,9:15:00 PM,01 - Clear,07 - Dark,01 - Dry,10 - No control,,03 - P.D. only,01 - Approaching,0
16-2444,DUNROBIN RD btwn KINBURN SIDE RD & VANCES SIDE RD,338760.77324,5035104.15764,-76.06578791460,45.45504170600,2016-02-26,10:19:00 PM,01 - Clear,07 - Dark,01 - Dry,10 - No control,,03 - P.D. only,99 - Other,0
16-2445,LABELLE ST/RAMP @ LEMIEUX ST/HWY417 IC115 RAMP,372542.37902,5031688.78874,-75.63437389960,45.42185360570,2016-02-26,10:20:00 PM,01 - Clear,07 - Dark,01 - Dry,02 - Stop sign,01 - Functioning,03 - P.D. only,02 - Angle,0
16-2446,GREENBANK RD @ HWY 417 IC129 RAMP57/IRIS ST,360531.52854,5023312.71354,-75.78878355460,45.34754630730,2016-02-26,10:30:00 PM,01 - Clear,07 - Dark,06 - Ice,01 - Traffic signal,01 - Functioning,03 - P.D. only,04 - Sideswipe,0
16-2447,TAWNEY RD @ WALKLEY RD,374126.31354,5028179.18248,-75.61462992340,45.39012072870,2016-02-26,10:44:00 PM,01 - Clear,07 - Dark,01 - Dry,02 - Stop sign,01 - Functioning,03 - P.D. only,04 - Sideswipe,0
16-2448,CLARENCE ST btwn SUSSEX DR & BY WARD MARKET SQ,367761.44605,5032327.94785,-75.69537765800,45.42805116610,2016-02-27,2:40:00 AM,01 - Clear,07 - Dark,01 - Dry,10 - No control,,03 - P.D. only,07 - SMV other,0
16-2449,YORK ST EB btwn TO BE DETERMINED & CUMBERLAND ST,368252.04388,5032514.49638,-75.68908460600,45.42968532820,2016-02-27,2:03:00 AM,01 - Clear,07 - Dark,01 - Dry,10 - No control,,03 - P.D. only,02 - Angle,0
16-2450,WOODROFFE AVE btwn MAJESTIC DR & TO BE DETERMINED,363581.33864,5021451.01150,-75.75008791690,45.33054589780,2016-02-27,7:57:00 AM,01 - Clear,01 - Daylight,01 - Dry,10 - No control,,02 - Non-fatal injury,07 - SMV other,1
16-2451,DES EPINETTES AVE @ JEANNE D'ARC BLVD,382225.82962,5035957.88254,-75.50998259590,45.45925876120,2016-02-27,9:16:00 AM,01 - Clear,01 - Daylight,01 - Dry,01 - Traffic signal,01 - Functioning,02 - Non-fatal injury,02 - Angle,0
16-2452,INNES RD @ TRIM RD,386566.99408,5037273.77788,-75.45426378400,45.47060330240,2016-02-27,9:29:00 AM,01 - Clear,01 - Daylight,01 - Dry,01 - Traffic signal,01 - Functioning,03 - P.D. only,05 - Turning movement,0
16-2453,PANMURE RD btwn MORNINGDOVE DR & DEERWOOD DR,332763.34843,5022723.48387,-76.14316943490,45.34390096860,2016-02-27,9:38:00 AM,05 - Drifting Snow,01 - Daylight,06 - Ice,10 - No control,,02 - Non-fatal injury,07 - SMV other,0
16-2454,CAMPEAU DR btwn GRAY CRES & DRYSDALE ST,351959.34662,5019941.81386,-75.89849179910,45.31784304340,2016-02-27,9:45:00 AM,01 - Clear,01 - Daylight,01 - Dry,10 - No control,,02 - Non-fatal injury,03 - Rear end,0
16-2455,CAMPEAU DR btwn KANATA AVE & STONECROFT TER,351087.56348,5019630.87858,-75.90963967630,45.31510318690,2016-02-27,9:30:00 AM,01 - Clear,01 - Daylight,01 - Dry,10 - No control,,03 - P.D. only,03 - Rear end,0
16-2456,HERON RD btwn FINN CRT & BAYCREST DR,370941.09483,5026958.24922,-75.65546756960,45.37944327040,2016-02-27,10:11:00 AM,01 - Clear,01 - Daylight,01 - Dry,10 - No control,,03 - P.D. only,05 - Turning movement,0
16-2457,BANK ST btwn KITCHENER AVE & TO BE DETERMINED,370542.85195,5025496.67862,-75.66074658370,45.36633002500,2016-02-27,10:51:00 AM,01 - Clear,01 - Daylight,01 - Dry,10 - No control,,03 - P.D. only,02 - Angle,0
16-2458,TERRY FOX DR btwn HWY417 IC140 RAMP25 & PALLADIUM DR,351220.44556,5018242.72859,-75.90807499230,45.30260348490,2016-02-27,11:01:00 AM,01 - Clear,01 - Daylight,01 - Dry,10 - No control,,03 - P.D. only,03 - Rear end,0
16-2459,CLARENCE ST btwn SUSSEX DR & BY WARD MARKET SQ,367855.19815,5032385.49083,-75.69417229620,45.42856047170,2016-02-27,11:28:00 AM,01 - Clear,01 - Daylight,01 - Dry,10 - No control,,03 - P.D. only,06 - SMV unattended vehicle,0
16-2460,STRANDHERD DR @ WOODROFFE AVE,366105.95427,5015394.94927,-75.71863163650,45.27583801000,2016-02-27,12:10:00 PM,01 - Clear,01 - Daylight,01 - Dry,01 - Traffic signal,01 - Functioning,03 - P.D. only,04 - Sideswipe,0
16-2461,OSSINGTON AVE btwn GROSVENOR AVE & BANK ST,368706.46686,5028207.95873,-75.68383598760,45.39089518250,2016-02-27,10:30:00 AM,01 - Clear,01 - Daylight,05 - Packed snow,10 - No control,,03 - P.D. only,06 - SMV unattended vehicle,0
16-2462,INNES RD @ VISENEAU DR,381798.52912,5035073.77798,-75.51558394780,45.45135153970,2016-02-27,12:30:00 PM,01 - Clear,01 - Daylight,01 - Dry,01 - Traffic signal,01 - Functioning,02 - Non-fatal injury,03 - Rear end,0
16-2463,HWY 417 TERRYFO IC140R61 @ TERRY FOX DR,350810.15253,5018709.46350,-75.91326319760,45.30683028550,2016-02-27,1:58:00 PM,01 - Clear,01 - Daylight,01 - Dry,01 - Traffic signal,01 - Functioning,03 - P.D. only,03 - Rear end,0
16-2464,CARLING AVE btwn TURN LANE & MOODIE DR,355984.11883,5023944.39214,-75.84674586100,45.35357680480,2016-02-26,11:00:00 PM,01 - Clear,07 - Dark,01 - Dry,10 - No control,,03 - P.D. only,07 - SMV other,0
16-2465,ROLLAND AVE btwn SANTA CRUZ PRIV & BLAIR ST,371038.79934,5030305.82239,-75.65377070400,45.40955422960,2016-02-26,1:30:00 AM,01 - Clear,07 - Dark,05 - Packed snow,10 - No control,,03 - P.D. only,06 - SMV unattended vehicle,0
16-2466,BANK ST btwn GLADSTONE AVE & MCLEOD ST,367922.76701,5030550.67375,-75.69354394510,45.41204530240,2016-02-27,2:47:00 PM,01 - Clear,01 - Daylight,01 - Dry,10 - No control,,03 - P.D. only,06 - SMV unattended vehicle,0
16-2467,LIMEBANK RD btwn EARL ARMSTRONG RD & RIDEAU RD,370305.00726,5015589.32254,-75.66509293890,45.27720829440,2016-02-27,3:22:00 PM,05 - Drifting Snow,01 - Daylight,03 - Loose snow,10 - No control,,03 - P.D. only,01 - Approaching,0
16-2468,ST. LAURENT BLVD btwn COVENTRY RD & LEMIEUX ST,372384.91899,5031757.71259,-75.63637627020,45.42248898040,2016-02-27,3:39:00 PM,01 - Clear,01 - Daylight,01 - Dry,10 - No control,,03 - P.D. only,03 - Rear end,0
16-2469,GREENBANK RD btwn WEST HUNT CLUB RD & FALLOWFIELD RD,361871.46584,5019590.72130,-75.77211447460,45.31394816230,2016-02-27,4:29:00 PM,01 - Clear,01 - Daylight,02 - Wet,10 - No control,,03 - P.D. only,07 - SMV other,0
16-2470,FRANK KENNY RD btwn REGIMBALD RD & GIROUX RD,389103.96087,5034774.10524,-75.42225222700,45.44781236180,2016-02-27,4:49:00 PM,05 - Drifting Snow,01 - Daylight,03 - Loose snow,10 - No control,,03 - P.D. only,07 - SMV other,0
16-2471,RUSSELL RD btwn DUNNING RD & CLAYTON RD,396483.49050,5028079.16703,-75.32917643480,45.38665112470,2016-02-27,6:30:00 PM,05 - Drifting Snow,07 - Dark,06 - Ice,10 - No control,,02 - Non-fatal injury,07 - SMV other,0
16-2472,TERRY FOX DR S @ DIDSBURY RD/CENTRUM KANATA SC,350623.57578,5018918.13949,-75.91562306690,45.30872020610,2016-02-27,7:00:00 PM,01 - Clear,07 - Dark,01 - Dry,01 - Traffic signal,01 - Functioning,03 - P.D. only,04 - Sideswipe,0
16-2473,BLAIR RD @ REGIONAL RD 174 S/OR174 IC112 RAMP15,374908.48389,5032660.24754,-75.60400470160,45.43036114080,2016-02-27,9:55:00 PM,01 - Clear,07 - Dark,02 - Wet,01 - Traffic signal,02 - Not functioning,03 - P.D. only,05 - Turning movement,0
16-2474,STITTSVILLE MAIN ST btwn ABBOTT ST W & ORVILLE ST,350275.88730,5013290.79537,-75.92057252760,45.25810618260,2016-02-27,10:19:00 PM,01 - Clear,07 - Dark,02 - Wet,10 - No control,,03 - P.D. only,07 - SMV other,0
16-2475,HAIG DR @ HAMLET RD,372567.34910,5029212.81505,-75.63439524950,45.39957349760,2016-02-27,10:58:00 PM,01 - Clear,07 - Dark,02 - Wet,02 - Stop sign,01 - Functioning,03 - P.D. only,99 - Other,0
16-2476,MONTREAL RD @ NORTH RIVER RD,369738.59882,5032888.69478,-75.67003910780,45.43291576760,2016-02-27,11:21:00 PM,01 - Clear,07 - Dark,02 - Wet,01 - Traffic signal,01 - Functioning,02 - Non-fatal injury,02 - Angle,0
16-2477,GLADSTONE AVE @ METCALFE ST,368229.61401,5030751.22722,-75.68959825370,45.41382207130,2016-02-28,7:34:00 AM,03 - Snow,01 - Daylight,06 - Ice,01 - Traffic signal,01 - Functioning,03 - P.D. only,02 - Angle,0
16-2478,DON REID DR @ ST. LAURENT BLVD,372713.42007,5027039.49992,-75.63282876610,45.38000477320,2016-02-28,9:00:00 AM,03 - Snow,01 - Daylight,03 - Loose snow,02 - Stop sign,01 - Functioning,03 - P.D. only,02 - Angle,0
16-2479,CARP RD @ HAZELDEAN RD,348804.35392,5014361.54608,-75.93922618980,45.26783478060,2016-02-28,9:37:00 AM,01 - Clear,01 - Daylight,02 - Wet,01 - Traffic signal,01 - Functioning,03 - P.D. only,02 - Angle,0
16-2480,CLIFTON RD @ RICHMOND RD,363708.90818,5028599.66078,-75.74760840980,45.39485786150,2016-02-28,9:45:00 AM,01 - Clear,01 - Daylight,02 - Wet,02 - Stop sign,01 - Functioning,03 - P.D. only,02 - Angle,0
16-2481,BOUNDARY RD btwn INDCUM RD & ENTREPRENEUR CRES,387913.97567,5022563.12947,-75.43951935960,45.33809202610,2016-02-28,10:13:00 AM,03 - Snow,01 - Daylight,03 - Loose snow,10 - No control,,03 - P.D. only,07 - SMV other,0
16-2482,PRINCE CHARLES RD btwn LOCKHART AVE & SAVILLE ROW,361822.68959,5026534.95174,-75.77193596110,45.37643598450,2016-02-28,11:00:00 AM,01 - Clear,01 - Daylight,02 - Wet,10 - No control,,03 - P.D. only,06 - SMV unattended vehicle,0
16-2483,HERON RD @ ALTA VISTA DR,370492.77943,5026901.53040,-75.66119887900,45.37897511380,2016-02-28,12:08:00 PM,03 - Snow,01 - Daylight,02 - Wet,01 - Traffic signal,02 - Not functioning,03 - P.D. only,02 - Angle,0
16-2484,CEDARWOOD DR @ WALKLEY RD,371194.95256,5026455.74796,-75.65229406830,45.37489793250,2016-02-28,12:45:00 PM,03 - Snow,01 - Daylight,03 - Loose snow,01 - Traffic signal,01 - Functioning,03 - P.D. only,05 - Turning movement,0
16-2485,GALETTA SIDE RD btwn MOHRS RD & MORNING DEW DR,323931.06551,5031724.19181,-76.25552500610,45.42519065420,2016-02-28,12:58:00 PM,03 - Snow,01 - Daylight,06 - Ice,10 - No control,,03 - P.D. only,07 - SMV other,0
16-2486,COLONIAL RD @ ROCKDALE RD,391420.62033,5032661.70427,-75.39301310170,45.42852415120,2016-02-28,1:16:00 PM,01 - Clear,01 - Daylight,02 - Wet,02 - Stop sign,00 - Unknown,02 - Non-fatal injury,05 - Turning movement,0
16-2487,BREEZEHILL AVE   S btwn HICKORY ST & LINDENPARK PRIV,366400.64493,5028830.31734,-75.71320361510,45.39670162790,2016-02-28,1:00:00 PM,01 - Clear,01 - Daylight,05 - Packed snow,10 - No control,,03 - P.D. only,06 - SMV unattended vehicle,0
16-2488,ORLEANS BLVD @ PINEGLADE CRES/CRESTMONT PL,380610.81456,5034137.67937,-75.53091075850,45.44305909430,2016-02-28,11:00:00 AM,03 - Snow,01 - Daylight,04 - Slush,02 - Stop sign,01 - Functioning,03 - P.D. only,01 - Approaching,0
16-2489,RIVERSIDE DR NB btwn SAN REMO PRIV & INDUSTRIAL AVE,370679.16921,5030576.34918,-75.65832847910,45.41202226680,2016-02-27,3:15:00 PM,01 - Clear,01 - Daylight,01 - Dry,10 - No control,,03 - P.D. only,04 - Sideswipe,0
16-2490,GLADSTONE AVE @ PERCY ST,367328.92804,5030206.34656,-75.70117376030,45.40900046130,2016-02-28,2:39:00 PM,01 - Clear,01 - Daylight,02 - Wet,01 - Traffic signal,01 - Functioning,03 - P.D. only,03 - Rear end,0
16-2491,BRONSON AVE @ BRONSON AVE SB ON RAMP 43,367796.61021,5028318.77334,-75.69544066630,45.39197469650,2016-02-28,3:43:00 PM,01 - Clear,01 - Daylight,02 - Wet,03 - Yield sign,01 - Functioning,03 - P.D. only,07 - SMV other,0
16-2492,WEST HUNT CLUB RD @ WOODROFFE AVE,363670.47146,5021245.83038,-75.74897528850,45.32869222120,2016-02-28,7:53:00 PM,04 - Freezing Rain,07 - Dark,02 - Wet,01 - Traffic signal,01 - Functioning,02 - Non-fatal injury,05 - Turning movement,0
16-2493,HALTON TERR/MAXWELL BRIDGE RD @ MARCH RD,348932.26273,5024422.65940,-75.93670007410,45.35835964060,2016-02-28,7:57:00 PM,04 - Freezing Rain,07 - Dark,06 - Ice,01 - Traffic signal,01 - Functioning,03 - P.D. only,05 - Turning movement,0
16-2494,WEST HUNT CLUB RD @ WOODROFFE AVE,363670.65482,5021246.48970,-75.74897287190,45.32869813810,2016-02-28,9:19:00 PM,01 - Clear,07 - Dark,02 - Wet,01 - Traffic signal,01 - Functioning,03 - P.D. only,02 - Angle,0
16-2495,GALETTA SIDE RD btwn HARBOUR ST & CANON SMITH DR,328681.85761,5035820.51000,-76.19461682990,45.46190487960,2016-02-28,9:21:00 PM,02 - Rain,07 - Dark,02 - Wet,10 - No control,,03 - P.D. only,07 - SMV other,0
16-2496,PRINCE OF WALES DR @ WEST HUNT CLUB RD,367458.51385,5021891.39783,-75.70057318870,45.33417296010,2016-02-29,4:45:00 AM,02 - Rain,07 - Dark,02 - Wet,01 - Traffic signal,01 - Functioning,02 - Non-fatal injury,07 - SMV other,0
16-2497,RIDEAU VALLEY DR    N btwn RIDEAU NARROWS DR & PHELAN RD E,372486.37485,5005721.14390,-75.63863541850,45.18820940840,2016-02-29,7:40:00 AM,04 - Freezing Rain,01 - Daylight,06 - Ice,10 - No control,,03 - P.D. only,07 - SMV other,0
16-2498,BINSCARTH CRES E @ SHELDRAKE DR E,353363.70194,5016950.16784,-75.88087365630,45.29082782450,2016-02-29,7:42:00 AM,04 - Freezing Rain,01 - Daylight,06 - Ice,,01 - Functioning,03 - P.D. only,06 - SMV unattended vehicle,0
16-2499,MONTREAL RD/HANNAH ST @ CODY AVE,370254.75812,5033169.63762,-75.66340558340,45.43539545090,2016-02-29,7:45:00 AM,03 - Snow,01 - Daylight,03 - Loose snow,01 - Traffic signal,01 - Functioning,03 - P.D. only,07 - SMV other,0
16-2500,BRONSON AVE @ SUNNYSIDE AVE/UNIVERSITY RD - CA,367922.48563,5028092.22050,-75.69386219300,45.38992490430,2016-02-29,8:40:00 AM,01 - Clear,01 - Daylight,01 - Dry,01 - Traffic signal,01 - Functioning,03 - P.D. only,04 - Sideswipe,0
16-2501,FOXLEIGH CRES btwn EQUESTRIAN DR & BLUEGRASS DR,354778.72733,5016230.54938,-75.86290745270,45.28425333440,2016-02-29,8:39:00 AM,02 - Rain,01 - Daylight,06 - Ice,10 - No control,,03 - P.D. only,01 - Approaching,0
16-2502,JOHNSTON RD btwn SOUTHGATE RD & ALBION RD S,371196.49450,5025045.58718,-75.65246390580,45.36220964360,2016-02-29,8:50:00 AM,01 - Clear,01 - Daylight,04 - Slush,10 - No control,,02 - Non-fatal injury,03 - Rear end,0
16-2503,SHANNONDOE CRES E @ STONEMEADOW DR,355759.40722,5016489.20632,-75.85038069150,45.28651036720,2016-02-29,8:56:00 AM,04 - Freezing Rain,01 - Daylight,06 - Ice,02 - Stop sign,01 - Functioning,03 - P.D. only,02 - Angle,0
16-2504,CARP RD @ HAZELDEAN RD,348804.79788,5014361.10213,-75.93922057130,45.26783075760,2016-02-29,9:46:00 AM,01 - Clear,01 - Daylight,04 - Slush,01 - Traffic signal,01 - Functioning,02 - Non-fatal injury,07 - SMV other,0
16-2505,SHERBOURNE RD btwn COURTENAY AVE & COURTENAY AVE,362396.77777,5026620.62294,-75.76459663130,45.37715988850,2016-02-29,10:06:00 AM,01 - Clear,01 - Daylight,01 - Dry,10 - No control,,02 - Non-fatal injury,02 - Angle,0
16-2506,RICHMOND RD btwn CHURCHILL AVE N & WINONA AVE,363291.48310,5028335.70186,-75.75297064880,45.39251779510,2016-02-29,12:27:00 PM,01 - Clear,01 - Daylight,01 - Dry,10 - No control,,03 - P.D. only,06 - SMV unattended vehicle,0
16-2507,AARON AVE @ CARLING AVE,362119.93643,5025949.91033,-75.76820893170,45.37114758700,2016-02-29,12:50:00 PM,01 - Clear,01 - Daylight,02 - Wet,02 - Stop sign,01 - Functioning,02 - Non-fatal injury,07 - SMV other,1
16-2508,RICHMOND RD btwn ROBERTSON RD & STINSON AVE,357750.57408,5020854.47555,-75.82453312440,45.32564238160,2016-03-01,6:57:00 AM,01 - Clear,01 - Daylight,01 - Dry,10 - No control,,03 - P.D. only,02 - Angle,0
16-2509,BRONSON AVE @ POWELL AVE,367388.54483,5029476.99202,-75.70050479410,45.40243261380,2016-02-29,1:02:00 PM,01 - Clear,01 - Daylight,02 - Wet,01 - Traffic signal,01 - Functioning,02 - Non-fatal injury,02 - Angle,0
16-2510,BELANGER AVE btwn CLEMENTINE BLVD & BANK ST,369633.02402,5027421.44606,-75.67210726760,45.38373323660,2016-02-29,1:05:00 PM,01 - Clear,01 - Daylight,02 - Wet,10 - No control,,03 - P.D. only,06 - SMV unattended vehicle,0
16-2511,ST. LAURENT BLVD btwn MCARTHUR AVE & DONALD ST,372088.26292,5032484.73143,-75.64006729570,45.42905895640,2016-02-29,1:22:00 PM,01 - Clear,01 - Daylight,01 - Dry,10 - No control,,03 - P.D. only,04 - Sideswipe,0
16-2512,PRINCE OF WALES DR @ WEST HUNT CLUB RD,367459.74460,5021891.48835,-75.70055747700,45.33417366540,2016-02-29,2:41:00 PM,01 - Clear,01 - Daylight,02 - Wet,01 - Traffic signal,01 - Functioning,03 - P.D. only,03 - Rear end,0
16-2513,FOURTH AVE btwn LYON ST S & BANK ST,368282.31564,5029424.97394,-75.68909575910,45.40188409210,2016-02-26,3:41:00 PM,01 - Clear,01 - Daylight,01 - Dry,10 - No control,,03 - P.D. only,06 - SMV unattended vehicle,0
16-2514,CUMMINGS AVE btwn OGILVIE RD & LABELLE ST,372752.08720,5032164.52509,-75.63162888780,45.42611371550,2016-02-29,3:49:00 PM,01 - Clear,01 - Daylight,01 - Dry,10 - No control,,03 - P.D. only,02 - Angle,0
16-2515,ROYAL ORCHARD DR btwn QUILLIVAN LANE & WILHAVEN DR,392677.84663,5041422.21807,-75.37538278020,45.50718349460,2016-02-20,2:00:00 PM,01 - Clear,01 - Daylight,04 - Slush,10 - No control,,03 - P.D. only,06 - SMV unattended vehicle,0
16-2516,DUNNING RD btwn LOOKOUT DR & BRICKLAND DR,390610.34103,5041812.10545,-75.40176852010,45.51094863060,2016-02-29,4:13:00 PM,01 - Clear,01 - Daylight,02 - Wet,10 - No control,,02 - Non-fatal injury,07 - SMV other,0
16-2517,CATHERINE ST @ HWY 417 BRONSON IC121AR61,367354.04127,5029856.67208,-75.70089732780,45.40585194930,2016-02-29,4:23:00 PM,01 - Clear,01 - Daylight,01 - Dry,10 - No control,,03 - P.D. only,04 - Sideswipe,0
16-2518,LIARD ST btwn MORNINGSUN CRES & FERNBANK RD,351486.54693,5012643.90580,-75.90520859700,45.25220595610,2016-02-29,4:35:00 PM,04 - Freezing Rain,01 - Daylight,06 - Ice,10 - No control,,03 - P.D. only,07 - SMV other,0
16-2519,SLATER ST btwn BAY ST & LYON ST N,367085.42065,5031142.03746,-75.70416609290,45.41744124310,2016-02-29,5:15:00 PM,01 - Clear,01 - Daylight,01 - Dry,10 - No control,,03 - P.D. only,04 - Sideswipe,0
16-2520,REGIONAL ROAD 174 btwn TRANSIT & OR174 IC109 RAMP56,376293.44941,5034638.77247,-75.58601952770,45.44802248600,2016-02-29,5:17:00 PM,01 - Clear,01 - Daylight,01 - Dry,10 - No control,,03 - P.D. only,03 - Rear end,0
16-2521,BANK ST btwn BLAIS RD & RIDEAU RD,376528.43197,5018842.39062,-75.58531034780,45.30587080650,2016-02-29,5:36:00 PM,01 - Clear,05 - Dusk,02 - Wet,10 - No control,,03 - P.D. only,03 - Rear end,0
16-2522,QUEEN MARY ST btwn BERNARD ST & ALESTHER ST,372085.92140,5032149.88722,-75.64014296270,45.42604640940,2016-02-28,9:00:00 PM,04 - Freezing Rain,07 - Dark,06 - Ice,10 - No control,,03 - P.D. only,06 - SMV unattended vehicle,0
16-2523,PORTAGE BRIDGE SB btwn PROVINCIAL BOUNDARY & WELLINGTON ST,366340.37900,5031666.93200,-75.71361917850,45.42223001990,2016-02-29,8:10:00 PM,03 - Snow,07 - Dark,05 - Packed snow,10 - No control,,03 - P.D. only,03 - Rear end,0
16-2524,JOHN SUTHERLAND DR @ RICHMOND RD,358786.88688,5022150.71598,-75.81117291760,45.33722707590,2016-02-29,8:13:00 PM,05 - Drifting Snow,07 - Dark,02 - Wet,01 - Traffic signal,01 - Functioning,03 - P.D. only,05 - Turning movement,0
16-2525,ST. LAURENT BLVD @ COVENTRY RD/OGILVIE RD,372305.05357,5031951.35262,-75.63737016640,45.42423897430,2016-02-29,7:45:00 PM,01 - Clear,07 - Dark,02 - Wet,01 - Traffic signal,01 - Functioning,02 - Non-fatal injury,03 - Rear end,0
16-2526,GREENBANK RD btwn WEST HUNT CLUB RD & FALLOWFIELD RD,362982.31853,5016965.42231,-75.75825602710,45.29023457710,2016-02-29,10:25:00 PM,06 - Strong wind,07 - Dark,05 - Packed snow,10 - No control,,03 - P.D. only,07 - SMV other,0
16-2527,DALHOUSIE ST @ RIDEAU ST,368206.55796,5032228.18610,-75.68970271830,45.42711333450,2016-03-01,6:30:00 AM,01 - Clear,03 - Dawn,01 - Dry,01 - Traffic signal,01 - Functioning,03 - P.D. only,05 - Turning movement,0