Record,Location,X,Y,Longitude,Latitude,Date,Time,Environment,Light,Road_Surface,Traffic_Control,Collision_Location,Collision_Classification,Impact_type,Pedestrian
16-2632,LISGAR ST @ O'CONNOR ST,367762.42077,5031160.14892,-75.69551445940,45.41754361000,2016-03-03,2:52:00 PM,01 - Clear,01 - Daylight,02 - Wet,01 - Traffic signal,01 - Functioning,02 - Non-fatal injury,02 - Angle,0
16-2633,BEARBROOK RD/ROCKCLIFFE PKWY @ ST. JOSEPH BLVD,377131.81346,5035245.15825,-75.57521401650,45.45339208810,2016-03-03,3:38:00 PM,01 - Clear,01 - Daylight,01 - Dry,01 - Traffic signal,01 - Functioning,03 - P.D. only,03 - Rear end,0
16-2634,MONTREAL RD btwn PALACE ST & VANIER PKWY,369998.52570,5033022.95443,-75.66669963320,45.43409959460,2016-03-03,3:54:00 PM,01 - Clear,01 - Daylight,01 - Dry,10 - No control,,03 - P.D. only,04 - Sideswipe,0
16-2635,REGIONAL ROAD 174 EB btwn HWY417 IC113 RAMP65 & OR174 BLAIR IC112 RAMP51,374784.56333,5032808.14835,-75.60556720790,45.43170428260,2016-03-03,4:07:00 PM,01 - Clear,01 - Daylight,01 - Dry,10 - No control,,03 - P.D. only,03 - Rear end,0
16-2636,BRIDGE ST btwn KITOMAN CRES & RIVER RD,369464.87274,5010750.71522,-75.67642951560,45.23374880860,2016-03-03,4:46:00 PM,01 - Clear,01 - Daylight,01 - Dry,10 - No control,,03 - P.D. only,05 - Turning movement,0
16-2637,WELLINGTON ST btwn BANK ST & O'CONNOR ST,367371.30186,5031696.61136,-75.70044325660,45.42240561660,2016-03-03,4:52:00 PM,01 - Clear,01 - Daylight,01 - Dry,10 - No control,,02 - Non-fatal injury,03 - Rear end,0
16-2638,REGIONAL ROAD 174 EB btwn HWY417 IC113 RAMP65 & OR174 BLAIR IC112 RAMP51,374385.52682,5032511.90954,-75.61070830750,45.42907870360,2016-03-03,4:55:00 PM,01 - Clear,01 - Daylight,01 - Dry,10 - No control,,03 - P.D. only,03 - Rear end,0
16-2639,FINDLAY CREEK DR @ KELLY FARM DR,375339.71721,5020048.31420,-75.60029541990,45.31684163630,2016-03-03,4:59:00 PM,01 - Clear,01 - Daylight,01 - Dry,02 - Stop sign,01 - Functioning,03 - P.D. only,02 - Angle,0
16-2640,JAMES ST @ KENT ST,367659.04161,5030599.69372,-75.69690671390,45.41251010630,2016-03-03,5:12:00 PM,01 - Clear,01 - Daylight,05 - Packed snow,02 - Stop sign,01 - Functioning,02 - Non-fatal injury,02 - Angle,0
16-2641,DONALD ST @ ST. LAURENT BLVD,372093.05428,5032473.68259,-75.64000757910,45.42895908350,2016-03-03,5:21:00 PM,01 - Clear,05 - Dusk,01 - Dry,01 - Traffic signal,01 - Functioning,03 - P.D. only,05 - Turning movement,0
16-2642,RICHARDSON SIDE RD btwn BREWER HUNT WAY & CARLING AVE,351574.75058,5022024.81285,-75.90320018290,45.33661205370,2016-03-03,5:37:00 PM,01 - Clear,05 - Dusk,01 - Dry,10 - No control,,02 - Non-fatal injury,02 - Angle,0
16-2643,BEECHWOOD AVE @ CHARLEVOIX ST/MACKAY ST,369186.09298,5033592.12902,-75.67700778090,45.43929607970,2016-03-03,6:12:00 PM,01 - Clear,05 - Dusk,02 - Wet,01 - Traffic signal,01 - Functioning,03 - P.D. only,05 - Turning movement,0
16-2644,HUNT CLUB RD btwn TURN LANE & TURN LANE (1),371631.91661,5024169.71164,-75.64702488250,45.35428743700,2016-03-03,6:13:00 PM,01 - Clear,05 - Dusk,01 - Dry,10 - No control,,03 - P.D. only,04 - Sideswipe,0
16-2645,KING EDWARD AVE btwn STEWART ST & WILBROD ST,368665.15856,5032155.51985,-75.68385209990,45.42641778700,2016-03-01,6:30:00 PM,03 - Snow,07 - Dark,04 - Slush,10 - No control,,03 - P.D. only,06 - SMV unattended vehicle,0
16-2646,VIMY PLACE PRIV btwn BOOTH ST & END,366099.28287,5031037.97715,-75.71677793380,45.41659202800,2016-03-03,7:54:00 PM,01 - Clear,07 - Dark,01 - Dry,10 - No control,,03 - P.D. only,03 - Rear end,0
16-2647,KING EDWARD AVE @ GEORGE ST,368463.38409,5032481.81966,-75.68638818190,45.42937210930,2016-03-03,8:41:00 PM,01 - Clear,07 - Dark,02 - Wet,02 - Stop sign,01 - Functioning,03 - P.D. only,04 - Sideswipe,0
16-2648,SUMNER ST btwn MELANIE CRES & TURRET CRT,352853.19131,5017179.33644,-75.88735944940,45.29292503410,2016-03-03,12:00:00 AM,01 - Clear,00 - Unknown,01 - Dry,10 - No control,,03 - P.D. only,06 - SMV unattended vehicle,0
16-2649,BEARBROOK RD/ROCKCLIFFE PKWY @ ST. JOSEPH BLVD,377131.02694,5035244.00445,-75.57522424180,45.45338178840,2016-03-03,10:56:00 PM,01 - Clear,07 - Dark,02 - Wet,01 - Traffic signal,01 - Functioning,03 - P.D. only,05 - Turning movement,0
16-2650,STONEHAVEN DR btwn RICHMOND RD & SAWYER WAY/SUMMITVIEW DR,356710.77819,5015864.12970,-75.83831901790,45.28081619670,2016-03-04,7:11:00 AM,01 - Clear,01 - Daylight,01 - Dry,10 - No control,,03 - P.D. only,02 - Angle,0
16-2651,HALTON TER btwn NEWCASTLE AVE & PEPPERIDGE WAY,348898.14025,5023267.27588,-75.93723863840,45.34796537820,2016-03-04,7:30:00 AM,01 - Clear,01 - Daylight,06 - Ice,10 - No control,,03 - P.D. only,07 - SMV other,0
16-2652,KITTIWAKE DR btwn DEW GT & SMOKETREE CRES,348410.79238,5013949.35036,-75.94427753380,45.26415020060,2016-03-04,7:40:00 AM,01 - Clear,01 - Daylight,01 - Dry,10 - No control,,03 - P.D. only,03 - Rear end,0
16-2653,DECARIE DR @ JEANNE D'ARC BLVD,380868.54673,5038509.73582,-75.52694013110,45.48236734190,2016-03-04,8:00:00 AM,01 - Clear,01 - Daylight,01 - Dry,01 - Traffic signal,01 - Functioning,03 - P.D. only,02 - Angle,0
16-2654,CARLING AVE @ KIRKWOOD AVE S,364351.47852,5027336.88317,-75.73955453180,45.38344126740,2016-03-04,8:30:00 AM,01 - Clear,01 - Daylight,01 - Dry,01 - Traffic signal,01 - Functioning,03 - P.D. only,03 - Rear end,0
16-2655,RIDEAU ST btwn NELSON ST & FRIEL ST,368668.89824,5032509.70128,-75.68375838340,45.42960424030,2016-03-04,8:55:00 AM,01 - Clear,01 - Daylight,02 - Wet,10 - No control,,02 - Non-fatal injury,03 - Rear end,0
16-2656,GRAINSTONE WAY/ GRAND MANAN CIRC @ HUNTSVILLE DR,348798.65590,5019936.86410,-75.93880421490,45.31800369250,2016-03-04,8:55:00 AM,01 - Clear,01 - Daylight,01 - Dry,02 - Stop sign,01 - Functioning,03 - P.D. only,02 - Angle,0
16-2657,DYLAN WAY @ STONEWAY DR,366388.97161,5016615.17769,-75.71487338220,45.28679281240,2016-03-04,8:16:00 AM,01 - Clear,01 - Daylight,03 - Loose snow,02 - Stop sign,01 - Functioning,03 - P.D. only,99 - Other,0
16-2658,ST. LOUIS DR btwn ST. ANDRE DR & ORLEANS BLVD,379759.27788,5038373.62755,-75.54114852610,45.48126273630,2016-03-04,9:03:00 AM,01 - Clear,01 - Daylight,01 - Dry,10 - No control,,03 - P.D. only,01 - Approaching,0
16-2659,RICHMOND RD @ STONEHAVEN DR,356781.64110,5015890.99354,-75.83741301050,45.28105268570,2016-03-04,8:00:00 AM,01 - Clear,01 - Daylight,01 - Dry,01 - Traffic signal,01 - Functioning,03 - P.D. only,03 - Rear end,0
16-2660,THOMAS SPRATT PL btwn THURSTON DR & END,373824.89145,5027212.29961,-75.61861415330,45.38145092460,2016-03-04,12:00:00 AM,01 - Clear,00 - Unknown,01 - Dry,10 - No control,,03 - P.D. only,06 - SMV unattended vehicle,0
16-2661,BLAIR RD @ MONTREAL RD,374020.65849,5034440.03997,-75.61509956370,45.44646318500,2016-02-25,6:28:00 PM,06 - Strong wind,07 - Dark,06 - Ice,01 - Traffic signal,01 - Functioning,03 - P.D. only,03 - Rear end,0
16-2662,MITCH OWENS RD @ STAGECOACH RD,375400.02101,5014485.78976,-75.60031808660,45.26678591480,2016-03-04,9:37:00 AM,01 - Clear,01 - Daylight,01 - Dry,01 - Traffic signal,01 - Functioning,03 - P.D. only,02 - Angle,0
16-2663,JEANNE D'ARC BLVD @ GREY NUNS DR/YOUVILLE DR,379671.06645,5036699.38035,-75.54253187200,45.46620863510,2016-03-04,9:05:00 AM,01 - Clear,01 - Daylight,01 - Dry,01 - Traffic signal,01 - Functioning,03 - P.D. only,03 - Rear end,0
16-2664,DAZE ST @ 200 W OF BANK ST/SOUTHKEYS SC,371194.79391,5024143.68791,-75.65260675480,45.35409480920,2016-03-03,9:57:00 AM,01 - Clear,01 - Daylight,01 - Dry,01 - Traffic signal,00 - Unknown,03 - P.D. only,05 - Turning movement,0
16-2665,STAFFORD RD btwn BEXLEY PL & END,357913.25916,5021237.28097,-75.82241690170,45.32907460290,2016-03-04,10:05:00 AM,01 - Clear,01 - Daylight,01 - Dry,10 - No control,,03 - P.D. only,06 - SMV unattended vehicle,0
16-2666,BASELINE RD @ GREENBANK RD,360597.90826,5022584.27624,-75.78801868490,45.34098656130,2016-03-04,10:09:00 AM,01 - Clear,01 - Daylight,01 - Dry,01 - Traffic signal,01 - Functioning,03 - P.D. only,02 - Angle,0
16-2667,MERIVALE RD btwn WOODFIELD DR & 170 N OF WEST HUNT CLUB RD/COSTCO SC,365491.14455,5022231.08569,-75.72562981230,45.33740234630,2016-03-04,10:49:00 AM,01 - Clear,01 - Daylight,01 - Dry,10 - No control,,03 - P.D. only,02 - Angle,0
16-2668,LAURIER AVE   W btwn ELGIN ST & QUEEN ELIZABETH DRWY/LAURIER AVE WB ON,367975.13767,5031565.70122,-75.69274479750,45.42117346080,2016-03-03,8:58:00 AM,01 - Clear,01 - Daylight,02 - Wet,10 - No control,,03 - P.D. only,99 - Other,0
16-2669,PERTH ST btwn GAMBLE DR & SHEA RD,357484.05366,5006930.40941,-75.82940947620,45.20037102490,2016-03-04,11:05:00 AM,01 - Clear,01 - Daylight,02 - Wet,10 - No control,,03 - P.D. only,02 - Angle,0
16-2670,CARLING AVE @ CHURCHILL AVE,363775.69560,5027013.76742,-75.74694497740,45.38058263400,2016-03-04,11:19:00 AM,01 - Clear,01 - Daylight,01 - Dry,01 - Traffic signal,01 - Functioning,03 - P.D. only,03 - Rear end,0
16-2671,BRONSON/HERON RAMP 42/BRONSON/HERON RAMP 52 @,368752.32882,5026892.81328,-75.68342072730,45.37905771020,2016-03-04,11:31:00 AM,01 - Clear,01 - Daylight,01 - Dry,02 - Stop sign,01 - Functioning,02 - Non-fatal injury,03 - Rear end,0
16-2672,ST. JOSEPH BLVD btwn JEANNE D'ARC BLVD S & NOTRE DAME ST,379880.12339,5036485.03985,-75.53989152200,45.46425772610,2016-03-04,11:35:00 AM,01 - Clear,01 - Daylight,04 - Slush,10 - No control,,03 - P.D. only,03 - Rear end,0
16-2673,PRINCE OF WALES DR btwn VILLA CRES & MARYLAND AVE,366923.13450,5026022.05595,-75.70688415890,45.37138741940,2016-03-04,12:11:00 PM,02 - Rain,01 - Daylight,02 - Wet,10 - No control,,03 - P.D. only,04 - Sideswipe,0
16-2674,HAZELDEAN RD @ EDGEWATER ST,352323.82966,5017352.11689,-75.89409145800,45.29451575780,2016-03-04,1:02:00 PM,01 - Clear,01 - Daylight,01 - Dry,01 - Traffic signal,01 - Functioning,02 - Non-fatal injury,05 - Turning movement,0
16-2675,BEARBROOK RD/ROCKCLIFFE PKWY @ ST. JOSEPH BLVD,377129.12493,5035238.81075,-75.57524932010,45.45333525580,2016-03-04,1:07:00 PM,01 - Clear,01 - Daylight,01 - Dry,01 - Traffic signal,01 - Functioning,03 - P.D. only,03 - Rear end,0
16-2676,CENTREPOINTE DR @ HEMMINGWOOD WAY W,361701.43486,5022998.50973,-75.77389116430,45.34462517900,2016-03-04,1:33:00 PM,01 - Clear,01 - Daylight,01 - Dry,02 - Stop sign,01 - Functioning,02 - Non-fatal injury,02 - Angle,0
16-2677,INDUSTRIAL AVE @ RIVERSIDE DR,370685.89048,5030593.33465,-75.65824034680,45.41217446280,2016-03-04,2:34:00 PM,01 - Clear,01 - Daylight,02 - Wet,01 - Traffic signal,01 - Functioning,02 - Non-fatal injury,03 - Rear end,0
16-2678,BANK ST @ CHAMBERLAIN AVE N/ISABELLA ST,368082.88969,5030167.02952,-75.69154767390,45.40857893260,2016-03-04,2:55:00 PM,01 - Clear,01 - Daylight,01 - Dry,01 - Traffic signal,01 - Functioning,03 - P.D. only,02 - Angle,0
16-2679,BROADVIEW AVE btwn BYRON AVE & KENWOOD AVE,362731.28474,5027746.41772,-75.76019385030,45.38726206640,2016-03-04,3:06:00 PM,01 - Clear,01 - Daylight,01 - Dry,10 - No control,,03 - P.D. only,02 - Angle,0
16-2680,CYRVILLE RD @ INNES RD,375046.94193,5031120.53586,-75.60245497310,45.41649376920,2016-03-04,3:10:00 PM,01 - Clear,01 - Daylight,02 - Wet,01 - Traffic signal,01 - Functioning,02 - Non-fatal injury,03 - Rear end,0
16-2681,HOLLAND AVE @ ISLAND PARK DR/N.C.C. DRIVEWAY,365425.47033,5027917.08055,-75.72577012470,45.38856963790,2016-03-04,3:15:00 PM,01 - Clear,01 - Daylight,02 - Wet,01 - Traffic signal,01 - Functioning,03 - P.D. only,05 - Turning movement,0
16-2682,TENTH LINE RD @ VANGUARD DR,384072.10458,5035874.34376,-75.48639205630,45.45830011860,2016-03-04,3:34:00 PM,01 - Clear,01 - Daylight,01 - Dry,01 - Traffic signal,01 - Functioning,03 - P.D. only,05 - Turning movement,0
16-2683,ROUGEMOUNT CRES btwn HARROWSMITH WAY & GARDENWAY DR (2),384157.50424,5036359.03721,-75.48522203880,45.46265125160,2016-03-04,3:46:00 PM,01 - Clear,01 - Daylight,01 - Dry,10 - No control,,03 - P.D. only,06 - SMV unattended vehicle,0
16-2684,GREENBANK RD @ WEST HUNT CLUB RD,361479.01107,5020501.81327,-75.77701516110,45.32217796050,2016-03-04,4:10:00 PM,01 - Clear,01 - Daylight,01 - Dry,01 - Traffic signal,01 - Functioning,03 - P.D. only,03 - Rear end,0
16-2685,FALLOWFIELD RD @ VIA PARK PL/275 W OF WOODROFFE AVE,364846.11748,5017767.14072,-75.73440020650,45.29729163060,2016-03-04,4:52:00 PM,01 - Clear,01 - Daylight,01 - Dry,01 - Traffic signal,01 - Functioning,02 - Non-fatal injury,05 - Turning movement,0
16-2686,CALDWELL AVE @ MERIVALE RD,364906.93876,5026230.64182,-75.73259685450,45.37344006660,2016-03-04,5:07:00 PM,01 - Clear,01 - Daylight,03 - Loose snow,01 - Traffic signal,01 - Functioning,03 - P.D. only,03 - Rear end,0
16-2687,BRONSON AVE btwn BRONSON AVE SB ON RAMP 43 & SUNNYSIDE AVE/UNIVERSITY,367912.72120,5028109.97107,-75.69398461160,45.39008549920,2016-03-04,5:10:00 PM,01 - Clear,01 - Daylight,01 - Dry,10 - No control,,03 - P.D. only,04 - Sideswipe,0
16-2688,REVELSTOKE DR @ RIVERSIDE DR,368217.27322,5024423.95688,-75.69056884000,45.35689220770,2016-03-04,5:28:00 PM,01 - Clear,01 - Daylight,04 - Slush,01 - Traffic signal,01 - Functioning,03 - P.D. only,03 - Rear end,0
16-2689,ALPINE AVE @ CARLING AVE,360496.45502,5024942.74088,-75.78904747220,45.36221603260,2016-03-04,5:30:00 PM,01 - Clear,01 - Daylight,01 - Dry,01 - Traffic signal,01 - Functioning,03 - P.D. only,05 - Turning movement,0
16-2690,BRONSON AVE btwn FINDLAY AVE & BRONSON AVE SB OFF RAMP 34,367742.78643,5028568.57785,-75.69609613940,45.39422720740,2016-03-04,5:47:00 PM,01 - Clear,01 - Daylight,01 - Dry,10 - No control,,03 - P.D. only,04 - Sideswipe,0
16-2691,TENTH LINE RD btwn DES EPINETTES AVE & INNES RD,383683.68109,5036795.82542,-75.49120997200,45.46663473940,2016-03-04,6:13:00 PM,01 - Clear,05 - Dusk,01 - Dry,10 - No control,,03 - P.D. only,03 - Rear end,0
16-2692,HOLLOW TRAIL GT btwn SPRATT RD & ROCKY HARBOUR CRES,368914.22087,5016288.94249,-75.68272727560,45.28363158070,2016-03-04,6:00:00 PM,01 - Clear,05 - Dusk,04 - Slush,10 - No control,,03 - P.D. only,07 - SMV other,0
16-2693,BLACKBURN BYPASS EB btwn 1700 W OF NAVAN RD & NAVAN RD,379473.20260,5033136.83894,-75.54560263460,45.43417669360,2016-03-04,5:00:00 PM,01 - Clear,01 - Daylight,01 - Dry,10 - No control,,03 - P.D. only,03 - Rear end,0
16-2694,FITZGERALD RD @ ROBERTSON RD,356789.94849,5020289.49208,-75.83684588060,45.32063040790,2016-03-04,6:33:00 PM,01 - Clear,05 - Dusk,01 - Dry,01 - Traffic signal,01 - Functioning,02 - Non-fatal injury,07 - SMV other,1
16-2695,BANK ST @ FIFTH AVE,368398.94067,5029400.10375,-75.68760938240,45.40164973340,2016-03-04,6:42:00 PM,01 - Clear,05 - Dusk,01 - Dry,01 - Traffic signal,01 - Functioning,03 - P.D. only,04 - Sideswipe,0
16-2696,BRITTANY DR btwn KRISTIN WAY & MONTREAL RD,371874.62924,5034081.13306,-75.64257967570,45.44344314440,2016-03-04,7:54:00 PM,01 - Clear,07 - Dark,01 - Dry,10 - No control,,03 - P.D. only,06 - SMV unattended vehicle,0
16-2697,ALBION RD/COLLISTON CRES E @ WALKLEY RD,371034.51769,5026355.45650,-75.65435566670,45.37401072780,2016-03-04,7:00:00 PM,01 - Clear,07 - Dark,01 - Dry,01 - Traffic signal,01 - Functioning,03 - P.D. only,03 - Rear end,0
16-2698,INNES RD @ TENTH LINE RD,383952.42623,5036159.33882,-75.48787619720,45.46087781300,2016-03-04,8:22:00 PM,01 - Clear,07 - Dark,01 - Dry,01 - Traffic signal,01 - Functioning,03 - P.D. only,03 - Rear end,0
16-2699,ADIRONDACK DR btwn DOMALATCHY PL & WOODROFFE AVE,362353.09473,5023963.63080,-75.76546381640,45.35325610930,2016-03-04,9:40:00 PM,01 - Clear,07 - Dark,05 - Packed snow,10 - No control,,03 - P.D. only,07 - SMV other,0
16-2700,NORTHVIEW RD btwn WALLFORD WAY & GREENCREST PL,365175.38558,5024938.26053,-75.72932776010,45.36178836320,2016-03-04,9:58:00 PM,03 - Snow,07 - Dark,03 - Loose snow,10 - No control,,03 - P.D. only,06 - SMV unattended vehicle,0
16-2701,BRONSON AVE @ GLOUCESTER ST,366834.62058,5030792.34308,-75.70741432930,45.41431707700,2016-03-04,11:47:00 PM,01 - Clear,07 - Dark,02 - Wet,01 - Traffic signal,01 - Functioning,03 - P.D. only,06 - SMV unattended vehicle,0
16-2702,SOMERSET ST    W btwn BANK ST & O'CONNOR ST,367729.41735,5030936.84110,-75.69596462640,45.41553732700,2016-03-05,1:57:00 AM,01 - Clear,07 - Dark,01 - Dry,10 - No control,,02 - Non-fatal injury,01 - Approaching,0
16-2703,GALETTA SIDE RD btwn MOHRS RD & MORNING DEW DR,324129.12744,5031958.90248,-76.25298479460,45.42729724580,2016-03-05,4:51:00 AM,01 - Clear,07 - Dark,01 - Dry,10 - No control,,02 - Non-fatal injury,07 - SMV other,0
16-2704,BOURASSA ST btwn ST. LAURENT BLVD & GLADWIN CRES,373247.25832,5029698.70778,-75.62564422000,45.40387919610,2016-03-05,5:41:00 AM,01 - Clear,03 - Dawn,05 - Packed snow,10 - No control,,03 - P.D. only,06 - SMV unattended vehicle,0
16-2705,PRINCE CHARLES RD btwn SAVILLE ROW & IROQUOIS RD,362259.50216,5026462.67340,-75.76636761840,45.37574994710,2016-03-05,8:00:00 AM,01 - Clear,01 - Daylight,01 - Dry,10 - No control,,03 - P.D. only,03 - Rear end,0
16-2706,GREENBANK RD @ JOCKVALE RD,364121.02187,5014331.07923,-75.74405522220,45.26643556000,2016-03-05,9:00:00 AM,01 - Clear,01 - Daylight,01 - Dry,01 - Traffic signal,01 - Functioning,03 - P.D. only,03 - Rear end,0
16-2707,WHITECHAPEL CRES btwn BERRIGAN DR & LONGFIELDS DR,364222.10419,5015765.69953,-75.74259552060,45.27933575100,2016-03-05,8:40:00 AM,01 - Clear,01 - Daylight,01 - Dry,10 - No control,,03 - P.D. only,06 - SMV unattended vehicle,0
16-2708,LEMIEUX ST btwn JOSEPH CYR ST & RAMP,372533.12315,5031705.49448,-75.63448986170,45.42200481280,2016-03-05,10:02:00 AM,01 - Clear,01 - Daylight,01 - Dry,10 - No control,,03 - P.D. only,04 - Sideswipe,0
16-2709,BANNER RD @ GREENBANK RD,361021.45062,5021566.71388,-75.78273031510,45.33179673330,2016-03-05,10:16:00 AM,01 - Clear,01 - Daylight,01 - Dry,01 - Traffic signal,01 - Functioning,02 - Non-fatal injury,03 - Rear end,0
16-2710,ELGIN ST @ WELLINGTON ST W,367664.31318,5031879.13990,-75.69667613770,45.42402167860,2016-03-05,10:19:00 AM,01 - Clear,01 - Daylight,01 - Dry,01 - Traffic signal,01 - Functioning,02 - Non-fatal injury,03 - Rear end,0
16-2711,ELEANOR DR btwn GREENCREST PL & NORTHVIEW RD,365347.89865,5025153.68461,-75.72709949320,45.36371183440,2016-03-04,9:00:00 PM,01 - Clear,07 - Dark,01 - Dry,10 - No control,,03 - P.D. only,07 - SMV other,0
16-2712,REGIONAL ROAD 174 btwn OR174 IC105 RAMP35 & OR174 IC105 RAMP25,379503.16383,5037055.53315,-75.54462461360,45.46943100160,2016-03-05,11:12:00 AM,01 - Clear,01 - Daylight,01 - Dry,10 - No control,,03 - P.D. only,99 - Other,0
16-2713,BASELINE RD @ WOODROFFE AVE,362549.45845,5023770.27295,-75.76298046440,45.35150014690,2016-03-04,7:20:00 PM,03 - Snow,07 - Dark,05 - Packed snow,01 - Traffic signal,01 - Functioning,03 - P.D. only,03 - Rear end,0
16-2714,MAITLAND AVE @ WOODWARD DR,363273.96091,5025661.72847,-75.75351111050,45.36845922320,2016-03-05,9:30:00 AM,01 - Clear,01 - Daylight,01 - Dry,01 - Traffic signal,01 - Functioning,03 - P.D. only,03 - Rear end,0
16-2715,BANK ST @ HERON RD,369995.94198,5026851.76418,-75.66754866430,45.37857374300,2016-03-05,11:49:00 AM,01 - Clear,01 - Daylight,01 - Dry,01 - Traffic signal,01 - Functioning,03 - P.D. only,05 - Turning movement,0
16-2716,GREENBANK RD @ BELLMAN DR/BATEMAN DR,361256.45352,5021018.15483,-75.77979496000,45.32684193580,2016-03-05,1:43:00 PM,01 - Clear,01 - Daylight,01 - Dry,01 - Traffic signal,01 - Functioning,03 - P.D. only,03 - Rear end,0
16-2717,ST. JOSEPH BLVD @ DUFORD DR/PLACE D'ORLEANS DR,381997.36004,5037996.39935,-75.51258331120,45.47762487850,2016-03-05,2:22:00 PM,01 - Clear,01 - Daylight,01 - Dry,01 - Traffic signal,01 - Functioning,02 - Non-fatal injury,03 - Rear end,0
16-2718,SHOREHAM AVE btwn BENTWORTH CRES & BENTWORTH CRES,361488.83905,5021429.45353,-75.77678359860,45.33052406600,2016-03-04,2:29:00 PM,01 - Clear,01 - Daylight,01 - Dry,10 - No control,,03 - P.D. only,99 - Other,0
16-2719,INNES RD @ JEANNE D'ARC BLVD/MER BLEUE RD,382638.41952,5035567.33173,-75.50476957120,45.45569907620,2016-03-05,3:15:00 PM,01 - Clear,01 - Daylight,01 - Dry,01 - Traffic signal,01 - Functioning,03 - P.D. only,03 - Rear end,0
16-2720,BELFAST RD @ COVENTRY RD,371524.38703,5031642.67448,-75.64738679710,45.42153652510,2016-03-05,4:05:00 PM,01 - Clear,01 - Daylight,01 - Dry,01 - Traffic signal,01 - Functioning,03 - P.D. only,05 - Turning movement,0
16-2721,CUMMINGS AVE @ OGILVIE RD,372747.96973,5032170.21047,-75.63168071560,45.42616527000,2016-03-05,4:30:00 PM,01 - Clear,01 - Daylight,01 - Dry,01 - Traffic signal,01 - Functioning,02 - Non-fatal injury,07 - SMV other,1
16-2722,VANIER PKWY/CRICHTON ST @ BEECHWOOD AVE/ST. PA,369126.98787,5033486.93636,-75.67777694000,45.43835503900,2016-03-05,6:27:00 PM,01 - Clear,07 - Dark,01 - Dry,01 - Traffic signal,01 - Functioning,03 - P.D. only,03 - Rear end,0
16-2723,BRONSON AVE @ IMPERIAL AVE/PLYMOUTH ST,367318.72413,5029644.22275,-75.70137538310,45.40394354740,2016-03-05,6:38:00 PM,01 - Clear,07 - Dark,01 - Dry,10 - No control,,03 - P.D. only,05 - Turning movement,0
16-2724,EARL GREY DR btwn ROLAND MICHENER DR & END,350769.95620,5018935.93226,-75.91375476080,45.30887074440,2016-03-05,6:47:00 PM,01 - Clear,07 - Dark,01 - Dry,10 - No control,,03 - P.D. only,03 - Rear end,0
16-2725,CINNABAR WAY btwn GRAPHITE RD & SLATE ST,351525.40419,5014799.88843,-75.90451079900,45.27160360950,2016-03-05,6:49:00 PM,01 - Clear,05 - Dusk,01 - Dry,10 - No control,,03 - P.D. only,06 - SMV unattended vehicle,0
16-2726,WALKLEY RD btwn CONROY RD & HARDING RD,373057.99563,5027556.53907,-75.62835798110,45.38462338720,2016-03-05,7:03:00 PM,01 - Clear,07 - Dark,02 - Wet,10 - No control,,03 - P.D. only,03 - Rear end,0
16-2727,ROSSLAND AVE btwn PENDER ST & ST. HELEN'S PL,364501.94247,5024048.63580,-75.73803072270,45.35384131800,2016-03-05,7:48:00 PM,01 - Clear,07 - Dark,04 - Slush,10 - No control,,03 - P.D. only,06 - SMV unattended vehicle,0
16-2728,CLOVER ST @ HERON RD,369292.04977,5026764.76578,-75.67654670320,45.37785610400,2016-03-05,10:23:00 PM,01 - Clear,07 - Dark,01 - Dry,01 - Traffic signal,01 - Functioning,03 - P.D. only,05 - Turning movement,0
16-2729,BASELINE RD @ NAVAHO DR,363086.86258,5024099.06880,-75.75608373610,45.35441416100,2016-03-05,10:33:00 PM,01 - Clear,07 - Dark,01 - Dry,01 - Traffic signal,01 - Functioning,03 - P.D. only,03 - Rear end,0
16-2730,NICHOLAS ST SB btwn Continuation of WALLER ST & HWY417 IC118 RAMP35,368766.33577,5031495.91828,-75.68264491560,45.42047368450,2016-03-06,2:18:00 AM,01 - Clear,07 - Dark,02 - Wet,10 - No control,,03 - P.D. only,03 - Rear end,0
16-2731,DALHOUSIE ST @ YORK ST,368094.37303,5032419.81168,-75.69111160310,45.42884767550,2016-03-06,8:40:00 AM,01 - Clear,01 - Daylight,02 - Wet,01 - Traffic signal,01 - Functioning,03 - P.D. only,05 - Turning movement,0
16-2732,BANK ST @ RIVERSIDE DR N,369225.04997,5027984.65588,-75.67724288170,45.38883846150,2016-03-06,8:55:00 AM,01 - Clear,01 - Daylight,01 - Dry,01 - Traffic signal,01 - Functioning,03 - P.D. only,02 - Angle,0
16-2733,BASELINE RD @ MERIVALE RD,365054.47442,5025325.29292,-75.73082382020,45.36528122120,2016-03-06,9:14:00 AM,01 - Clear,01 - Daylight,01 - Dry,01 - Traffic signal,01 - Functioning,02 - Non-fatal injury,03 - Rear end,0
16-2734,CEDARVIEW RD btwn LYTLE AVE & CEDARHILL DR,360585.11735,5017316.04987,-75.78877517120,45.29358392460,2016-03-06,9:31:00 AM,01 - Clear,01 - Daylight,01 - Dry,10 - No control,,02 - Non-fatal injury,03 - Rear end,0
16-2735,MCCARTHY RD btwn PLANTE DR & HUNT CLUB RD,370451.54276,5023536.88584,-75.66217236910,45.34870496230,2016-03-05,12:00:00 AM,01 - Clear,00 - Unknown,01 - Dry,10 - No control,,03 - P.D. only,06 - SMV unattended vehicle,0
16-2736,CARLING AVE @ KIRKWOOD AVE N,364276.01868,5027493.00365,-75.74049922340,45.38485242350,2016-03-06,10:58:00 AM,01 - Clear,01 - Daylight,01 - Dry,01 - Traffic signal,01 - Functioning,03 - P.D. only,03 - Rear end,0