Record,Location,X,Y,Longitude,Latitude,Date,Time,Environment,Light,Road_Surface,Traffic_Control,Collision_Location,Collision_Classification,Impact_type,Pedestrian
16-2737,PRESTONE DR @ TOMPKINS AVE,382892.45989,5037915.91962,-75.50114879480,45.47680125720,2016-03-06,11:02:00 AM,01 - Clear,01 - Daylight,01 - Dry,02 - Stop sign,01 - Functioning,03 - P.D. only,02 - Angle,0
16-2738,GREY NUNS DR @ SUNDOWN CRES,380125.56243,5036952.58740,-75.53668169280,45.46843792860,2016-03-06,11:32:00 AM,01 - Clear,01 - Daylight,01 - Dry,02 - Stop sign,01 - Functioning,03 - P.D. only,02 - Angle,0
16-2739,CARILLON ST @ DUROCHER ST,370017.07058,5033375.58790,-75.66641592110,45.43727071450,2016-03-06,11:45:00 AM,03 - Snow,01 - Daylight,03 - Loose snow,02 - Stop sign,01 - Functioning,03 - P.D. only,06 - SMV unattended vehicle,0
16-2740,MARCH RD @ MORGAN'S GRANT WAY/SHIRLEY'S BROOK,349661.38722,5023617.73198,-75.92746710420,45.35107045590,2016-03-06,12:03:00 PM,01 - Clear,01 - Daylight,01 - Dry,01 - Traffic signal,01 - Functioning,02 - Non-fatal injury,05 - Turning movement,0
16-2741,GREENBANK RD @ MALVERN DR/FOXFIELD DR,363311.50444,5016194.68927,-75.75415061210,45.28327218460,2016-03-06,12:06:00 PM,01 - Clear,01 - Daylight,01 - Dry,01 - Traffic signal,01 - Functioning,03 - P.D. only,03 - Rear end,0
16-2742,OLD CARRIAGE CRT btwn DOW ST & DOW ST,385186.34713,5011414.36603,-75.47612285890,45.23810075160,2016-03-03,12:59:00 PM,03 - Snow,01 - Daylight,03 - Loose snow,10 - No control,,03 - P.D. only,06 - SMV unattended vehicle,0
16-2743,ROGER STEVENS DR btwn DWYER HILL RD & MALAKOFF RD,354625.08073,4989622.84515,-75.86752092760,45.04483709450,2016-03-06,1:28:00 PM,01 - Clear,01 - Daylight,01 - Dry,10 - No control,,03 - P.D. only,07 - SMV other,0
16-2744,WEST HUNT CLUB RD btwn MOODIE DR & HWY416 IC72 RAMP53,358338.46191,5018751.41907,-75.81726152060,45.30667430330,2016-03-06,2:35:00 PM,01 - Clear,01 - Daylight,01 - Dry,10 - No control,,03 - P.D. only,03 - Rear end,0
16-2745,ROBERTSON RD btwn MOODIE DR & VANIER RD,357196.04171,5020529.91836,-75.83164090330,45.32276359730,2016-03-06,2:45:00 PM,01 - Clear,01 - Daylight,01 - Dry,10 - No control,,02 - Non-fatal injury,03 - Rear end,0
16-2746,LOGGERS WAY @ THYMES DR,327689.11564,5029599.47788,-76.20760032380,45.40595863940,2016-03-06,3:47:00 PM,01 - Clear,01 - Daylight,01 - Dry,02 - Stop sign,01 - Functioning,02 - Non-fatal injury,07 - SMV other,0
16-2747,CARLING AVE @ BAYSHORE DR/BIRCHDALE AVE,359004.48038,5023990.61210,-75.80819518200,45.35376572620,2016-03-06,4:28:00 PM,01 - Clear,01 - Daylight,01 - Dry,01 - Traffic signal,01 - Functioning,03 - P.D. only,03 - Rear end,0
16-2748,VIEWMOUNT DR @ MERIVALE RD,365191.93631,5022950.29768,-75.72935933100,45.34389954180,2016-03-06,4:50:00 PM,01 - Clear,01 - Daylight,01 - Dry,01 - Traffic signal,01 - Functioning,03 - P.D. only,02 - Angle,0
16-2749,CUMBERLAND ST btwn CLARENCE ST & YORK ST,368223.13025,5032590.93973,-75.68944423830,45.43037576040,2016-03-06,5:24:00 PM,01 - Clear,01 - Daylight,01 - Dry,10 - No control,,03 - P.D. only,02 - Angle,0
16-2750,HAZELDEAN RD btwn EDGEWATER ST & YOUNG RD,352453.95587,5017470.23663,-75.89242114800,45.29556981570,2016-03-06,5:42:00 PM,01 - Clear,01 - Daylight,01 - Dry,10 - No control,,03 - P.D. only,03 - Rear end,0
16-2751,MEADOWLANDS DR @ VIEWMOUNT DR,363739.90538,5023104.84457,-75.74786815700,45.34541364820,2016-03-06,8:24:00 PM,01 - Clear,07 - Dark,01 - Dry,01 - Traffic signal,01 - Functioning,03 - P.D. only,04 - Sideswipe,0
16-2752,TERRY FOX DR @ EDGEWATER ST/WALTER BAKER PL,351777.10579,5017614.94837,-75.90103667200,45.29691754990,2016-03-06,10:31:00 PM,01 - Clear,07 - Dark,99 - Other,01 - Traffic signal,01 - Functioning,03 - P.D. only,03 - Rear end,0
16-2753,HOCHELAGA ST btwn GULF PL & BERMUDA AVE,373042.86576,5034293.79062,-75.62761824870,45.44524345710,2016-03-07,12:13:00 AM,01 - Clear,07 - Dark,01 - Dry,10 - No control,,03 - P.D. only,06 - SMV unattended vehicle,0
16-2754,MONTREAL RD btwn THOMSON ST & AVIATION PKWY,372122.88848,5034095.30155,-75.63940457850,45.44354676090,2016-03-07,7:47:00 AM,01 - Clear,01 - Daylight,01 - Dry,10 - No control,,03 - P.D. only,02 - Angle,0
16-2755,BELL ST @ GLADSTONE AVE,366944.94358,5029970.07021,-75.70610858690,45.40690871390,2016-03-07,8:01:00 AM,03 - Snow,01 - Daylight,06 - Ice,02 - Stop sign,01 - Functioning,03 - P.D. only,06 - SMV unattended vehicle,0
16-2756,SOMERSET ST    W btwn METCALFE ST & ELGIN ST,368159.33346,5031195.43641,-75.69043898360,45.41782528540,2016-03-07,8:41:00 AM,01 - Clear,01 - Daylight,01 - Dry,10 - No control,,03 - P.D. only,04 - Sideswipe,0
16-2757,BANK ST @ JOHNSTON RD,370851.73050,5024839.29828,-75.65689182950,45.36038609140,2016-03-07,8:45:00 AM,01 - Clear,01 - Daylight,04 - Slush,01 - Traffic signal,01 - Functioning,03 - P.D. only,02 - Angle,0
16-2758,VALEWOOD CRES btwn PAXTON LANE & WESTPARK DR,377374.07558,5033772.04126,-75.57233431600,45.44011283950,2016-03-07,8:58:00 AM,01 - Clear,01 - Daylight,01 - Dry,10 - No control,,03 - P.D. only,06 - SMV unattended vehicle,0
16-2759,BLAKE BLVD @ LAFONTAINE AVE,370941.36382,5033036.49171,-75.65464873980,45.43413285480,2016-03-07,9:06:00 AM,01 - Clear,01 - Daylight,04 - Slush,02 - Stop sign,01 - Functioning,03 - P.D. only,02 - Angle,0
16-2760,INDUSTRIAL AVE/INNES RD @ ST. LAURENT BLVD,373096.56382,5030008.23650,-75.62752611720,45.40667891160,2016-03-06,11:30:00 AM,01 - Clear,01 - Daylight,01 - Dry,01 - Traffic signal,01 - Functioning,03 - P.D. only,03 - Rear end,0
16-2761,WOODROFFE AVE btwn CARLING AVE & FOX CRES,361776.47188,5025702.34439,-75.77262206550,45.36894801870,2016-03-07,7:50:00 AM,02 - Rain,01 - Daylight,02 - Wet,10 - No control,,03 - P.D. only,03 - Rear end,0
16-2762,BRISBANE RD @ MAYO AVE,366907.97241,5020908.69957,-75.70771986940,45.32537974090,2016-03-07,10:42:00 AM,01 - Clear,01 - Daylight,02 - Wet,03 - Yield sign,01 - Functioning,03 - P.D. only,02 - Angle,0
16-2763,CHARLOTTE ST @ RIDEAU ST,369250.83640,5032859.36672,-75.67627624220,45.43269700880,2016-03-07,11:30:00 AM,01 - Clear,01 - Daylight,01 - Dry,01 - Traffic signal,01 - Functioning,03 - P.D. only,02 - Angle,0
16-2764,ELIZABETH ST btwn JILL ST & ANNETTE ST,375220.02917,5000797.62323,-75.60454599920,45.14364059630,2016-03-07,1:39:00 PM,01 - Clear,01 - Daylight,01 - Dry,10 - No control,,03 - P.D. only,06 - SMV unattended vehicle,0
16-2765,CARRUTHERS AVE btwn LADOUCEUR ST & ARMSTRONG ST,365228.11553,5029669.75919,-75.72807555710,45.40435691160,2016-03-07,1:30:00 AM,01 - Clear,07 - Dark,02 - Wet,10 - No control,,03 - P.D. only,06 - SMV unattended vehicle,0
16-2766,CARLING AVE @ MAITLAND AVE/SHERBOURNE RD,362942.38621,5026489.04229,-75.75764630770,45.37593087930,2016-03-07,3:26:00 PM,01 - Clear,01 - Daylight,01 - Dry,01 - Traffic signal,01 - Functioning,03 - P.D. only,03 - Rear end,0
16-2767,BRONSON AVE @ JAMES ST,367067.29501,5030241.93074,-75.70451138280,45.40934396250,2016-03-07,3:31:00 PM,01 - Clear,01 - Daylight,01 - Dry,02 - Stop sign,01 - Functioning,03 - P.D. only,02 - Angle,0
16-2768,BEAVER RDG @ EAGLE LANE,365232.81943,5024490.85090,-75.72864940790,45.35775769440,2016-03-07,3:41:00 PM,01 - Clear,01 - Daylight,01 - Dry,02 - Stop sign,01 - Functioning,03 - P.D. only,05 - Turning movement,0
16-2769,HIGHWAY 17 btwn THOMAS ELLIOT RD & GALETTA SIDE RD,321696.20035,5029916.27240,-76.28414601870,45.40897964220,2016-03-07,10:05:00 AM,01 - Clear,01 - Daylight,04 - Slush,10 - No control,,03 - P.D. only,07 - SMV other,0
16-2770,WEST HUNT CLUB RD WB btwn 210 W OF MERIVALE RD & MERIVALE RD,365604.03815,5021937.39276,-75.72422559890,45.33474996190,2016-03-07,4:27:00 PM,01 - Clear,01 - Daylight,01 - Dry,10 - No control,,03 - P.D. only,07 - SMV other,0
16-2771,INNES RD @ STONEHENGE CRES W,375199.74120,5031217.88083,-75.60048899170,45.41735426880,2016-03-07,4:27:00 PM,01 - Clear,01 - Daylight,02 - Wet,01 - Traffic signal,01 - Functioning,03 - P.D. only,03 - Rear end,0
16-2772,FROBISHER LANE W @ RIVERSIDE DR,370119.38850,5029601.00153,-75.66560868760,45.40329892640,2016-03-07,5:01:00 PM,02 - Rain,01 - Daylight,02 - Wet,01 - Traffic signal,01 - Functioning,03 - P.D. only,05 - Turning movement,0
16-2773,PRINCE OF WALES DR @ FALLOWFIELD RD,367399.93198,5019165.80427,-75.70166505520,45.30965373030,2016-03-07,12:30:00 PM,01 - Clear,01 - Daylight,01 - Dry,01 - Traffic signal,01 - Functioning,03 - P.D. only,03 - Rear end,0
16-2774,ST. JOSEPH BLVD @ TENTH LINE RD,382891.46973,5038665.78687,-75.50104223170,45.48354799660,2016-03-07,5:53:00 PM,01 - Clear,01 - Daylight,02 - Wet,01 - Traffic signal,01 - Functioning,02 - Non-fatal injury,03 - Rear end,0
16-2775,RIVERSIDE DR @ WALKLEY RD,368418.49943,5024852.85590,-75.68794553010,45.36073310590,2016-03-07,11:30:00 AM,01 - Clear,01 - Daylight,01 - Dry,01 - Traffic signal,01 - Functioning,03 - P.D. only,03 - Rear end,0
16-2776,SADDLERIDGE DR btwn PRAIRIE ST & DOVEHAVEN ST,381646.02111,5032441.03295,-75.51794449770,45.42768097590,2016-03-07,6:59:00 PM,01 - Clear,07 - Dark,01 - Dry,10 - No control,,03 - P.D. only,06 - SMV unattended vehicle,0
16-2777,GEORGE ST @ DALHOUSIE ST,368157.88109,5032315.78092,-75.69031344840,45.42790589280,2016-03-07,8:48:00 PM,01 - Clear,07 - Dark,02 - Wet,01 - Traffic signal,01 - Functioning,03 - P.D. only,03 - Rear end,0
16-2778,FALLOWFIELD RD @ VIA PARK PL/275 W OF WOODROFFE AVE,364847.90323,5017764.91102,-75.73437771050,45.29727141520,2016-03-07,9:15:00 PM,01 - Clear,07 - Dark,01 - Dry,01 - Traffic signal,01 - Functioning,02 - Non-fatal injury,07 - SMV other,1
16-2779,BANK ST @ RIDEAU RD,376955.41843,5017843.80667,-75.58001140200,45.29684222760,2016-03-07,9:45:00 PM,01 - Clear,07 - Dark,02 - Wet,01 - Traffic signal,01 - Functioning,02 - Non-fatal injury,05 - Turning movement,0
16-2780,INNES RD btwn BLAIR RD & ANDERSON RD,375741.07788,5031552.53859,-75.59352491380,45.42031065460,2016-03-08,12:20:00 AM,01 - Clear,07 - Dark,01 - Dry,10 - No control,,03 - P.D. only,07 - SMV other,0
16-2781,OR174 IC105 RAMP51 btwn REGIONAL ROAD 174 & OR174 IC105 RAMP53,379364.53668,5036855.15375,-75.54642766430,45.46764295440,2016-03-08,2:08:00 AM,01 - Clear,07 - Dark,02 - Wet,10 - No control,,03 - P.D. only,04 - Sideswipe,0
16-2782,FALLOWFIELD RD @ WOODROFFE AVE,365084.92802,5017904.29988,-75.73133892520,45.29850533140,2016-03-08,7:15:00 AM,01 - Clear,01 - Daylight,01 - Dry,01 - Traffic signal,01 - Functioning,03 - P.D. only,03 - Rear end,0
16-2783,BEECHWOOD AVE btwn DOUGLAS AVE & LANGEVIN AVE,369309.62811,5033694.34820,-75.67541550440,45.44020441950,2016-03-08,7:28:00 AM,01 - Clear,01 - Daylight,01 - Dry,10 - No control,,03 - P.D. only,03 - Rear end,0
16-2784,BEAUFORT DR @ HERSCHEL CRES E,352563.41296,5019280.46105,-75.89085124710,45.31185121160,2016-03-08,7:33:00 AM,01 - Clear,01 - Daylight,02 - Wet,,01 - Functioning,03 - P.D. only,02 - Angle,0
16-2785,INDUSTRIAL AVE btwn SANDFORD FLEMING AVE & NEIGHBORHOOD WAY,370987.08156,5030538.30845,-75.65440013180,45.41165093820,2016-03-08,8:06:00 AM,01 - Clear,01 - Daylight,01 - Dry,10 - No control,,03 - P.D. only,03 - Rear end,0
16-2786,INDUSTRIAL AVE/INNES RD @ ST. LAURENT BLVD,373100.47067,5030006.60752,-75.62747643890,45.40666387330,2016-03-08,8:20:00 AM,01 - Clear,01 - Daylight,01 - Dry,01 - Traffic signal,01 - Functioning,03 - P.D. only,03 - Rear end,0
16-2787,JOCKVALE RD/RIDEAU VALLEY DR @ PRINCE OF WALES,366707.97700,5012198.39548,-75.71135767240,45.24702280370,2016-03-08,8:35:00 AM,01 - Clear,01 - Daylight,01 - Dry,01 - Traffic signal,01 - Functioning,02 - Non-fatal injury,05 - Turning movement,0
16-2788,TENTH LINE RD btwn ST. JOSEPH BLVD & OLD TENTH LINE RD,382954.14040,5038532.39587,-75.50026189040,45.48234085230,2016-03-08,9:06:00 AM,01 - Clear,01 - Daylight,02 - Wet,10 - No control,,03 - P.D. only,03 - Rear end,0
16-2789,ALTA VISTA DR btwn PALEN AVE & WESMAR DR,370473.29553,5026999.21419,-75.66143464040,45.37985586610,2016-03-07,9:55:00 AM,01 - Clear,01 - Daylight,01 - Dry,10 - No control,,03 - P.D. only,99 - Other,0
16-2790,CONROY RD @ HUNT CLUB RD,373763.09573,5025405.13118,-75.61965546600,45.36519688400,2016-03-08,9:59:00 AM,01 - Clear,01 - Daylight,01 - Dry,01 - Traffic signal,01 - Functioning,03 - P.D. only,04 - Sideswipe,0
16-2791,FIFTH AVE btwn CRAIG ST & MORRIS ST,368053.22648,5029195.25403,-75.69205124420,45.39983787900,2016-03-05,12:00:00 AM,01 - Clear,00 - Unknown,05 - Packed snow,10 - No control,,03 - P.D. only,06 - SMV unattended vehicle,0
16-2792,CALAVERAS AVE btwn PALMADEO DR & BEATRICE DR,365163.87267,5015975.03546,-75.73056719410,45.28113911950,2016-03-08,11:03:00 AM,01 - Clear,01 - Daylight,02 - Wet,10 - No control,,03 - P.D. only,06 - SMV unattended vehicle,0
16-2793,MEADOWBREEZE DR btwn HILLSBORO PRIV & CROWNRIDGE DR,355976.82282,5015112.11542,-75.84775130180,45.27410323290,2016-03-08,11:13:00 AM,01 - Clear,01 - Daylight,03 - Loose snow,10 - No control,,03 - P.D. only,06 - SMV unattended vehicle,0
16-2794,PRINCE OF WALES DR @ STRANDHERD DR,367175.51427,5014824.86440,-75.70507260170,45.27061435910,2016-03-08,1:08:00 PM,01 - Clear,01 - Daylight,02 - Wet,01 - Traffic signal,01 - Functioning,03 - P.D. only,03 - Rear end,0
16-2795,DONALD ST @ ST. LAURENT BLVD,372094.37883,5032472.80688,-75.63999077380,45.42895107690,2016-03-08,12:23:00 PM,01 - Clear,01 - Daylight,02 - Wet,01 - Traffic signal,01 - Functioning,03 - P.D. only,03 - Rear end,0
16-2796,BANK ST btwn BLAIS RD & RIDEAU RD,376661.96671,5018535.83775,-75.58365215710,45.30309892050,2016-03-08,12:37:00 PM,01 - Clear,01 - Daylight,02 - Wet,10 - No control,,03 - P.D. only,03 - Rear end,0
16-2797,BASELINE RD @ SANDCASTLE DR,359629.44702,5021988.15883,-75.80044137250,45.33569904570,2016-03-08,1:05:00 PM,01 - Clear,01 - Daylight,02 - Wet,01 - Traffic signal,01 - Functioning,02 - Non-fatal injury,05 - Turning movement,0
16-2798,HAZELDEAN RD @ TERRY FOX DR,352207.83298,5017241.78507,-75.89558083010,45.29353079940,2016-03-02,11:20:00 AM,01 - Clear,01 - Daylight,01 - Dry,01 - Traffic signal,01 - Functioning,03 - P.D. only,03 - Rear end,0
16-2799,MONTREAL RD btwn BURMA RD & MONTREAL RD,373256.36738,5034515.28767,-75.62485845630,45.44721549410,2016-03-08,2:29:00 PM,01 - Clear,01 - Daylight,02 - Wet,10 - No control,,02 - Non-fatal injury,03 - Rear end,0
16-2800,VIEWMOUNT DR btwn GLENMANOR DR & MERIVALE RD,365144.20102,5022920.94781,-75.72997198970,45.34363956330,2016-03-08,8:25:00 AM,01 - Clear,01 - Daylight,01 - Dry,10 - No control,,03 - P.D. only,02 - Angle,0
16-2801,HERON RD @ KALADAR AVE,369685.72340,5026804.98106,-75.67151540620,45.37818160170,2016-03-08,3:00:00 PM,01 - Clear,01 - Daylight,01 - Dry,01 - Traffic signal,01 - Functioning,03 - P.D. only,03 - Rear end,0
16-2802,BRONSON AVE @ SUNNYSIDE AVE/UNIVERSITY RD - CA,367922.93406,5028092.21899,-75.69385646600,45.38992485040,2016-03-08,2:15:00 PM,01 - Clear,01 - Daylight,02 - Wet,01 - Traffic signal,01 - Functioning,03 - P.D. only,03 - Rear end,0
16-2803,EARL MULLIGAN DR @ WOODROFFE AVE,365250.02704,5017506.01056,-75.72928257860,45.29490736180,2016-03-08,3:45:00 PM,01 - Clear,01 - Daylight,01 - Dry,01 - Traffic signal,01 - Functioning,03 - P.D. only,05 - Turning movement,0
16-2804,BANK ST btwn HERON RD & ANOKA ST,370005.82101,5026825.27957,-75.66742603550,45.37833452390,2016-03-08,3:50:00 PM,01 - Clear,01 - Daylight,01 - Dry,10 - No control,,03 - P.D. only,04 - Sideswipe,0
16-2805,ROBERTSON RD btwn VANIER RD & RICHMOND RD,357435.38743,5020669.23439,-75.82857323360,45.32399927030,2016-03-08,4:06:00 PM,01 - Clear,01 - Daylight,01 - Dry,10 - No control,,03 - P.D. only,02 - Angle,0
16-2806,BASELINE RD @ MERIVALE RD,365054.47193,5025325.73937,-75.73082379770,45.36528523890,2016-03-08,4:25:00 PM,01 - Clear,01 - Daylight,01 - Dry,01 - Traffic signal,01 - Functioning,02 - Non-fatal injury,03 - Rear end,0
16-2807,MCARTHUR AVE btwn MAYFIELD ST & VANIER PKWY,370196.06349,5032688.36615,-75.66421961780,45.43107066390,2016-03-08,4:46:00 PM,01 - Clear,01 - Daylight,01 - Dry,10 - No control,,03 - P.D. only,02 - Angle,0
16-2808,WALLFORD WAY btwn BEAVERTON AVE & PARTHIA AVE,365535.72884,5025080.79380,-75.72471100060,45.36303972660,2016-03-08,12:00:00 AM,01 - Clear,00 - Unknown,01 - Dry,10 - No control,,03 - P.D. only,06 - SMV unattended vehicle,0
16-2809,TERRY FOX DR btwn HWY417 IC140 RAMP53 & HWY417 IC140 RAMP25,351111.20109,5018368.20034,-75.90945621480,45.30373972350,2016-03-08,5:23:00 PM,01 - Clear,01 - Daylight,01 - Dry,10 - No control,,02 - Non-fatal injury,03 - Rear end,0
16-2810,FISHER AVE @ 220 S OF TRENT ST,365873.15692,5026727.07962,-75.72020060680,45.37782336970,2016-03-08,5:37:00 PM,02 - Rain,01 - Daylight,02 - Wet,01 - Traffic signal,01 - Functioning,03 - P.D. only,03 - Rear end,0
16-2811,HAWTHORNE RD @ HUNT CLUB RD,375508.14053,5026407.31045,-75.59723849580,45.37404015870,2016-02-17,2:00:00 PM,01 - Clear,01 - Daylight,01 - Dry,01 - Traffic signal,01 - Functioning,03 - P.D. only,03 - Rear end,0
16-2812,BASELINE RD @ GREENBANK RD,360596.76582,5022584.27058,-75.78803326270,45.34098660180,2016-03-08,6:06:00 PM,02 - Rain,05 - Dusk,02 - Wet,01 - Traffic signal,01 - Functioning,03 - P.D. only,02 - Angle,0
16-2813,ELGIN ST @ SOMERSET ST,368164.93307,5031198.79637,-75.69036701090,45.41785501050,2016-03-08,6:22:00 PM,01 - Clear,07 - Dark,01 - Dry,01 - Traffic signal,01 - Functioning,03 - P.D. only,05 - Turning movement,0
16-2814,WOODROFFE AVE btwn SPORTSPLEX S/TRANSIT & VAAN DR,363845.31282,5020871.28506,-75.74678965700,45.32530740120,2016-03-08,6:34:00 PM,02 - Rain,07 - Dark,02 - Wet,10 - No control,,03 - P.D. only,03 - Rear end,0
16-2815,PRINCETON AVE btwn HILLCREST AVE & BROADVIEW AVE,362847.64549,5027442.74367,-75.75874371410,45.38452001600,2016-03-08,3:20:00 PM,01 - Clear,01 - Daylight,03 - Loose snow,10 - No control,,03 - P.D. only,04 - Sideswipe,0
16-2816,BAYSHORE DR @ RICHMOND RD,359372.85282,5023368.38028,-75.80356271210,45.34813830950,2016-03-08,7:45:00 PM,01 - Clear,07 - Dark,02 - Wet,01 - Traffic signal,01 - Functioning,03 - P.D. only,03 - Rear end,0
16-2817,BRONSON AVE @ JAMES ST,367066.47872,5030242.23543,-75.70452177190,45.40934677680,2016-03-08,11:01:00 PM,01 - Clear,07 - Dark,01 - Dry,02 - Stop sign,01 - Functioning,03 - P.D. only,02 - Angle,0
16-2818,INNES RD btwn STONEHENGE CRES & STONEHENGE CRES,375288.95929,5031269.01811,-75.59934186140,45.41780539180,2016-03-08,8:20:00 AM,01 - Clear,01 - Daylight,01 - Dry,10 - No control,,02 - Non-fatal injury,03 - Rear end,0
16-2819,HWY 417 WOODROFF IC127R62 @ WOODROFFE AVE,362049.69027,5025020.10121,-75.76921341560,45.36278698830,2016-03-09,8:03:00 AM,01 - Clear,01 - Daylight,01 - Dry,03 - Yield sign,01 - Functioning,03 - P.D. only,03 - Rear end,0
16-2820,CENTRAL PARK DR N @ MERIVALE RD,364953.56983,5025873.80978,-75.73204501230,45.37022535230,2016-03-09,8:06:00 AM,01 - Clear,01 - Daylight,02 - Wet,01 - Traffic signal,01 - Functioning,02 - Non-fatal injury,05 - Turning movement,0
16-2821,MARCH RD @ UPPER DWYER HILL RD,334081.66586,5014290.82771,-76.12684538100,45.26796549020,2016-03-09,8:05:00 AM,01 - Clear,01 - Daylight,01 - Dry,01 - Traffic signal,01 - Functioning,03 - P.D. only,03 - Rear end,0
16-2822,PRINCE OF WALES DR @ STRANDHERD DR,367175.96320,5014823.51760,-75.70506705050,45.27060220090,2016-03-09,8:47:00 AM,01 - Clear,01 - Daylight,01 - Dry,01 - Traffic signal,01 - Functioning,03 - P.D. only,03 - Rear end,0
16-2823,CARLING AVE @ RICHMOND RD,360246.79882,5024781.73626,-75.79225209520,45.36078710950,2016-03-09,10:06:00 AM,01 - Clear,01 - Daylight,02 - Wet,01 - Traffic signal,01 - Functioning,03 - P.D. only,03 - Rear end,0
16-2824,BLAIR PL btwn OGILVIE RD & END,374832.95395,5033286.84383,-75.60488073820,45.43600647140,2016-03-09,10:36:00 AM,01 - Clear,01 - Daylight,01 - Dry,10 - No control,,03 - P.D. only,02 - Angle,0
16-2825,BANK ST @ LEITRIM RD,375357.53222,5021618.83117,-75.59984444980,45.33097073260,2016-03-09,10:46:00 AM,01 - Clear,01 - Daylight,02 - Wet,01 - Traffic signal,01 - Functioning,02 - Non-fatal injury,05 - Turning movement,0
16-2826,BRONSON AVE @ PRIMROSE AVE,366886.35812,5030669.79034,-75.70676880680,45.41320979420,2016-03-09,11:36:00 AM,02 - Rain,01 - Daylight,02 - Wet,01 - Traffic signal,01 - Functioning,03 - P.D. only,03 - Rear end,0
16-2827,MONTREAL RD btwn CODY AVE & OLMSTEAD ST,370255.97648,5033170.22967,-75.66338993360,45.43540066430,2016-03-09,11:42:00 AM,02 - Rain,01 - Daylight,02 - Wet,10 - No control,,03 - P.D. only,02 - Angle,0
16-2828,GLENMANOR DR E @ VIEWMOUNT DR E,365108.36675,5022899.89518,-75.73043178060,45.34345321650,2016-03-09,12:32:00 PM,02 - Rain,01 - Daylight,02 - Wet,02 - Stop sign,01 - Functioning,03 - P.D. only,02 - Angle,0
16-2829,SHILLINGTON AVE btwn ADMIRAL AVE & SPROULE ST,365307.60182,5027099.08636,-75.72737552270,45.38121968450,2016-03-08,12:00:00 AM,00 - Unknown,00 - Unknown,99 - Other,10 - No control,,03 - P.D. only,06 - SMV unattended vehicle,0
16-2830,ABBOTT ST @ JONATHAN PACK ST,349857.35653,5012980.30077,-75.92593308830,45.25533916650,2016-03-09,1:10:00 PM,02 - Rain,01 - Daylight,02 - Wet,02 - Stop sign,01 - Functioning,03 - P.D. only,02 - Angle,0
16-2831,CARLING AVE WB btwn HWY417 IC124 RAMP76 & KIRKWOOD AVE,364268.45966,5027490.49028,-75.74059604510,45.38483045010,2016-03-09,1:44:00 PM,02 - Rain,01 - Daylight,02 - Wet,10 - No control,,02 - Non-fatal injury,04 - Sideswipe,0
16-2832,ALBERT ST @ LYON ST,367063.36613,5031220.24983,-75.70443797910,45.41814693660,2016-03-09,2:05:00 PM,02 - Rain,01 - Daylight,02 - Wet,01 - Traffic signal,01 - Functioning,03 - P.D. only,02 - Angle,0
16-2833,CAMPEAU DR/HWY 417 MARCH IC138R63 @ MARCH RD,352841.81833,5020476.43143,-75.88718482910,45.32259381100,2016-03-09,2:09:00 PM,02 - Rain,01 - Daylight,02 - Wet,01 - Traffic signal,01 - Functioning,03 - P.D. only,03 - Rear end,0
16-2834,HAWTHORNE RD @ HUNT CLUB RD,375507.35928,5026407.31045,-75.59724846840,45.37404023750,2016-03-09,2:31:00 PM,02 - Rain,01 - Daylight,02 - Wet,01 - Traffic signal,01 - Functioning,03 - P.D. only,03 - Rear end,0
16-2835,SHEFFIELD RD btwn TO BE DETERMINED & WALKLEY RD,375218.88937,5028856.23691,-75.60058166240,45.39610351770,2016-03-09,3:49:00 PM,02 - Rain,01 - Daylight,02 - Wet,10 - No control,,03 - P.D. only,05 - Turning movement,0
16-2836,BRIDGE ST/MAPLE AVE @ MANOTICK MAIN ST,368699.17368,5009932.58136,-75.68628550340,45.22645717960,2016-03-09,3:50:00 PM,01 - Clear,01 - Daylight,01 - Dry,01 - Traffic signal,01 - Functioning,03 - P.D. only,02 - Angle,0
16-2837,WOODROFFE AVE SB btwn TO BE DETERMINED & WEST HUNT CLUB RD,363627.79003,5021340.81324,-75.74950845270,45.32955044880,2016-03-09,4:36:00 PM,01 - Clear,01 - Daylight,02 - Wet,10 - No control,,03 - P.D. only,04 - Sideswipe,0
16-2838,MARCH RD @ RICHARDSON SIDE RD,351415.72608,5021779.26052,-75.90525219920,45.33441310510,2016-03-09,5:30:00 PM,01 - Clear,01 - Daylight,01 - Dry,01 - Traffic signal,01 - Functioning,03 - P.D. only,03 - Rear end,0
16-2839,LONGFIELDS DR @ WOODROFFE AVE,365421.43621,5017107.74383,-75.72714604630,45.29130901280,2016-03-09,5:46:00 PM,01 - Clear,05 - Dusk,01 - Dry,01 - Traffic signal,01 - Functioning,03 - P.D. only,04 - Sideswipe,0
16-2840,ORLEANS BLVD @ MAPLE RUN AVE/BEAUSEJOUR DR S,380571.73649,5035314.67524,-75.53122894500,45.45365303140,2016-03-09,6:45:00 PM,01 - Clear,07 - Dark,01 - Dry,01 - Traffic signal,01 - Functioning,03 - P.D. only,05 - Turning movement,0
16-2841,SMYTH RD btwn SOUTH HAVEN PL & HIGHLAND TER,371316.65822,5029158.77172,-75.65037605830,45.39920717890,2016-03-09,7:13:00 PM,01 - Clear,07 - Dark,02 - Wet,10 - No control,,02 - Non-fatal injury,03 - Rear end,0