Record,Location,X,Y,Longitude,Latitude,Date,Time,Environment,Light,Road_Surface,Traffic_Control,Collision_Location,Collision_Classification,Impact_type,Pedestrian
16-3054,"EGLISE, RUE DE L @ MONTREAL RD",371156.20926,5033634.71270,-75.65182246770,45.43949502260,2016-03-17,3:44:00 PM,02 - Rain,01 - Daylight,02 - Wet,01 - Traffic signal,01 - Functioning,02 - Non-fatal injury,07 - SMV other,1
16-3055,ASTURCON ST btwn BALIKUN HTS & PERCHERON WAY,352798.24590,5015070.96605,-75.88826385260,45.27395711710,2016-03-17,12:00:00 AM,01 - Clear,00 - Unknown,01 - Dry,10 - No control,,03 - P.D. only,06 - SMV unattended vehicle,0
16-3056,ST. JOSEPH BLVD/OLD MONTREAL RD @ TRIM RD,384679.05556,5039285.58190,-75.47807795270,45.48892205250,2016-03-17,4:35:00 PM,01 - Clear,01 - Daylight,02 - Wet,11 - Roundabout,01 - Functioning,02 - Non-fatal injury,03 - Rear end,0
16-3057,HOLLY ACRES RD btwn HWY416 IC75C RAMP24 & RICHMOND RD,359013.16661,5022768.25193,-75.80821832540,45.34276623560,2016-03-17,4:44:00 PM,01 - Clear,01 - Daylight,01 - Dry,10 - No control,,03 - P.D. only,03 - Rear end,0
16-3058,STAR TOP RD btwn Continuation of STAR TOP RD & INNES RD,374127.34506,5030715.16072,-75.61426026180,45.41293812680,2016-03-17,4:44:00 PM,01 - Clear,01 - Daylight,01 - Dry,10 - No control,,03 - P.D. only,05 - Turning movement,0
16-3059,PRINCE OF WALES DR @ MEADOWLANDS DR/HOG'S BACK,367370.74703,5025693.47700,-75.70121173890,45.36839112080,2016-03-17,5:00:00 PM,01 - Clear,01 - Daylight,02 - Wet,01 - Traffic signal,01 - Functioning,03 - P.D. only,03 - Rear end,0
16-3060,INNES RD btwn 298 E OF WILDFLOWER DR & LANTHIER DR/PRESTWICK DR,383404.49518,5035931.14921,-75.49491799490,45.45888662850,2016-03-17,5:37:00 PM,02 - Rain,01 - Daylight,02 - Wet,10 - No control,,03 - P.D. only,02 - Angle,0
16-3061,BANK ST btwn CHAMBERLAIN AVE & ROSEBERY AVE,368110.96660,5030096.54838,-75.69119807270,45.40794222680,2016-03-17,6:05:00 PM,01 - Clear,05 - Dusk,01 - Dry,10 - No control,,02 - Non-fatal injury,04 - Sideswipe,0
16-3062,AYLMER AVE @ BANK ST,368673.89563,5028730.18140,-75.68418431410,45.39559695210,2016-03-17,6:15:00 PM,01 - Clear,05 - Dusk,01 - Dry,01 - Traffic signal,01 - Functioning,03 - P.D. only,03 - Rear end,0
16-3063,CROYDON AVE @ RICHMOND RD,360546.08409,5025273.66861,-75.78837668470,45.36518976050,2016-03-17,6:31:00 PM,01 - Clear,05 - Dusk,01 - Dry,01 - Traffic signal,01 - Functioning,03 - P.D. only,02 - Angle,0
16-3064,BLACKBURN BYPASS @ NAVAN RD,379617.80412,5033274.60487,-75.54373380700,45.43540075710,2016-03-17,7:26:00 PM,02 - Rain,07 - Dark,02 - Wet,01 - Traffic signal,01 - Functioning,03 - P.D. only,05 - Turning movement,0
16-3065,ELGIN ST @ SLATER ST,367890.48572,5031646.35312,-75.69381604890,45.42190677890,2016-03-17,11:27:00 PM,01 - Clear,07 - Dark,01 - Dry,01 - Traffic signal,01 - Functioning,03 - P.D. only,04 - Sideswipe,0
16-3066,MACKENZIE AVE btwn MURRAY ST & 205 N OF RIDEAU ST,367732.40352,5032228.50599,-75.69576148100,45.42715903530,2016-03-18,5:55:00 AM,01 - Clear,03 - Dawn,01 - Dry,10 - No control,,03 - P.D. only,07 - SMV other,0
16-3067,REGIONAL ROAD 174 btwn TRANSIT & OR174 IC109 RAMP56,376259.51892,5034556.07931,-75.58646525450,45.44728193430,2016-03-18,6:47:00 AM,01 - Clear,01 - Daylight,02 - Wet,10 - No control,,03 - P.D. only,07 - SMV other,0
16-3068,HUNT CLUB RD @ RIVERSIDE DR,368036.96931,5021945.23219,-75.69318683590,45.33460546020,2016-03-18,9:02:00 AM,01 - Clear,01 - Daylight,01 - Dry,01 - Traffic signal,01 - Functioning,03 - P.D. only,03 - Rear end,0
16-3069,CYMBELINE DR btwn OBERON ST & SEYTON DR,356856.07762,5020040.28358,-75.83602862440,45.31838310060,2016-03-18,8:20:00 AM,01 - Clear,01 - Daylight,01 - Dry,10 - No control,,03 - P.D. only,02 - Angle,0
16-3070,INDUSTRIAL AVE btwn NEIGHBORHOOD WAY & TRAINYARDS DR,371336.01122,5030550.47778,-75.64994108990,45.41172734490,2016-03-18,10:55:00 AM,01 - Clear,01 - Daylight,01 - Dry,10 - No control,,03 - P.D. only,02 - Angle,0
16-3071,VANIER PKWY/CRICHTON ST @ BEECHWOOD AVE/ST. PA,369128.24885,5033486.19519,-75.67776092050,45.43834825390,2016-03-18,11:10:00 AM,01 - Clear,01 - Daylight,01 - Dry,01 - Traffic signal,01 - Functioning,03 - P.D. only,05 - Turning movement,0
16-3072,BLACKBURN BYPASS EB btwn NAVAN RD & INNES RD E,379782.64690,5033677.90230,-75.54156577210,45.43901167710,2016-03-18,11:25:00 AM,01 - Clear,01 - Daylight,01 - Dry,10 - No control,,03 - P.D. only,04 - Sideswipe,0
16-3073,CARLING AVE @ KIRKWOOD AVE N,364275.80170,5027493.87400,-75.74050188940,45.38486027270,2016-03-18,10:15:00 AM,01 - Clear,01 - Daylight,01 - Dry,01 - Traffic signal,01 - Functioning,03 - P.D. only,04 - Sideswipe,0
16-3074,VANIER PKWY SB btwn DONALD ST & QUEEN MARY ST,370307.59981,5032204.51192,-75.66285866660,45.42670670500,2016-03-18,11:43:00 AM,01 - Clear,01 - Daylight,01 - Dry,10 - No control,,03 - P.D. only,03 - Rear end,0
16-3075,CARLING AVE @ KIRKWOOD AVE S,364350.81358,5027338.87948,-75.73956278070,45.38345928630,2016-03-18,11:47:00 AM,01 - Clear,01 - Daylight,01 - Dry,01 - Traffic signal,00 - Unknown,03 - P.D. only,02 - Angle,0
16-3076,FALLOWFIELD RD btwn HOLITMAN DR & 482 E OF HOLITMAN DR/BARRHAVEN CROSS,363939.36450,5017252.37264,-75.74602185690,45.29273666650,2016-03-18,8:00:00 AM,01 - Clear,01 - Daylight,01 - Dry,10 - No control,,03 - P.D. only,03 - Rear end,0
16-3077,MERIVALE RD btwn CLEOPATRA DR & SLACK RD,366000.38842,5021005.43751,-75.71928441630,45.32632989550,2016-03-18,12:10:00 PM,01 - Clear,01 - Daylight,01 - Dry,10 - No control,,03 - P.D. only,02 - Angle,0
16-3078,UPPER DWYER HILL RD btwn MARCH RD & OLD ALMONTE RD,334562.57826,5013784.22687,-76.12074730310,45.26338660090,2016-03-18,12:26:00 PM,01 - Clear,01 - Daylight,01 - Dry,10 - No control,,03 - P.D. only,07 - SMV other,0
16-3079,ST. LAURENT BLVD btwn FOLEY AVE & WALKLEY RD,373871.99814,5028115.76644,-75.61788628750,45.38957526780,2016-03-18,12:37:00 PM,01 - Clear,01 - Daylight,01 - Dry,10 - No control,,03 - P.D. only,03 - Rear end,0
16-3080,BANK ST btwn HOLMWOOD AVE & LANSDOWNE PARK,368489.92110,5029178.69078,-75.68647594090,45.39964925810,2016-03-18,12:47:00 PM,01 - Clear,01 - Daylight,01 - Dry,10 - No control,,03 - P.D. only,04 - Sideswipe,0
16-3081,CASTLEFRANK RD btwn MACNEIL CRT & HAZELDEAN RD,352636.41890,5017732.31396,-75.89006963010,45.29791565400,2016-03-18,1:03:00 PM,01 - Clear,01 - Daylight,01 - Dry,10 - No control,,03 - P.D. only,02 - Angle,0
16-3082,PRINCE OF WALES DR @ WEST HUNT CLUB RD,367458.97661,5021890.70437,-75.70056737380,45.33416667970,2016-03-18,2:07:00 PM,01 - Clear,01 - Daylight,01 - Dry,01 - Traffic signal,01 - Functioning,03 - P.D. only,03 - Rear end,0
16-3083,MOODIE DR btwn RICHMOND RD & RICHMOND RD,357412.14448,5019635.77078,-75.82897948090,45.31470180120,2016-03-18,2:14:00 PM,01 - Clear,01 - Daylight,01 - Dry,10 - No control,,02 - Non-fatal injury,04 - Sideswipe,0
16-3084,TRENTON AVE btwn HOLLINGTON ST & VALE ST,365448.08888,5026708.54636,-75.72562977170,45.37769353470,2016-03-17,12:00:00 AM,02 - Rain,00 - Unknown,02 - Wet,10 - No control,,03 - P.D. only,06 - SMV unattended vehicle,0
16-3085,MONTREAL RD btwn CLOVELLY RD & ELWOOD ST,374381.03758,5034400.49999,-75.61049871190,45.44607164510,2016-03-18,3:23:00 PM,01 - Clear,01 - Daylight,01 - Dry,10 - No control,,03 - P.D. only,04 - Sideswipe,0
16-3086,RIVERSIDE DR @ HERON RD,368121.10490,5026647.66456,-75.69151117480,45.37690926220,2016-03-18,3:26:00 PM,01 - Clear,01 - Daylight,01 - Dry,01 - Traffic signal,01 - Functioning,03 - P.D. only,03 - Rear end,0
16-3087,LEMIEUX ST @ ST. LAURENT BLVD,372390.83778,5031743.00786,-75.63630266380,45.42235610260,2016-03-18,3:45:00 PM,01 - Clear,01 - Daylight,01 - Dry,01 - Traffic signal,01 - Functioning,03 - P.D. only,03 - Rear end,0
16-3088,ST. LAURENT BLVD btwn TREMBLAY RD & SHORE ST,372787.32343,5030767.78759,-75.63137138360,45.41354310960,2016-03-18,3:57:00 PM,01 - Clear,01 - Daylight,01 - Dry,10 - No control,,03 - P.D. only,03 - Rear end,0
16-3089,INNES RD @ PROVENCE AVE,386109.96398,5037083.96010,-75.46013927860,45.46894886970,2016-03-18,4:40:00 PM,01 - Clear,01 - Daylight,01 - Dry,01 - Traffic signal,01 - Functioning,03 - P.D. only,04 - Sideswipe,0
16-3090,STRANDHERD DR btwn MARAVISTA DR & KENNEVALE DR,361450.97129,5014190.28003,-75.77809372500,45.26538876200,2016-03-18,5:20:00 PM,01 - Clear,01 - Daylight,01 - Dry,10 - No control,,02 - Non-fatal injury,03 - Rear end,0
16-3091,WOODROFFE AVE @ FIRESTATION,362494.96019,5023913.20818,-75.76365925540,45.35279075290,2016-03-18,5:45:00 PM,01 - Clear,01 - Daylight,01 - Dry,01 - Traffic signal,01 - Functioning,03 - P.D. only,03 - Rear end,0
16-3092,GREENBANK RD @ MARKETPLACE AVE,364008.08959,5014601.92329,-75.74546193670,45.26888213660,2016-03-18,6:43:00 PM,01 - Clear,07 - Dark,01 - Dry,01 - Traffic signal,01 - Functioning,03 - P.D. only,05 - Turning movement,0
16-3093,LEES AVE btwn HWY417 IC118 RAMP45 & TRANSIT,369632.08745,5030937.05749,-75.67165711840,45.41536557330,2016-03-16,12:00:00 AM,01 - Clear,00 - Unknown,01 - Dry,10 - No control,,03 - P.D. only,06 - SMV unattended vehicle,0
16-3094,MONTREAL RD @ BATHGATE DR/BURMA RD,373224.05647,5034516.81418,-75.62527125590,45.44723239250,2016-03-18,6:47:00 PM,01 - Clear,05 - Dusk,01 - Dry,01 - Traffic signal,01 - Functioning,02 - Non-fatal injury,05 - Turning movement,0
16-3095,DUCHARME BLVD btwn DONAT ST & IBERVILLE ST,371074.16074,5033437.19342,-75.65289770760,45.43772561580,2016-01-15,12:00:00 AM,01 - Clear,00 - Unknown,02 - Wet,10 - No control,,03 - P.D. only,06 - SMV unattended vehicle,0
16-3096,INDUSTRIAL AVE btwn NEIGHBORHOOD WAY & TRAINYARDS DR,371673.30249,5030541.47668,-75.64563358430,45.41161420750,2016-03-18,8:58:00 PM,01 - Clear,07 - Dark,01 - Dry,10 - No control,,03 - P.D. only,04 - Sideswipe,0
16-3097,WALKLEY RD btwn SPRINGLAND DR & MCCARTHY RD,369156.57067,5025252.08015,-75.67847344190,45.36425785140,2016-03-18,9:14:00 PM,01 - Clear,07 - Dark,06 - Ice,10 - No control,,03 - P.D. only,07 - SMV other,0
16-3098,MEADOWLANDS DR btwn INDIAN RD & LAIRD ST,364058.40196,5023281.20868,-75.74378304840,45.34697371860,2016-03-18,11:13:00 PM,01 - Clear,07 - Dark,01 - Dry,10 - No control,,03 - P.D. only,06 - SMV unattended vehicle,0
16-3099,BRIDGESTONE DR @ EQUESTRIAN DR N,355115.75052,5016815.10509,-75.85855231320,45.28948924400,2016-03-19,12:12:00 AM,01 - Clear,07 - Dark,01 - Dry,03 - Yield sign,01 - Functioning,03 - P.D. only,07 - SMV other,0
16-3100,JOCKVALE RD @ LAMING ST/WEYBRIDGE DR W,361915.97951,5015396.55809,-75.77202983110,45.27620533120,2016-03-19,9:01:00 AM,01 - Clear,01 - Daylight,01 - Dry,02 - Stop sign,01 - Functioning,03 - P.D. only,05 - Turning movement,0
16-3101,GALETTA SIDE RD btwn IVY ACRES RD & UPPER DWYER HILL RD,320840.03231,5028838.65126,-76.29511880150,45.39930278330,2016-03-19,11:43:00 AM,01 - Clear,01 - Daylight,01 - Dry,10 - No control,,02 - Non-fatal injury,05 - Turning movement,0
16-3102,FLINT CRT btwn READY WAY & RAFTUS SQ,361570.13801,5015555.81211,-75.77641917790,45.27766631840,2016-03-19,9:00:00 AM,01 - Clear,01 - Daylight,01 - Dry,10 - No control,,02 - Non-fatal injury,07 - SMV other,1
16-3103,BANK ST @ CECIL AVE,369944.48692,5026988.86906,-75.66818750750,45.37981215480,2016-03-19,10:41:00 AM,01 - Clear,01 - Daylight,01 - Dry,02 - Stop sign,01 - Functioning,03 - P.D. only,02 - Angle,0
16-3104,MACKENZIE KING BR/WALLER ST @ NICHOLAS ST/WALL,368371.04850,5031993.00677,-75.68763119590,45.42498234360,2016-03-19,10:55:00 AM,01 - Clear,01 - Daylight,01 - Dry,01 - Traffic signal,01 - Functioning,03 - P.D. only,05 - Turning movement,0
16-3105,BANK ST btwn ST. PAUL AVE & KITCHENER AVE,370524.07923,5025528.09670,-75.66098202640,45.36661447550,2016-03-19,11:53:00 AM,01 - Clear,01 - Daylight,01 - Dry,10 - No control,,03 - P.D. only,03 - Rear end,0
16-3106,CYRVILLE RD @ ST. LAURENT BLVD,372241.94807,5032111.58000,-75.63815454560,45.42568671280,2016-03-19,11:56:00 AM,01 - Clear,01 - Daylight,01 - Dry,01 - Traffic signal,01 - Functioning,02 - Non-fatal injury,07 - SMV other,1
16-3107,WELLINGTON ST    W btwn SMIRLE AVE & JULIAN AVE,364683.71160,5029069.67092,-75.73510215410,45.39900422930,2016-03-19,2:35:00 PM,01 - Clear,01 - Daylight,01 - Dry,10 - No control,,03 - P.D. only,04 - Sideswipe,0
16-3108,BRUYERE ST btwn SUSSEX DR & PARENT AVE,367627.21045,5032723.21024,-75.69704253760,45.43161967320,2016-03-19,2:46:00 PM,01 - Clear,01 - Daylight,01 - Dry,10 - No control,,02 - Non-fatal injury,07 - SMV other,1
16-3109,ST. LAURENT BLVD btwn FOLEY AVE & WALKLEY RD,373861.62650,5028139.43937,-75.61801541380,45.38978928940,2016-03-19,3:08:00 PM,01 - Clear,01 - Daylight,01 - Dry,10 - No control,,03 - P.D. only,03 - Rear end,0
16-3110,WOODROFFE AVE @ PRINCE OF WALES DR,366802.30393,5014048.03346,-75.70992540000,45.26365747940,2016-03-19,3:29:00 PM,01 - Clear,01 - Daylight,01 - Dry,02 - Stop sign,01 - Functioning,03 - P.D. only,05 - Turning movement,0
16-3111,MEADOWLANDS DR/TALLWOOD DR @ WOODROFFE AVE,363056.48014,5022730.39386,-75.75663270020,45.34210146350,2016-03-19,3:40:00 PM,01 - Clear,01 - Daylight,01 - Dry,01 - Traffic signal,01 - Functioning,03 - P.D. only,03 - Rear end,0
16-3112,OR174 IC112 RAMP36 btwn REGIONAL ROAD 174 & BLAIR RD,374696.04716,5032870.17246,-75.60668953880,45.43227119350,2016-03-19,7:17:00 PM,01 - Clear,07 - Dark,01 - Dry,10 - No control,,03 - P.D. only,07 - SMV other,0
16-3113,MERIVALE RD @ 110 S OF BURRIS LANE/LOBLAWS SC,364815.01878,5024953.58834,-75.73392544960,45.36195722380,2016-03-19,5:52:00 PM,01 - Clear,01 - Daylight,01 - Dry,01 - Traffic signal,01 - Functioning,03 - P.D. only,02 - Angle,0
16-3114,DATA CENTRE RD @ RIVERSIDE DR,368897.22428,5027671.45766,-75.68146971140,45.38605047880,2016-03-19,6:11:00 PM,01 - Clear,05 - Dusk,01 - Dry,01 - Traffic signal,01 - Functioning,03 - P.D. only,03 - Rear end,0
16-3115,CYCLONE TAYLOR BLVD @ PALLADIUM DR,350164.15264,5017577.12996,-75.92160439310,45.29668324210,2016-03-19,7:02:00 PM,01 - Clear,07 - Dark,01 - Dry,01 - Traffic signal,01 - Functioning,03 - P.D. only,03 - Rear end,0
16-3116,CAMPEAU DR @ TERON RD/COLCHESTER SQ,352563.49854,5020468.19769,-75.89073563200,45.32253871480,2016-03-19,8:01:00 PM,01 - Clear,07 - Dark,01 - Dry,01 - Traffic signal,01 - Functioning,03 - P.D. only,05 - Turning movement,0
16-3117,SCOTT ST @ WESTERN AVE,364203.70552,5029270.57533,-75.74120855750,45.40085281910,2016-03-19,9:14:00 PM,01 - Clear,07 - Dark,01 - Dry,02 - Stop sign,01 - Functioning,02 - Non-fatal injury,02 - Angle,0
16-3118,KING EDWARD AVE @ MURRAY ST,368291.92376,5032753.80596,-75.68854413710,45.43183493080,2016-03-19,9:41:00 PM,01 - Clear,07 - Dark,01 - Dry,01 - Traffic signal,01 - Functioning,02 - Non-fatal injury,03 - Rear end,0
16-3119,WALKLEY RD btwn SPRINGLAND DR & MCCARTHY RD,369160.80353,5025254.60975,-75.67841908540,45.36428022340,2016-03-19,9:50:00 PM,01 - Clear,07 - Dark,06 - Ice,10 - No control,,03 - P.D. only,07 - SMV other,0
16-3120,MULBERRY CRES btwn MARQUIS AVE & MARQUIS AVE,375011.98510,5034664.96838,-75.60239613460,45.44838808430,2016-03-19,11:48:00 PM,01 - Clear,07 - Dark,01 - Dry,10 - No control,,03 - P.D. only,07 - SMV other,0
16-3121,OTTAWA ROAD 29 btwn GALETTA SIDE RD & WALTER BRADLEY RD,318958.32912,5026958.24840,-76.31920784200,45.38242244260,2016-03-20,3:09:00 AM,01 - Clear,07 - Dark,01 - Dry,10 - No control,,02 - Non-fatal injury,07 - SMV other,0
16-3122,RIVER RD btwn SUMMERSIDE DR & EDGEWATER DR,373329.33938,5005356.95337,-75.62795928220,45.18485105860,2016-03-20,4:08:00 AM,01 - Clear,07 - Dark,01 - Dry,10 - No control,,03 - P.D. only,07 - SMV other,0
16-3123,RENAUD RD @ RENAUD RD N,379765.51748,5032026.66760,-75.54203608080,45.42415688770,2016-03-20,4:38:00 AM,01 - Clear,07 - Dark,01 - Dry,10 - No control,,03 - P.D. only,07 - SMV other,0
16-3124,KENNEVALE DR btwn BOURNE ST & CONSTABLE ST,362442.48074,5014748.05870,-75.76539516470,45.27032713290,2016-03-19,9:30:00 PM,01 - Clear,07 - Dark,01 - Dry,10 - No control,,03 - P.D. only,06 - SMV unattended vehicle,0
16-3125,BOOTH ST @ RAYMOND ST,366860.27179,5029641.73680,-75.70723147630,45.40396197390,2016-03-20,9:06:00 AM,01 - Clear,01 - Daylight,01 - Dry,01 - Traffic signal,01 - Functioning,03 - P.D. only,02 - Angle,0
16-3126,REMINGTON WAY btwn NICKERSON WAY & COLLIER CRES,378092.08666,5014355.92758,-75.56603576300,45.26534209590,2016-03-17,6:10:00 PM,01 - Clear,05 - Dusk,01 - Dry,10 - No control,,03 - P.D. only,02 - Angle,0
16-3127,BOISFRANC CIRC @ BRIAN COBURN BLVD,385410.74300,5035431.65890,-75.46935096630,45.45416410420,2016-03-20,1:10:00 PM,01 - Clear,01 - Daylight,01 - Dry,02 - Stop sign,01 - Functioning,03 - P.D. only,05 - Turning movement,0
16-3128,LAFONTAINE AVE @ MCARTHUR AVE,370950.37498,5032772.77560,-75.65456901140,45.43175920100,2016-03-20,2:40:00 PM,01 - Clear,01 - Daylight,01 - Dry,01 - Traffic signal,01 - Functioning,02 - Non-fatal injury,05 - Turning movement,0
16-3129,MONTREAL RD btwn MONTREAL SQUARE SC & CENTER ST,371816.10900,5033949.57202,-75.64334557610,45.44226503360,2016-03-20,3:03:00 PM,01 - Clear,01 - Daylight,01 - Dry,10 - No control,,02 - Non-fatal injury,03 - Rear end,0
16-3130,BANK ST btwn WALKLEY RD & SURREY AVE,370369.43095,5025852.10220,-75.66291301450,45.36954425800,2016-03-20,3:18:00 PM,01 - Clear,01 - Daylight,01 - Dry,10 - No control,,03 - P.D. only,04 - Sideswipe,0
16-3131,LEES AVE btwn TRANSIT & CHAPEL CRES (2),369719.85622,5030989.04318,-75.67052898900,45.41582518360,2016-03-20,4:09:00 PM,01 - Clear,01 - Daylight,01 - Dry,10 - No control,,03 - P.D. only,02 - Angle,0
16-3132,INNES RD EB btwn ORLEANS BLVD & INNES RD,380553.49993,5034333.88897,-75.53161310140,45.44483065160,2016-03-20,4:55:00 PM,01 - Clear,01 - Daylight,01 - Dry,10 - No control,,03 - P.D. only,03 - Rear end,0
16-3133,DAVIDSON RD btwn BANK ST & CONROY RD,373894.74767,5023057.52580,-75.61830316260,45.34406111070,2016-03-20,5:53:00 PM,01 - Clear,01 - Daylight,01 - Dry,10 - No control,,02 - Non-fatal injury,07 - SMV other,0
16-3134,WESTERN AVE btwn GARRISON ST & WELLINGTON ST W,364333.88741,5028976.84327,-75.73958128440,45.39819881890,2016-03-20,6:00:00 PM,01 - Clear,01 - Daylight,01 - Dry,10 - No control,,03 - P.D. only,06 - SMV unattended vehicle,0
16-3135,WEST HUNT CLUB RD @ ROYDON PL/SUNDERLAND ST,365974.87948,5022170.27145,-75.71946583550,45.33681313880,2016-03-20,9:50:00 PM,01 - Clear,07 - Dark,01 - Dry,01 - Traffic signal,01 - Functioning,03 - P.D. only,07 - SMV other,0
16-3136,MADAWASKA BLVD btwn CONNIFER LANE & Continuation of MADAWASKA BLVD,318617.46324,5031799.57743,-76.32342478050,45.42599416040,2016-03-18,10:30:00 PM,01 - Clear,07 - Dark,01 - Dry,10 - No control,,03 - P.D. only,07 - SMV other,0
16-3137,FLAMBOROUGH WAY @ ProposedMCPEAKE PL,349344.90684,5023001.18320,-75.93156144410,45.34554278100,2016-03-21,7:39:00 AM,01 - Clear,01 - Daylight,01 - Dry,02 - Stop sign,01 - Functioning,03 - P.D. only,03 - Rear end,0
16-3138,WALKLEY RD btwn SPRINGLAND DR & MCCARTHY RD,368898.76181,5025073.84329,-75.68178721380,45.36267774560,2016-03-21,8:37:00 AM,01 - Clear,01 - Daylight,06 - Ice,10 - No control,,03 - P.D. only,03 - Rear end,0
16-3139,WOODROFFE AVE btwn TECUMSEH ST & DOMALATCHY PL,362381.76060,5024200.40385,-75.76507041400,45.35538422240,2016-03-21,8:38:00 AM,01 - Clear,01 - Daylight,01 - Dry,10 - No control,,02 - Non-fatal injury,03 - Rear end,0
16-3140,ALBERT ST @ PRESTON ST,366160.30776,5030464.66419,-75.71606966870,45.41142816500,2016-03-21,9:00:00 AM,01 - Clear,01 - Daylight,01 - Dry,01 - Traffic signal,01 - Functioning,02 - Non-fatal injury,05 - Turning movement,0
16-3141,INNES RD @ JEANNE D'ARC BLVD/MER BLEUE RD,382638.43004,5035567.32822,-75.50476943750,45.45569904350,2016-03-21,9:16:00 AM,01 - Clear,01 - Daylight,01 - Dry,01 - Traffic signal,01 - Functioning,03 - P.D. only,05 - Turning movement,0
16-3142,CYRVILLE RD @ INNES RD,375047.04288,5031119.10965,-75.60245388610,45.41648092690,2016-03-21,9:26:00 AM,01 - Clear,01 - Daylight,01 - Dry,01 - Traffic signal,01 - Functioning,03 - P.D. only,03 - Rear end,0
16-3143,FAIRBAIRN ST btwn SUNNYSIDE AVE & BELMONT AVE,368875.64527,5028650.33356,-75.68161814390,45.39486007420,2016-03-21,7:30:00 AM,01 - Clear,01 - Daylight,01 - Dry,10 - No control,,03 - P.D. only,04 - Sideswipe,0
16-3144,HWY 417 TERRYFO IC140R52 @ TERRY FOX DR,351052.90920,5018434.96344,-75.91019326300,45.30434431650,2016-03-21,10:09:00 AM,01 - Clear,01 - Daylight,01 - Dry,01 - Traffic signal,01 - Functioning,03 - P.D. only,02 - Angle,0
16-3145,BANK ST @ CHAMBERLAIN AVE N/ISABELLA ST,368083.38550,5030166.33773,-75.69154142940,45.40857266310,2016-03-21,11:12:00 AM,01 - Clear,01 - Daylight,01 - Dry,01 - Traffic signal,01 - Functioning,03 - P.D. only,05 - Turning movement,0
16-3146,BLACKDOME CRES btwn KALBROOK ST & KALBROOK ST,350114.01474,5020172.13718,-75.92200634570,45.32003707850,2016-03-19,9:30:00 PM,01 - Clear,07 - Dark,01 - Dry,10 - No control,,03 - P.D. only,06 - SMV unattended vehicle,0
16-3147,PALLISTER PRIV btwn DALKOWSKI PRIV & TO BE DETERMINED,362752.06558,5022873.32578,-75.76050003560,45.34341276910,2016-03-21,11:15:00 AM,01 - Clear,01 - Daylight,01 - Dry,10 - No control,,03 - P.D. only,06 - SMV unattended vehicle,0
16-3148,PRINCE OF WALES DR @ WEST HUNT CLUB RD,367458.97661,5021891.76961,-75.70056723890,45.33417626420,2016-03-21,11:39:00 AM,01 - Clear,01 - Daylight,01 - Dry,01 - Traffic signal,01 - Functioning,03 - P.D. only,03 - Rear end,0
16-3149,GLADSTONE AVE @ ST. FRANCIS ST,365661.70670,5029312.78942,-75.72258131720,45.40110741890,2016-03-21,12:15:00 PM,01 - Clear,01 - Daylight,01 - Dry,02 - Stop sign,01 - Functioning,03 - P.D. only,99 - Other,0
16-3150,KING EDWARD AVE @ MURRAY ST,368292.37320,5032754.70433,-75.68853827830,45.43184297260,2016-03-20,4:40:00 PM,01 - Clear,01 - Daylight,01 - Dry,01 - Traffic signal,01 - Functioning,03 - P.D. only,03 - Rear end,0
16-3151,KING EDWARD AVE @ OSGOODE ST/THOMAS MORE PRIV,368848.58698,5031853.69482,-75.68154751180,45.42368530310,2016-03-21,1:07:00 PM,01 - Clear,01 - Daylight,01 - Dry,01 - Traffic signal,01 - Functioning,03 - P.D. only,03 - Rear end,0
16-3152,CHARLOTTE ST @ WILBROD ST,369416.80926,5032590.39345,-75.67419051840,45.43026157740,2016-03-21,2:14:00 PM,01 - Clear,01 - Daylight,01 - Dry,02 - Stop sign,,02 - Non-fatal injury,07 - SMV other,0
16-3153,HEMMINGWOOD WAY btwn CENTREPOINTE DR & COVINGTON PL,361724.65357,5023004.60269,-75.77359419740,45.34467811970,2016-03-20,5:00:00 PM,01 - Clear,01 - Daylight,01 - Dry,10 - No control,,03 - P.D. only,06 - SMV unattended vehicle,0
16-3154,CARLING AVE WB btwn KIRKWOOD AVE & HWY417 IC124 RAMP67,364323.16117,5027517.77382,-75.73989428630,45.38507129610,2016-03-21,3:26:00 PM,01 - Clear,01 - Daylight,01 - Dry,10 - No control,,03 - P.D. only,04 - Sideswipe,0
16-3155,FALLOWFIELD RD @ MERIVALE RD,366890.38104,5018845.26813,-75.70820287520,45.30681481900,2016-03-21,3:28:00 PM,01 - Clear,01 - Daylight,01 - Dry,01 - Traffic signal,01 - Functioning,03 - P.D. only,03 - Rear end,0
16-3156,FALLOWFIELD RD @ MOODIE DR,359502.45483,5014635.08134,-75.80287290220,45.26954538230,2016-03-21,3:37:00 PM,01 - Clear,01 - Daylight,01 - Dry,01 - Traffic signal,01 - Functioning,02 - Non-fatal injury,03 - Rear end,0
16-3157,RIVERSIDE DR NB btwn HINCKS LANE & SAN REMO PRIV,370339.51036,5030383.61874,-75.66269311420,45.41032004460,2016-03-21,3:30:00 PM,01 - Clear,01 - Daylight,01 - Dry,10 - No control,,03 - P.D. only,04 - Sideswipe,0
16-3158,ABBEYHILL DR btwn ALDBURN PL & SHERWOOD ST,353350.06147,5017468.25228,-75.88099683030,45.29549061380,2016-03-21,3:40:00 PM,01 - Clear,01 - Daylight,01 - Dry,10 - No control,,03 - P.D. only,02 - Angle,0