Record,Location,X,Y,Longitude,Latitude,Date,Time,Environment,Light,Road_Surface,Traffic_Control,Collision_Location,Collision_Classification,Impact_type,Pedestrian
16-3159,FERNBANK RD btwn DWYER HILL RD & MUNSTER RD,343309.72981,5005417.94533,-76.00993675780,45.18767779580,2016-03-21,4:59:00 PM,01 - Clear,01 - Daylight,01 - Dry,10 - No control,,03 - P.D. only,07 - SMV other,0
16-3160,ALBION RD @ QUINN RD/FENTON RD,373630.40620,5020103.78100,-75.62208665610,45.31751035370,2016-03-21,5:20:00 PM,01 - Clear,01 - Daylight,01 - Dry,02 - Stop sign,01 - Functioning,03 - P.D. only,05 - Turning movement,0
16-3161,FALLOWFIELD RD @ RICHMOND RD,357720.83667,5013528.61707,-75.82569408760,45.25972553730,2016-03-21,5:35:00 PM,01 - Clear,01 - Daylight,01 - Dry,01 - Traffic signal,01 - Functioning,03 - P.D. only,03 - Rear end,0
16-3162,TENTH LINE RD btwn ST. JOSEPH BLVD & OLD TENTH LINE RD,382932.68510,5038581.12245,-75.50052854940,45.48278165160,2016-03-21,6:44:00 PM,01 - Clear,05 - Dusk,01 - Dry,10 - No control,,03 - P.D. only,03 - Rear end,0
16-3163,MOODIE DR btwn TRAIL RD & BARNSDALE RD,361169.06592,5010696.09269,-75.78208199010,45.23397028290,2016-03-22,6:59:00 AM,01 - Clear,03 - Dawn,01 - Dry,10 - No control,,02 - Non-fatal injury,07 - SMV other,0
16-3164,LEITRIM RD S @ RAMSAYVILLE RD,378785.76710,5023729.50490,-75.55579808380,45.34960840120,2016-03-22,7:31:00 AM,01 - Clear,01 - Daylight,06 - Ice,,01 - Functioning,03 - P.D. only,02 - Angle,0
16-3165,BAYCREST DR @ WALKLEY RD,371420.93167,5026590.26069,-75.64939102490,45.37608678070,2016-03-22,8:49:00 AM,01 - Clear,01 - Daylight,01 - Dry,01 - Traffic signal,01 - Functioning,03 - P.D. only,03 - Rear end,0
16-3166,BLAIR RD @ MEADOWBROOK RD,375194.06261,5032310.44948,-75.60040542140,45.42718516950,2016-03-22,8:56:00 AM,01 - Clear,01 - Daylight,01 - Dry,01 - Traffic signal,01 - Functioning,02 - Non-fatal injury,02 - Angle,0
16-3167,RIVER MIST RD btwn DUNDONALD DR & WHITE ARCTIC,364719.37800,5011990.82300,-75.73671304660,45.24532716500,2016-03-22,12:00:00 AM,01 - Clear,00 - Unknown,01 - Dry,10 - No control,,03 - P.D. only,06 - SMV unattended vehicle,0
16-3168,MITCH OWENS RD btwn LIMEBANK RD & DOWNEY RD,371860.09122,5012227.76630,-75.64572825310,45.24681505140,2016-03-22,11:30:00 AM,01 - Clear,01 - Daylight,01 - Dry,10 - No control,,03 - P.D. only,99 - Other,0
16-3169,MCARTHUR AVE @ VANIER PKWY,370217.58518,5032691.70572,-75.66394415010,45.43109869860,2016-03-22,12:06:00 PM,01 - Clear,01 - Daylight,01 - Dry,01 - Traffic signal,01 - Functioning,02 - Non-fatal injury,03 - Rear end,0
16-3170,BASELINE RD @ FISHER AVE,366167.08423,5026026.97020,-75.71653500540,45.37149824940,2016-03-22,12:14:00 PM,01 - Clear,01 - Daylight,01 - Dry,01 - Traffic signal,01 - Functioning,03 - P.D. only,03 - Rear end,0
16-3171,SLACK RD @ WOODROFFE AVE,364233.94981,5019974.21189,-75.74194010640,45.31720280070,2016-03-22,12:21:00 PM,01 - Clear,01 - Daylight,01 - Dry,01 - Traffic signal,01 - Functioning,03 - P.D. only,04 - Sideswipe,0
16-3172,QUEEN ST btwn LYON ST N & KENT ST,367162.34335,5031375.82604,-75.70315374200,45.41953794830,2016-03-22,12:35:00 PM,01 - Clear,01 - Daylight,01 - Dry,10 - No control,,03 - P.D. only,03 - Rear end,0
16-3173,BRETTONWOOD RIDGE btwn HALYARD WAY/FALLENGALE CRES & SWEETWATER LANE/FALLENGALE CRES,348956.39635,5018411.23665,-75.93692831040,45.30426573870,2016-03-22,12:00:00 AM,01 - Clear,00 - Unknown,01 - Dry,10 - No control,,03 - P.D. only,06 - SMV unattended vehicle,0
16-3174,MEADOWLANDS DR @ MERIVALE RD,364858.87816,5023725.72937,-75.73351482280,45.35090537060,2016-03-22,12:49:00 PM,01 - Clear,01 - Daylight,01 - Dry,01 - Traffic signal,01 - Functioning,03 - P.D. only,05 - Turning movement,0
16-3175,HUNT CLUB RD btwn BANK ST & TURN LANE (1),371622.06318,5024122.75573,-75.64715697370,45.35386588240,2016-03-22,1:50:00 PM,01 - Clear,01 - Daylight,01 - Dry,10 - No control,,03 - P.D. only,04 - Sideswipe,0
16-3176,ST. JOSEPH BLVD btwn COUSINEAU ST & DUSSERE ST,380781.92199,5037077.34990,-75.52826960710,45.46948934640,2016-03-22,1:45:00 PM,01 - Clear,01 - Daylight,01 - Dry,10 - No control,,03 - P.D. only,02 - Angle,0
16-3177,TERRY FOX DR @ PALLADIUM DR/KATIMAVIK RD,351269.98431,5018181.50889,-75.90744907780,45.30204933840,2016-03-22,2:39:00 PM,01 - Clear,01 - Daylight,01 - Dry,01 - Traffic signal,01 - Functioning,02 - Non-fatal injury,03 - Rear end,0
16-3178,KIRKWOOD AVE btwn WILBER AVE & RICHMOND RD,363763.61209,5028695.21354,-75.74689836530,45.39571302340,2016-03-22,3:57:00 PM,01 - Clear,01 - Daylight,01 - Dry,10 - No control,,03 - P.D. only,06 - SMV unattended vehicle,0
16-3179,PINECREST RD @ RICHMOND RD,360071.78358,5024470.18202,-75.79452073750,45.35799757210,2016-03-22,4:43:00 PM,01 - Clear,01 - Daylight,01 - Dry,01 - Traffic signal,01 - Functioning,03 - P.D. only,04 - Sideswipe,0
16-3180,FALLOWFIELD RD btwn MERIVALE RD & WOODROFFE AVE,365338.45347,5018077.65809,-75.72808548400,45.30004339750,2016-03-22,4:53:00 PM,01 - Clear,01 - Daylight,01 - Dry,10 - No control,,03 - P.D. only,05 - Turning movement,0
16-3181,WOODROFFE AVE btwn KNOXDALE RD/MEDHURST DR & NORICE ST,363205.65824,5022369.94461,-75.75477186270,45.33884576350,2016-03-22,5:27:00 PM,01 - Clear,01 - Daylight,01 - Dry,10 - No control,,02 - Non-fatal injury,03 - Rear end,0
16-3182,INNES RD btwn PRESTWICK DR & TENTH LINE RD,383815.14246,5036100.70594,-75.48964079490,45.46036582720,2016-03-22,6:16:00 PM,01 - Clear,05 - Dusk,01 - Dry,10 - No control,,03 - P.D. only,02 - Angle,0
16-3183,ALTA VISTA DR @ SMYTH RD,370432.96344,5029082.47215,-75.66167250990,45.39860406340,2016-03-22,7:27:00 PM,02 - Rain,07 - Dark,02 - Wet,01 - Traffic signal,01 - Functioning,03 - P.D. only,05 - Turning movement,0
16-3184,WELLINGTON ST    W btwn ISLAND PARK DR & PICCADILLY AVE,364175.70350,5028893.31268,-75.74161162360,45.39746065930,2016-03-22,8:05:00 PM,03 - Snow,07 - Dark,02 - Wet,10 - No control,,03 - P.D. only,04 - Sideswipe,0
16-3185,GEORGE ST @ PRESTON ST,366618.73934,5029417.26358,-75.71034469800,45.40196359580,2016-03-22,9:05:00 PM,02 - Rain,07 - Dark,02 - Wet,01 - Traffic signal,01 - Functioning,03 - P.D. only,02 - Angle,0
16-3186,ST. LAURENT BLVD @ MCARTHUR AVE,371922.29625,5032887.42138,-75.64213319020,45.43269812110,2016-03-22,10:23:00 PM,02 - Rain,07 - Dark,02 - Wet,01 - Traffic signal,01 - Functioning,02 - Non-fatal injury,05 - Turning movement,0
16-3187,LAURIER AVE @ QUEEN ELIZABETH DRWY/LAURIER AVE,368076.88121,5031625.43271,-75.69143717200,45.42170170950,2016-03-22,10:29:00 PM,02 - Rain,07 - Dark,02 - Wet,01 - Traffic signal,01 - Functioning,02 - Non-fatal injury,07 - SMV other,1
16-3188,ST. PATRICK ST @ SUSSEX DR,367666.82308,5032462.33481,-75.69656962760,45.42926884540,2016-03-23,1:23:00 AM,01 - Clear,07 - Dark,02 - Wet,01 - Traffic signal,01 - Functioning,02 - Non-fatal injury,02 - Angle,0
16-3189,BANTREE ST btwn OLD INNES RD & EDINBURGH PL,373887.68407,5029986.06011,-75.61742403240,45.40640173960,2016-03-23,7:08:00 AM,02 - Rain,01 - Daylight,02 - Wet,10 - No control,,03 - P.D. only,02 - Angle,0
16-3190,HUNT CLUB RD @ BRIDLE PATH DR/DAZE ST,371291.99521,5023863.70487,-75.65140396840,45.35156640180,2016-03-23,7:45:00 AM,01 - Clear,01 - Daylight,01 - Dry,01 - Traffic signal,01 - Functioning,03 - P.D. only,03 - Rear end,0
16-3191,REGIONAL ROAD 174 btwn OR174 IC112 RAMP36 & OR174 IC112 RAMP26,374691.97102,5032763.56551,-75.60675676060,45.43131241000,2016-03-23,8:09:00 AM,01 - Clear,01 - Daylight,02 - Wet,10 - No control,,03 - P.D. only,03 - Rear end,0
16-3192,GALLAGHER RD @ HARNETT RD,362458.93333,4990770.42688,-75.76795393990,45.05456952170,2016-03-23,8:34:00 AM,03 - Snow,01 - Daylight,03 - Loose snow,10 - No control,,03 - P.D. only,02 - Angle,0
16-3193,BERRIGAN DR btwn LONGFIELDS DR & CROXLEY WAY,364309.94095,5015648.36608,-75.74149010340,45.27827255600,2016-03-23,9:04:00 AM,01 - Clear,01 - Daylight,02 - Wet,10 - No control,,03 - P.D. only,03 - Rear end,0
16-3194,RICHMOND RD @ NORTHSIDE RD E,358328.72225,5021225.67355,-75.81711833590,45.32893859400,2016-03-23,9:55:00 AM,01 - Clear,01 - Daylight,01 - Dry,01 - Traffic signal,01 - Functioning,03 - P.D. only,03 - Rear end,0
16-3195,KANATA AVE @ EARL GREY DR,350950.63573,5019285.70020,-75.91141813960,45.31200619700,2016-03-22,6:45:00 PM,02 - Rain,05 - Dusk,02 - Wet,01 - Traffic signal,01 - Functioning,03 - P.D. only,03 - Rear end,0
16-3196,CARLING AVE/STATION RD @ MARCH RD,350907.88311,5022246.24129,-75.91168766960,45.33864865450,2016-03-23,10:16:00 AM,03 - Snow,01 - Daylight,02 - Wet,01 - Traffic signal,01 - Functioning,03 - P.D. only,03 - Rear end,0
16-3197,INNES RD @ PAGE RD,380887.97296,5034540.33054,-75.52730609460,45.44665172490,2016-03-23,10:52:00 AM,01 - Clear,01 - Daylight,01 - Dry,01 - Traffic signal,01 - Functioning,03 - P.D. only,03 - Rear end,0
16-3198,RIVERSIDE DR NB btwn DATA CENTRE RD & BILLINGS BRIDGESC RAMP NB,368939.77823,5027705.27776,-75.68092195320,45.38635088640,2016-03-23,11:19:00 AM,01 - Clear,01 - Daylight,01 - Dry,10 - No control,,03 - P.D. only,03 - Rear end,0
16-3199,INNES RD btwn 260 E OF BELCOURT BLVD/WALMART SC & JEANNE D'ARC BLVD/ME,382379.78343,5035414.37083,-75.50810008340,45.45435162580,2016-03-23,12:04:00 PM,01 - Clear,01 - Daylight,01 - Dry,10 - No control,,02 - Non-fatal injury,03 - Rear end,0
16-3200,BROADVIEW AVE @ RICHMOND RD,362679.46804,5027866.22199,-75.76084146500,45.38834433290,2016-03-23,12:15:00 PM,01 - Clear,01 - Daylight,01 - Dry,02 - Stop sign,01 - Functioning,03 - P.D. only,05 - Turning movement,0
16-3201,PRINCE OF WALES DR btwn WELLSMERE CRT & RIDEAU HEIGHTS LANE,367389.11694,5022407.63377,-75.70139320930,45.33882415120,2016-03-23,12:20:00 PM,01 - Clear,01 - Daylight,01 - Dry,10 - No control,,03 - P.D. only,03 - Rear end,0
16-3202,BELFAST RD @ ST. LAURENT BLVD,372856.63149,5030581.70682,-75.63051167630,45.41186210400,2016-03-23,3:11:00 PM,01 - Clear,01 - Daylight,01 - Dry,01 - Traffic signal,01 - Functioning,03 - P.D. only,05 - Turning movement,0
16-3203,L'ALLEMAND ST @ MONTREAL RD,370571.99463,5033349.11319,-75.65932735940,45.43698052690,2016-03-23,1:59:00 PM,01 - Clear,01 - Daylight,01 - Dry,02 - Stop sign,00 - Unknown,03 - P.D. only,02 - Angle,0
16-3204,WOODROFFE AVE @ HWY 417 WOODROFF IC127R26/HWY4,362082.42059,5024939.78391,-75.76880496060,45.36206162600,2016-03-23,2:06:00 PM,01 - Clear,01 - Daylight,01 - Dry,01 - Traffic signal,01 - Functioning,03 - P.D. only,03 - Rear end,0
16-3205,TENTH LINE RD @ LAKEPOINTE DR,384261.86179,5035420.42319,-75.48403946680,45.45419460050,2016-03-23,3:03:00 PM,01 - Clear,01 - Daylight,01 - Dry,01 - Traffic signal,01 - Functioning,03 - P.D. only,02 - Angle,0
16-3206,KING EDWARD AVE @ ST. PATRICK ST,368249.37546,5032823.13936,-75.68907893460,45.43246262940,2016-03-18,4:10:00 PM,01 - Clear,01 - Daylight,01 - Dry,01 - Traffic signal,01 - Functioning,03 - P.D. only,03 - Rear end,0
16-3207,TERRY FOX DR @ PALLADIUM DR/KATIMAVIK RD,351270.10863,5018182.55645,-75.90744739470,45.30205875680,2016-03-23,4:55:00 PM,01 - Clear,01 - Daylight,01 - Dry,01 - Traffic signal,01 - Functioning,03 - P.D. only,03 - Rear end,0
16-3208,ST. JOSEPH BLVD @ JEANNE D'ARC BLVD,379860.74250,5036471.95613,-75.54014132370,45.46414209090,2016-03-23,3:50:00 PM,01 - Clear,01 - Daylight,01 - Dry,11 - Roundabout,01 - Functioning,03 - P.D. only,04 - Sideswipe,0
16-3209,FISHER AVE btwn MCCOOEY LANE & BASELINE RD,366107.34310,5026168.95823,-75.71728001650,45.37278105740,2016-03-23,5:56:00 PM,01 - Clear,01 - Daylight,01 - Dry,10 - No control,,02 - Non-fatal injury,03 - Rear end,0
16-3210,BEAVERTAIL RD btwn OLD ALMONTE RD & RICHARDSON SIDE RD,341477.04637,5014417.37643,-76.03259489830,45.26875745580,2016-03-23,6:33:00 PM,01 - Clear,07 - Dark,01 - Dry,10 - No control,,01 - Fatal injury,07 - SMV other,0
16-3211,SCOTT ST btwn TUNNEY'S PASTURE DRWY & PARKDALE AVE,364832.68392,5029654.05508,-75.73312835840,45.40424963400,2016-03-23,12:00:00 AM,01 - Clear,00 - Unknown,01 - Dry,10 - No control,,03 - P.D. only,06 - SMV unattended vehicle,0
16-3212,HUNT CLUB RD @ RIVERSIDE DR,368035.60531,5021946.59619,-75.69320406260,45.33461785610,2016-03-23,8:52:00 PM,01 - Clear,07 - Dark,01 - Dry,01 - Traffic signal,01 - Functioning,03 - P.D. only,03 - Rear end,0
16-3213,STEWART ST btwn NELSON ST & FRIEL ST,368848.59256,5032337.38049,-75.68148454390,45.42803732890,2016-03-25,6:24:00 AM,01 - Clear,01 - Daylight,01 - Dry,10 - No control,,03 - P.D. only,07 - SMV other,0
16-3214,RICHMOND RD @ WOODROFFE AVE,361584.42009,5026654.25689,-75.77496421440,45.37752883220,2016-03-24,8:02:00 AM,03 - Snow,01 - Daylight,02 - Wet,01 - Traffic signal,01 - Functioning,02 - Non-fatal injury,07 - SMV other,1
16-3215,NICHOLAS ST btwn RIDEAU ST & BESSERER ST,368142.95243,5032180.09616,-75.69052166240,45.42668640140,2016-03-24,8:49:00 AM,02 - Rain,01 - Daylight,02 - Wet,10 - No control,,03 - P.D. only,03 - Rear end,0
16-3216,JOCKVALE RD @ FABLE ST/WEYBRIDGE DR E,362513.47893,5015143.69811,-75.76444444100,45.27388129430,2016-03-24,8:59:00 AM,03 - Snow,01 - Daylight,03 - Loose snow,11 - Roundabout,01 - Functioning,03 - P.D. only,03 - Rear end,0
16-3217,GREY NUNS DR @ ST. JOSEPH BLVD,380154.94703,5036665.95347,-75.53634990150,45.46585585300,2016-03-24,9:19:00 AM,03 - Snow,01 - Daylight,03 - Loose snow,01 - Traffic signal,01 - Functioning,03 - P.D. only,05 - Turning movement,0
16-3218,MURRAY ST btwn PARENT AVE & DALHOUSIE ST,367979.35079,5032561.01033,-75.69256329980,45.43012853110,2016-03-24,9:35:00 AM,04 - Freezing Rain,01 - Daylight,02 - Wet,10 - No control,,03 - P.D. only,04 - Sideswipe,0
16-3219,WOODROFFE AVE btwn GRENFELL CRES & 260 N OF FALLOWFIELD RD/TRANSITWAY,364876.60877,5018420.66673,-75.73393228320,45.30316941550,2016-03-24,9:40:00 AM,05 - Drifting Snow,01 - Daylight,03 - Loose snow,10 - No control,,02 - Non-fatal injury,03 - Rear end,0
16-3220,GREENBANK RD @ LARKIN DR,363176.90186,5016506.22944,-75.75582960050,45.28608661840,2016-03-24,9:41:00 AM,05 - Drifting Snow,01 - Daylight,03 - Loose snow,01 - Traffic signal,01 - Functioning,03 - P.D. only,05 - Turning movement,0
16-3221,DYNES RD btwn CLAYMOR AVE & MORLEY BLVD,367032.00665,5025853.91096,-75.70551552290,45.36986482930,2016-03-24,9:50:00 AM,03 - Snow,01 - Daylight,03 - Loose snow,10 - No control,,03 - P.D. only,02 - Angle,0
16-3222,CEDARVIEW RD btwn WEST HUNT CLUB RD & LYTLE AVE,360411.32606,5017717.83817,-75.79094567410,45.29721301880,2016-03-24,9:53:00 AM,03 - Snow,01 - Daylight,03 - Loose snow,10 - No control,,03 - P.D. only,07 - SMV other,0
16-3223,CARP RD btwn MARCH RD & JOHN CAVANAUGH DR,342185.83190,5021708.99176,-76.02301271500,45.33433327750,2016-03-24,9:45:00 AM,03 - Snow,01 - Daylight,03 - Loose snow,10 - No control,,03 - P.D. only,07 - SMV other,0
16-3224,BLAIR RD @ MEADOWBROOK RD,375195.82500,5032311.85413,-75.60038270100,45.42719762990,2016-03-24,10:15:00 AM,04 - Freezing Rain,01 - Daylight,03 - Loose snow,01 - Traffic signal,01 - Functioning,03 - P.D. only,03 - Rear end,0
16-3225,INNES RD @ TENTH LINE RD,383952.19937,5036159.12173,-75.48787913180,45.46087588540,2016-03-23,9:30:00 PM,01 - Clear,07 - Dark,01 - Dry,01 - Traffic signal,01 - Functioning,03 - P.D. only,99 - Other,0
16-3226,BLAIR RD @ INNES RD,375579.53383,5031438.75617,-75.59560518790,45.41930326620,2016-03-24,10:49:00 AM,04 - Freezing Rain,01 - Daylight,06 - Ice,01 - Traffic signal,01 - Functioning,02 - Non-fatal injury,03 - Rear end,0
16-3227,MARCHANT DR btwn PINARD WAY & LICHEN AVE,385498.83165,5036772.91991,-75.46800474700,45.46622131120,2016-03-23,8:30:00 PM,01 - Clear,07 - Dark,01 - Dry,10 - No control,,03 - P.D. only,06 - SMV unattended vehicle,0
16-3228,TENTH LINE RD btwn 275 N OF DES EPINETTES AVE/FALLINGBROOK SC & DES EP,383634.48014,5036917.70114,-75.49181952340,45.46773682090,2016-03-24,11:10:00 AM,03 - Snow,01 - Daylight,04 - Slush,10 - No control,,03 - P.D. only,04 - Sideswipe,0
16-3229,CUMMINGS AVE @ DONALD ST,372650.94662,5032412.02844,-75.63288713420,45.42835044910,2016-03-24,11:12:00 AM,03 - Snow,01 - Daylight,03 - Loose snow,01 - Traffic signal,01 - Functioning,03 - P.D. only,03 - Rear end,0
16-3230,BANK ST btwn AYLMER AVE & EUCLID AVE,368684.68664,5028702.89176,-75.68405003630,45.39535042440,2016-03-24,11:32:00 AM,03 - Snow,01 - Daylight,04 - Slush,10 - No control,,03 - P.D. only,05 - Turning movement,0
16-3231,BOWESVILLE RD @ RIDEAU RD,373361.51134,5015567.12459,-75.62614317600,45.27671715770,2016-03-24,11:55:00 AM,03 - Snow,01 - Daylight,05 - Packed snow,02 - Stop sign,01 - Functioning,02 - Non-fatal injury,02 - Angle,0
16-3232,FEATHERSTON DR E @ KILBORN AVE E,372290.61478,5027963.46687,-75.63810052770,45.38835911520,2016-03-24,12:14:00 PM,03 - Snow,01 - Daylight,05 - Packed snow,02 - Stop sign,01 - Functioning,03 - P.D. only,02 - Angle,0
16-3233,MERIVALE RD @ WEST HUNT CLUB RD,365612.91967,5021941.82480,-75.72411174920,45.33478907080,2016-03-24,12:27:00 PM,04 - Freezing Rain,01 - Daylight,04 - Slush,01 - Traffic signal,01 - Functioning,03 - P.D. only,03 - Rear end,0
16-3234,FOREST HILL AVE @ PRINCE OF WALES DR,366818.54113,5026288.96550,-75.70818584350,45.37379827530,2016-03-24,11:30:00 AM,03 - Snow,01 - Daylight,03 - Loose snow,02 - Stop sign,00 - Unknown,03 - P.D. only,04 - Sideswipe,0
16-3235,ANDERSON RD @ INNES RD,376280.99855,5031840.88666,-75.58658492500,45.42285008580,2016-03-24,1:26:00 PM,04 - Freezing Rain,01 - Daylight,06 - Ice,01 - Traffic signal,01 - Functioning,03 - P.D. only,02 - Angle,0
16-3236,ABERDEEN ST @ PRESTON ST,366651.02281,5029340.89071,-75.70994193520,45.40127356120,2016-03-24,1:36:00 PM,03 - Snow,01 - Daylight,04 - Slush,02 - Stop sign,01 - Functioning,02 - Non-fatal injury,02 - Angle,0
16-3237,BURTON RD btwn FRONTIER RD & TO BE DETERMINED,390323.58244,5020359.95958,-75.40916043680,45.31798037020,2016-03-24,1:56:00 PM,04 - Freezing Rain,01 - Daylight,06 - Ice,10 - No control,,03 - P.D. only,07 - SMV other,0
16-3238,TRIM RD @ DAIRY DR/TAYLOR CREEK DR,384535.12516,5039595.56039,-75.47986866330,45.49172739330,2016-03-24,2:21:00 PM,03 - Snow,01 - Daylight,04 - Slush,11 - Roundabout,01 - Functioning,02 - Non-fatal injury,03 - Rear end,0
16-3239,BANK ST btwn QUEENSDALE AVE & LESTER RD,373427.03221,5023349.08340,-75.62423038160,45.34673035120,2016-03-24,2:31:00 PM,03 - Snow,01 - Daylight,03 - Loose snow,10 - No control,,02 - Non-fatal injury,02 - Angle,0
16-3240,CARP RD btwn BAIRD SIDE RD & THOMAS A. DOLAN PKWY,335933.80462,5026412.25991,-76.10248090080,45.37696064040,2016-03-24,1:23:00 PM,04 - Freezing Rain,01 - Daylight,06 - Ice,10 - No control,,03 - P.D. only,07 - SMV other,0
16-3241,RENAUD RD btwn Continuation of RENAUD RD & PERCIFOR WAY,380992.92657,5032223.44415,-75.52632317650,45.42579472400,2016-03-24,3:27:00 PM,04 - Freezing Rain,01 - Daylight,06 - Ice,10 - No control,,03 - P.D. only,07 - SMV other,0
16-3242,PARKDALE AVE @ WELLINGTON ST,365149.47512,5029270.33022,-75.72912891900,45.40076972430,2016-03-24,3:00:00 PM,04 - Freezing Rain,01 - Daylight,03 - Loose snow,01 - Traffic signal,01 - Functioning,03 - P.D. only,04 - Sideswipe,0
16-3243,GREENBANK RD btwn STRANDHERD DR & MARKETPLACE AVE,363990.10541,5014646.76627,-75.74568575960,45.26928714860,2016-03-24,3:44:00 PM,04 - Freezing Rain,01 - Daylight,06 - Ice,10 - No control,,03 - P.D. only,03 - Rear end,0
16-3244,RIVERSIDE DR btwn RIVERSIDE DR RAMP 42A & RIVERSIDE DR SPLIT,368473.09673,5027294.84347,-75.68693390870,45.38270049650,2016-03-24,3:51:00 PM,03 - Snow,01 - Daylight,04 - Slush,10 - No control,,03 - P.D. only,01 - Approaching,0
16-3245,WALKLEY RD @ HEATHERINGTON RD,371766.81165,5026794.07711,-75.64494772040,45.37788767320,2016-03-24,3:48:00 PM,03 - Snow,01 - Daylight,04 - Slush,01 - Traffic signal,01 - Functioning,02 - Non-fatal injury,03 - Rear end,0
16-3246,PAGE RD btwn MONTPELIER PL & NAVAN RD,381617.87870,5032863.94296,-75.51823812170,45.43148908300,2016-03-24,6:53:00 PM,03 - Snow,07 - Dark,06 - Ice,10 - No control,,03 - P.D. only,07 - SMV other,0
16-3247,LIMEBANK RD btwn RIDEAU RD & MITCH OWENS RD,371011.58026,5013639.35819,-75.65634811920,45.25959667450,2016-03-24,4:31:00 PM,03 - Snow,01 - Daylight,03 - Loose snow,10 - No control,,03 - P.D. only,07 - SMV other,0
16-3248,REGIONAL ROAD 174 btwn OR174 IC101 RAMP45 & RAMP,384179.79122,5039847.99037,-75.48437326160,45.49403902040,2016-03-24,4:47:00 PM,04 - Freezing Rain,01 - Daylight,06 - Ice,10 - No control,,03 - P.D. only,07 - SMV other,0
16-3249,LONGFIELDS DR @ VIA VERONA AVE,364068.11590,5016055.45210,-75.74452350920,45.28195594300,2016-03-24,4:48:00 PM,04 - Freezing Rain,01 - Daylight,06 - Ice,02 - Stop sign,01 - Functioning,03 - P.D. only,04 - Sideswipe,0
16-3250,REGIONAL ROAD 174 btwn OR174 IC112 RAMP61 & TRANSIT,375432.94956,5033323.75129,-75.59720761220,45.43627819310,2016-03-24,4:50:00 PM,04 - Freezing Rain,01 - Daylight,03 - Loose snow,10 - No control,,03 - P.D. only,04 - Sideswipe,0
16-3251,MARCH RD btwn DIAMONDVIEW RD & THOMAS ARGUE RD,340706.51240,5020407.23969,-76.04198041610,45.32269682630,2016-03-24,4:49:00 PM,03 - Snow,01 - Daylight,04 - Slush,10 - No control,,03 - P.D. only,07 - SMV other,0
16-3252,FISHER AVE @ 220 S OF TRENT ST,365870.89965,5026728.37421,-75.72022926460,45.37783521500,2016-03-24,5:02:00 PM,04 - Freezing Rain,01 - Daylight,03 - Loose snow,01 - Traffic signal,01 - Functioning,03 - P.D. only,03 - Rear end,0
16-3253,HAWTHORNE AVE/ISABELLA ST @ QUEEN ELIZABETH DR,368666.38393,5030477.42846,-75.68405395420,45.41131879730,2016-03-24,5:07:00 PM,03 - Snow,01 - Daylight,04 - Slush,01 - Traffic signal,01 - Functioning,03 - P.D. only,05 - Turning movement,0
16-3254,CARLING AVE WB btwn CARLINGWOOD SC & IROQUOIS RD,362166.87749,5026000.22215,-75.76760385100,45.37159644760,2016-03-24,5:05:00 PM,03 - Snow,01 - Daylight,04 - Slush,10 - No control,,02 - Non-fatal injury,04 - Sideswipe,0
16-3255,CARLING AVE @ CIVIC HOSPITAL,365791.87581,5028278.32231,-75.72104665350,45.39178819770,2016-03-24,4:15:00 PM,03 - Snow,01 - Daylight,03 - Loose snow,01 - Traffic signal,01 - Functioning,03 - P.D. only,05 - Turning movement,0
16-3256,KNOXDALE RD @ WEST HUNT CLUB RD,361864.14494,5020584.24748,-75.77209337830,45.32288850120,2016-03-24,5:31:00 PM,03 - Snow,01 - Daylight,03 - Loose snow,01 - Traffic signal,01 - Functioning,03 - P.D. only,04 - Sideswipe,0
16-3257,FALLOWFIELD RD @ WOODROFFE AVE,365084.92604,5017903.41396,-75.73133905840,45.29849736030,2016-03-24,5:52:00 PM,04 - Freezing Rain,01 - Daylight,03 - Loose snow,01 - Traffic signal,01 - Functioning,03 - P.D. only,07 - SMV other,0
16-3258,RUSSELL RD @ SOUTHVALE CRES N,373797.32331,5029097.01981,-75.61870261450,45.39841149200,2016-03-24,5:56:00 PM,03 - Snow,01 - Daylight,06 - Ice,01 - Traffic signal,01 - Functioning,03 - P.D. only,07 - SMV other,0
16-3259,CONROY RD @ DAVIDSON RD N,374572.83302,5023515.28048,-75.60958679660,45.34811268100,2016-03-24,6:12:00 PM,04 - Freezing Rain,05 - Dusk,04 - Slush,02 - Stop sign,01 - Functioning,02 - Non-fatal injury,07 - SMV other,0
16-3260,AIRPORT PKWY btwn AIRPORT PARKWAY PRIV & RAMP,371152.59024,5021373.98904,-75.65351680820,45.32917787980,2016-03-24,6:15:00 PM,04 - Freezing Rain,05 - Dusk,05 - Packed snow,10 - No control,,02 - Non-fatal injury,01 - Approaching,0
16-3261,CASTLEBROOK LANE btwn MILLRISE LANE & TO BE DETERMINED,362512.88283,5022618.72884,-75.76358158600,45.34114163970,2016-03-23,4:40:00 PM,04 - Freezing Rain,01 - Daylight,04 - Slush,10 - No control,,03 - P.D. only,01 - Approaching,0
16-3262,PRINCE OF WALES DR btwn FALLOWFIELD RD & AMBERWOOD CRES,367379.77719,5019362.88677,-75.70189717470,45.31142884740,2016-03-24,6:20:00 PM,04 - Freezing Rain,07 - Dark,05 - Packed snow,10 - No control,,02 - Non-fatal injury,01 - Approaching,0