Record,Location,X,Y,Longitude,Latitude,Date,Time,Environment,Light,Road_Surface,Traffic_Control,Collision_Location,Collision_Classification,Impact_type,Pedestrian
16-3263,OR174 IC112 RAMP36 btwn REGIONAL ROAD 174 & BLAIR RD,374624.13582,5032744.42620,-75.60762632570,45.43114698110,2016-03-24,4:45:00 PM,04 - Freezing Rain,01 - Daylight,06 - Ice,10 - No control,,02 - Non-fatal injury,07 - SMV other,0
16-3264,REGIONAL ROAD 174 btwn OR174 IC112 RAMP61 & TRANSIT,375194.68514,5033145.15225,-75.60027814050,45.43469528950,2016-03-24,6:51:00 PM,03 - Snow,07 - Dark,06 - Ice,10 - No control,,02 - Non-fatal injury,04 - Sideswipe,0
16-3265,MONTREAL RD @ VANIER PKWY,370073.88167,5033066.37335,-75.66573085650,45.43448323070,2016-03-24,6:51:00 PM,01 - Clear,05 - Dusk,04 - Slush,01 - Traffic signal,01 - Functioning,03 - P.D. only,05 - Turning movement,0
16-3266,PRINCE OF WALES DR @ WEST HUNT CLUB RD,367458.03841,5021892.62312,-75.70057909970,45.33418402760,2016-03-24,7:30:00 PM,04 - Freezing Rain,07 - Dark,05 - Packed snow,01 - Traffic signal,01 - Functioning,03 - P.D. only,02 - Angle,0
16-3267,MOODIE DR btwn SONGBIRD PRIV & Continuation of MOODIE DR,357704.09536,5018959.28158,-75.82532839660,45.30859274230,2016-03-24,7:47:00 PM,04 - Freezing Rain,07 - Dark,04 - Slush,10 - No control,,02 - Non-fatal injury,07 - SMV other,0
16-3268,BANK ST @ ROSEBELLA AVE,373206.41726,5023550.96294,-75.62701746120,45.34856833900,2016-03-24,4:00:00 PM,03 - Snow,01 - Daylight,03 - Loose snow,01 - Traffic signal,01 - Functioning,03 - P.D. only,02 - Angle,0
16-3269,RUSSELL RD btwn HERBERT DR & FORCED RD,395114.25556,5027499.23360,-75.34676445640,45.38161146750,2016-03-24,8:20:00 PM,02 - Rain,07 - Dark,03 - Loose snow,10 - No control,,03 - P.D. only,99 - Other,0
16-3270,COLONEL BY DR @ HOG'S BACK RD,367601.91047,5025874.33673,-75.69823796630,45.36999777760,2016-03-24,3:30:00 PM,02 - Rain,01 - Daylight,04 - Slush,01 - Traffic signal,01 - Functioning,03 - P.D. only,07 - SMV other,0
16-3271,HERON RD WB btwn PRINCE OF WALES DR & HERON RD WB ON RAMP/VINCENT MASS,367075.51856,5026474.43586,-75.70488184440,45.37544430380,2016-03-24,8:35:00 PM,04 - Freezing Rain,07 - Dark,04 - Slush,10 - No control,,03 - P.D. only,04 - Sideswipe,0
16-3272,CRESTHAVEN DR btwn STRANDHERD DR & BARNSTONE DR,366850.23433,5015054.63320,-75.70918893180,45.27271058020,2016-03-24,8:54:00 PM,04 - Freezing Rain,07 - Dark,06 - Ice,10 - No control,,03 - P.D. only,06 - SMV unattended vehicle,0
16-3273,MONTREAL RD @ MONTFORT HOSPITAL,372222.19942,5034144.01862,-75.63812854660,45.44397552110,2016-03-24,9:34:00 PM,03 - Snow,07 - Dark,03 - Loose snow,01 - Traffic signal,01 - Functioning,03 - P.D. only,02 - Angle,0
16-3274,BRITTANY DR btwn BANGS ST & TRURO ST,371710.70258,5034359.04073,-75.64463713720,45.44595933270,2016-03-24,11:19:00 PM,03 - Snow,07 - Dark,06 - Ice,10 - No control,,03 - P.D. only,06 - SMV unattended vehicle,0
16-3275,INNES RD btwn ANDERSON RD & INNES RD,376413.55185,5031915.24811,-75.58488050870,45.42350558870,2016-03-25,2:27:00 AM,04 - Freezing Rain,07 - Dark,06 - Ice,10 - No control,,03 - P.D. only,07 - SMV other,0
16-3276,HAWTHORNE RD @ HUNT CLUB RD,375507.07801,5026406.30524,-75.59725220340,45.37403122070,2016-03-25,3:15:00 AM,04 - Freezing Rain,07 - Dark,06 - Ice,01 - Traffic signal,01 - Functioning,03 - P.D. only,07 - SMV other,0
16-3277,SMYTH RD btwn ROGER GUINDON AVE & BOTSFORD ST,372026.88374,5029238.48984,-75.64129443060,45.39985661300,2016-03-25,7:51:00 AM,04 - Freezing Rain,01 - Daylight,06 - Ice,10 - No control,,03 - P.D. only,04 - Sideswipe,0
16-3278,CARLING AVE WB btwn HINTON AVE S & HAMILTON AVE S,365525.70507,5028110.56815,-75.72446636420,45.39030191410,2016-03-25,9:40:00 AM,01 - Clear,01 - Daylight,01 - Dry,10 - No control,,02 - Non-fatal injury,03 - Rear end,0
16-3279,CONSTANCE LAKE RD btwn MURPHY SIDE RD & END,345529.77225,5028972.73630,-75.97975191990,45.39950831360,2016-03-24,12:00:00 AM,04 - Freezing Rain,00 - Unknown,06 - Ice,10 - No control,,03 - P.D. only,06 - SMV unattended vehicle,0
16-3280,BANK ST btwn HERON RD & ANOKA ST,369999.75135,5026838.10435,-75.66750183420,45.37845048210,2016-03-25,11:42:00 AM,01 - Clear,01 - Daylight,02 - Wet,10 - No control,,03 - P.D. only,02 - Angle,0
16-3281,BENLEA DR btwn ANCROFT CRT & WOODFIELD DR,364523.78527,5021856.21403,-75.73801667380,45.33411229970,2016-03-25,12:53:00 PM,01 - Clear,01 - Daylight,01 - Dry,10 - No control,,03 - P.D. only,06 - SMV unattended vehicle,0
16-3282,NORTHWESTERN AVE btwn CLEARVIEW AVE & PREMIER AVE,364142.74903,5029371.67236,-75.74197495020,45.40176764050,2016-03-25,1:19:00 PM,01 - Clear,01 - Daylight,02 - Wet,10 - No control,,03 - P.D. only,02 - Angle,0
16-3283,BESSERER ST @ WALLER ST,368315.70782,5032191.75232,-75.68831268940,45.42677561290,2016-03-25,1:35:00 PM,01 - Clear,01 - Daylight,02 - Wet,01 - Traffic signal,01 - Functioning,03 - P.D. only,04 - Sideswipe,0
16-3284,BRUYERE ST btwn DALHOUSIE ST & CUMBERLAND ST,367912.09111,5032905.30137,-75.69337866890,45.43323241470,2016-03-24,12:00:00 AM,01 - Clear,00 - Unknown,05 - Packed snow,10 - No control,,03 - P.D. only,06 - SMV unattended vehicle,0
16-3285,CYRVILLE RD @ INNES RD,375047.65812,5031119.36447,-75.60244599040,45.41648315770,2016-03-25,2:36:00 PM,01 - Clear,01 - Daylight,02 - Wet,01 - Traffic signal,01 - Functioning,03 - P.D. only,03 - Rear end,0
16-3286,BANK ST @ WALKLEY RD,370338.77048,5025948.42376,-75.66329161830,45.37041379670,2016-03-25,6:28:00 PM,01 - Clear,05 - Dusk,01 - Dry,01 - Traffic signal,01 - Functioning,03 - P.D. only,02 - Angle,0
16-3287,CHIPPEWA AVE btwn ST. HELEN'S PL & END,364256.14540,5024627.81844,-75.74109786640,45.35907361260,2016-03-25,8:31:00 PM,01 - Clear,07 - Dark,01 - Dry,10 - No control,,03 - P.D. only,06 - SMV unattended vehicle,0
16-3288,BOOTH ST @ OTTAWA RIVER PKWY/WELLINGTON ST,366262.85027,5031006.22030,-75.71469218820,45.41629193940,2016-03-25,10:21:00 PM,01 - Clear,07 - Dark,01 - Dry,01 - Traffic signal,01 - Functioning,03 - P.D. only,04 - Sideswipe,0
16-3289,HUNT CLUB RD btwn NORTH BOWESVILLE RD & BILLY BISHOP PRIV,368883.01920,5022445.55380,-75.68232875710,45.33903048550,2016-03-25,10:52:00 PM,01 - Clear,07 - Dark,01 - Dry,10 - No control,,03 - P.D. only,07 - SMV other,0
16-3290,WEST HUNT CLUB RD @ WOODROFFE AVE,363670.91496,5021246.26504,-75.74896957940,45.32869609450,2016-03-24,3:20:00 PM,03 - Snow,01 - Daylight,03 - Loose snow,01 - Traffic signal,01 - Functioning,03 - P.D. only,03 - Rear end,0
16-3291,BECKWITH BOUNDARY RD @ ASHTON STATION RD,348809.83177,4993484.73119,-75.94099732510,45.07997398800,2016-03-26,9:39:00 AM,01 - Clear,01 - Daylight,06 - Ice,02 - Stop sign,01 - Functioning,03 - P.D. only,07 - SMV other,0
16-3292,CYRVILLE RD @ INNES RD,375047.49295,5031119.33245,-75.60244810420,45.41648288630,2016-03-26,10:41:00 AM,01 - Clear,01 - Daylight,01 - Dry,01 - Traffic signal,01 - Functioning,03 - P.D. only,03 - Rear end,0
16-3293,CYRVILLE RD @ OGILVIE RD,372452.24671,5032005.81520,-75.63548195850,45.42471478320,2016-03-26,10:20:00 AM,01 - Clear,01 - Daylight,02 - Wet,01 - Traffic signal,01 - Functioning,03 - P.D. only,04 - Sideswipe,0
16-3294,QUEEN MARY ST btwn LOLA ST & NAUGHTON ST,371228.18443,5032056.39809,-75.65111550470,45.42528721920,2016-03-26,10:50:00 AM,01 - Clear,01 - Daylight,06 - Ice,10 - No control,,03 - P.D. only,02 - Angle,0
16-3295,ST. LAURENT BLVD @ COVENTRY RD/OGILVIE RD,372306.39139,5031951.35064,-75.63735307320,45.42423882720,2016-03-26,11:19:00 AM,01 - Clear,01 - Daylight,01 - Dry,01 - Traffic signal,01 - Functioning,03 - P.D. only,03 - Rear end,0
16-3296,BLAIR RD @ DUNHAM ST,374306.49644,5033710.36044,-75.61154898400,45.43986957060,2016-03-26,12:07:00 PM,01 - Clear,01 - Daylight,01 - Dry,02 - Stop sign,01 - Functioning,02 - Non-fatal injury,03 - Rear end,0
16-3297,HERON RD btwn JEFFERSON ST & TURN LANE,372169.97137,5027096.50387,-75.63975937280,45.38057014220,2016-03-26,12:11:00 PM,01 - Clear,01 - Daylight,01 - Dry,10 - No control,,03 - P.D. only,01 - Approaching,0
16-3298,MERIVALE RD btwn BENTLEY AVE & ENTERPRISE AVE,365803.87101,5021479.56427,-75.72173267560,45.33061313660,2016-03-26,12:12:00 PM,01 - Clear,01 - Daylight,01 - Dry,10 - No control,,02 - Non-fatal injury,03 - Rear end,0
16-3299,BAYSHORE DR @ BAYSHORE CS,359143.85937,5023738.62134,-75.80644413290,45.35148752320,2016-03-26,12:23:00 PM,01 - Clear,01 - Daylight,01 - Dry,01 - Traffic signal,01 - Functioning,03 - P.D. only,04 - Sideswipe,0
16-3300,MEADOWLANDS DR/TALLWOOD DR @ WOODROFFE AVE,363057.13753,5022730.49430,-75.75662430050,45.34210231230,2016-03-26,12:28:00 PM,01 - Clear,01 - Daylight,02 - Wet,01 - Traffic signal,01 - Functioning,03 - P.D. only,03 - Rear end,0
16-3301,BRIDGE ST @ MILL ST,368855.64165,5010077.37303,-75.68427455250,45.22774579500,2016-03-26,10:22:00 AM,01 - Clear,01 - Daylight,01 - Dry,01 - Traffic signal,01 - Functioning,03 - P.D. only,03 - Rear end,0
16-3302,MERIVALE RD @ EMERALD PLAZA SC,364736.96148,5024006.01092,-75.73503663680,45.35343773620,2016-03-26,11:20:00 AM,01 - Clear,01 - Daylight,01 - Dry,01 - Traffic signal,01 - Functioning,03 - P.D. only,05 - Turning movement,0
16-3303,WEST HUNT CLUB RD @ WOODROFFE AVE,363670.66225,5021246.50659,-75.74897277420,45.32869828960,2016-03-26,1:41:00 PM,01 - Clear,01 - Daylight,02 - Wet,01 - Traffic signal,01 - Functioning,03 - P.D. only,03 - Rear end,0
16-3304,BASELINE RD @ 207 E OF CLYDE AVE,364536.25661,5025002.07294,-75.73747759120,45.36241729060,2016-03-26,2:34:00 PM,01 - Clear,01 - Daylight,01 - Dry,01 - Traffic signal,01 - Functioning,03 - P.D. only,03 - Rear end,0
16-3305,LORRY GREENBERG DR btwn CONROY RD & BLOHM DR,373585.43124,5025889.15724,-75.62185577610,45.36956940670,2016-03-26,3:08:00 PM,01 - Clear,01 - Daylight,01 - Dry,10 - No control,,03 - P.D. only,04 - Sideswipe,0
16-3306,BOUNDARY RD btwn NINTH LINE RD & INDCUM RD,387608.00790,5023340.02991,-75.44329260760,45.34511809580,2016-03-26,3:14:00 PM,01 - Clear,01 - Daylight,01 - Dry,10 - No control,,02 - Non-fatal injury,05 - Turning movement,0
16-3307,MERIVALE RD btwn TURN LANE & MEADOWLANDS DR W,364849.06944,5023746.78700,-75.73363743650,45.35109568400,2016-03-27,12:36:00 PM,01 - Clear,01 - Daylight,01 - Dry,10 - No control,,03 - P.D. only,03 - Rear end,0
16-3308,BANK ST btwn CAHILL DR & TURN LANE (1),371441.95760,5024181.57915,-75.64944745880,45.35441229670,2016-03-26,3:56:00 PM,01 - Clear,01 - Daylight,01 - Dry,10 - No control,,03 - P.D. only,07 - SMV other,0
16-3309,BATON CRT btwn AIRD PL & END,351812.37111,5018990.12443,-75.90045664360,45.30928937310,2016-03-26,5:25:00 PM,01 - Clear,01 - Daylight,01 - Dry,10 - No control,,03 - P.D. only,06 - SMV unattended vehicle,0
16-3310,PRESTON ST @ PRINCE OF WALES DR/QUEEN ELIZABET,366901.88338,5028776.54800,-75.70680891230,45.39617354880,2016-03-26,6:13:00 PM,01 - Clear,05 - Dusk,01 - Dry,01 - Traffic signal,01 - Functioning,03 - P.D. only,03 - Rear end,0
16-3311,PARKDALE AVE @ KENILWORTH ST,365445.60657,5028595.00743,-75.72542967230,45.39466773290,2016-03-26,6:45:00 PM,01 - Clear,05 - Dusk,01 - Dry,02 - Stop sign,01 - Functioning,03 - P.D. only,02 - Angle,0
16-3312,ST. LAURENT BLVD @ 125 N OF QUEEN MARY ST/ZELL,372169.95153,5032286.90559,-75.63905050920,45.42727114870,2016-03-26,7:57:00 PM,01 - Clear,07 - Dark,02 - Wet,01 - Traffic signal,01 - Functioning,03 - P.D. only,04 - Sideswipe,0
16-3313,BASELINE RD @ CLYDE AVE,364359.81318,5024890.73488,-75.73974307750,45.36143050010,2016-03-26,8:29:00 PM,01 - Clear,07 - Dark,01 - Dry,01 - Traffic signal,01 - Functioning,02 - Non-fatal injury,02 - Angle,0
16-3314,BASELINE RD @ CLYDE AVE,364359.50223,5024890.24659,-75.73974710580,45.36142613290,2016-03-26,9:04:00 PM,01 - Clear,07 - Dark,01 - Dry,01 - Traffic signal,01 - Functioning,03 - P.D. only,03 - Rear end,0
16-3315,EAGLESON RD btwn OTTAWA ST & BROPHY DR,359058.00455,5004793.65360,-75.80960933310,45.18102453630,2016-03-26,10:18:00 PM,01 - Clear,07 - Dark,01 - Dry,10 - No control,,03 - P.D. only,03 - Rear end,0
16-3316,KENT ST @ LISGAR ST,367437.92134,5030963.34966,-75.69968527250,45.41580199790,2016-03-27,12:05:00 AM,01 - Clear,07 - Dark,01 - Dry,02 - Stop sign,01 - Functioning,03 - P.D. only,05 - Turning movement,0
16-3317,TENTH LINE RD @ CHARLEMAGNE BLVD S/DES EPINETT,383640.97510,5036900.45590,-75.49173924100,45.46758093120,2016-03-27,1:38:00 AM,01 - Clear,07 - Dark,01 - Dry,01 - Traffic signal,01 - Functioning,02 - Non-fatal injury,07 - SMV other,0
16-3318,ELGIN ST @ GLADSTONE AVE,368384.58782,5030844.22578,-75.68760644920,45.41464477700,2016-03-27,2:28:00 AM,01 - Clear,07 - Dark,01 - Dry,01 - Traffic signal,01 - Functioning,02 - Non-fatal injury,07 - SMV other,1
16-3319,MCCORDICK RD btwn COWELL RD & DILWORTH RD,368308.23827,4994227.80690,-75.69325980830,45.08517965890,2016-03-27,7:37:00 AM,01 - Clear,01 - Daylight,01 - Dry,10 - No control,,03 - P.D. only,07 - SMV other,0
16-3320,NORTON AVE btwn CARLING AVE & SACKVILLE ST,360664.68458,5024938.37204,-75.78690072060,45.36216333530,2016-03-27,9:24:00 AM,01 - Clear,01 - Daylight,01 - Dry,10 - No control,,03 - P.D. only,06 - SMV unattended vehicle,0
16-3321,HAZELDEAN RD btwn CASTLEFRANK RD & 246 E OF CASTLEFRANK RD,352685.04495,5017683.48793,-75.88945438140,45.29747299230,2016-03-27,11:01:00 AM,01 - Clear,01 - Daylight,01 - Dry,10 - No control,,03 - P.D. only,02 - Angle,0
16-3322,GLEBE AVE btwn LYON ST S & BANK ST,368019.43890,5029655.60933,-75.69242376480,45.40398306740,2016-03-27,12:56:00 PM,01 - Clear,01 - Daylight,01 - Dry,10 - No control,,03 - P.D. only,06 - SMV unattended vehicle,0
16-3323,CARLING AVE @ WOODROFFE AVE W,361767.46406,5025725.29396,-75.77273440590,45.36915524950,2016-03-27,1:29:00 PM,01 - Clear,01 - Daylight,01 - Dry,01 - Traffic signal,01 - Functioning,03 - P.D. only,04 - Sideswipe,0
16-3324,EARL ARMSTRONG RD @ RIVER RD,367572.45219,5014684.13119,-75.70003222020,45.26931273440,2016-03-27,1:20:00 PM,01 - Clear,01 - Daylight,01 - Dry,01 - Traffic signal,01 - Functioning,03 - P.D. only,03 - Rear end,0
16-3325,ALBION RD @ HUNT CLUB RD,371868.12433,5024320.51780,-75.64399004510,45.35562178740,2016-03-26,1:15:00 PM,02 - Rain,01 - Daylight,02 - Wet,01 - Traffic signal,01 - Functioning,03 - P.D. only,03 - Rear end,0
16-3326,GREENBANK RD btwn FALLOWFIELD RD & LARKIN DR,363085.78566,5016723.84312,-75.75696545820,45.28805227130,2016-03-27,4:19:00 PM,01 - Clear,01 - Daylight,01 - Dry,10 - No control,,02 - Non-fatal injury,07 - SMV other,0
16-3327,BANK ST btwn CENOTE RD & STONE SCHOOL RD,382112.53566,5011535.08401,-75.51524916740,45.23953115950,2016-03-27,4:30:00 PM,01 - Clear,01 - Daylight,01 - Dry,10 - No control,,03 - P.D. only,07 - SMV other,0
16-3328,RIVERSIDE DR @ BROOKFIELD RD/HOG'S BACK RD,368165.10348,5026223.70135,-75.69100385010,45.37309057630,2016-03-27,8:55:00 PM,01 - Clear,07 - Dark,01 - Dry,01 - Traffic signal,01 - Functioning,03 - P.D. only,03 - Rear end,0
16-3329,REGIONAL ROAD 174 btwn OLD MONTREAL RD & OLD MONTREAL RD,394528.82837,5043022.85524,-75.35140663200,45.52134814060,2016-03-27,11:17:00 PM,01 - Clear,07 - Dark,01 - Dry,10 - No control,,02 - Non-fatal injury,07 - SMV other,0
16-3330,LOCKHART AVE btwn NEEPAWA AVE & SAVILLE ROW,361910.00037,5026302.26528,-75.77084817840,45.37433518400,2016-03-28,7:41:00 AM,02 - Rain,01 - Daylight,02 - Wet,10 - No control,,03 - P.D. only,06 - SMV unattended vehicle,0
16-3331,CLEARBROOK DR/MARKETPLACE AVE @ LONGFIELDS DR,364632.09641,5014954.38303,-75.73746793360,45.27200075910,2016-03-28,9:30:00 AM,02 - Rain,01 - Daylight,02 - Wet,01 - Traffic signal,01 - Functioning,03 - P.D. only,05 - Turning movement,0
16-3332,HAZELDEAN RD @ EDGEWATER ST,352320.83981,5017351.81605,-75.89412960470,45.29451325330,2016-03-28,10:02:00 AM,02 - Rain,01 - Daylight,02 - Wet,01 - Traffic signal,01 - Functioning,03 - P.D. only,02 - Angle,0
16-3333,BANK ST @ HUNT CLUB RD,371608.47019,5024096.77251,-75.64733395140,45.35363338940,2016-03-28,6:40:00 AM,02 - Rain,01 - Daylight,02 - Wet,01 - Traffic signal,01 - Functioning,03 - P.D. only,03 - Rear end,0
16-3334,MERIVALE RD @ BASIL MACDONALD WAY/MERIVALE MAL,365096.13434,5023171.91709,-75.73055470130,45.34590188520,2016-03-28,11:17:00 AM,02 - Rain,01 - Daylight,02 - Wet,01 - Traffic signal,01 - Functioning,02 - Non-fatal injury,05 - Turning movement,0
16-3335,BANK ST @ RIVERSIDE DR N,369226.60282,5027983.10254,-75.67722325610,45.38882434170,2016-03-28,11:25:00 AM,02 - Rain,01 - Daylight,02 - Wet,01 - Traffic signal,01 - Functioning,02 - Non-fatal injury,02 - Angle,0
16-3336,CARLING AVE @ KIRKWOOD AVE S,364351.92497,5027336.42677,-75.73954888570,45.38343712280,2016-03-28,11:27:00 AM,01 - Clear,01 - Daylight,01 - Dry,01 - Traffic signal,01 - Functioning,03 - P.D. only,04 - Sideswipe,0
16-3337,METCALFE ST btwn SPARKS ST & QUEEN ST,367611.50709,5031741.07994,-75.69736846780,45.42278420360,2016-03-28,11:00:00 AM,01 - Clear,01 - Daylight,05 - Packed snow,10 - No control,,03 - P.D. only,06 - SMV unattended vehicle,0
16-3338,LAURIER AVE @ NICHOLAS ST,368373.90331,5031798.00359,-75.68761988550,45.42322751380,2016-03-28,12:21:00 PM,02 - Rain,01 - Daylight,02 - Wet,01 - Traffic signal,01 - Functioning,03 - P.D. only,05 - Turning movement,0
16-3339,RIVERSIDE DR @ WALKLEY RD,368418.94786,5024853.30534,-75.68793974790,45.36073710880,2016-03-28,1:05:00 PM,02 - Rain,01 - Daylight,02 - Wet,01 - Traffic signal,01 - Functioning,03 - P.D. only,03 - Rear end,0
16-3340,VIEWMOUNT DR btwn GLENRIDGE RD & GLENMANOR DR,365072.18934,5022885.96768,-75.73089508070,45.34333100800,2016-03-27,2:30:00 PM,01 - Clear,01 - Daylight,01 - Dry,10 - No control,,03 - P.D. only,02 - Angle,0
16-3341,ALTA VISTA DR @ KILBORN AVE,370365.98941,5027751.27279,-75.66270476960,45.38663268240,2016-03-28,1:10:00 PM,02 - Rain,01 - Daylight,02 - Wet,01 - Traffic signal,01 - Functioning,03 - P.D. only,02 - Angle,0
16-3342,CAMERON ST btwn FERRY ROAD LANE & END,389761.97557,5042913.86541,-75.41243327960,45.52096479330,2016-03-28,1:40:00 PM,01 - Clear,01 - Daylight,01 - Dry,10 - No control,,03 - P.D. only,04 - Sideswipe,0
16-3343,HUNT CLUB RD @ RIVERSIDE DR,368036.47853,5021945.72297,-75.69319303450,45.33460992050,2016-03-28,1:57:00 PM,02 - Rain,01 - Daylight,02 - Wet,01 - Traffic signal,01 - Functioning,02 - Non-fatal injury,03 - Rear end,0
16-3344,WOODROFFE AVE btwn MEADOWLANDS DR/TALLWOOD DR & NORICE ST,363132.55941,5022544.18678,-75.75568394660,45.34041966380,2016-03-28,2:20:00 PM,02 - Rain,01 - Daylight,02 - Wet,10 - No control,,03 - P.D. only,03 - Rear end,0
16-3345,FEATHERSTON DR E @ KILBORN AVE E,372291.19154,5027962.85064,-75.63809324800,45.38835351440,2016-03-28,2:43:00 PM,04 - Freezing Rain,01 - Daylight,05 - Packed snow,02 - Stop sign,01 - Functioning,03 - P.D. only,02 - Angle,0
16-3346,STRANDHERD DR btwn GREENBANK RD & Continuation of STRANDHERD DR,364023.89183,5014839.76291,-75.74523220850,45.27102089080,2016-03-28,12:55:00 PM,02 - Rain,01 - Daylight,02 - Wet,10 - No control,,03 - P.D. only,03 - Rear end,0
16-3347,BESSERER ST @ WALLER ST,368316.15726,5032192.20176,-75.68830688770,45.42677961650,2016-03-28,3:16:00 PM,02 - Rain,01 - Daylight,02 - Wet,01 - Traffic signal,01 - Functioning,03 - P.D. only,04 - Sideswipe,0
16-3348,INNES RD @ ORCHARDVIEW AVE/ESPRIT DR,384845.43649,5036561.23139,-75.47639364070,45.46439191960,2016-03-28,3:45:00 PM,02 - Rain,01 - Daylight,02 - Wet,01 - Traffic signal,01 - Functioning,02 - Non-fatal injury,03 - Rear end,0
16-3349,BILL LEATHEM DR @ LEIKIN DR S,366925.43759,5017438.65457,-75.70793211950,45.29415516650,2016-03-28,3:59:00 PM,01 - Clear,01 - Daylight,02 - Wet,02 - Stop sign,01 - Functioning,03 - P.D. only,03 - Rear end,0
16-3350,BYRON AVE @ CHURCHILL AVE,363272.73958,5028179.76925,-75.75322849130,45.39111630380,2016-03-26,12:30:00 PM,01 - Clear,01 - Daylight,01 - Dry,01 - Traffic signal,01 - Functioning,03 - P.D. only,03 - Rear end,0
16-3351,MEADOWLANDS DR @ MERIVALE RD,364858.92386,5023725.28644,-75.73351429340,45.35090138070,2016-03-28,5:55:00 PM,02 - Rain,01 - Daylight,02 - Wet,01 - Traffic signal,01 - Functioning,03 - P.D. only,05 - Turning movement,0
16-3352,MARKETPLACE AVE @ RIOCAN AVE,364287.10137,5014761.37053,-75.74188746840,45.27029329970,2016-03-28,6:49:00 PM,02 - Rain,05 - Dusk,02 - Wet,02 - Stop sign,01 - Functioning,03 - P.D. only,02 - Angle,0
16-3353,TRAINYARDS DR @ RAILMARKET,371756.53530,5030716.13957,-75.64454660300,45.41317779060,2016-03-28,9:00:00 PM,01 - Clear,07 - Dark,02 - Wet,01 - Traffic signal,01 - Functioning,02 - Non-fatal injury,02 - Angle,0
16-3354,DONALD ST @ VANIER PKWY,370312.83292,5032271.70522,-75.66278286070,45.42731079250,2016-03-28,9:12:00 PM,02 - Rain,07 - Dark,02 - Wet,01 - Traffic signal,01 - Functioning,03 - P.D. only,05 - Turning movement,0
16-3355,HOPE SIDE RD btwn CROWNRIDGE DR & RICHMOND RD,356119.92601,5015008.02949,-75.84593832940,45.27315621680,2016-03-29,12:05:00 AM,01 - Clear,07 - Dark,01 - Dry,10 - No control,,03 - P.D. only,04 - Sideswipe,0
16-3356,PRINCE OF WALES DR btwn WILLIAM MCEWEN DR & CARSONBY RD W,365817.04796,5005542.11870,-75.72352172380,45.18720706670,2016-03-29,7:24:00 AM,01 - Clear,01 - Daylight,01 - Dry,10 - No control,,03 - P.D. only,07 - SMV other,0
16-3357,CARLING AVE EB btwn DUNDEE AVE & IVANHOE AVE,360421.25443,5024875.46497,-75.79001488830,45.36161665730,2016-03-29,7:46:00 AM,01 - Clear,01 - Daylight,01 - Dry,10 - No control,,02 - Non-fatal injury,03 - Rear end,0
16-3358,BAYFIELD AVE @ CARLING AVE,352347.42573,5022371.23339,-75.89330887120,45.33967727380,2016-03-29,7:59:00 AM,01 - Clear,01 - Daylight,01 - Dry,02 - Stop sign,01 - Functioning,03 - P.D. only,02 - Angle,0
16-3359,REGIONAL ROAD 174 btwn OR174 IC105 RAMP26 & OR174 IC105 RAMP63,379397.11040,5037034.78611,-75.54598388570,45.46925567040,2016-03-29,8:20:00 AM,01 - Clear,01 - Daylight,01 - Dry,10 - No control,,03 - P.D. only,03 - Rear end,0
16-3360,HAWTHORNE AVE btwn ISABELLA ST & COLONEL BY DR,368722.28090,5030500.68326,-75.68333688090,45.41152293270,2016-03-29,8:38:00 AM,01 - Clear,01 - Daylight,06 - Ice,10 - No control,,03 - P.D. only,03 - Rear end,0
16-3361,HUNT CLUB RD @ RIVERSIDE DR,368036.47853,5021944.82510,-75.69319314920,45.33460184140,2016-03-29,9:08:00 AM,01 - Clear,01 - Daylight,01 - Dry,01 - Traffic signal,01 - Functioning,03 - P.D. only,03 - Rear end,0
16-3362,DUNTROON CIRC btwn SHELLBROOK WAY & SHELLBROOK WAY,372858.59258,5025833.23759,-75.63114153390,45.36913722350,2016-03-27,9:00:00 PM,02 - Rain,07 - Dark,02 - Wet,10 - No control,,03 - P.D. only,06 - SMV unattended vehicle,0
16-3363,ST. PATRICK ST btwn SUSSEX DR & PARENT AVE,367684.60747,5032473.33814,-75.69634096260,45.42936625060,2016-03-29,12:00:00 AM,01 - Clear,00 - Unknown,02 - Wet,10 - No control,,03 - P.D. only,06 - SMV unattended vehicle,0
16-3364,RUSSELL RD @ SOUTHVALE CRES S,374457.51494,5028633.76816,-75.61033646920,45.39417800910,2016-03-29,10:30:00 AM,01 - Clear,01 - Daylight,01 - Dry,01 - Traffic signal,01 - Functioning,02 - Non-fatal injury,07 - SMV other,1
16-3365,EAGLESON RD @ HAZELDEAN RD/ROBERTSON RD,353673.89121,5018423.66107,-75.87677413510,45.30406514100,2016-03-29,10:31:00 AM,01 - Clear,01 - Daylight,01 - Dry,01 - Traffic signal,01 - Functioning,03 - P.D. only,03 - Rear end,0
16-3366,PRESTON ST btwn LAUREL ST & WILLOW ST,366420.78317,5029870.74533,-75.71281642480,45.40606135710,2016-03-29,10:35:00 AM,01 - Clear,01 - Daylight,01 - Dry,10 - No control,,03 - P.D. only,03 - Rear end,0
16-3367,HUNT CLUB RD @ RIVERSIDE DR,368037.37640,5021944.82510,-75.69318169440,45.33460176050,2016-03-29,11:00:00 AM,01 - Clear,01 - Daylight,02 - Wet,01 - Traffic signal,01 - Functioning,03 - P.D. only,03 - Rear end,0