Record,Location,X,Y,Longitude,Latitude,Date,Time,Environment,Light,Road_Surface,Traffic_Control,Collision_Location,Collision_Classification,Impact_type,Pedestrian
16-3999,RIVER RD btwn CABIN RD & OSGOODE MAIN ST,372919.05736,5000713.46626,-75.63381298320,45.14310900120,2016-04-20,5:00:00 AM,01 - Clear,07 - Dark,01 - Dry,10 - No control,,03 - P.D. only,07 - SMV other,0
16-4000,MARCH RD btwn CAMPEAU DR/HWY 417 MARCH IC138R63 & HWY417 IC138 RAMP36,352846.36549,5020463.86836,-75.88712804780,45.32248045540,2016-04-20,6:30:00 AM,01 - Clear,01 - Daylight,01 - Dry,10 - No control,,03 - P.D. only,04 - Sideswipe,0
16-4001,JEANNE D'ARC BLVD N/OR174 IC105 RAMP63 @ TRANS,379342.19612,5037115.55330,-75.54667383090,45.46998821490,2016-04-20,8:10:00 AM,01 - Clear,01 - Daylight,01 - Dry,01 - Traffic signal,00 - Unknown,03 - P.D. only,03 - Rear end,0
16-4002,MONTREAL RD @ MONTFORT HOSPITAL,372222.61382,5034144.62624,-75.63812316660,45.44398094800,2016-04-20,8:44:00 AM,01 - Clear,01 - Daylight,01 - Dry,01 - Traffic signal,01 - Functioning,03 - P.D. only,03 - Rear end,0
16-4003,INDUSTRIAL AVE @ ALTA VISTA DR/SANDFORD FLEMIN,370885.75616,5030557.94073,-75.65569188180,45.41183715640,2016-04-20,10:13:00 AM,01 - Clear,01 - Daylight,01 - Dry,01 - Traffic signal,01 - Functioning,03 - P.D. only,02 - Angle,0
16-4004,DALY AVE btwn COURT HOUSE LANE & WALLER ST,368330.13152,5032111.65531,-75.68813871450,45.42605361840,2016-04-20,12:00:00 AM,01 - Clear,00 - Unknown,01 - Dry,10 - No control,,03 - P.D. only,06 - SMV unattended vehicle,0
16-4005,GREENBANK RD btwn GIBBARD AVE & WEST HUNT CLUB RD,361476.31000,5020510.33554,-75.77704863760,45.32225486140,2016-04-20,11:03:00 AM,01 - Clear,01 - Daylight,01 - Dry,10 - No control,,03 - P.D. only,03 - Rear end,0
16-4006,REGIONAL ROAD 174 btwn OR174 IC102 RAMP51 & REGIONAL ROAD 174,381403.81779,5038129.17081,-75.52015336820,45.47888481310,2016-04-20,12:56:00 PM,01 - Clear,01 - Daylight,01 - Dry,10 - No control,,02 - Non-fatal injury,07 - SMV other,0
16-4007,DALHOUSIE ST btwn ST. PATRICK ST & MURRAY ST,367964.21014,5032629.58222,-75.69274798390,45.43074688470,2016-04-20,1:45:00 PM,01 - Clear,01 - Daylight,01 - Dry,10 - No control,,03 - P.D. only,06 - SMV unattended vehicle,0
16-4008,RICHMOND RD @ LYNHAR RD/STAFFORD RD,358137.48758,5021086.48410,-75.81957279600,45.32770071650,2016-04-20,2:26:00 PM,01 - Clear,01 - Daylight,01 - Dry,01 - Traffic signal,01 - Functioning,03 - P.D. only,03 - Rear end,0
16-4009,RIVERSIDE DR btwn RAMP & TURN LANE (1),368380.53596,5027220.10062,-75.68812535840,45.38203638810,2016-04-20,2:45:00 PM,01 - Clear,01 - Daylight,01 - Dry,10 - No control,,03 - P.D. only,03 - Rear end,0
16-4010,ST. JOSEPH BLVD @ JEANNE D'ARC BLVD,379862.07406,5036471.31459,-75.54012439580,45.46413617610,2016-04-20,2:15:00 PM,01 - Clear,01 - Daylight,01 - Dry,11 - Roundabout,01 - Functioning,03 - P.D. only,04 - Sideswipe,0
16-4011,FALLOWFIELD RD btwn KOLO DR & BILTMORE CRES,346341.37624,5004329.38891,-75.97144917180,45.17771030980,2016-04-19,10:00:00 PM,01 - Clear,07 - Dark,01 - Dry,10 - No control,,03 - P.D. only,07 - SMV other,0
16-4012,SLACK RD btwn VAAN DR & GRENFELL CRES,365618.99404,5020739.60249,-75.72418195640,45.32397109400,2016-04-20,4:19:00 PM,01 - Clear,01 - Daylight,01 - Dry,10 - No control,,03 - P.D. only,04 - Sideswipe,0
16-4013,BASELINE RD @ MERIVALE RD,365054.47193,5025325.29043,-75.73082385250,45.36528119890,2016-04-20,4:41:00 PM,01 - Clear,01 - Daylight,01 - Dry,01 - Traffic signal,01 - Functioning,03 - P.D. only,03 - Rear end,0
16-4014,WOODROFFE AVE btwn TURN LANE & KNOXDALE RD,363412.48609,5021845.78219,-75.75219514680,45.33411214060,2016-04-20,4:47:00 PM,01 - Clear,01 - Daylight,01 - Dry,10 - No control,,03 - P.D. only,02 - Angle,0
16-4015,INNES RD btwn PAGE RD & 473 E OF PAGE RD/BUILDERS' WAREHOUSE SC,380896.50321,5034546.16617,-75.52719615940,45.44670330140,2016-04-20,4:58:00 PM,01 - Clear,01 - Daylight,01 - Dry,10 - No control,,03 - P.D. only,04 - Sideswipe,0
16-4016,MOONEY'S BAY PL btwn BAYSIDE PRIV & SPRINGLAND DR,368624.51524,5025336.13401,-75.68525370380,45.36506279160,2016-04-20,12:40:00 PM,01 - Clear,01 - Daylight,01 - Dry,10 - No control,,03 - P.D. only,06 - SMV unattended vehicle,0
16-4017,KING EDWARD AVE @ ST. PATRICK ST,368248.47582,5032823.81428,-75.68909034520,45.43246878350,2016-04-20,5:00:00 PM,01 - Clear,01 - Daylight,01 - Dry,01 - Traffic signal,01 - Functioning,03 - P.D. only,04 - Sideswipe,0
16-4018,RIDEAUCREST DR btwn COTTINGHAM ST & NEWBOROUGH CRES,365980.91160,5016479.34643,-75.72009153080,45.28560624920,2016-04-20,5:45:00 PM,01 - Clear,01 - Daylight,01 - Dry,10 - No control,,02 - Non-fatal injury,07 - SMV other,1
16-4019,CARLING AVE WB btwn CONNAUGHT AVE & OTTAWA RIVER PKWY WB RAMP/CARLING,360780.32828,5025123.57541,-75.78540369170,45.36382056110,2016-04-20,5:53:00 PM,01 - Clear,01 - Daylight,01 - Dry,10 - No control,,03 - P.D. only,04 - Sideswipe,0
16-4020,GOOSE RIVER AVE btwn GOLDENEYE WAY & ROCKY HARBOUR CRES,368842.86892,5016240.96897,-75.68364290780,45.28320642610,2016-04-16,6:27:00 PM,01 - Clear,01 - Daylight,01 - Dry,10 - No control,,03 - P.D. only,06 - SMV unattended vehicle,0
16-4021,WEST HUNT CLUB RD btwn PRINCE OF WALES DR & TURN LANE,367568.51864,5021887.21920,-75.69917036460,45.33412553040,2016-04-20,4:40:00 PM,01 - Clear,01 - Daylight,01 - Dry,10 - No control,,03 - P.D. only,03 - Rear end,0
16-4022,BANNING RD btwn BRADLEY FARM CRT & DESMOND AVE,353100.82634,5017894.76197,-75.88413279760,45.29934562540,2016-04-20,4:00:00 PM,01 - Clear,01 - Daylight,01 - Dry,10 - No control,,03 - P.D. only,06 - SMV unattended vehicle,0
16-4023,PAUL METIVIER DR btwn CLEARBROOK DR & MOSS GROVE ST,366143.81996,5014783.61835,-75.71822459860,45.27033397950,2016-04-21,12:01:00 AM,01 - Clear,07 - Dark,01 - Dry,10 - No control,,03 - P.D. only,06 - SMV unattended vehicle,0
16-4024,MCARTHUR AVE @ VANIER PKWY,370219.82733,5032690.36143,-75.66391567710,45.43108639340,2016-04-20,11:33:00 PM,01 - Clear,07 - Dark,01 - Dry,01 - Traffic signal,01 - Functioning,03 - P.D. only,02 - Angle,0
16-4025,HWY 417 INNES IC112R68 @ INNES RD,374642.28641,5030922.28025,-75.60765272000,45.41475047740,2016-04-20,11:32:00 PM,01 - Clear,07 - Dark,01 - Dry,01 - Traffic signal,01 - Functioning,03 - P.D. only,07 - SMV other,0
16-4026,DUNNING RD btwn FRENCH HILL RD & INNES RD,391963.66344,5038599.79915,-75.38502205450,45.48188054640,2016-04-21,12:04:00 AM,01 - Clear,07 - Dark,01 - Dry,10 - No control,,02 - Non-fatal injury,07 - SMV other,0
16-4027,CONROY RD @ LORRY GREENBERG DR,373569.30833,5025879.30533,-75.62206295510,45.36948234560,2016-04-21,12:00:00 AM,01 - Clear,00 - Unknown,01 - Dry,01 - Traffic signal,01 - Functioning,03 - P.D. only,07 - SMV other,0
16-4028,ALTA VISTA DR btwn HERON RD & RIDGEMONT AVE,370493.62027,5026885.02868,-75.66119033860,45.37882655830,2016-04-21,8:13:00 AM,01 - Clear,01 - Daylight,01 - Dry,10 - No control,,03 - P.D. only,04 - Sideswipe,0
16-4029,BEECH ST btwn BREEZEHILL AVE S & LORETTA AVE S,366344.80988,5029126.71955,-75.71387971980,45.39937349110,2016-04-21,8:48:00 AM,01 - Clear,01 - Daylight,01 - Dry,10 - No control,,02 - Non-fatal injury,04 - Sideswipe,0
16-4030,CARLING AVE EB btwn CARLING AVE & ROSEVIEW AVE,359349.69263,5024194.56783,-75.80376710480,45.35557414970,2016-04-21,9:02:00 AM,01 - Clear,01 - Daylight,01 - Dry,10 - No control,,03 - P.D. only,04 - Sideswipe,0
16-4031,HEATHERINGTON RD btwn ALBION RD N & BANNERHILL PRIV,371555.91576,5026239.43725,-75.64771517350,45.37291735210,2016-04-20,9:00:00 PM,01 - Clear,07 - Dark,01 - Dry,10 - No control,,03 - P.D. only,06 - SMV unattended vehicle,0
16-4032,BANK ST @ SURREY AVE,370382.60210,5025810.09723,-75.66275046120,45.36916507810,2016-04-21,10:30:00 AM,01 - Clear,01 - Daylight,01 - Dry,02 - Stop sign,01 - Functioning,03 - P.D. only,05 - Turning movement,0
16-4033,ST. JOSEPH BLVD @ JEANNE D'ARC BLVD,379861.00881,5036470.78197,-75.54013809800,45.46413149870,2016-04-21,11:40:00 AM,01 - Clear,01 - Daylight,01 - Dry,11 - Roundabout,01 - Functioning,03 - P.D. only,04 - Sideswipe,0
16-4034,MERIVALE RD btwn WEST HUNT CLUB RD & JAMIE AVE,365618.08240,5021929.03019,-75.72404745870,45.33467349920,2016-04-21,11:46:00 AM,01 - Clear,01 - Daylight,01 - Dry,10 - No control,,03 - P.D. only,04 - Sideswipe,0
16-4035,MERIVALE RD @ WEST HUNT CLUB RD,365612.01876,5021942.72368,-75.72412313200,45.33479723700,2016-04-21,11:43:00 AM,01 - Clear,01 - Daylight,01 - Dry,01 - Traffic signal,01 - Functioning,03 - P.D. only,03 - Rear end,0
16-4036,CARLING AVE @ FISHER AVE,365329.79553,5027972.99934,-75.72698498860,45.38908105780,2016-04-21,12:32:00 PM,01 - Clear,01 - Daylight,01 - Dry,10 - No control,,03 - P.D. only,04 - Sideswipe,0
16-4037,O'CONNOR ST btwn GLOUCESTER ST & NEPEAN ST,367715.44698,5031236.67837,-75.69610482370,45.41823642320,2016-04-21,12:40:00 PM,01 - Clear,01 - Daylight,01 - Dry,10 - No control,,03 - P.D. only,04 - Sideswipe,0
16-4038,TENTH LINE RD @ VANGUARD DR,384074.16247,5035876.60711,-75.48636538230,45.45832024820,2016-04-21,12:48:00 PM,01 - Clear,01 - Daylight,01 - Dry,01 - Traffic signal,01 - Functioning,02 - Non-fatal injury,07 - SMV other,1
16-4039,BASELINE RD @ MERIVALE RD,365054.02300,5025326.18830,-75.73082947290,45.36528931670,2016-04-21,1:00:00 PM,01 - Clear,01 - Daylight,01 - Dry,01 - Traffic signal,01 - Functioning,02 - Non-fatal injury,03 - Rear end,0
16-4040,ST. JOSEPH BLVD @ JEANNE D'ARC BLVD,379861.49297,5036472.70660,-75.54013161320,45.46414876270,2016-04-21,12:35:00 PM,01 - Clear,01 - Daylight,01 - Dry,11 - Roundabout,01 - Functioning,03 - P.D. only,02 - Angle,0
16-4041,DATA CENTRE RD btwn TURN LANE & TURN LANE,368949.25978,5027564.40994,-75.68081919170,45.38508253170,2016-04-20,9:35:00 PM,01 - Clear,07 - Dark,01 - Dry,10 - No control,,03 - P.D. only,01 - Approaching,0
16-4042,HAMPSTEAD PL @ WALKLEY RD,370682.48872,5026150.66180,-75.65887700010,45.37220123950,2016-04-21,2:45:00 PM,01 - Clear,01 - Daylight,01 - Dry,01 - Traffic signal,01 - Functioning,03 - P.D. only,03 - Rear end,0
16-4043,HUNTMAR DR @ PALLADIUM DR S,349672.99619,5017371.25747,-75.92788497920,45.29486227780,2016-04-21,3:18:00 PM,01 - Clear,01 - Daylight,01 - Dry,01 - Traffic signal,01 - Functioning,03 - P.D. only,02 - Angle,0
16-4044,CUMMINGS AVE/LABELLE ST @ CYRVILLE RD,372860.14951,5031871.73613,-75.63028855670,45.42346883560,2016-04-21,3:17:00 PM,01 - Clear,01 - Daylight,01 - Dry,01 - Traffic signal,01 - Functioning,03 - P.D. only,02 - Angle,0
16-4045,BANK ST @ CHAMBERLAIN AVE N/ISABELLA ST,368083.38550,5030166.78667,-75.69154137180,45.40857670310,2016-04-21,3:40:00 PM,01 - Clear,01 - Daylight,01 - Dry,01 - Traffic signal,01 - Functioning,03 - P.D. only,03 - Rear end,0
16-4046,MACFARLANE RD @ DEAKIN ST,367253.88103,5021558.42892,-75.70322575140,45.33119520590,2016-04-21,4:05:00 PM,01 - Clear,01 - Daylight,01 - Dry,02 - Stop sign,01 - Functioning,03 - P.D. only,02 - Angle,0
16-4047,NOTRE DAME ST btwn HENRI LAUZON ST & BOYER RD,380228.24304,5036611.71414,-75.53542103860,45.46535993870,2016-04-21,5:12:00 PM,01 - Clear,01 - Daylight,01 - Dry,10 - No control,,02 - Non-fatal injury,02 - Angle,0
16-4048,PLEASANT PARK RD btwn RODNEY CRES & NO NAME,369978.87603,5028423.78767,-75.66755896000,45.39271987160,2016-04-21,5:25:00 PM,01 - Clear,01 - Daylight,01 - Dry,10 - No control,,03 - P.D. only,99 - Other,0
16-4049,RIVERSIDE DR @ HERON RD,368118.97139,5026649.91496,-75.69153812420,45.37692970350,2016-04-21,4:30:00 PM,01 - Clear,01 - Daylight,01 - Dry,01 - Traffic signal,01 - Functioning,03 - P.D. only,03 - Rear end,0
16-4050,ST. PATRICK ST WB btwn ISLAND LODGE RD & CRICHTON ST,368830.22925,5033247.39431,-75.68160085620,45.43622697140,2016-04-21,6:33:00 PM,01 - Clear,01 - Daylight,01 - Dry,10 - No control,,02 - Non-fatal injury,07 - SMV other,0
16-4051,COBOURG ST @ RIDEAU ST,369129.83360,5032786.89886,-75.67783204460,45.43205611300,2016-04-21,6:22:00 PM,01 - Clear,01 - Daylight,01 - Dry,01 - Traffic signal,01 - Functioning,03 - P.D. only,03 - Rear end,0
16-4052,MURRAY ST btwn SUSSEX DR & PARENT AVE,367840.94110,5032475.46319,-75.69434296110,45.42937129760,2016-04-21,5:30:00 PM,01 - Clear,01 - Daylight,01 - Dry,10 - No control,,02 - Non-fatal injury,04 - Sideswipe,0
16-4053,NICHOLAS ST SB btwn LAURIER AVE E & Continuation of NICHOLAS ST,368384.70653,5031781.57825,-75.68748397070,45.42307874280,2016-04-22,2:40:00 AM,02 - Rain,07 - Dark,02 - Wet,10 - No control,,03 - P.D. only,03 - Rear end,0
16-4054,HAWTHORNE RD @ STEVENAGE DR,375137.41390,5027313.31233,-75.60184208120,45.38222923860,2016-04-22,6:19:00 AM,02 - Rain,01 - Daylight,02 - Wet,01 - Traffic signal,01 - Functioning,03 - P.D. only,05 - Turning movement,0
16-4055,NEPEAN ST btwn METCALFE ST & ELGIN ST,367984.12562,5031384.98484,-75.69265313680,45.41954662330,2016-04-22,7:00:00 AM,02 - Rain,01 - Daylight,02 - Wet,10 - No control,,03 - P.D. only,05 - Turning movement,0
16-4056,ST. LAURENT BLVD btwn FOLEY AVE & WALKLEY RD,373871.25550,5028116.23928,-75.61789570390,45.38957959600,2016-04-22,8:51:00 AM,02 - Rain,01 - Daylight,02 - Wet,10 - No control,,03 - P.D. only,05 - Turning movement,0
16-4057,CLAYTON RD @ RUSSELL RD,397400.33664,5028535.70442,-75.31738489180,45.39063784400,2016-04-22,8:16:00 AM,02 - Rain,01 - Daylight,02 - Wet,02 - Stop sign,01 - Functioning,03 - P.D. only,07 - SMV other,0
16-4058,HUNT CLUB RD @ BRIDLE PATH DR/DAZE ST,371291.05550,5023863.83040,-75.65141594300,45.35156762010,2016-04-22,10:19:00 AM,02 - Rain,01 - Daylight,02 - Wet,01 - Traffic signal,01 - Functioning,03 - P.D. only,05 - Turning movement,0
16-4059,INNES RD btwn BLAIR RD & ANDERSON RD,375840.95448,5031610.72677,-75.59224047550,45.42082406430,2016-04-22,10:19:00 AM,01 - Clear,01 - Daylight,02 - Wet,10 - No control,,02 - Non-fatal injury,07 - SMV other,0
16-4060,STRANDHERD DR @ LONGFIELDS DR,364547.42777,5015174.12172,-75.73852045730,45.27398516630,2016-04-22,10:26:00 AM,02 - Rain,01 - Daylight,02 - Wet,01 - Traffic signal,01 - Functioning,03 - P.D. only,03 - Rear end,0
16-4061,CLEARCREST CRES btwn PRINCESS LOUISE DR & FOXWOOD CRT (2),384320.24449,5038463.14689,-75.48280081690,45.48156354590,2016-02-07,10:29:00 AM,01 - Clear,01 - Daylight,05 - Packed snow,10 - No control,,03 - P.D. only,06 - SMV unattended vehicle,0
16-4062,TERRY FOX DR @ WESTPHALIAN AVE,353455.22610,5015759.78900,-75.87982363390,45.28011017200,2016-04-22,10:40:00 AM,02 - Rain,01 - Daylight,02 - Wet,01 - Traffic signal,01 - Functioning,03 - P.D. only,03 - Rear end,0
16-4063,SEYTON DR btwn LOVELL LANE & TYRRELL PL,357122.53451,5019765.02630,-75.83265929180,45.31588649720,2016-04-22,2:30:00 AM,01 - Clear,07 - Dark,01 - Dry,10 - No control,,03 - P.D. only,06 - SMV unattended vehicle,0
16-4064,BRIDGESTONE DR/STEEPLE CHASE DR @ STONEHAVEN D,355105.91732,5016984.51578,-75.85866048320,45.29101433970,2016-04-22,11:07:00 AM,01 - Clear,01 - Daylight,01 - Dry,11 - Roundabout,01 - Functioning,02 - Non-fatal injury,07 - SMV other,0
16-4065,BANK ST @ JOHNSTON RD,370851.95497,5024838.40557,-75.65688908360,45.36037803800,2016-04-22,11:47:00 AM,02 - Rain,01 - Daylight,02 - Wet,01 - Traffic signal,01 - Functioning,02 - Non-fatal injury,05 - Turning movement,0
16-4066,DUNDONALD DR @ RIVER MIST RD,364756.34120,5011926.38310,-75.73625000050,45.24474418470,2016-04-22,8:50:00 AM,01 - Clear,01 - Daylight,01 - Dry,11 - Roundabout,01 - Functioning,03 - P.D. only,02 - Angle,0
16-4067,HAWTHORNE RD btwn LEITRIM RD & LOUISEIZE RD,377383.28890,5021883.58969,-75.57396486780,45.33314631240,2016-04-22,12:31:00 PM,01 - Clear,01 - Daylight,01 - Dry,10 - No control,,03 - P.D. only,04 - Sideswipe,0
16-4068,O'CONNOR ST btwn MCLEOD ST & ARGYLE AVE,368147.13226,5030546.59196,-75.69067826720,45.41198830210,2016-04-22,12:45:00 PM,01 - Clear,01 - Daylight,02 - Wet,10 - No control,,03 - P.D. only,04 - Sideswipe,0
16-4069,MARCH RD btwn HALTON TERR/MAXWELL BRIDGE RD & MAXWELL RD,348924.52729,5024432.25749,-75.93679794640,45.35844649330,2016-04-22,1:53:00 PM,01 - Clear,01 - Daylight,02 - Wet,10 - No control,,03 - P.D. only,07 - SMV other,0
16-4070,MACLAREN ST btwn KENT ST & BANK ST,367581.81906,5030750.77805,-75.69787397380,45.41387644900,2016-04-22,1:50:00 PM,01 - Clear,01 - Daylight,01 - Dry,10 - No control,,03 - P.D. only,06 - SMV unattended vehicle,0
16-4071,MERIVALE RD @ BASIL MACDONALD WAY/MERIVALE MAL,365097.50798,5023171.91334,-75.73053717340,45.34590173300,2016-04-22,2:22:00 PM,01 - Clear,01 - Daylight,01 - Dry,01 - Traffic signal,01 - Functioning,03 - P.D. only,03 - Rear end,0
16-4072,BOYER RD @ JEANNE D'ARC BLVD,380683.06170,5036192.80847,-75.52967030290,45.46154170120,2016-04-22,2:44:00 PM,01 - Clear,01 - Daylight,01 - Dry,02 - Stop sign,01 - Functioning,03 - P.D. only,02 - Angle,0
16-4073,CLEMENTINE BLVD @ HERON RD,369547.56838,5026786.66186,-75.67328163690,45.37802955210,2016-04-22,2:56:00 PM,01 - Clear,01 - Daylight,01 - Dry,01 - Traffic signal,01 - Functioning,03 - P.D. only,03 - Rear end,0
16-4074,SOMERSET ST    W btwn CAMBRIDGE ST N & BRONSON AVE,366952.65682,5030466.02226,-75.70594753390,45.41137046390,2016-04-20,12:00:00 AM,01 - Clear,00 - Unknown,01 - Dry,10 - No control,,03 - P.D. only,06 - SMV unattended vehicle,0
16-4075,FALLOWFIELD RD btwn STRANDHERD DR & O'KEEFE CRT,360753.36116,5015022.60885,-75.78688893170,45.27293398310,2016-04-22,3:13:00 PM,02 - Rain,01 - Daylight,02 - Wet,10 - No control,,03 - P.D. only,03 - Rear end,0
16-4076,ST. JOSEPH BLVD @ TENTH LINE RD,382889.68147,5038666.67727,-75.50106496150,45.48355620760,2016-04-22,3:26:00 PM,01 - Clear,01 - Daylight,01 - Dry,01 - Traffic signal,01 - Functioning,03 - P.D. only,03 - Rear end,0
16-4077,CAMERON ST @ REGIONAL RD 174,389861.44700,5042617.33983,-75.41121167530,45.51828488980,2016-04-22,4:05:00 PM,01 - Clear,01 - Daylight,02 - Wet,01 - Traffic signal,01 - Functioning,03 - P.D. only,03 - Rear end,0
16-4078,EAGLESON RD btwn ABBEYHILL DR & PALOMINO DR,353936.51391,5017764.46229,-75.87349077980,45.29811520920,2016-04-22,4:43:00 PM,01 - Clear,01 - Daylight,01 - Dry,10 - No control,,03 - P.D. only,03 - Rear end,0
16-4079,ST. LAURENT BLVD btwn COVENTRY RD & LEMIEUX ST,372343.65440,5031858.42084,-75.63688969540,45.42339909130,2016-04-22,5:07:00 PM,01 - Clear,01 - Daylight,01 - Dry,10 - No control,,03 - P.D. only,04 - Sideswipe,0
16-4080,CARLING AVE @ FAIRLAWN AVE/WOODROFFE AVE E,361934.68410,5025830.52790,-75.77058762240,45.37008852270,2016-04-22,5:18:00 PM,01 - Clear,01 - Daylight,01 - Dry,01 - Traffic signal,01 - Functioning,03 - P.D. only,03 - Rear end,0
16-4081,GLENMANOR DR btwn HILLMOUNT CRES & KINGSBURY AVE,364798.75642,5022618.32652,-75.73441637440,45.34094624500,2016-04-22,3:30:00 PM,01 - Clear,01 - Daylight,01 - Dry,10 - No control,,03 - P.D. only,06 - SMV unattended vehicle,0
16-4082,RANGE RD btwn SOMERSET ST E & TEMPLETON ST,369694.64856,5031929.11727,-75.67072720860,45.42428594920,2016-04-21,12:00:00 AM,01 - Clear,00 - Unknown,01 - Dry,10 - No control,,03 - P.D. only,06 - SMV unattended vehicle,0
16-4083,FERNBANK RD btwn TERRY FOX DR & Continuation of FERNBANK RD,354340.62789,5015163.10585,-75.86859822800,45.27467923860,2016-04-22,8:11:00 PM,01 - Clear,07 - Dark,01 - Dry,10 - No control,,03 - P.D. only,07 - SMV other,0
16-4084,BANK ST btwn ALBION RD & SIEVERIGHT AVE,372136.26042,5024140.10472,-75.64059270490,45.35397279500,2016-04-21,8:25:00 PM,01 - Clear,07 - Dark,01 - Dry,10 - No control,,03 - P.D. only,03 - Rear end,0
16-4085,UPLANDS DR btwn HUNT CLUB RD & UPLANDS DR,370164.78062,5023098.59243,-75.66588948570,45.34478810430,2016-04-22,9:08:00 PM,01 - Clear,07 - Dark,01 - Dry,10 - No control,,03 - P.D. only,02 - Angle,0
16-4086,WEST HUNT CLUB RD EB btwn 354 E OF WOODROFFE AVE/REC PATH & CLEOPATRA,364934.19926,5021688.16117,-75.73280131270,45.33256512760,2016-04-22,9:23:00 PM,01 - Clear,07 - Dark,01 - Dry,10 - No control,,02 - Non-fatal injury,07 - SMV other,0
16-4087,CYRVILLE RD @ INNES RD,375046.60237,5031119.33973,-75.60245948090,45.41648304050,2016-04-22,11:39:00 PM,01 - Clear,07 - Dark,01 - Dry,01 - Traffic signal,01 - Functioning,03 - P.D. only,03 - Rear end,0
16-4088,JEANNE D'ARC BLVD  N btwn AVIGNON CRT & DECARIE DR,380696.39167,5038499.53829,-75.52914357490,45.48229433050,2016-04-22,11:54:00 PM,01 - Clear,07 - Dark,01 - Dry,10 - No control,,03 - P.D. only,07 - SMV other,0
16-4089,WOODWIND CRES btwn POOLE CREEK CRES & DOWDALL CRES,351203.18722,5015254.25674,-75.90857458770,45.27571349360,2016-04-23,2:10:00 AM,01 - Clear,07 - Dark,01 - Dry,10 - No control,,03 - P.D. only,06 - SMV unattended vehicle,0
16-4090,ISABELLA ST/HWY417 IC119AR75 @ METCALFE ST,368448.60544,5030400.29669,-75.68684593230,45.41064463140,2016-04-23,5:28:00 AM,01 - Clear,03 - Dawn,01 - Dry,01 - Traffic signal,01 - Functioning,03 - P.D. only,04 - Sideswipe,0
16-4091,BANK ST @ RIVERSIDE DR N,369225.49143,5027983.32153,-75.67723741950,45.38882641440,2016-04-23,7:55:00 AM,01 - Clear,01 - Daylight,01 - Dry,01 - Traffic signal,01 - Functioning,03 - P.D. only,02 - Angle,0
16-4092,THURSTON DR btwn CONROY RD & THOMAS SPRATT PL,373706.51113,5027063.37918,-75.62014636970,45.38012265800,2016-04-23,9:01:00 AM,01 - Clear,01 - Daylight,01 - Dry,10 - No control,,03 - P.D. only,05 - Turning movement,0
16-4093,CONROY RD btwn HUNT CLUB RD & CONROY RD,373766.75502,5025395.61705,-75.61961008690,45.36511092010,2016-04-23,9:13:00 AM,01 - Clear,01 - Daylight,01 - Dry,10 - No control,,03 - P.D. only,02 - Angle,0
16-4094,EAGLESON RD @ MICHAEL COWPLAND DR/STONEHAVEN D,354382.16983,5016624.25801,-75.86792282630,45.28782409730,2016-04-23,9:30:00 AM,01 - Clear,01 - Daylight,01 - Dry,01 - Traffic signal,01 - Functioning,02 - Non-fatal injury,05 - Turning movement,0
16-4095,HOPEWELL AVE btwn LEONARD AVE & GROSVENOR AVE,368518.59462,5028356.95107,-75.68621586380,45.39225288960,2016-04-23,11:03:00 AM,01 - Clear,01 - Daylight,01 - Dry,10 - No control,,02 - Non-fatal injury,07 - SMV other,1
16-4096,JEANNE D'ARC BLVD @ GREY NUNS DR/YOUVILLE DR,379670.41010,5036701.51477,-75.54253993980,45.46622790920,2016-04-22,2:45:00 PM,01 - Clear,01 - Daylight,01 - Dry,01 - Traffic signal,01 - Functioning,03 - P.D. only,03 - Rear end,0
16-4097,DONALD ST btwn EVE ST & LOLA ST,370927.86475,5032339.48001,-75.65491485510,45.42786272430,2016-04-23,11:34:00 AM,01 - Clear,01 - Daylight,01 - Dry,10 - No control,,02 - Non-fatal injury,03 - Rear end,0
16-4098,BLAIR RD @ INNES RD,375578.95937,5031439.33063,-75.59561244400,45.41930849250,2016-04-23,12:24:00 PM,01 - Clear,01 - Daylight,01 - Dry,01 - Traffic signal,01 - Functioning,03 - P.D. only,03 - Rear end,0
16-4099,MERIVALE RD @ BASIL MACDONALD WAY/MERIVALE MAL,365096.36267,5023171.23210,-75.73055187040,45.34589570210,2016-04-23,1:28:00 PM,01 - Clear,01 - Daylight,01 - Dry,01 - Traffic signal,01 - Functioning,03 - P.D. only,04 - Sideswipe,0
16-4100,MEADOWLANDS DR/TALLWOOD DR @ WOODROFFE AVE,363056.95769,5022729.71423,-75.75662668650,45.34209530800,2016-04-23,1:36:00 PM,01 - Clear,01 - Daylight,01 - Dry,01 - Traffic signal,01 - Functioning,02 - Non-fatal injury,03 - Rear end,0
16-4101,BANK ST @ HERON RD,369996.39644,5026852.21864,-75.66754280290,45.37857778930,2016-04-23,2:38:00 PM,01 - Clear,01 - Daylight,01 - Dry,01 - Traffic signal,01 - Functioning,03 - P.D. only,05 - Turning movement,0
16-4102,JOHNSTON RD @ SOUTHGATE RD,371021.64058,5024941.28818,-75.65470960700,45.36128773450,2016-04-23,3:03:00 PM,01 - Clear,01 - Daylight,01 - Dry,02 - Stop sign,01 - Functioning,02 - Non-fatal injury,02 - Angle,0
16-4103,MARCH RD btwn 280 S OF CARLING AVE/STATION RD & RICHARDSON SIDE RD,351389.13411,5021789.48235,-75.90559049320,45.33450685000,2016-04-23,3:28:00 PM,01 - Clear,01 - Daylight,01 - Dry,10 - No control,,03 - P.D. only,04 - Sideswipe,0