Record,Location,X,Y,Longitude,Latitude,Date,Time,Environment,Light,Road_Surface,Traffic_Control,Collision_Location,Collision_Classification,Impact_type,Pedestrian
16-4315,FALLOWFIELD RD @ MERIVALE RD,366891.48813,5018844.69367,-75.70818883040,45.30680955270,2016-05-01,3:48:00 PM,02 - Rain,01 - Daylight,02 - Wet,01 - Traffic signal,01 - Functioning,03 - P.D. only,03 - Rear end,0
16-4316,ST. LAURENT BLVD btwn DONALD ST & 125 N OF QUEEN MARY ST,372132.09674,5032379.88007,-75.63952150600,45.42811133500,2016-05-01,4:01:00 PM,02 - Rain,01 - Daylight,02 - Wet,10 - No control,,02 - Non-fatal injury,03 - Rear end,0
16-4317,BANK ST @ COLLINS AVE/WILDWOOD AVE,370050.42380,5026697.45618,-75.66687348050,45.37718025790,2016-05-01,4:51:00 PM,02 - Rain,01 - Daylight,02 - Wet,02 - Stop sign,01 - Functioning,03 - P.D. only,04 - Sideswipe,0
16-4318,LISGAR ST btwn METCALFE ST & ELGIN ST,368047.99964,5031330.53682,-75.69184404590,45.41905094690,2016-05-01,5:12:00 PM,01 - Clear,01 - Daylight,01 - Dry,10 - No control,,03 - P.D. only,06 - SMV unattended vehicle,0
16-4319,INNES RD btwn VISENEAU DR & BELCOURT BLVD,382085.43973,5035245.28575,-75.51188943350,45.45286295530,2016-05-01,5:41:00 PM,02 - Rain,01 - Daylight,02 - Wet,10 - No control,,03 - P.D. only,04 - Sideswipe,0
16-4320,JOSEPH CYR ST @ LEMIEUX ST,372494.44663,5031752.45202,-75.63497757140,45.42243105800,2016-05-01,6:28:00 PM,01 - Clear,01 - Daylight,01 - Dry,02 - Stop sign,01 - Functioning,02 - Non-fatal injury,07 - SMV other,1
16-4321,MONTREAL RD @ SINCLAIR ST,375968.50753,5034756.81987,-75.59015601700,45.44911776520,2016-05-01,6:30:00 PM,02 - Rain,01 - Daylight,02 - Wet,01 - Traffic signal,01 - Functioning,03 - P.D. only,04 - Sideswipe,0
16-4322,CARLING AVE @ KIRKWOOD AVE S,364350.57817,5027336.87570,-75.73956602810,45.38344127640,2016-05-01,7:19:00 PM,02 - Rain,01 - Daylight,02 - Wet,01 - Traffic signal,01 - Functioning,03 - P.D. only,05 - Turning movement,0
16-4323,GROVEHURST DR btwn RUTLEGE ST & OLDFIELD ST,366460.90538,5015652.09668,-75.71407613070,45.27812076890,2016-05-01,7:25:00 PM,02 - Rain,01 - Daylight,02 - Wet,10 - No control,,02 - Non-fatal injury,05 - Turning movement,0
16-4324,ELGIN ST @ GLADSTONE AVE,368384.94072,5030845.01714,-75.68760183870,45.41465186480,2016-05-01,9:19:00 PM,02 - Rain,07 - Dark,02 - Wet,01 - Traffic signal,01 - Functioning,02 - Non-fatal injury,07 - SMV other,1
16-4325,BOUNDARY RD @ HWY 417 BOUNDARY IC96R15,387502.76515,5023611.77010,-75.44458993700,45.34757539900,2016-05-01,10:14:00 PM,02 - Rain,07 - Dark,02 - Wet,10 - No control,,03 - P.D. only,07 - SMV other,0
16-4326,CONROY RD btwn 212 N OF HUNT CLUB RD & HUNT CLUB RD,373742.41565,5025452.78318,-75.61991277530,45.36562767120,2016-05-01,11:11:00 PM,02 - Rain,07 - Dark,02 - Wet,10 - No control,,02 - Non-fatal injury,07 - SMV other,0
16-4327,CLARIDGE DR btwn TOTTERIDGE AVE & FAIRLOP WAY,364542.23361,5016061.68909,-75.73847982750,45.28197193050,2016-05-01,11:43:00 PM,01 - Clear,07 - Dark,01 - Dry,10 - No control,,03 - P.D. only,06 - SMV unattended vehicle,0
16-4328,RUSSELL RD @ TUPPER AVE,374257.40976,5028748.09586,-75.61287580080,45.39522655190,2016-05-02,7:10:00 AM,01 - Clear,01 - Daylight,02 - Wet,01 - Traffic signal,01 - Functioning,02 - Non-fatal injury,03 - Rear end,0
16-4329,FALLOWFIELD RD @ MERIVALE RD,366891.03920,5018844.69367,-75.70819455440,45.30680959240,2016-05-02,7:44:00 AM,01 - Clear,01 - Daylight,01 - Dry,01 - Traffic signal,01 - Functioning,03 - P.D. only,07 - SMV other,0
16-4330,PRINCE OF WALES DR @ SECOND LINE RD,365843.72343,5006594.47760,-75.72305346020,45.19667398270,2016-05-02,7:49:00 AM,02 - Rain,01 - Daylight,02 - Wet,02 - Stop sign,01 - Functioning,03 - P.D. only,02 - Angle,0
16-4331,CUMBERLAND ST @ RIDEAU ST,368374.05176,5032329.28514,-75.68754941530,45.42800778350,2016-05-02,9:19:00 AM,01 - Clear,01 - Daylight,01 - Dry,01 - Traffic signal,01 - Functioning,02 - Non-fatal injury,02 - Angle,0
16-4332,TERRY FOX DR btwn HAZELDEAN RD & 135 S OF HAZELDEAN RD/SOBEY'S SC,352220.01235,5017229.14773,-75.89542676760,45.29341626290,2016-05-01,9:38:00 AM,02 - Rain,01 - Daylight,02 - Wet,10 - No control,,03 - P.D. only,04 - Sideswipe,0
16-4333,CAMPEAU DR/HWY 417 MARCH IC138R63 @ MARCH RD,352838.99860,5020482.80325,-75.88722017660,45.32265133960,2016-05-02,7:50:00 AM,01 - Clear,01 - Daylight,01 - Dry,01 - Traffic signal,01 - Functioning,03 - P.D. only,03 - Rear end,0
16-4334,RIVERSIDE DR NB btwn NEIL WAY & PLEASANT PARK RD,369532.29526,5028377.73274,-75.67326797020,45.39234690720,2016-04-29,12:45:00 PM,01 - Clear,01 - Daylight,01 - Dry,10 - No control,,03 - P.D. only,04 - Sideswipe,0
16-4335,YORK ST EB btwn BY WARD MARKET SQ & SUSSEX DR,367822.53459,5032247.31058,-75.69460736750,45.42732011740,2016-05-02,10:00:00 AM,01 - Clear,01 - Daylight,01 - Dry,10 - No control,,03 - P.D. only,05 - Turning movement,0
16-4336,WILLIAM MCEWEN DR btwn CENTURY RD W & CEDARVIEW RD,365170.43037,5006770.76393,-75.73160080780,45.19831819710,2016-05-02,10:51:00 AM,01 - Clear,01 - Daylight,01 - Dry,10 - No control,,03 - P.D. only,05 - Turning movement,0
16-4337,ELMSMERE RD @ MONTREAL RD,374927.50363,5034314.34823,-75.60352600460,45.44524189010,2016-05-02,11:36:00 AM,01 - Clear,01 - Daylight,01 - Dry,01 - Traffic signal,01 - Functioning,03 - P.D. only,03 - Rear end,0
16-4338,NAVAN RD @ TENTH LINE RD,385758.46166,5031832.98254,-75.46549780340,45.42174638730,2016-05-02,11:46:00 AM,01 - Clear,01 - Daylight,01 - Dry,01 - Traffic signal,01 - Functioning,02 - Non-fatal injury,03 - Rear end,0
16-4339,KILBORN PL btwn KILBORN AVE & END,369722.40116,5027684.16898,-75.67093152030,45.38608885380,2016-05-02,11:48:00 AM,01 - Clear,01 - Daylight,01 - Dry,10 - No control,,03 - P.D. only,02 - Angle,0
16-4340,O'CONNOR ST @ SOMERSET ST,367856.04936,5031012.74551,-75.69433712560,45.41620889030,2016-05-02,12:36:00 PM,01 - Clear,01 - Daylight,01 - Dry,01 - Traffic signal,01 - Functioning,02 - Non-fatal injury,02 - Angle,0
16-4341,SYCAMORE DR btwn ANWATIN ST & RIDGEFIELD CRES,358029.08157,5019651.29476,-75.82110988760,45.31479499110,2016-04-30,12:00:00 AM,01 - Clear,00 - Unknown,01 - Dry,10 - No control,,03 - P.D. only,06 - SMV unattended vehicle,0
16-4342,JAMES ST @ KENT ST,367659.03706,5030598.79938,-75.69690688540,45.41250206010,2016-05-02,1:52:00 PM,01 - Clear,01 - Daylight,01 - Dry,02 - Stop sign,01 - Functioning,03 - P.D. only,04 - Sideswipe,0
16-4343,INNES RD btwn 473 E OF PAGE RD/BUILDERS' WAREHOUSE SC & GREENVALE LANE,381511.16597,5034904.97731,-75.51928362810,45.44986440860,2016-05-02,1:53:00 PM,01 - Clear,01 - Daylight,01 - Dry,10 - No control,,03 - P.D. only,02 - Angle,0
16-4344,ST. LAURENT BLVD @ MCARTHUR AVE,371922.84133,5032886.90150,-75.64212629640,45.43269339100,2016-05-02,2:21:00 PM,01 - Clear,01 - Daylight,01 - Dry,01 - Traffic signal,01 - Functioning,03 - P.D. only,05 - Turning movement,0
16-4345,BELCOURT BLVD @ INNES RD,382122.25230,5035265.93670,-75.51141560070,45.45304468280,2016-04-29,4:15:00 PM,01 - Clear,01 - Daylight,01 - Dry,01 - Traffic signal,01 - Functioning,03 - P.D. only,05 - Turning movement,0
16-4346,COLONIAL RD btwn FRANK KENNY RD & ROCKDALE RD,391096.19550,5032501.77573,-75.39718640660,45.42712539560,2016-05-02,2:46:00 PM,01 - Clear,01 - Daylight,01 - Dry,10 - No control,,03 - P.D. only,03 - Rear end,0
16-4347,ORLEANS BLVD @ NAVAN RD,380593.86497,5033089.34138,-75.53128881760,45.43362877920,2016-05-02,2:55:00 PM,01 - Clear,01 - Daylight,01 - Dry,02 - Stop sign,01 - Functioning,03 - P.D. only,99 - Other,0
16-4348,RICHMOND RD @ STONEHAVEN DR,356781.41663,5015891.21253,-75.83741584900,45.28105467290,2016-05-02,4:18:00 PM,01 - Clear,01 - Daylight,01 - Dry,01 - Traffic signal,01 - Functioning,02 - Non-fatal injury,05 - Turning movement,0
16-4349,BANK ST @ RIDEAU RD,376954.97798,5017844.24712,-75.58001695230,45.29684623530,2016-05-02,4:26:00 PM,01 - Clear,01 - Daylight,01 - Dry,01 - Traffic signal,01 - Functioning,03 - P.D. only,02 - Angle,0
16-4350,BETHUNE CRT @ TERON RD,351584.38963,5021521.71207,-75.90312476420,45.33208440540,2016-05-02,4:38:00 PM,01 - Clear,01 - Daylight,01 - Dry,02 - Stop sign,01 - Functioning,03 - P.D. only,03 - Rear end,0
16-4351,WALKLEY RD btwn TURN LANE & RYDER ST,372430.88359,5027186.88603,-75.63641580900,45.38135822550,2016-05-02,4:49:00 PM,01 - Clear,01 - Daylight,01 - Dry,10 - No control,,03 - P.D. only,03 - Rear end,0
16-4352,SILVER SEVEN RD btwn 280 N OF PALLADIUM DR/COSTCO SC & PALLADIUM DR,350983.30966,5017963.05749,-75.91112469560,45.30010255840,2016-05-02,5:30:00 PM,01 - Clear,01 - Daylight,01 - Dry,10 - No control,,03 - P.D. only,02 - Angle,0
16-4353,SOMERSET ST    W btwn SPADINA AVE & BAYSWATER AVE,365724.94335,5029874.27740,-75.72170426460,45.40615405050,2016-05-02,2:35:00 PM,01 - Clear,01 - Daylight,01 - Dry,10 - No control,,03 - P.D. only,06 - SMV unattended vehicle,0
16-4354,WEST RIVER DR btwn WEST AVE & NORTH DR,368732.58280,5010270.92076,-75.68581664020,45.22949851070,2016-05-02,9:46:00 PM,01 - Clear,07 - Dark,01 - Dry,10 - No control,,02 - Non-fatal injury,07 - SMV other,0
16-4355,FRENCH HILL RD btwn EMMETT RD & BIRCHGROVE RD,396121.14848,5039210.61641,-75.33173772310,45.48684437790,2016-05-02,10:20:00 PM,01 - Clear,07 - Dark,01 - Dry,10 - No control,,03 - P.D. only,06 - SMV unattended vehicle,0
16-4356,HUNT CLUB RD @ RIVERSIDE DR,368036.92747,5021945.72297,-75.69318730640,45.33460988010,2016-05-03,6:31:00 AM,01 - Clear,01 - Daylight,01 - Dry,01 - Traffic signal,01 - Functioning,03 - P.D. only,03 - Rear end,0
16-4357,BOYER RD @ JEANNE D'ARC BLVD,380683.51063,5036191.46167,-75.52966477140,45.46152953500,2016-05-03,7:01:00 AM,"07 - Fog, mist, smoke, dust",01 - Daylight,01 - Dry,02 - Stop sign,01 - Functioning,02 - Non-fatal injury,03 - Rear end,0
16-4358,HERON RD btwn ALTA VISTA DR & FINN CRT,370510.23082,5026906.12857,-75.66097546210,45.37901485040,2016-05-03,7:28:00 AM,01 - Clear,01 - Daylight,01 - Dry,10 - No control,,03 - P.D. only,04 - Sideswipe,0
16-4359,BANK ST @ HERON RD,369995.06138,5026851.32266,-75.66755996530,45.37856985250,2016-05-03,7:57:00 AM,"07 - Fog, mist, smoke, dust",01 - Daylight,01 - Dry,01 - Traffic signal,01 - Functioning,03 - P.D. only,03 - Rear end,0
16-4360,HAWTHORNE RD/RUSSELL RD @ WALKLEY RD,374671.07937,5028503.34785,-75.60762763200,45.39298327430,2016-05-03,8:02:00 AM,01 - Clear,01 - Daylight,01 - Dry,01 - Traffic signal,01 - Functioning,02 - Non-fatal injury,03 - Rear end,0
16-4361,CUMMINGS AVE @ GARDENVALE RD,372404.39940,5033033.25230,-75.63595227620,45.43396379720,2016-05-03,8:16:00 AM,01 - Clear,01 - Daylight,01 - Dry,02 - Stop sign,01 - Functioning,03 - P.D. only,02 - Angle,0
16-4362,FOXLIGHT CIR btwn ROSINGDALE ST & SUMMERGAZE ST,356766.02055,5015590.50350,-75.83764356740,45.27834997710,2016-05-03,12:00:00 AM,01 - Clear,00 - Unknown,01 - Dry,10 - No control,,03 - P.D. only,06 - SMV unattended vehicle,0
16-4363,BLAIR RD @ OGILVIE RD,374507.49923,5033199.24840,-75.60905240250,45.43525085700,2016-05-03,8:59:00 AM,01 - Clear,01 - Daylight,01 - Dry,01 - Traffic signal,01 - Functioning,03 - P.D. only,03 - Rear end,0
16-4364,WALKLEY RD btwn ST. LAURENT BLVD & MARTHA AVE,373920.03405,5028056.95611,-75.61728113340,45.38904138060,2016-05-03,9:26:00 AM,01 - Clear,01 - Daylight,01 - Dry,10 - No control,,03 - P.D. only,04 - Sideswipe,0
16-4365,JOSEPH DROUIN AVE btwn PARC DU VILLAGE ST & END,380908.39662,5037574.79530,-75.52657531250,45.47395118130,2016-05-02,4:50:00 PM,01 - Clear,01 - Daylight,01 - Dry,10 - No control,,03 - P.D. only,06 - SMV unattended vehicle,0
16-4366,BANK ST btwn STRATHCONA AVE & PATTERSON AVE,368153.53550,5029991.18753,-75.69066784550,45.40699037100,2016-05-03,10:35:00 AM,01 - Clear,01 - Daylight,01 - Dry,10 - No control,,02 - Non-fatal injury,04 - Sideswipe,0
16-4367,JOHNSTON RD btwn SOUTHGATE RD & ALBION RD S,371196.33869,5025047.50909,-75.65246563610,45.36222695100,2016-05-03,10:38:00 AM,01 - Clear,01 - Daylight,01 - Dry,10 - No control,,03 - P.D. only,99 - Other,0
16-4368,GREENBANK RD @ WEST HUNT CLUB RD,361479.45253,5020501.35687,-75.77700958340,45.32217381820,2016-05-03,11:17:00 AM,01 - Clear,01 - Daylight,01 - Dry,01 - Traffic signal,01 - Functioning,02 - Non-fatal injury,03 - Rear end,0
16-4369,PARKDALE AVE btwn WELLINGTON ST W & GLADSTONE AVE,365154.86334,5029260.00576,-75.72906136280,45.40067636320,2016-04-27,6:20:00 PM,01 - Clear,01 - Daylight,01 - Dry,10 - No control,,03 - P.D. only,04 - Sideswipe,0
16-4370,TRADEWINDS DR btwn PENDERBROOK AVE & HEATHWOOD GT,367408.77825,5016503.95260,-75.70188833790,45.28570191860,2016-05-03,11:57:00 AM,01 - Clear,01 - Daylight,01 - Dry,10 - No control,,03 - P.D. only,07 - SMV other,0
16-4371,BILLINGS BRIDGE NB RAMP @ RIVERSIDE DR EB,369366.04523,5028026.58415,-75.67543696700,45.38920273500,2016-05-03,1:15:00 PM,01 - Clear,01 - Daylight,01 - Dry,10 - No control,,03 - P.D. only,04 - Sideswipe,0
16-4372,ROCKINGHAM AVE btwn CLEMENTINE BLVD & BANK ST,369694.85010,5027314.45781,-75.67133191980,45.38276486560,2016-05-03,1:43:00 PM,01 - Clear,01 - Daylight,01 - Dry,10 - No control,,03 - P.D. only,06 - SMV unattended vehicle,0
16-4373,ALERT RD/AIRPORT PKWY/UPLANDS DR RAMP 62 @ LES,371305.40936,5021355.53861,-75.65156993340,45.32899740390,2016-05-03,3:45:00 PM,01 - Clear,01 - Daylight,01 - Dry,01 - Traffic signal,01 - Functioning,03 - P.D. only,05 - Turning movement,0
16-4374,DUNHAM ST @ OGILVIE RD,374721.95087,5033324.80157,-75.60629394810,45.43635910330,2016-05-03,4:02:00 PM,01 - Clear,01 - Daylight,01 - Dry,02 - Stop sign,01 - Functioning,03 - P.D. only,03 - Rear end,0
16-4375,INNES RD btwn BELCOURT BLVD & 260 E OF BELCOURT BLVD/WALMART SC,382136.84264,5035276.03771,-75.51122749980,45.45313394860,2016-05-03,3:45:00 PM,01 - Clear,01 - Daylight,01 - Dry,10 - No control,,03 - P.D. only,04 - Sideswipe,0
16-4376,ELGIN ST btwn LEWIS ST & WAVERLEY ST,368279.31431,5031013.33287,-75.68892956620,45.41617590420,2016-05-03,4:18:00 PM,01 - Clear,01 - Daylight,01 - Dry,10 - No control,,02 - Non-fatal injury,04 - Sideswipe,0
16-4377,MARCH RD @ SOLANDT RD,350489.38378,5022710.50240,-75.91698434700,45.34285355690,2016-05-03,4:55:00 PM,01 - Clear,01 - Daylight,01 - Dry,01 - Traffic signal,01 - Functioning,03 - P.D. only,03 - Rear end,0
16-4378,MEADOWLANDS DR @ VIEWMOUNT DR,363740.80700,5023105.51050,-75.74785657340,45.34541956410,2016-05-03,5:19:00 PM,01 - Clear,01 - Daylight,01 - Dry,01 - Traffic signal,01 - Functioning,02 - Non-fatal injury,01 - Approaching,0
16-4379,BANK ST btwn ANOKA ST & WILDWOOD AVE,370031.12023,5026752.55686,-75.66711264650,45.37767783360,2016-05-02,7:00:00 PM,01 - Clear,01 - Daylight,01 - Dry,10 - No control,,03 - P.D. only,06 - SMV unattended vehicle,0
16-4380,MARKETPLACE AVE @ RIOCAN AVE,364286.65243,5014761.81947,-75.74189313630,45.27029737780,2016-05-03,5:25:00 PM,01 - Clear,01 - Daylight,01 - Dry,02 - Stop sign,01 - Functioning,03 - P.D. only,03 - Rear end,0
16-4381,BOYER RD @ ST. JOSEPH BLVD,380405.06784,5036834.48478,-75.53312585340,45.46734513630,2016-05-03,5:15:00 PM,01 - Clear,01 - Daylight,01 - Dry,02 - Stop sign,01 - Functioning,03 - P.D. only,02 - Angle,0
16-4382,BANK ST @ HUNT CLUB RD,371609.19104,5024096.50620,-75.64732478900,45.35363092470,2016-05-03,5:30:00 PM,01 - Clear,01 - Daylight,01 - Dry,01 - Traffic signal,01 - Functioning,03 - P.D. only,04 - Sideswipe,0
16-4383,BASIL MACDONALD WAY @ GRANT CARMAN DR,365350.09148,5023324.60104,-75.72729553040,45.34725383640,2016-05-03,5:58:00 PM,01 - Clear,01 - Daylight,01 - Dry,02 - Stop sign,01 - Functioning,03 - P.D. only,03 - Rear end,0
16-4384,OGILVIE RD btwn CUMMINGS AVE & BEAULIEU PL,372760.61695,5032177.09524,-75.63151816220,45.42622598650,2016-05-03,3:35:00 PM,01 - Clear,01 - Daylight,01 - Dry,10 - No control,,03 - P.D. only,02 - Angle,0
16-4385,GLENBRAE AVE btwn MARCONI AVE & CELTIC RIDGE CRES,349517.59457,5024763.07021,-75.92919852560,45.36138563930,2016-05-03,7:30:00 PM,01 - Clear,01 - Daylight,01 - Dry,10 - No control,,02 - Non-fatal injury,07 - SMV other,1
16-4386,COPE DR @ TERRY FOX,353995.60074,5015346.04391,-75.87297725070,45.27634958500,2016-05-03,7:43:00 PM,01 - Clear,05 - Dusk,01 - Dry,01 - Traffic signal,01 - Functioning,03 - P.D. only,03 - Rear end,0
16-4387,WHEATLAND AVE btwn Continuation of WHEATLAND AVE & Continuation of WHE,355491.73034,5015339.43820,-75.85391019840,45.27618387120,2016-05-03,4:30:00 PM,01 - Clear,01 - Daylight,01 - Dry,10 - No control,,03 - P.D. only,04 - Sideswipe,0
16-4388,FISHER AVE @ DEER PARK RD/DYNES RD,366408.56414,5025455.25633,-75.71352365440,45.36633289860,2016-05-03,8:39:00 PM,01 - Clear,07 - Dark,01 - Dry,01 - Traffic signal,01 - Functioning,03 - P.D. only,04 - Sideswipe,0
16-4389,HERON RD @ ALTA VISTA DR,370490.94199,5026902.27859,-75.66122223790,45.37898201820,2016-05-03,11:14:00 PM,01 - Clear,07 - Dark,01 - Dry,01 - Traffic signal,01 - Functioning,02 - Non-fatal injury,02 - Angle,0
16-4390,TENTH LINE RD btwn ST. JOSEPH BLVD & OLD TENTH LINE RD,382955.74762,5038533.41909,-75.50024117160,45.48234987820,2016-05-04,6:40:00 AM,01 - Clear,01 - Daylight,01 - Dry,10 - No control,,03 - P.D. only,03 - Rear end,0
16-4391,DES EPINETTES AVE @ JEANNE D'ARC BLVD,382226.07470,5035959.24480,-75.50997924780,45.45927099090,2016-05-04,7:39:00 AM,01 - Clear,01 - Daylight,01 - Dry,01 - Traffic signal,01 - Functioning,03 - P.D. only,03 - Rear end,0
16-4392,MONTREAL RD @ 46 E OF HILLSIDE DR/MONTREAL SQU,371749.61793,5033916.89203,-75.64419986980,45.44197736550,2016-05-04,7:52:00 AM,01 - Clear,01 - Daylight,01 - Dry,01 - Traffic signal,01 - Functioning,03 - P.D. only,99 - Other,0
16-4393,ALTA VISTA DR btwn 75 S OF CALEDON ST & CALEDON ST,370768.37139,5030375.61298,-75.65721582120,45.41020771970,2016-05-04,8:31:00 AM,01 - Clear,01 - Daylight,01 - Dry,10 - No control,,03 - P.D. only,03 - Rear end,0
16-4394,BESSERER ST @ DALHOUSIE ST,368253.37586,5032158.47338,-75.68911345560,45.42648183840,2016-05-04,8:47:00 AM,01 - Clear,01 - Daylight,01 - Dry,01 - Traffic signal,01 - Functioning,03 - P.D. only,04 - Sideswipe,0
16-4395,BANK ST @ HERON RD,369995.49528,5026850.64332,-75.66755451530,45.37856369910,2016-05-04,11:03:00 AM,01 - Clear,01 - Daylight,01 - Dry,01 - Traffic signal,01 - Functioning,03 - P.D. only,03 - Rear end,0
16-4396,WILBROD ST btwn FRIEL ST & CHAPEL ST,368961.24735,5032314.97726,-75.68004792730,45.42782542800,2016-05-04,11:29:00 AM,01 - Clear,01 - Daylight,01 - Dry,10 - No control,,02 - Non-fatal injury,05 - Turning movement,0
16-4397,HAWTHORNE RD @ HUNT CLUB RD,375507.52442,5026406.75468,-75.59724644040,45.37403522010,2016-05-04,11:43:00 AM,01 - Clear,01 - Daylight,01 - Dry,01 - Traffic signal,01 - Functioning,03 - P.D. only,04 - Sideswipe,0
16-4398,CONSUL AVE btwn CONSUL AVE & MORRISON DR,359854.42325,5022983.25211,-75.79746043000,45.34463528950,2016-05-04,11:55:00 AM,01 - Clear,01 - Daylight,01 - Dry,10 - No control,,02 - Non-fatal injury,02 - Angle,0
16-4399,SOMERSET ST    W btwn ARTHUR ST & CAMBRIDGE ST N,366842.72078,5030398.74694,-75.70736039110,45.41077489400,2016-05-04,1:35:00 PM,01 - Clear,01 - Daylight,01 - Dry,10 - No control,,03 - P.D. only,04 - Sideswipe,0
16-4400,BANK ST @ QUEENSDALE AVE,373336.06874,5023444.61452,-75.62537781940,45.34759879860,2016-05-04,1:50:00 PM,01 - Clear,01 - Daylight,01 - Dry,01 - Traffic signal,01 - Functioning,02 - Non-fatal injury,05 - Turning movement,0
16-4401,METCALFE ST @ GILMOUR ST,368098.23565,5030960.36086,-75.69124976570,45.41571568400,2016-05-04,1:59:00 PM,01 - Clear,01 - Daylight,01 - Dry,01 - Traffic signal,01 - Functioning,03 - P.D. only,05 - Turning movement,0
16-4402,WOODROFFE AVE btwn FOX CRES & GEORGINA DR,361906.17398,5025378.42260,-75.77100382710,45.36602284160,2016-05-04,2:00:00 PM,01 - Clear,01 - Daylight,01 - Dry,10 - No control,,03 - P.D. only,04 - Sideswipe,0
16-4403,OBERON ST @ WESTCLIFFE RD,356483.87842,5019909.01256,-75.84078937730,45.31722940560,2016-05-04,2:03:00 PM,01 - Clear,01 - Daylight,01 - Dry,02 - Stop sign,01 - Functioning,03 - P.D. only,05 - Turning movement,0
16-4404,VIEWMOUNT DR @ MERIVALE RD,365193.92157,5022948.27093,-75.72933424700,45.34388113400,2016-05-04,12:45:00 PM,01 - Clear,01 - Daylight,01 - Dry,01 - Traffic signal,01 - Functioning,03 - P.D. only,03 - Rear end,0
16-4405,TENTH LINE RD btwn AMIENS ST & 275 N OF DES EPINETTES AVE/FALLINGBROOK,383357.89064,5037555.43029,-75.49525420870,45.47350569460,2016-05-04,3:11:00 PM,01 - Clear,01 - Daylight,01 - Dry,10 - No control,,03 - P.D. only,03 - Rear end,0
16-4406,PRINCE OF WALES DR @ FALLOWFIELD RD,367400.38340,5019167.14360,-75.70165912990,45.30966574090,2016-05-04,3:38:00 PM,01 - Clear,01 - Daylight,01 - Dry,01 - Traffic signal,01 - Functioning,03 - P.D. only,03 - Rear end,0
16-4407,GEORGE ST @ DALHOUSIE ST,368156.83205,5032315.28725,-75.69032691630,45.42790154660,2016-05-04,3:56:00 PM,01 - Clear,01 - Daylight,01 - Dry,01 - Traffic signal,01 - Functioning,03 - P.D. only,05 - Turning movement,0
16-4408,RIDEAU ST btwn WALLER ST & CUMBERLAND ST,368339.36750,5032307.80942,-75.68799539250,45.42781770460,2016-05-04,12:20:00 PM,01 - Clear,01 - Daylight,01 - Dry,10 - No control,,03 - P.D. only,06 - SMV unattended vehicle,0
16-4409,RICHMOND RD btwn HIGHFIELD CRES & GRENON AVE,359771.18623,5023975.86782,-75.79841218600,45.35357337180,2016-05-04,4:25:00 PM,01 - Clear,01 - Daylight,01 - Dry,10 - No control,,02 - Non-fatal injury,02 - Angle,0
16-4410,BASELINE RD @ FARLANE BLVD,365357.36626,5025518.43228,-75.72693394650,45.36699295360,2016-05-04,4:31:00 PM,01 - Clear,01 - Daylight,01 - Dry,01 - Traffic signal,01 - Functioning,02 - Non-fatal injury,05 - Turning movement,0
16-4411,DONNELLY DR btwn HARNETT RD & MALAKOFF RD,366164.60776,4988140.43176,-75.72123153870,45.03059272220,2016-05-04,4:36:00 PM,01 - Clear,01 - Daylight,01 - Dry,10 - No control,,02 - Non-fatal injury,07 - SMV other,0
16-4412,STANLEY AVE @ SUSSEX DR,367832.32317,5033872.38055,-75.69427422710,45.44194104240,2016-05-04,4:45:00 PM,01 - Clear,01 - Daylight,01 - Dry,01 - Traffic signal,01 - Functioning,02 - Non-fatal injury,02 - Angle,0
16-4413,GOULBOURN FORCED RD @ KEYROCK DR,349519.88600,5020794.24110,-75.92952807370,45.32567303390,2016-05-04,5:58:00 PM,01 - Clear,01 - Daylight,01 - Dry,02 - Stop sign,01 - Functioning,03 - P.D. only,03 - Rear end,0
16-4414,CARLING AVE @ ROCHESTER ST,366992.93792,5029042.55370,-75.70561250080,45.39855891490,2016-05-04,6:03:00 PM,01 - Clear,01 - Daylight,01 - Dry,02 - Stop sign,01 - Functioning,03 - P.D. only,03 - Rear end,0
16-4415,CYRVILLE RD @ INNES RD,375047.94942,5031119.56420,-75.60244224040,45.41648492520,2016-05-04,5:40:00 PM,01 - Clear,01 - Daylight,01 - Dry,01 - Traffic signal,01 - Functioning,03 - P.D. only,03 - Rear end,0
16-4416,RUSSELL RD @ SAUMURE RD/LANGLADE RD,399947.67423,5029464.26003,-75.28468058520,45.39865022960,2016-05-04,8:56:00 PM,01 - Clear,05 - Dusk,01 - Dry,02 - Stop sign,01 - Functioning,03 - P.D. only,07 - SMV other,0
16-4417,REGIONAL ROAD 174 btwn OR174 IC102 RAMP15 & OR174 IC101 RAMP63,382601.47777,5038808.16338,-75.50472872890,45.48486135170,2016-05-04,9:12:00 PM,02 - Rain,07 - Dark,02 - Wet,10 - No control,,03 - P.D. only,03 - Rear end,0
16-4418,RIOCAN AVE btwn STRANDHERD DR & MARKETPLACE AVE,364200.97284,5014905.02204,-75.74296782370,45.27159315760,2016-05-04,9:15:00 PM,02 - Rain,07 - Dark,02 - Wet,10 - No control,,03 - P.D. only,05 - Turning movement,0
16-4419,LAURIER AVE @ NICHOLAS ST,368374.13658,5031799.25680,-75.68761674290,45.42323876840,2016-05-05,6:21:00 AM,01 - Clear,01 - Daylight,01 - Dry,01 - Traffic signal,01 - Functioning,03 - P.D. only,03 - Rear end,0