Record,Location,X,Y,Longitude,Latitude,Date,Time,Environment,Light,Road_Surface,Traffic_Control,Collision_Location,Collision_Classification,Impact_type,Pedestrian
16-4525,BANK ST @ PARKWAY RD,378746.99052,5014207.89094,-75.55771346150,45.26394157790,2016-05-08,5:00:00 PM,01 - Clear,01 - Daylight,01 - Dry,01 - Traffic signal,01 - Functioning,03 - P.D. only,03 - Rear end,0
16-4526,DWYER HILL RD @ ROGER STEVENS DR,354336.31728,4989351.27180,-75.87121303700,45.04241355080,2016-05-08,5:15:00 PM,01 - Clear,01 - Daylight,01 - Dry,02 - Stop sign,01 - Functioning,02 - Non-fatal injury,02 - Angle,0
16-4527,CONSTANCE BAY RD @ DUNROBIN RD,336736.47038,5037257.14490,-76.09152946210,45.47451030200,2016-05-08,6:45:00 PM,01 - Clear,01 - Daylight,01 - Dry,02 - Stop sign,01 - Functioning,02 - Non-fatal injury,02 - Angle,0
16-4528,VIEWMOUNT DR btwn GRANT CARMAN DR & OVERLAKE DR,365533.75308,5023086.21850,-75.72498123620,45.34509302610,2016-05-08,2:00:00 PM,01 - Clear,01 - Daylight,01 - Dry,10 - No control,,03 - P.D. only,04 - Sideswipe,0
16-4529,OGILVIE RD btwn CYRVILLE RD & MURDOCK GT,372608.13023,5032096.93885,-75.63347763100,45.42551957740,2016-05-08,8:47:00 PM,01 - Clear,07 - Dark,01 - Dry,10 - No control,,03 - P.D. only,02 - Angle,0
16-4530,BRONSON AVE @ FIFTH AVE/MADAWASKA DR,367613.25346,5028937.86484,-75.69770334710,45.39756157740,2016-05-08,8:52:00 PM,01 - Clear,07 - Dark,01 - Dry,01 - Traffic signal,01 - Functioning,03 - P.D. only,03 - Rear end,0
16-4531,RIVERSIDE DR @ WALKLEY RD,368418.49918,5024853.52930,-75.68794544590,45.36073916500,2016-05-08,9:12:00 PM,01 - Clear,07 - Dark,01 - Dry,01 - Traffic signal,01 - Functioning,02 - Non-fatal injury,04 - Sideswipe,0
16-4532,RANGE RD @ SOMERSET ST,369609.45937,5032072.70190,-75.67179681400,45.42558576560,2016-05-08,9:18:00 PM,01 - Clear,07 - Dark,01 - Dry,02 - Stop sign,01 - Functioning,02 - Non-fatal injury,02 - Angle,0
16-4533,FAIRHAVEN WAY btwn GREENHILL WAY & BLACKTHORNE AVE (1),372542.76608,5034574.78218,-75.63397184070,45.44782032090,2016-05-08,12:00:00 AM,01 - Clear,00 - Unknown,01 - Dry,10 - No control,,03 - P.D. only,06 - SMV unattended vehicle,0
16-4534,CATHERINE ST btwn BRONSON AVE & HWY417 IC121A RAMP61,367288.66356,5029814.09459,-75.70173781600,45.40547468890,2016-05-08,11:30:00 PM,01 - Clear,07 - Dark,01 - Dry,10 - No control,,03 - P.D. only,04 - Sideswipe,0
16-4535,CHAMPLAIN ST btwn JEANNE D'ARC BLVD N & OR174 IC102 RAMP61,381515.34034,5038385.91101,-75.51868698260,45.48118249720,2016-05-08,11:43:00 PM,01 - Clear,07 - Dark,01 - Dry,10 - No control,,03 - P.D. only,04 - Sideswipe,0
16-4536,CUMBERLAND ST btwn MURRAY ST & CLARENCE ST,368180.63479,5032661.77952,-75.68997816370,45.43101700420,2016-05-09,12:04:00 AM,01 - Clear,07 - Dark,01 - Dry,10 - No control,,03 - P.D. only,07 - SMV other,0
16-4537,CUMBERLAND ST @ MURRAY ST,368171.52506,5032679.99898,-75.69009223170,45.43118176230,2016-05-09,2:05:00 AM,01 - Clear,07 - Dark,01 - Dry,01 - Traffic signal,01 - Functioning,03 - P.D. only,03 - Rear end,0
16-4538,GLADSTONE AVE btwn BOOTH ST & LEBRETON ST N,366773.49230,5029858.41031,-75.70831267340,45.40591923070,2016-05-09,5:47:00 AM,01 - Clear,03 - Dawn,01 - Dry,10 - No control,,02 - Non-fatal injury,07 - SMV other,1
16-4539,GRENON AVE @ RICHMOND RD,359806.44603,5024033.28563,-75.79795581700,45.35408725160,2016-05-09,7:46:00 AM,01 - Clear,01 - Daylight,01 - Dry,01 - Traffic signal,01 - Functioning,03 - P.D. only,03 - Rear end,0
16-4540,CRESTVIEW RD btwn EASTLANE RD & FAIRBANKS AVE,370794.79535,5028831.88478,-75.65708486970,45.39631536030,2016-05-09,8:03:00 AM,01 - Clear,01 - Daylight,01 - Dry,10 - No control,,03 - P.D. only,04 - Sideswipe,0
16-4541,JEANNE D'ARC BLVD  S btwn YOUVILLE DR & ST. JOSEPH BLVD,379833.72561,5036513.98240,-75.54048034540,45.46452311360,2016-05-09,8:18:00 AM,01 - Clear,01 - Daylight,01 - Dry,10 - No control,,02 - Non-fatal injury,05 - Turning movement,0
16-4542,WOODROFFE AVE btwn KNOXDALE RD/MEDHURST DR & NORICE ST,363240.30198,5022284.68321,-75.75433993200,45.33807570270,2016-05-09,8:25:00 AM,01 - Clear,01 - Daylight,01 - Dry,10 - No control,,02 - Non-fatal injury,03 - Rear end,0
16-4543,CAMPEAU DR/HWY 417 MARCH IC138R63 @ MARCH RD,352840.06869,5020475.74471,-75.88720721210,45.32258775160,2016-05-09,8:00:00 AM,01 - Clear,01 - Daylight,01 - Dry,01 - Traffic signal,01 - Functioning,03 - P.D. only,03 - Rear end,0
16-4544,STRANDHERD DR @ CEDARVIEW RD/TARTAN DR,362292.28288,5013546.76063,-75.76744819490,45.25953006330,2016-05-08,8:00:00 PM,01 - Clear,01 - Daylight,01 - Dry,01 - Traffic signal,01 - Functioning,02 - Non-fatal injury,03 - Rear end,0
16-4545,GREY NUNS DR @ ST. JOSEPH BLVD,380156.90728,5036666.58980,-75.53632473890,45.46586136640,2016-05-09,9:18:00 AM,01 - Clear,01 - Daylight,01 - Dry,01 - Traffic signal,01 - Functioning,03 - P.D. only,03 - Rear end,0
16-4546,ABBOTT ST @ STITTSVILLE MAIN ST,350249.04354,5013331.18728,-75.92091084370,45.25847137790,2016-05-09,9:32:00 AM,01 - Clear,01 - Daylight,01 - Dry,01 - Traffic signal,01 - Functioning,03 - P.D. only,03 - Rear end,0
16-4547,GILMOUR ST btwn HARTINGTON PL & MACDONALD ST,368536.34633,5031225.76270,-75.68561834450,45.41806390880,2016-05-09,10:26:00 AM,01 - Clear,01 - Daylight,01 - Dry,10 - No control,,03 - P.D. only,06 - SMV unattended vehicle,0
16-4548,MERIVALE RD btwn EMERALD PLAZA SC & MEADOWLANDS DR,364764.84290,5023939.75005,-75.73468886020,45.35283914690,2016-05-09,12:38:00 PM,01 - Clear,01 - Daylight,01 - Dry,10 - No control,,03 - P.D. only,04 - Sideswipe,0
16-4549,HAWTHORNE RD @ HUNT CLUB RD,375508.42330,5026406.75367,-75.59723496530,45.37403512040,2016-05-09,1:43:00 PM,01 - Clear,01 - Daylight,01 - Dry,01 - Traffic signal,01 - Functioning,03 - P.D. only,03 - Rear end,0
16-4550,CEDARVIEW RD @ WEST HUNT CLUB RD,359719.80100,5019554.47770,-75.79955857540,45.31379362290,2016-05-09,12:15:00 PM,01 - Clear,01 - Daylight,01 - Dry,01 - Traffic signal,01 - Functioning,02 - Non-fatal injury,03 - Rear end,0
16-4551,APPLEDALE DR btwn GATESBURY ST & CONLAN WAY,365338.95671,5015468.55841,-75.72839744840,45.27656679930,2016-05-09,3:31:00 PM,01 - Clear,01 - Daylight,01 - Dry,10 - No control,,03 - P.D. only,02 - Angle,0
16-4552,RIVER RD btwn RYEBURN DR & LEITRIM RD,368036.69822,5016965.21297,-75.69382586430,45.28979607210,2016-05-09,3:31:00 PM,01 - Clear,01 - Daylight,01 - Dry,10 - No control,,02 - Non-fatal injury,03 - Rear end,0
16-4553,BRAEMAR ST @ HEMLOCK RD,370891.07409,5034757.71898,-75.65506026870,45.44962443360,2016-05-09,3:38:00 PM,01 - Clear,01 - Daylight,01 - Dry,02 - Stop sign,01 - Functioning,03 - P.D. only,03 - Rear end,0
16-4554,BRONSON AVE btwn COOPER ST & SOMERSET ST W,366959.49298,5030492.19720,-75.70585690340,45.41160537090,2016-05-09,3:46:00 PM,01 - Clear,01 - Daylight,01 - Dry,10 - No control,,03 - P.D. only,02 - Angle,0
16-4555,LANGHOLM CRES btwn ST. REMY DR & ST. REMY DR,361926.89221,5015960.02799,-75.77182590410,45.28127457910,2016-05-08,2:00:00 PM,01 - Clear,01 - Daylight,01 - Dry,10 - No control,,03 - P.D. only,06 - SMV unattended vehicle,0
16-4556,PIPER CRES btwn BEACON WAY & BEACON WAY,349135.64259,5022876.30629,-75.93424293130,45.34443236710,2016-05-09,3:48:00 PM,01 - Clear,01 - Daylight,01 - Dry,10 - No control,,03 - P.D. only,06 - SMV unattended vehicle,0
16-4557,COBOURG ST @ ST. PATRICK ST,368802.07128,5033232.69860,-75.68196262990,45.43609732310,2016-05-09,4:50:00 PM,01 - Clear,01 - Daylight,01 - Dry,01 - Traffic signal,01 - Functioning,03 - P.D. only,03 - Rear end,0
16-4558,CENTREPOINTE DR @ WYCLIFFE ST,362310.90317,5022245.18080,-75.76620205930,45.33779706070,2016-05-09,5:05:00 PM,01 - Clear,01 - Daylight,01 - Dry,02 - Stop sign,01 - Functioning,03 - P.D. only,02 - Angle,0
16-4559,MONTREAL RD @ GRANVILLE ST/LAFONTAINE AVE,370826.45277,5033475.81192,-75.65605833120,45.43809652340,2016-05-09,5:16:00 PM,01 - Clear,01 - Daylight,01 - Dry,01 - Traffic signal,01 - Functioning,03 - P.D. only,05 - Turning movement,0
16-4560,MONTEBELLO LANE btwn MORTON DR & MORTON DR,353031.17917,5016594.43116,-75.88514724410,45.28764971810,2016-05-09,3:30:00 PM,01 - Clear,01 - Daylight,01 - Dry,10 - No control,,03 - P.D. only,06 - SMV unattended vehicle,0
16-4561,ALBION RD @ BANK ST,371947.40206,5024129.04996,-75.64300431820,45.35389143850,2016-05-09,9:35:00 PM,01 - Clear,07 - Dark,01 - Dry,01 - Traffic signal,01 - Functioning,03 - P.D. only,03 - Rear end,0
16-4562,OGILVIE RD @ ELMRIDGE DR/JASMINE CRES N,375419.50803,5034059.22176,-75.59727386970,45.44289688190,2016-05-02,9:30:00 PM,01 - Clear,07 - Dark,01 - Dry,01 - Traffic signal,01 - Functioning,02 - Non-fatal injury,07 - SMV other,1
16-4563,PRESTONE DR @ MOUNTAINSIDE CRES S/TURNER CRES,382933.42406,5038128.83339,-75.50059105090,45.47871228120,2016-05-09,10:51:00 PM,01 - Clear,07 - Dark,01 - Dry,02 - Stop sign,01 - Functioning,03 - P.D. only,02 - Angle,0
16-4564,RAMSAYVILLE RD btwn RIDGE RD & RUSSELL RD,377042.49830,5027924.06466,-75.57742927330,45.38753058440,2016-05-10,1:35:00 AM,01 - Clear,07 - Dark,01 - Dry,10 - No control,,03 - P.D. only,07 - SMV other,0
16-4565,EARL ARMSTRONG RD @ SPRATT RD,368396.03494,5015010.97966,-75.68949572740,45.27217969140,2016-05-10,7:30:00 AM,01 - Clear,01 - Daylight,01 - Dry,01 - Traffic signal,01 - Functioning,02 - Non-fatal injury,05 - Turning movement,0
16-4566,VIEWMOUNT DR @ MERIVALE RD,365193.47238,5022949.39428,-75.72933984140,45.34389128090,2016-05-10,7:58:00 AM,01 - Clear,01 - Daylight,01 - Dry,01 - Traffic signal,01 - Functioning,03 - P.D. only,03 - Rear end,0
16-4567,BANK ST @ JOHNSTON RD,370851.05406,5024839.30242,-75.65690046190,45.36038619200,2016-05-10,9:58:00 AM,01 - Clear,01 - Daylight,01 - Dry,01 - Traffic signal,01 - Functioning,03 - P.D. only,05 - Turning movement,0
16-4568,GARFIELD AVE @ MAITLAND AVE,363343.36824,5025563.20414,-75.75263679550,45.36756691860,2016-05-10,8:30:00 AM,01 - Clear,01 - Daylight,01 - Dry,01 - Traffic signal,01 - Functioning,03 - P.D. only,03 - Rear end,0
16-4569,INNES RD btwn ORCHARDVIEW AVE & PORTOBELLO BLVD,385617.61240,5036887.15834,-75.46646721630,45.46723538380,2016-05-10,10:20:00 AM,01 - Clear,01 - Daylight,01 - Dry,10 - No control,,03 - P.D. only,04 - Sideswipe,0
16-4570,RUSSELL RD @ SAUMURE RD/LANGLADE RD,399948.12342,5029464.48450,-75.28467480560,45.39865218830,2016-05-10,10:51:00 AM,01 - Clear,01 - Daylight,01 - Dry,02 - Stop sign,01 - Functioning,03 - P.D. only,03 - Rear end,0
16-4571,LAURIER AVE @ NICHOLAS ST,368375.33568,5031797.45816,-75.68760165380,45.42322247630,2016-05-10,12:10:00 PM,01 - Clear,01 - Daylight,01 - Dry,01 - Traffic signal,01 - Functioning,02 - Non-fatal injury,03 - Rear end,0
16-4572,WEST HUNT CLUB RD @ ROYDON PL/SUNDERLAND ST,365974.97922,5022169.81573,-75.71946461990,45.33680902880,2016-05-10,11:40:00 AM,01 - Clear,01 - Daylight,01 - Dry,01 - Traffic signal,01 - Functioning,03 - P.D. only,05 - Turning movement,0
16-4573,ST. JOSEPH BLVD/OLD MONTREAL RD @ TRIM RD,384683.55293,5039285.31559,-75.47802046960,45.48891914190,2016-05-10,12:01:00 PM,01 - Clear,01 - Daylight,01 - Dry,11 - Roundabout,01 - Functioning,03 - P.D. only,02 - Angle,0
16-4574,RICHMOND RD btwn PATRICIA AVE & LEIGHTON TER,364004.61928,5028786.20849,-75.74380949460,45.39651144320,2016-05-09,4:00:00 PM,01 - Clear,01 - Daylight,01 - Dry,10 - No control,,03 - P.D. only,06 - SMV unattended vehicle,0
16-4575,LORRY GREENBERG DR btwn HUNTER'S GLEN CRES & MARGRAVE AVE,372594.86140,5025241.78133,-75.63458918190,45.36384108620,2016-05-09,12:00:00 AM,01 - Clear,00 - Unknown,01 - Dry,10 - No control,,03 - P.D. only,06 - SMV unattended vehicle,0
16-4576,SUNVALE WAY btwn FAIRPARK DR & VILLANDRY ST,366982.12673,5015363.05512,-75.70746953690,45.27547408850,2016-05-10,12:31:00 PM,01 - Clear,01 - Daylight,01 - Dry,10 - No control,,03 - P.D. only,99 - Other,0
16-4577,LAURIER AVE @ NELSON ST,368878.10873,5032116.79935,-75.68113607700,45.42604991820,2016-05-10,12:54:00 PM,01 - Clear,01 - Daylight,01 - Dry,01 - Traffic signal,01 - Functioning,03 - P.D. only,03 - Rear end,0
16-4578,"EGLISE, RUE DE L btwn MONTREAL RD & COLLEGE CIRC",371246.94304,5033448.03438,-75.65068802130,45.43780675940,2016-05-10,2:16:00 PM,01 - Clear,01 - Daylight,01 - Dry,10 - No control,,03 - P.D. only,06 - SMV unattended vehicle,0
16-4579,GREENBANK RD @ WEST HUNT CLUB RD,361479.45228,5020502.92864,-75.77700940600,45.32218796040,2016-05-10,12:10:00 PM,01 - Clear,01 - Daylight,01 - Dry,01 - Traffic signal,01 - Functioning,03 - P.D. only,03 - Rear end,0
16-4580,MERIVALE RD @ BASIL MACDONALD WAY/MERIVALE MAL,365096.73495,5023170.88845,-75.73054716180,45.34589257840,2016-05-10,3:49:00 PM,01 - Clear,01 - Daylight,01 - Dry,01 - Traffic signal,01 - Functioning,02 - Non-fatal injury,05 - Turning movement,0
16-4581,MERIVALE RD btwn SHILLINGTON AVE & RAVEN AVE,364844.91012,5026820.60893,-75.73331698820,45.37875380470,2016-05-10,4:12:00 PM,01 - Clear,01 - Daylight,01 - Dry,10 - No control,,02 - Non-fatal injury,05 - Turning movement,0
16-4582,CONROY RD @ JOHNSTON RD,373396.13066,5026308.68528,-75.62421392290,45.37336270010,2016-05-10,4:12:00 PM,01 - Clear,01 - Daylight,01 - Dry,01 - Traffic signal,01 - Functioning,03 - P.D. only,03 - Rear end,0
16-4583,LEACOCK DR btwn PENTLAND CRES & PENTLAND CRES,351490.35876,5020811.98762,-75.90439128100,45.32570441170,2016-05-10,4:11:00 PM,01 - Clear,01 - Daylight,01 - Dry,10 - No control,,03 - P.D. only,99 - Other,0
16-4584,MERIVALE RD @ SLACK RD,366020.82390,5020955.49300,-75.71902992640,45.32587871910,2016-05-10,4:39:00 PM,01 - Clear,01 - Daylight,01 - Dry,01 - Traffic signal,01 - Functioning,03 - P.D. only,05 - Turning movement,0
16-4585,HOLLAND AVE @ TYNDALL ST,365032.08763,5028916.77465,-75.73067140140,45.39759861830,2016-05-10,5:04:00 PM,01 - Clear,01 - Daylight,01 - Dry,01 - Traffic signal,01 - Functioning,03 - P.D. only,04 - Sideswipe,0
16-4586,CAMBRIAN RD/GOLFLINKS DR W @ LONGFIELDS DR,365382.23156,5013223.18688,-75.72811981360,45.25635924980,2016-05-10,5:31:00 PM,01 - Clear,01 - Daylight,01 - Dry,11 - Roundabout,01 - Functioning,03 - P.D. only,04 - Sideswipe,0
16-4587,TENTH LINE RD @ CHARLEMAGNE BLVD S/DES EPINETT,383640.97510,5036900.45590,-75.49173924100,45.46758093120,2016-05-10,6:34:00 PM,01 - Clear,01 - Daylight,01 - Dry,01 - Traffic signal,01 - Functioning,03 - P.D. only,03 - Rear end,0
16-4588,ARLINGTON AVE btwn BOOTH ST & LEBRETON ST N,366916.25392,5029738.96706,-75.70650417220,45.40483185970,2016-05-10,12:00:00 AM,01 - Clear,00 - Unknown,01 - Dry,10 - No control,,03 - P.D. only,06 - SMV unattended vehicle,0
16-4589,RICHMOND RD @ WEST HUNT CLUB RD,357145.42258,5018152.91174,-75.83253766740,45.30137878080,2016-05-10,7:13:00 PM,01 - Clear,01 - Daylight,01 - Dry,01 - Traffic signal,01 - Functioning,02 - Non-fatal injury,03 - Rear end,0
16-4590,DONALD ST @ ST. LAURENT BLVD,372094.63138,5032471.89604,-75.63998767050,45.42894285680,2016-05-10,7:32:00 PM,01 - Clear,01 - Daylight,01 - Dry,01 - Traffic signal,01 - Functioning,02 - Non-fatal injury,05 - Turning movement,0
16-4591,FALLOWFIELD RD @ MOODIE DR,359501.43042,5014636.18742,-75.80288583430,45.26955541480,2016-05-10,7:41:00 PM,01 - Clear,01 - Daylight,01 - Dry,01 - Traffic signal,01 - Functioning,03 - P.D. only,03 - Rear end,0
16-4592,REGIONAL ROAD 174 btwn OLD MONTREAL RD & OLD MONTREAL RD,394452.10834,5043001.10429,-75.35239248470,45.52116232630,2016-05-10,11:15:00 PM,01 - Clear,07 - Dark,01 - Dry,10 - No control,,02 - Non-fatal injury,04 - Sideswipe,0
16-4593,CARLING AVE @ ISLAND PARK DR,365349.82690,5027997.76828,-75.72672615560,45.38930219250,2016-05-11,5:43:00 AM,01 - Clear,03 - Dawn,01 - Dry,01 - Traffic signal,01 - Functioning,03 - P.D. only,02 - Angle,0
16-4594,LEES AVE btwn HWY417 IC118 RAMP45 & TRANSIT,369635.82941,5030939.18023,-75.67160903360,45.41538432590,2016-05-11,7:51:00 AM,01 - Clear,01 - Daylight,01 - Dry,10 - No control,,03 - P.D. only,05 - Turning movement,0
16-4595,BILBERRY DR W @ JEANNE D'ARC BLVD,380447.79009,5038399.06866,-75.53233867160,45.48141737010,2016-05-11,7:54:00 AM,01 - Clear,01 - Daylight,01 - Dry,01 - Traffic signal,01 - Functioning,02 - Non-fatal injury,02 - Angle,0
16-4596,CARLING AVE @ RICHMOND RD,360245.45428,5024781.96174,-75.79226923040,45.36078924390,2016-05-11,7:58:00 AM,01 - Clear,01 - Daylight,01 - Dry,01 - Traffic signal,01 - Functioning,03 - P.D. only,03 - Rear end,0
16-4597,TENTH LINE RD @ CHARLEMAGNE BLVD N/TOMPKINS AV,383184.19169,5037977.98961,-75.49740803310,45.47732701870,2016-05-11,7:45:00 AM,01 - Clear,01 - Daylight,01 - Dry,01 - Traffic signal,01 - Functioning,03 - P.D. only,03 - Rear end,0
16-4598,LESTER RD btwn ALBION RD & UPLANDS DR,371410.70153,5021380.06171,-75.65022353820,45.32920807040,2016-05-11,8:49:00 AM,01 - Clear,01 - Daylight,01 - Dry,10 - No control,,02 - Non-fatal injury,03 - Rear end,0
16-4599,RIVERSIDE DR @ UPLANDS DR/KIMBERWICK CRES N,368194.94072,5022794.39928,-75.69106275400,45.34223183540,2016-05-11,9:28:00 AM,01 - Clear,01 - Daylight,01 - Dry,01 - Traffic signal,01 - Functioning,03 - P.D. only,03 - Rear end,0
16-4600,PRINCE OF WALES DR btwn WINDING WAY & MERIVALE RD,367449.48658,5017604.77521,-75.70123042450,45.29560337270,2016-05-11,10:00:00 AM,01 - Clear,01 - Daylight,01 - Dry,10 - No control,,03 - P.D. only,03 - Rear end,0
16-4601,BEECHWOOD AVE btwn MACKAY ST & SPRINGFIELD RD,369220.91786,5033637.80536,-75.67655671190,45.43970384980,2016-05-11,10:08:00 AM,01 - Clear,01 - Daylight,01 - Dry,10 - No control,,03 - P.D. only,04 - Sideswipe,0
16-4602,BRONSON AVE @ SOMERSET ST,366967.47062,5030476.34672,-75.70575699130,45.41146204400,2016-05-11,10:56:00 AM,01 - Clear,01 - Daylight,01 - Dry,01 - Traffic signal,01 - Functioning,03 - P.D. only,03 - Rear end,0
16-4603,BRONSON AVE @ GLADSTONE AVE,367132.57810,5030081.11456,-75.70369778030,45.40789117480,2016-05-11,10:58:00 AM,01 - Clear,01 - Daylight,01 - Dry,01 - Traffic signal,01 - Functioning,02 - Non-fatal injury,07 - SMV other,1
16-4604,MAITLAND AVE btwn HENRY FARM DR & TERREBONNE DR,363999.67076,5025136.41538,-75.74431031560,45.36367160580,2016-05-10,2:45:00 PM,01 - Clear,01 - Daylight,01 - Dry,10 - No control,,03 - P.D. only,04 - Sideswipe,0
16-4605,BRONSON AVE @ HWY 417 BRONSON IC121AR51,367288.91258,5029710.48662,-75.70174776570,45.40454243190,2016-05-11,12:00:00 PM,01 - Clear,01 - Daylight,01 - Dry,01 - Traffic signal,01 - Functioning,03 - P.D. only,03 - Rear end,0
16-4606,ALTA VISTA DR @ DORION AVE,370672.94202,5030135.45798,-75.65846694470,45.40805588800,2016-05-11,12:20:00 PM,01 - Clear,01 - Daylight,01 - Dry,01 - Traffic signal,01 - Functioning,03 - P.D. only,03 - Rear end,0
16-4607,O'GRADY ST btwn MANOTICK MAIN ST & DICKINSON ST,368962.88497,5009772.51727,-75.68294828660,45.22499295640,2016-05-11,12:28:00 PM,01 - Clear,01 - Daylight,01 - Dry,10 - No control,,03 - P.D. only,06 - SMV unattended vehicle,0
16-4608,REGIONAL ROAD 174 btwn TRANSIT & OR174 IC105 RAMP51,378578.57481,5036532.50397,-75.55652603050,45.46482345020,2016-05-11,12:37:00 PM,01 - Clear,01 - Daylight,01 - Dry,10 - No control,,02 - Non-fatal injury,04 - Sideswipe,0
16-4609,COMO CRES btwn TRENHOLM LANE & VARENNES BLVD (1),385009.40100,5037960.09889,-75.47406889770,45.47695877480,2016-05-11,12:00:00 PM,01 - Clear,01 - Daylight,01 - Dry,10 - No control,,03 - P.D. only,02 - Angle,0
16-4610,REGIONAL ROAD 174 btwn TRANSIT & OR174 IC105 RAMP51,377177.47810,5035747.87745,-75.57455626890,45.45791049050,2016-05-11,12:55:00 PM,01 - Clear,01 - Daylight,01 - Dry,10 - No control,,02 - Non-fatal injury,03 - Rear end,0
16-4611,GLADWIN CRES btwn BOURASSA ST & END,373349.24983,5029744.28606,-75.62433518190,45.40427930830,2016-05-11,1:39:00 PM,01 - Clear,01 - Daylight,01 - Dry,10 - No control,,03 - P.D. only,03 - Rear end,0
16-4612,O'CONNOR ST btwn MCLEOD ST & ARGYLE AVE,368168.75574,5030509.84266,-75.69040675930,45.41165568620,2016-05-11,1:44:00 PM,01 - Clear,01 - Daylight,01 - Dry,10 - No control,,03 - P.D. only,04 - Sideswipe,0
16-4613,KENT ST btwn ALBERT ST & SLATER ST,367255.61946,5031262.73366,-75.70197634090,45.41851205850,2016-05-11,2:17:00 PM,01 - Clear,01 - Daylight,01 - Dry,10 - No control,,03 - P.D. only,04 - Sideswipe,0
16-4614,ELGIN ST @ WELLINGTON ST W,367664.65844,5031878.23401,-75.69667184250,45.42401349660,2016-05-11,3:53:00 PM,01 - Clear,01 - Daylight,01 - Dry,01 - Traffic signal,01 - Functioning,02 - Non-fatal injury,07 - SMV other,1
16-4615,CENTREPOINTE DR @ HEMMINGWOOD WAY W,361701.55214,5022999.76127,-75.77388952490,45.34463643140,2016-05-11,2:28:00 PM,01 - Clear,01 - Daylight,01 - Dry,02 - Stop sign,01 - Functioning,03 - P.D. only,03 - Rear end,0
16-4616,RICHMOND RD @ LYNHAR RD/STAFFORD RD,358136.63253,5021086.88349,-75.81958366070,45.32770437530,2016-05-11,2:36:00 PM,01 - Clear,01 - Daylight,01 - Dry,01 - Traffic signal,01 - Functioning,03 - P.D. only,03 - Rear end,0
16-4617,OR174 IC105 RAMP36 btwn JEANNE D'ARC BLVD N & OR174 IC105 RAMP16,379272.04073,5037271.89434,-75.54754723520,45.47140233600,2016-05-11,3:29:00 PM,01 - Clear,01 - Daylight,01 - Dry,10 - No control,,02 - Non-fatal injury,07 - SMV other,1
16-4618,CUMMINGS AVE btwn WELDON DR & OGILVIE RD,372707.14717,5032271.25986,-75.63218840130,45.42707842800,2016-05-11,3:30:00 PM,01 - Clear,01 - Daylight,01 - Dry,10 - No control,,03 - P.D. only,05 - Turning movement,0
16-4619,MONTREAL RD @ SHEFFORD RD,376126.40466,5034854.02414,-75.58812356530,45.44997625180,2016-05-11,4:07:00 PM,01 - Clear,01 - Daylight,01 - Dry,01 - Traffic signal,01 - Functioning,03 - P.D. only,04 - Sideswipe,0
16-4620,CHAPEL ST @ RIDEAU ST,368891.28090,5032643.04582,-75.68089927920,45.43078368040,2016-05-11,4:09:00 PM,01 - Clear,01 - Daylight,01 - Dry,01 - Traffic signal,01 - Functioning,03 - P.D. only,03 - Rear end,0
16-4621,VANIER PKWY NB btwn BEECHWOOD AVE/ ST. PATRICK ST/CRICHTON ST & DESCHA,369197.53623,5033458.42520,-75.67687902020,45.43809201220,2016-05-11,4:24:00 PM,01 - Clear,01 - Daylight,01 - Dry,10 - No control,,03 - P.D. only,04 - Sideswipe,0
16-4622,CARLING AVE @ PINECREST  RD/GREENVIEW AVE,360007.34986,5024631.62912,-75.79532506290,45.35945534600,2016-05-11,4:31:00 PM,01 - Clear,01 - Daylight,01 - Dry,01 - Traffic signal,01 - Functioning,03 - P.D. only,03 - Rear end,0
16-4623,HUNTMAR DR @ MAPLE GROVE RD,350267.38028,5016713.00396,-75.92036751600,45.28890090310,2016-05-11,4:53:00 PM,01 - Clear,01 - Daylight,01 - Dry,01 - Traffic signal,01 - Functioning,03 - P.D. only,03 - Rear end,0
16-4624,ACACIA AVE @ ROCKCLIFFE PKWY,368701.55068,5035534.31826,-75.68294836580,45.45681557860,2016-05-11,4:59:00 PM,01 - Clear,01 - Daylight,01 - Dry,02 - Stop sign,01 - Functioning,03 - P.D. only,03 - Rear end,0
16-4625,MONTREAL RD btwn ST. LAURENT BLVD & HILLSIDE DR,371678.52099,5033881.09905,-75.64511344580,45.44166212310,2016-05-11,5:02:00 PM,01 - Clear,01 - Daylight,01 - Dry,10 - No control,,03 - P.D. only,01 - Approaching,0
16-4626,PRINCE OF WALES DR btwn WELLSMERE CRT & TURN LANE,367415.57452,5022179.67056,-75.70108450260,45.33677061960,2016-05-11,5:09:00 PM,01 - Clear,01 - Daylight,01 - Dry,10 - No control,,03 - P.D. only,03 - Rear end,0
16-4627,BAYNE AVE btwn DAVID DR & MEADOWLANDS DR W,364744.74480,5023733.12348,-75.73497039240,45.35098166680,2016-05-11,5:36:00 PM,01 - Clear,01 - Daylight,01 - Dry,10 - No control,,02 - Non-fatal injury,07 - SMV other,1
16-4628,STRANDHERD DR btwn MARAVISTA DR & KENNEVALE DR,361316.68364,5014517.65192,-75.77976757200,45.26834528730,2016-05-11,5:38:00 PM,01 - Clear,01 - Daylight,01 - Dry,10 - No control,,03 - P.D. only,03 - Rear end,0
16-4629,BASELINE RD btwn FISHER AVE & LEXINGTON ST,366366.31444,5026152.44765,-75.71397606150,45.37260979520,2016-05-11,5:43:00 PM,01 - Clear,01 - Daylight,01 - Dry,10 - No control,,03 - P.D. only,03 - Rear end,0