Record,Location,X,Y,Longitude,Latitude,Date,Time,Environment,Light,Road_Surface,Traffic_Control,Collision_Location,Collision_Classification,Impact_type,Pedestrian
16-4841,PRINCESS PATRICIA WAY @ QUEEN ELIZABETH DRWY,368968.69320,5029417.99180,-75.68032998160,45.40175869160,2016-05-18,11:56:00 AM,01 - Clear,01 - Daylight,01 - Dry,02 - Stop sign,01 - Functioning,03 - P.D. only,03 - Rear end,0
16-4842,ALTA VISTA DR btwn DALE AVE & 75 S OF CALEDON ST,370708.31542,5030223.58348,-75.65800331380,45.40884547650,2016-05-18,12:03:00 PM,01 - Clear,01 - Daylight,01 - Dry,10 - No control,,02 - Non-fatal injury,02 - Angle,0
16-4843,DAZE ST btwn 200 W OF BANK ST & BANK ST,371291.54314,5024304.76488,-75.65135042220,45.35553496060,2016-05-16,3:30:00 PM,01 - Clear,01 - Daylight,01 - Dry,10 - No control,,03 - P.D. only,02 - Angle,0
16-4844,MONTGOMERY ST @ MONTREAL RD,369813.05398,5032920.36856,-75.66908343630,45.43319383760,2016-05-18,12:41:00 PM,01 - Clear,01 - Daylight,01 - Dry,01 - Traffic signal,01 - Functioning,03 - P.D. only,03 - Rear end,0
16-4845,PORTOBELLO BLVD @ VALIN ST,385350.30676,5037697.33968,-75.46975227910,45.47455548250,2016-05-17,4:24:00 PM,01 - Clear,01 - Daylight,01 - Dry,02 - Stop sign,01 - Functioning,02 - Non-fatal injury,03 - Rear end,0
16-4846,PARKDALE AVE @ WESTMOUNT AVE/HWY 417 PARKDAL I,365301.29797,5028925.14884,-75.72723213460,45.39765075580,2016-05-18,1:38:00 PM,01 - Clear,01 - Daylight,01 - Dry,01 - Traffic signal,01 - Functioning,03 - P.D. only,04 - Sideswipe,0
16-4847,MCARTHUR AVE @ VANIER PKWY,370219.83240,5032689.90946,-75.66391567190,45.43108232690,2016-05-18,1:00:00 PM,01 - Clear,01 - Daylight,01 - Dry,01 - Traffic signal,01 - Functioning,03 - P.D. only,03 - Rear end,0
16-4848,ROCHESTER ST @ SOMERSET ST,366481.47962,5030203.69310,-75.71199946860,45.40905178520,2016-05-18,3:02:00 PM,01 - Clear,01 - Daylight,01 - Dry,01 - Traffic signal,01 - Functioning,03 - P.D. only,99 - Other,0
16-4849,HARDING RD @ WALKLEY RD,373146.73350,5027608.86617,-75.62721770120,45.38508555140,2016-05-18,3:14:00 PM,01 - Clear,01 - Daylight,01 - Dry,01 - Traffic signal,01 - Functioning,03 - P.D. only,03 - Rear end,0
16-4850,ST. LAURENT BLVD btwn HWY417 IC115 RAMP36 & TRANSIT,372402.36898,5031717.96238,-75.63615876820,45.42212964060,2016-05-18,3:22:00 PM,01 - Clear,01 - Daylight,01 - Dry,10 - No control,,03 - P.D. only,04 - Sideswipe,0
16-4851,REGINA ST btwn POULIN AVE & DON ST,360258.91045,5025310.91292,-75.79203811980,45.36554766320,2016-05-17,4:00:00 PM,01 - Clear,01 - Daylight,01 - Dry,10 - No control,,03 - P.D. only,06 - SMV unattended vehicle,0
16-4852,RIVERSIDE DR NB btwn INDUSTRIAL AVE & TREMBLAY RD,370699.82570,5030641.48237,-75.65805589240,45.41260636450,2016-05-18,4:46:00 PM,01 - Clear,01 - Daylight,01 - Dry,10 - No control,,03 - P.D. only,03 - Rear end,0
16-4853,NO NAME btwn LANTHIER DR & END,383507.50297,5035812.60575,-75.49362005760,45.45780848420,2016-05-15,4:40:00 PM,01 - Clear,01 - Daylight,01 - Dry,10 - No control,,03 - P.D. only,99 - Other,0
16-4854,LAURIER AVE   E btwn RUSSELL AVE & CHAPEL ST,369114.88603,5032262.01367,-75.67809161410,45.42733477090,2016-05-18,7:59:00 PM,01 - Clear,01 - Daylight,01 - Dry,10 - No control,,03 - P.D. only,04 - Sideswipe,0
16-4855,CANAAN RD @ REGIONAL RD 174,395771.59128,5043414.00054,-75.33542905180,45.52470604230,2016-05-18,5:21:00 PM,01 - Clear,01 - Daylight,01 - Dry,01 - Traffic signal,01 - Functioning,03 - P.D. only,03 - Rear end,0
16-4856,CARLING AVE WB btwn BOOTH ST & LEBRETON ST S,367117.03434,5029121.21604,-75.70401763860,45.39925566230,2016-05-18,5:30:00 PM,01 - Clear,01 - Daylight,01 - Dry,10 - No control,,03 - P.D. only,04 - Sideswipe,0
16-4857,RICHMOND RD btwn HWY417 IC130 RAMP25 & HWY417 IC130 RAMP35,359102.03300,5022842.72006,-75.80707626340,45.34342942880,2016-05-18,7:02:00 PM,01 - Clear,01 - Daylight,01 - Dry,10 - No control,,03 - P.D. only,03 - Rear end,0
16-4858,CEDARVIEW RD @ WEST HUNT CLUB RD,359719.80480,5019555.15414,-75.79955845200,45.31379970890,2016-05-18,7:29:00 PM,01 - Clear,01 - Daylight,01 - Dry,01 - Traffic signal,01 - Functioning,03 - P.D. only,03 - Rear end,0
16-4859,CARLING AVE @ PRESTON ST,366830.16924,5028935.32378,-75.70770482220,45.39760852840,2016-05-18,11:39:00 PM,01 - Clear,07 - Dark,01 - Dry,01 - Traffic signal,01 - Functioning,02 - Non-fatal injury,05 - Turning movement,0
16-4860,PROVENCE AVE btwn INNES RD & SCALA AVE,386123.70090,5037047.34096,-75.45996968830,45.46861780840,2016-05-19,7:49:00 AM,01 - Clear,01 - Daylight,01 - Dry,10 - No control,,02 - Non-fatal injury,02 - Angle,0
16-4861,BANK ST btwn HOPEWELL AVE & GLEN AVE,368772.76692,5028494.08157,-75.68295224520,45.39346357420,2016-05-19,10:44:00 AM,01 - Clear,01 - Daylight,01 - Dry,10 - No control,,02 - Non-fatal injury,02 - Angle,0
16-4862,EAGLESON RD @ MICHAEL COWPLAND DR/STONEHAVEN D,354382.85148,5016622.76766,-75.86791428540,45.28781063920,2016-05-19,10:00:00 AM,01 - Clear,01 - Daylight,01 - Dry,01 - Traffic signal,01 - Functioning,03 - P.D. only,04 - Sideswipe,0
16-4863,WALKLEY RD btwn HAMPSTEAD PL & JASPER AVE,370773.14273,5026201.21300,-75.65771299240,45.37264755370,2016-05-19,11:41:00 AM,01 - Clear,01 - Daylight,01 - Dry,10 - No control,,03 - P.D. only,04 - Sideswipe,0
16-4864,STITTSVILLE MAIN ST btwn CARP RD & RAVENSCROFT CRT,349551.52767,5014235.37184,-75.92971634580,45.26665227360,2016-05-19,12:01:00 PM,01 - Clear,01 - Daylight,01 - Dry,10 - No control,,02 - Non-fatal injury,03 - Rear end,0
16-4865,PARKDALE AVE @ WELLINGTON ST,365150.82800,5029271.23214,-75.72911152910,45.40077772280,2016-05-19,1:08:00 PM,01 - Clear,01 - Daylight,01 - Dry,01 - Traffic signal,01 - Functioning,03 - P.D. only,04 - Sideswipe,0
16-4866,RUSSELL RD btwn ANDERSON RD & FARMERS WAY,379976.75846,5026641.34966,-75.54015789590,45.37568074850,2016-05-19,1:39:00 PM,01 - Clear,01 - Daylight,01 - Dry,10 - No control,,03 - P.D. only,05 - Turning movement,0
16-4867,CARLING AVE @ CHURCHILL AVE,363775.01916,5027013.31232,-75.74695366790,45.38057859600,2016-05-19,1:41:00 PM,01 - Clear,01 - Daylight,01 - Dry,01 - Traffic signal,01 - Functioning,03 - P.D. only,03 - Rear end,0
16-4868,CATHERINE ST btwn KENT ST & BANK ST,367976.11659,5030230.83713,-75.69290340970,45.40916269920,2016-05-19,2:00:00 PM,01 - Clear,01 - Daylight,01 - Dry,10 - No control,,03 - P.D. only,03 - Rear end,0
16-4869,RICHARDSON SIDE RD btwn SPRUCE RIDGE RD & WILDMEADOW CIRC,343243.84099,5014436.86888,-76.01007851230,45.26883849920,2016-05-19,2:54:00 PM,01 - Clear,01 - Daylight,01 - Dry,10 - No control,,03 - P.D. only,07 - SMV other,0
16-4870,WALKLEY RD @ GLENHAVEN PRIV,370213.74387,5025872.96913,-75.66489760600,45.36974656010,2016-05-19,2:55:00 PM,01 - Clear,01 - Daylight,01 - Dry,01 - Traffic signal,01 - Functioning,02 - Non-fatal injury,07 - SMV other,1
16-4871,ARGYLE AVE @ BANK ST,367995.70880,5030373.69780,-75.69263482340,45.41044634570,2016-05-19,3:09:00 PM,01 - Clear,01 - Daylight,01 - Dry,10 - No control,,02 - Non-fatal injury,07 - SMV other,1
16-4872,MERIVALE RD btwn CLYDE AVE & GILBEY DR,364653.30788,5024670.92521,-75.73602368980,45.35942768790,2016-05-19,3:16:00 PM,01 - Clear,01 - Daylight,01 - Dry,10 - No control,,03 - P.D. only,02 - Angle,0
16-4873,CARLING AVE @ CIVIC HOSPITAL,365790.93534,5028279.40431,-75.72105853020,45.39179801520,2016-05-19,4:27:00 PM,01 - Clear,01 - Daylight,01 - Dry,01 - Traffic signal,01 - Functioning,02 - Non-fatal injury,05 - Turning movement,0
16-4874,LEITRIM RD btwn FENTON RD & BANK ST,374531.94535,5021073.14922,-75.61045265950,45.32614341190,2016-05-19,4:35:00 PM,02 - Rain,01 - Daylight,02 - Wet,10 - No control,,02 - Non-fatal injury,04 - Sideswipe,0
16-4875,EMPEROR AVE @ FISHER AVE,365682.33516,5027166.05219,-75.72258271720,45.38178976290,2016-05-19,4:40:00 PM,01 - Clear,01 - Daylight,01 - Dry,02 - Stop sign,01 - Functioning,02 - Non-fatal injury,07 - SMV other,1
16-4876,LEITRIM RD @ ALBION RD,373497.62737,5020417.83751,-75.62373645730,45.32034913380,2016-05-19,4:40:00 PM,01 - Clear,01 - Daylight,01 - Dry,01 - Traffic signal,01 - Functioning,02 - Non-fatal injury,03 - Rear end,0
16-4877,GREENBANK RD btwn FALLOWFIELD RD & LARKIN DR,363088.09143,5016719.42159,-75.75693658680,45.28801229530,2016-05-19,5:37:00 PM,01 - Clear,01 - Daylight,01 - Dry,10 - No control,,03 - P.D. only,03 - Rear end,0
16-4878,CARP RD @ THOMAS A. DOLAN PKWY,336460.21226,5025993.67541,-76.09578668370,45.37317045700,2016-05-19,5:47:00 PM,01 - Clear,01 - Daylight,01 - Dry,02 - Stop sign,01 - Functioning,02 - Non-fatal injury,02 - Angle,0
16-4879,DALHOUSIE ST @ MURRAY ST,368000.38583,5032573.18935,-75.69229293470,45.43023621380,2016-05-18,5:52:00 PM,01 - Clear,01 - Daylight,01 - Dry,01 - Traffic signal,01 - Functioning,02 - Non-fatal injury,02 - Angle,0
16-4880,LANCASTER RD @ WALKLEY RD,374909.41694,5028603.21764,-75.60456983930,45.39385803140,2016-05-19,4:15:00 PM,01 - Clear,01 - Daylight,01 - Dry,01 - Traffic signal,01 - Functioning,03 - P.D. only,03 - Rear end,0
16-4881,KING EDWARD AVE NB btwn ST. PATRICK ST & MURRAY ST,368293.74525,5032790.40018,-75.68851614100,45.43216402680,2016-05-19,5:30:00 PM,01 - Clear,01 - Daylight,01 - Dry,10 - No control,,03 - P.D. only,04 - Sideswipe,0
16-4882,FALLOWFIELD RD @ WOODROFFE AVE,365085.37472,5017902.29112,-75.73133347430,45.29848721800,2016-05-19,6:53:00 PM,01 - Clear,01 - Daylight,01 - Dry,01 - Traffic signal,01 - Functioning,02 - Non-fatal injury,03 - Rear end,0
16-4883,OGILVIE RD btwn CYRVILLE RD & MURDOCK GT,372460.70895,5032009.85390,-75.63537327770,45.42475030310,2016-05-19,7:00:00 PM,01 - Clear,01 - Daylight,01 - Dry,10 - No control,,03 - P.D. only,02 - Angle,0
16-4884,WEST HUNT CLUB RD @ ROYDON PL/SUNDERLAND ST,365974.02288,5022171.72840,-75.71947658380,45.33682632240,2016-05-19,7:24:00 PM,01 - Clear,01 - Daylight,01 - Dry,01 - Traffic signal,01 - Functioning,02 - Non-fatal injury,02 - Angle,0
16-4885,BELVAL CRES btwn BELCOURT BLVD & BELCOURT BLVD,381814.54922,5036337.91646,-75.51518118180,45.46272344590,2016-05-19,7:26:00 PM,01 - Clear,01 - Daylight,01 - Dry,10 - No control,,03 - P.D. only,06 - SMV unattended vehicle,0
16-4886,BANK ST btwn SECOND AVE & THIRD AVE,368331.09282,5029563.24829,-75.68845494300,45.40312381680,2016-05-19,7:39:00 PM,01 - Clear,05 - Dusk,01 - Dry,10 - No control,,03 - P.D. only,06 - SMV unattended vehicle,0
16-4887,RIDEAU RD btwn BANK ST & DONCASTER RD,377689.39767,5018271.25127,-75.57059149100,45.30061243050,2016-05-19,9:31:00 PM,01 - Clear,07 - Dark,01 - Dry,10 - No control,,03 - P.D. only,05 - Turning movement,0
16-4888,INNES RD btwn 260 E OF BELCOURT BLVD/WALMART SC & JEANNE D'ARC BLVD/ME,382460.45023,5035466.43010,-75.50706064950,45.45481105110,2016-05-19,9:41:00 PM,01 - Clear,07 - Dark,01 - Dry,10 - No control,,03 - P.D. only,03 - Rear end,0
16-4889,MONTREAL RD @ NORTH RIVER RD,369740.38286,5032887.58490,-75.67001645450,45.43290561540,2016-05-20,12:55:00 AM,01 - Clear,07 - Dark,01 - Dry,01 - Traffic signal,01 - Functioning,03 - P.D. only,07 - SMV other,0
16-4890,ELGIN ST @ LAURIER AVE,367949.46037,5031550.70150,-75.69307479320,45.42104081680,2016-05-20,2:47:00 AM,01 - Clear,07 - Dark,01 - Dry,01 - Traffic signal,01 - Functioning,02 - Non-fatal injury,02 - Angle,0
16-4891,MARQUIS AVE E @ NASKAPI DR E,375275.04826,5034648.82038,-75.59903581360,45.44821631870,2016-05-20,5:05:00 AM,01 - Clear,03 - Dawn,01 - Dry,02 - Stop sign,01 - Functioning,03 - P.D. only,06 - SMV unattended vehicle,0
16-4892,PRINCE OF WALES DR btwn STRATTON DR & THIRD LINE RD S,366839.14505,5001534.56533,-75.71101418460,45.15105752070,2016-05-20,5:24:00 AM,01 - Clear,03 - Dawn,01 - Dry,10 - No control,,03 - P.D. only,07 - SMV other,0
16-4893,BRIDLE PARK DR @ STONEHAVEN DR,356109.39384,5016318.51879,-75.84593708110,45.28494902690,2016-05-20,8:07:00 AM,01 - Clear,01 - Daylight,01 - Dry,01 - Traffic signal,01 - Functioning,02 - Non-fatal injury,03 - Rear end,0
16-4894,RAMSAYVILLE RD btwn LOUISEIZE RD & NINTH LINE RD,380218.16845,5020283.65473,-75.53804551040,45.31845204700,2016-05-20,8:12:00 AM,01 - Clear,01 - Daylight,01 - Dry,10 - No control,,03 - P.D. only,02 - Angle,0
16-4895,MCCARTHY RD btwn PAUL ANKA DR & HUNTVIEW PRIV,369729.93501,5023858.91762,-75.67133808000,45.35166969360,2016-05-20,8:14:00 AM,01 - Clear,01 - Daylight,01 - Dry,10 - No control,,03 - P.D. only,04 - Sideswipe,0
16-4896,MARCH RD btwn CORKSTOWN RD & HWY417 IC138 RAMP62,352661.44625,5020873.79040,-75.88944709180,45.32618164830,2016-05-20,8:17:00 AM,01 - Clear,01 - Daylight,01 - Dry,10 - No control,,03 - P.D. only,03 - Rear end,0
16-4897,LEITRIM RD @ LIMEBANK RD S,369356.39284,5017876.33840,-75.67688484720,45.29787424010,2016-05-20,8:25:00 AM,01 - Clear,01 - Daylight,01 - Dry,01 - Traffic signal,01 - Functioning,02 - Non-fatal injury,03 - Rear end,0
16-4898,MARCH RD @ 280 S OF CARLING AVE/GATEWAY MALL S,351108.08897,5022028.46757,-75.90915366420,45.33667589440,2016-05-20,8:40:00 AM,01 - Clear,01 - Daylight,01 - Dry,01 - Traffic signal,01 - Functioning,02 - Non-fatal injury,05 - Turning movement,0
16-4899,ISLAND PARK DR @ SUNNYMEDE AVE,363664.69100,5029250.85443,-75.74809539770,45.40072090330,2016-05-20,9:52:00 AM,01 - Clear,01 - Daylight,01 - Dry,02 - Stop sign,01 - Functioning,02 - Non-fatal injury,05 - Turning movement,0
16-4900,VAUGHAN SIDE RD btwn SHANNA RD & WILLIAM HODGINS LANE,336973.43438,5021093.36213,-76.08955327140,45.32905190980,2016-05-20,10:45:00 AM,01 - Clear,01 - Daylight,01 - Dry,10 - No control,,03 - P.D. only,07 - SMV other,0
16-4901,REGIONAL ROAD 174 btwn OR174 IC102 RAMP51 & REGIONAL ROAD 174,381469.91011,5038168.70490,-75.51930192900,45.47923325270,2016-05-20,10:54:00 AM,01 - Clear,01 - Daylight,01 - Dry,10 - No control,,03 - P.D. only,07 - SMV other,0
16-4902,MONTREAL RD @ OGILVIE RD,375655.86240,5034555.45870,-75.59418148240,45.44733780540,2016-05-19,3:00:00 PM,01 - Clear,01 - Daylight,01 - Dry,01 - Traffic signal,01 - Functioning,03 - P.D. only,03 - Rear end,0
16-4903,BRONSON AVE @ POWELL AVE,367388.56072,5029476.75945,-75.70050462060,45.40243052040,2016-05-20,12:22:00 PM,01 - Clear,01 - Daylight,01 - Dry,01 - Traffic signal,01 - Functioning,03 - P.D. only,03 - Rear end,0
16-4904,NORICE ST @ WOODROFFE AVE,363195.36044,5022397.71768,-75.75489996870,45.33909652100,2016-05-19,12:52:00 PM,01 - Clear,01 - Daylight,01 - Dry,01 - Traffic signal,01 - Functioning,03 - P.D. only,03 - Rear end,0
16-4905,AVIATION PKWY @ OGILVIE RD,373111.84160,5032377.26204,-75.62700255500,45.42799277510,2016-05-10,7:45:00 AM,01 - Clear,01 - Daylight,01 - Dry,01 - Traffic signal,01 - Functioning,02 - Non-fatal injury,03 - Rear end,0
16-4906,HOLLAND AVE @ KENILWORTH ST,365214.03868,5028496.77054,-75.72839903450,45.39380383560,2016-05-20,2:29:00 PM,01 - Clear,01 - Daylight,01 - Dry,01 - Traffic signal,01 - Functioning,03 - P.D. only,99 - Other,0
16-4907,TERRY FOX DR btwn INNOVATION DR & MARCH RD,349718.50552,5023265.01615,-75.92677022020,45.34789298450,2016-05-20,3:14:00 PM,01 - Clear,01 - Daylight,01 - Dry,10 - No control,,02 - Non-fatal injury,03 - Rear end,0
16-4908,MONTGOMERY ST btwn MONTREAL RD & SELKIRK ST,369896.49366,5032864.17914,-75.66802455510,45.43268050520,2016-05-20,3:25:00 PM,01 - Clear,01 - Daylight,01 - Dry,10 - No control,,03 - P.D. only,03 - Rear end,0
16-4909,OTHELLO AVE btwn WINGATE DR & CHAPMAN BLVD,373272.79889,5029190.10296,-75.62538861350,45.39930050590,2016-05-20,3:37:00 PM,01 - Clear,01 - Daylight,01 - Dry,10 - No control,,02 - Non-fatal injury,03 - Rear end,0
16-4910,BASELINE RD @ GREENBANK RD,360596.55690,5022584.27472,-75.78803592760,45.34098665530,2016-05-20,2:00:00 PM,01 - Clear,01 - Daylight,01 - Dry,01 - Traffic signal,01 - Functioning,03 - P.D. only,03 - Rear end,0
16-4911,GREENBANK RD @ LISA AVE,360554.84238,5022894.49927,-75.78853320010,45.34378136950,2016-05-20,3:57:00 PM,01 - Clear,01 - Daylight,01 - Dry,01 - Traffic signal,01 - Functioning,02 - Non-fatal injury,03 - Rear end,0
16-4912,MEADOWLANDS DR @ VIEWMOUNT DR,363739.27740,5023105.98968,-75.74787603380,45.34542400450,2016-05-20,4:19:00 PM,01 - Clear,01 - Daylight,01 - Dry,01 - Traffic signal,,03 - P.D. only,99 - Other,0
16-4913,BUELL ST btwn KIRKWOOD AVE & WESTVIEW AVE,364160.88788,5027867.13689,-75.74192430160,45.38822857500,2016-05-20,4:51:00 PM,01 - Clear,01 - Daylight,01 - Dry,10 - No control,,02 - Non-fatal injury,07 - SMV other,1
16-4914,CHAMBERLAIN AVE @ KENT ST,367932.60851,5030047.77024,-75.69348262850,45.40751944650,2016-05-20,3:50:00 PM,01 - Clear,01 - Daylight,01 - Dry,01 - Traffic signal,01 - Functioning,03 - P.D. only,04 - Sideswipe,0
16-4915,SLATER ST btwn ALBERT ST & COMMISSIONER ST,366737.70005,5030912.84313,-75.70863737160,45.41540988650,2016-05-20,5:05:00 PM,01 - Clear,01 - Daylight,01 - Dry,10 - No control,,03 - P.D. only,04 - Sideswipe,0
16-4916,SHERBROOKE AVE @ WELLINGTON ST,365420.52926,5029501.14392,-75.72563856690,45.40282311410,2016-05-20,4:40:00 PM,01 - Clear,01 - Daylight,01 - Dry,02 - Stop sign,01 - Functioning,03 - P.D. only,03 - Rear end,0
16-4917,BANK ST @ HUNT CLUB RD,371608.96198,5024096.73168,-75.64732768090,45.35363297540,2016-05-19,5:39:00 PM,01 - Clear,01 - Daylight,01 - Dry,01 - Traffic signal,01 - Functioning,03 - P.D. only,04 - Sideswipe,0
16-4918,CRESTWAY DR @ HATHAWAY DR,366393.52263,5015841.92968,-75.71491134760,45.27983478100,2016-05-20,5:49:00 PM,01 - Clear,01 - Daylight,01 - Dry,02 - Stop sign,01 - Functioning,02 - Non-fatal injury,03 - Rear end,0
16-4919,8TH LINE RD @ PARKWAY RD,383168.85037,5016894.28542,-75.50095117930,45.28763346200,2016-05-20,6:19:00 PM,01 - Clear,01 - Daylight,01 - Dry,02 - Stop sign,01 - Functioning,02 - Non-fatal injury,02 - Angle,0
16-4920,WAVERLEY ST btwn ELGIN ST & CARTIER ST,368396.30685,5031002.54868,-75.68743630330,45.41606824810,2016-05-20,4:00:00 AM,01 - Clear,07 - Dark,01 - Dry,10 - No control,,03 - P.D. only,06 - SMV unattended vehicle,0
16-4921,WATERCOLOURS WAY btwn FRESHWATER WAY & SEELEY'S BAY ST,363935.87400,5012622.30600,-75.74661777820,45.25107554590,2016-05-20,8:36:00 PM,01 - Clear,05 - Dusk,01 - Dry,10 - No control,,03 - P.D. only,06 - SMV unattended vehicle,0
16-4922,RIVERSIDE DR @ BROOKFIELD RD/HOG'S BACK RD,368167.53558,5026223.31512,-75.69097285160,45.37308688060,2016-05-20,8:00:00 AM,01 - Clear,01 - Daylight,01 - Dry,01 - Traffic signal,01 - Functioning,03 - P.D. only,03 - Rear end,0
16-4923,FLEWELLYN RD btwn ASHTON STATION RD & WORLEY ST,341566.87876,5002000.25082,-76.03236675290,45.15701616070,2016-05-20,9:32:00 PM,01 - Clear,07 - Dark,01 - Dry,10 - No control,,03 - P.D. only,07 - SMV other,0
16-4924,SOMERSET ST    E btwn KING EDWARD AVE & HENDERSON AVE,368968.87697,5031680.62498,-75.68003307390,45.42211706040,2016-05-20,10:13:00 PM,01 - Clear,07 - Dark,01 - Dry,10 - No control,,03 - P.D. only,06 - SMV unattended vehicle,0
16-4925,BRIAN COBURN BLVD @ ESPRIT DR,385141.96523,5035342.85365,-75.47280137590,45.45339607160,2016-05-20,10:30:00 PM,01 - Clear,07 - Dark,01 - Dry,02 - Stop sign,01 - Functioning,03 - P.D. only,04 - Sideswipe,0
16-4926,KINBURN SIDE RD btwn WOODKILTON RD & DUNROBIN RD,337520.85745,5035487.63700,-76.08161514770,45.45855151660,2016-05-21,1:36:00 AM,01 - Clear,07 - Dark,01 - Dry,10 - No control,,01 - Fatal injury,07 - SMV other,0
16-4927,ALBION RD btwn LESTER RD & LEITRIM RD,373419.38611,5020603.73225,-75.62470858080,45.32202940490,2016-05-20,11:17:00 PM,01 - Clear,07 - Dark,01 - Dry,10 - No control,,02 - Non-fatal injury,01 - Approaching,0
16-4928,TEAKDALE AVE btwn CUMORAH DR & TO BE DETERMINED,380922.55991,5035380.33571,-75.52673401880,45.45420566510,2016-05-20,11:27:00 PM,01 - Clear,07 - Dark,01 - Dry,10 - No control,,03 - P.D. only,06 - SMV unattended vehicle,0
16-4929,BASELINE RD btwn ZENA ST & MARSON ST,365635.23590,5025692.81400,-75.72336556000,45.36853794540,2016-05-20,11:29:00 PM,01 - Clear,07 - Dark,01 - Dry,10 - No control,,03 - P.D. only,04 - Sideswipe,0
16-4930,BOTELER ST @ SUSSEX DR,367452.17891,5032953.11050,-75.69925003900,45.43370394080,2016-05-20,11:28:00 PM,01 - Clear,07 - Dark,01 - Dry,01 - Traffic signal,01 - Functioning,02 - Non-fatal injury,05 - Turning movement,0
16-4931,FLEWELLYN RD btwn FAULKNER TR & EAGLESON RD,354128.48569,5013196.20609,-75.87149718510,45.25699547130,2016-05-20,11:55:00 PM,01 - Clear,07 - Dark,01 - Dry,10 - No control,,03 - P.D. only,07 - SMV other,0
16-4932,TEAKDALE AVE btwn CUMORAH DR & TO BE DETERMINED,380928.84948,5035366.48740,-75.52665575830,45.45408038390,2016-05-21,4:55:00 AM,01 - Clear,07 - Dark,01 - Dry,10 - No control,,03 - P.D. only,06 - SMV unattended vehicle,0
16-4933,KIPPEWA DR btwn DOW'S LAKE RD & BRONSON AVE,367506.88145,5029073.14197,-75.69904467690,45.39878829790,2016-05-21,10:47:00 AM,01 - Clear,01 - Daylight,01 - Dry,10 - No control,,03 - P.D. only,03 - Rear end,0
16-4934,ST. LAURENT BLVD @ MCARTHUR AVE,371922.00808,5032887.29132,-75.64213689090,45.43269697820,2016-05-21,11:06:00 AM,01 - Clear,01 - Daylight,01 - Dry,01 - Traffic signal,01 - Functioning,03 - P.D. only,04 - Sideswipe,0
16-4935,BESSERER ST @ WALLER ST,368316.60974,5032190.85040,-75.68830128120,45.42676741600,2016-05-21,12:49:00 PM,01 - Clear,01 - Daylight,01 - Dry,01 - Traffic signal,01 - Functioning,03 - P.D. only,04 - Sideswipe,0
16-4936,LONG ISLAND RD btwn LENA AVE & CINDY HILL CRES,367936.55411,5011396.80048,-75.69581020160,45.23970095310,2016-05-21,2:17:00 PM,01 - Clear,01 - Daylight,01 - Dry,10 - No control,,03 - P.D. only,07 - SMV other,0
16-4937,DATA CENTRE RD @ RIVERSIDE DR,368897.30569,5027672.40272,-75.68146854930,45.38605897420,2016-05-21,2:58:00 PM,01 - Clear,01 - Daylight,01 - Dry,01 - Traffic signal,01 - Functioning,03 - P.D. only,02 - Angle,0
16-4938,HUNT CLUB RD btwn DUNSTON TER & CAHILL DR,372308.33709,5024483.32686,-75.63834988460,45.35704444140,2016-05-21,3:05:00 PM,01 - Clear,01 - Daylight,01 - Dry,10 - No control,,03 - P.D. only,03 - Rear end,0
16-4939,ALTA VISTA DR btwn 75 S OF CALEDON ST & CALEDON ST,370783.18080,5030406.35161,-75.65702252860,45.41048289730,2016-05-21,3:10:00 PM,01 - Clear,01 - Daylight,01 - Dry,10 - No control,,03 - P.D. only,03 - Rear end,0
16-4940,MONTREAL RD btwn PALACE ST & VANIER PKWY,370048.80901,5033052.51431,-75.66605311470,45.43436087230,2016-05-20,3:30:00 PM,01 - Clear,01 - Daylight,01 - Dry,10 - No control,,02 - Non-fatal injury,02 - Angle,0
16-4941,HERON RD btwn RIVERSIDE DR & TURN LANE (1),368172.28867,5026638.42741,-75.69085890690,45.37682152090,2016-05-21,3:29:00 PM,01 - Clear,01 - Daylight,01 - Dry,10 - No control,,02 - Non-fatal injury,03 - Rear end,0
16-4942,EAGLESON RD @ MICHAEL COWPLAND DR/STONEHAVEN D,354383.30244,5016622.76766,-75.86790853760,45.28781060740,2016-05-21,3:38:00 PM,01 - Clear,01 - Daylight,01 - Dry,01 - Traffic signal,01 - Functioning,03 - P.D. only,03 - Rear end,0
16-4943,INNES RD WB btwn ORLEANS BLVD & INNES RD,380478.60795,5034307.00052,-75.53257447210,45.44459684140,2016-05-21,4:15:00 PM,01 - Clear,01 - Daylight,01 - Dry,10 - No control,,03 - P.D. only,03 - Rear end,0
16-4944,MEADOW DR btwn REMINGTON WAY & PIG ALLY,378400.56698,5014221.34540,-75.56212525390,45.26409896840,2016-05-21,5:02:00 PM,01 - Clear,01 - Daylight,01 - Dry,10 - No control,,03 - P.D. only,06 - SMV unattended vehicle,0
16-4945,RIVER RD btwn HONEY GABLES DR & RYEBURN DR,368026.44798,5016067.02535,-75.69407097910,45.28171520810,2016-05-21,8:51:00 PM,01 - Clear,07 - Dark,01 - Dry,10 - No control,,02 - Non-fatal injury,03 - Rear end,0
16-4946,CARLING AVE @ HARE AVE,362380.91588,5026133.30742,-75.76485595920,45.37277638050,2016-05-21,6:21:00 PM,01 - Clear,01 - Daylight,01 - Dry,02 - Stop sign,01 - Functioning,02 - Non-fatal injury,05 - Turning movement,0