Record,Location,X,Y,Longitude,Latitude,Date,Time,Environment,Light,Road_Surface,Traffic_Control,Collision_Location,Collision_Classification,Impact_type,Pedestrian
16-4947,MAITLAND AVE btwn GLENMOUNT AVE & AMESBROOKE DR,363752.55439,5025186.08880,-75.74745858090,45.36413938670,2016-05-21,6:45:00 PM,01 - Clear,01 - Daylight,01 - Dry,10 - No control,,03 - P.D. only,04 - Sideswipe,0
16-4948,CAMBRIDGE ST    N btwn CHRISTIE ST & GLADSTONE AVE,367051.24049,5030073.68594,-75.70473771000,45.40783157250,2016-05-22,12:09:00 PM,01 - Clear,01 - Daylight,01 - Dry,10 - No control,,03 - P.D. only,06 - SMV unattended vehicle,0
16-4950,BASELINE RD @ FARLANE BLVD,365356.91758,5025516.85696,-75.72693986710,45.36697881800,2016-05-21,9:25:00 PM,01 - Clear,07 - Dark,01 - Dry,01 - Traffic signal,01 - Functioning,03 - P.D. only,02 - Angle,0
16-4951,PERCIFOR WAY btwn LEITA PL W & TRAVIS ST W,381067.87500,5032618.27900,-75.52530440060,45.42933898180,2016-05-21,9:39:00 PM,01 - Clear,07 - Dark,01 - Dry,10 - No control,,03 - P.D. only,06 - SMV unattended vehicle,0
16-4952,MACDONALD-CARTIER BR RAMP NB-3 btwn MACDONALD-CARTIER BR RAMP NB-1/NB-,367986.30312,5033284.92430,-75.69238155370,45.43664142430,2016-05-22,12:27:00 AM,01 - Clear,07 - Dark,01 - Dry,10 - No control,,03 - P.D. only,07 - SMV other,0
16-4953,CARLING AVE btwn DEFENSE  RESEARCH COMPLEX & RIFLE RD,353804.73035,5023261.06214,-75.87462703830,45.34758380200,2016-05-22,2:06:00 AM,01 - Clear,07 - Dark,01 - Dry,10 - No control,,02 - Non-fatal injury,07 - SMV other,0
16-4954,REGIONAL ROAD 174 btwn TRANSIT & OR174 IC105 RAMP51,378534.78786,5036509.32239,-75.55708937460,45.46461950230,2016-05-22,3:03:00 AM,01 - Clear,07 - Dark,01 - Dry,10 - No control,,02 - Non-fatal injury,03 - Rear end,0
16-4955,RIVERSIDE DR SB btwn RIVERSIDE DR SPLIT & DATA CENTRE RD,368779.96681,5027613.96002,-75.68297440550,45.38554385220,2016-05-22,6:26:00 AM,01 - Clear,01 - Daylight,01 - Dry,10 - No control,,02 - Non-fatal injury,07 - SMV other,0
16-4956,VICTORIA ST btwn YORKS CORNERS RD & CARTWRIGHT RD,390200.81508,5014163.26880,-75.41179279900,45.26224281940,2016-05-22,6:36:00 AM,01 - Clear,01 - Daylight,01 - Dry,10 - No control,,02 - Non-fatal injury,07 - SMV other,0
16-4957,CRESTWAY DR btwn WATERBRIDGE DR & OLDFIELD ST,366632.25497,5016342.34641,-75.71180633650,45.28431653770,2016-05-22,7:42:00 AM,01 - Clear,01 - Daylight,01 - Dry,10 - No control,,03 - P.D. only,05 - Turning movement,0
16-4958,MORISSET AVE btwn CALDWELL AVE & MERIVALE RD,364398.56620,5026201.50869,-75.73909033610,45.37322135310,2016-05-22,9:33:00 AM,01 - Clear,01 - Daylight,01 - Dry,10 - No control,,03 - P.D. only,06 - SMV unattended vehicle,0
16-4959,LYON ST @ WELLINGTON ST,366934.81176,5031426.39562,-75.70605441000,45.42001320250,2016-05-22,10:35:00 AM,01 - Clear,01 - Daylight,01 - Dry,01 - Traffic signal,01 - Functioning,03 - P.D. only,04 - Sideswipe,0
16-4960,CUMMINGS AVE btwn WELDON DR & OGILVIE RD,372744.43610,5032179.37939,-75.63172460210,45.42624811050,2016-05-22,10:36:00 AM,01 - Clear,01 - Daylight,01 - Dry,10 - No control,,03 - P.D. only,02 - Angle,0
16-4961,BEATRICE DR btwn NO NAME & HOLLOWBROOK DR,365482.36352,5015096.94660,-75.72661523830,45.27321068520,2016-05-22,10:54:00 AM,01 - Clear,01 - Daylight,01 - Dry,10 - No control,,03 - P.D. only,04 - Sideswipe,0
16-4962,INNES RD @ ORLEANS BLVD,380461.47154,5034296.17752,-75.53279516660,45.44450131930,2016-05-22,11:04:00 AM,01 - Clear,01 - Daylight,01 - Dry,01 - Traffic signal,01 - Functioning,03 - P.D. only,05 - Turning movement,0
16-4963,PRINCE OF WALES DR btwn SIR JOHN A CARLING BLDG & NAVY PRIV,366822.57045,5028652.69754,-75.70783740300,45.39506620430,2016-05-22,11:31:00 AM,01 - Clear,01 - Daylight,01 - Dry,10 - No control,,02 - Non-fatal injury,03 - Rear end,0
16-4964,ABERDEEN ST @ PRESTON ST,366652.37114,5029340.88616,-75.70992471490,45.40127340160,2016-05-22,12:30:00 PM,01 - Clear,01 - Daylight,01 - Dry,02 - Stop sign,01 - Functioning,03 - P.D. only,03 - Rear end,0
16-4965,BANK ST @ ROSEBERY AVE,368121.58080,5030065.32702,-75.69106649910,45.40766034640,2016-05-22,12:25:00 PM,01 - Clear,01 - Daylight,01 - Dry,02 - Stop sign,01 - Functioning,03 - P.D. only,03 - Rear end,0
16-4966,MOODIE DR @ ROBERTSON RD,357067.32854,5020454.80166,-75.83329057330,45.32209728480,2016-05-22,12:48:00 PM,01 - Clear,01 - Daylight,01 - Dry,01 - Traffic signal,01 - Functioning,02 - Non-fatal injury,02 - Angle,0
16-4967,TENTH LINE RD btwn ST. JOSEPH BLVD & OLD TENTH LINE RD,382904.10707,5038641.42462,-75.50088447170,45.48332739300,2016-05-22,2:20:00 PM,01 - Clear,01 - Daylight,01 - Dry,10 - No control,,03 - P.D. only,03 - Rear end,0
16-4968,BANNING RD btwn MORRENA RD & BRADLEY FARM CRT,353085.63337,5017882.10067,-75.88432773880,45.29923274050,2016-05-22,2:35:00 PM,01 - Clear,01 - Daylight,01 - Dry,10 - No control,,03 - P.D. only,99 - Other,0
16-4969,WEST HUNT CLUB RD WB btwn LANCELOT DR & 210 W OF MERIVALE RD,365376.65660,5021797.56954,-75.72714351790,45.33351151550,2016-05-22,2:58:00 PM,01 - Clear,01 - Daylight,01 - Dry,10 - No control,,03 - P.D. only,03 - Rear end,0
16-4970,HWY 417 TERRYFO IC140R52 @ TERRY FOX DR,351052.56475,5018433.32815,-75.91019780700,45.30432962520,2016-05-22,3:08:00 PM,01 - Clear,01 - Daylight,01 - Dry,01 - Traffic signal,01 - Functioning,03 - P.D. only,03 - Rear end,0
16-4971,BANK ST @ PORTLAND AVE,370106.94487,5026552.52330,-75.66617105500,45.37587093270,2016-05-22,3:56:00 PM,01 - Clear,01 - Daylight,01 - Dry,02 - Stop sign,01 - Functioning,03 - P.D. only,04 - Sideswipe,0
16-4972,INNES RD @ JEANNE D'ARC BLVD/MER BLEUE RD,382638.43004,5035568.68110,-75.50476922340,45.45571121570,2016-05-22,5:20:00 PM,01 - Clear,01 - Daylight,01 - Dry,01 - Traffic signal,01 - Functioning,03 - P.D. only,03 - Rear end,0
16-4973,BRONSON AVE btwn FIRST AVE & SECOND AVE,367513.59592,5029176.79980,-75.69894574240,45.39972037970,2016-05-22,5:54:00 PM,01 - Clear,01 - Daylight,01 - Dry,10 - No control,,03 - P.D. only,03 - Rear end,0
16-4974,RICHMOND RD @ CAMBRIAN RD N,359113.35737,5009588.74065,-75.80838245590,45.22416766670,2016-05-22,9:58:00 PM,01 - Clear,07 - Dark,01 - Dry,02 - Stop sign,01 - Functioning,03 - P.D. only,07 - SMV other,0
16-4975,MEADOWLANDS DR @ MERIVALE RD,364857.57250,5023725.73588,-75.73353148410,45.35090554090,2016-05-23,12:34:00 AM,01 - Clear,07 - Dark,01 - Dry,01 - Traffic signal,01 - Functioning,02 - Non-fatal injury,05 - Turning movement,0
16-4976,STAGECOACH RD btwn FOREST RD & CABIN RD,378134.03199,5003873.61046,-75.56704509020,45.17102114620,2016-05-23,2:51:00 AM,01 - Clear,07 - Dark,01 - Dry,10 - No control,,02 - Non-fatal injury,07 - SMV other,0
16-4977,CARP RD btwn HAZELDEAN RD & NEIL AVE,348844.39458,5014328.60599,-75.93871887310,45.26753586700,2016-05-23,4:59:00 AM,01 - Clear,03 - Dawn,01 - Dry,10 - No control,,02 - Non-fatal injury,07 - SMV other,0
16-4978,BANK ST @ LAURIER AVE,367480.30968,5031264.02580,-75.69910549000,45.41850359110,2016-05-23,7:59:00 AM,01 - Clear,01 - Daylight,01 - Dry,01 - Traffic signal,01 - Functioning,03 - P.D. only,02 - Angle,0
16-4979,DALLAIRE CRES btwn CHANONHOUSE DR & CHANONHOUSE DR,357700.38492,5006190.96210,-75.82673456010,45.19370106190,2016-05-23,8:41:00 AM,01 - Clear,01 - Daylight,01 - Dry,10 - No control,,03 - P.D. only,07 - SMV other,0
16-4980,TORSA CRT btwn DUMAURIER AVE & END,359744.60091,5023571.27356,-75.79879642260,45.34993491900,2016-05-23,9:10:00 AM,01 - Clear,01 - Daylight,01 - Dry,10 - No control,,03 - P.D. only,05 - Turning movement,0
16-4981,GLOUCESTER ST btwn KENT ST & BANK ST,367506.34511,5031188.43534,-75.69878247630,45.41782111880,2016-05-23,12:00:00 AM,01 - Clear,00 - Unknown,01 - Dry,10 - No control,,03 - P.D. only,06 - SMV unattended vehicle,0
16-4982,BEARBROOK RD/ROCKCLIFFE PKWY @ ST. JOSEPH BLVD,377128.43896,5035238.66491,-75.57525810980,45.45333401410,2016-05-23,10:32:00 AM,01 - Clear,01 - Daylight,01 - Dry,01 - Traffic signal,01 - Functioning,02 - Non-fatal injury,05 - Turning movement,0
16-4983,SILVER HORSE CRES btwn EQUESTRIAN DR & EQUESTRIAN DR,355086.86458,5016250.98709,-75.85897771700,45.28441526040,2016-05-23,12:00:00 AM,01 - Clear,00 - Unknown,01 - Dry,10 - No control,,03 - P.D. only,06 - SMV unattended vehicle,0
16-4984,HAZELDEAN RD @ TERRY FOX DR,352207.83648,5017242.67648,-75.89558070030,45.29353882020,2016-05-23,11:23:00 AM,01 - Clear,01 - Daylight,01 - Dry,01 - Traffic signal,01 - Functioning,03 - P.D. only,03 - Rear end,0
16-4985,BRONSON AVE @ KIPPEWA DR,367557.39324,5029075.33142,-75.69839927560,45.39880347170,2016-05-23,12:31:00 PM,01 - Clear,01 - Daylight,01 - Dry,02 - Stop sign,01 - Functioning,03 - P.D. only,02 - Angle,0
16-4986,MASON ST btwn LAKES PARK DR & ESTHER ST,377445.76741,5015354.25484,-75.57412471130,45.27439171560,2016-05-23,1:01:00 PM,01 - Clear,01 - Daylight,01 - Dry,10 - No control,,03 - P.D. only,99 - Other,0
16-4987,ST. JOSEPH BLVD/OLD MONTREAL RD @ TRIM RD,384682.48769,5039284.78297,-75.47803418160,45.48891447200,2016-05-23,2:21:00 PM,01 - Clear,01 - Daylight,01 - Dry,11 - Roundabout,01 - Functioning,03 - P.D. only,02 - Angle,0
16-4988,BRONSON AVE @ COMMISSIONER ST/SLATER ST,366767.78692,5030949.25656,-75.70824841820,45.41573486070,2016-05-23,3:22:00 PM,01 - Clear,01 - Daylight,01 - Dry,01 - Traffic signal,01 - Functioning,03 - P.D. only,05 - Turning movement,0
16-4989,ALBERT ST @ BAY ST,366942.46992,5031144.26304,-75.70599214810,45.41747397830,2016-05-23,3:58:00 PM,01 - Clear,01 - Daylight,01 - Dry,01 - Traffic signal,01 - Functioning,03 - P.D. only,02 - Angle,0
16-4990,LOLA ST @ DONALD ST,371094.34392,5032359.86443,-75.65278481490,45.42803037460,2016-05-23,4:38:00 PM,01 - Clear,01 - Daylight,01 - Dry,01 - Traffic signal,01 - Functioning,03 - P.D. only,03 - Rear end,0
16-4991,REGIONAL ROAD 174 btwn OR174 IC102 RAMP15 & OR174 IC101 RAMP63,382594.38145,5038802.04166,-75.50482046400,45.48480706500,2016-05-04,9:12:00 PM,02 - Rain,07 - Dark,02 - Wet,10 - No control,,03 - P.D. only,03 - Rear end,0
16-4992,TERRY FOX DR @ FERNBANK RD,354301.38449,5015130.09877,-75.86910165080,45.27438499640,2016-05-23,6:34:00 PM,01 - Clear,01 - Daylight,01 - Dry,01 - Traffic signal,01 - Functioning,02 - Non-fatal injury,07 - SMV other,1
16-4993,JEANNE D'ARC BLVD  S btwn JEANNE D'ARC BLVD N & OR174 IC105 RAMP35,379411.53553,5036993.71733,-75.54580566530,45.46888462390,2016-05-23,6:58:00 PM,01 - Clear,01 - Daylight,01 - Dry,10 - No control,,03 - P.D. only,03 - Rear end,0
16-4994,MERIVALE RD @ WEST HUNT CLUB RD,365612.92068,5021943.17464,-75.72411157060,45.33480121600,2016-05-23,7:47:00 PM,01 - Clear,01 - Daylight,01 - Dry,01 - Traffic signal,01 - Functioning,03 - P.D. only,03 - Rear end,0
16-4995,FIRST AVE @ LYON ST,368056.83450,5029571.88846,-75.69195685420,45.40322639520,2016-05-23,8:01:00 PM,01 - Clear,05 - Dusk,01 - Dry,02 - Stop sign,01 - Functioning,02 - Non-fatal injury,02 - Angle,0
16-4996,ABBEYHILL DR btwn ORIOLE AVE & ALDBURN PL,353279.63017,5017344.10602,-75.88190689800,45.29437837920,2016-05-23,8:07:00 PM,01 - Clear,01 - Daylight,01 - Dry,10 - No control,,03 - P.D. only,06 - SMV unattended vehicle,0
16-4997,FALLOWFIELD RD @ GREENBANK RD,363081.35214,5016731.32790,-75.75702109430,45.28811998730,2016-05-23,8:47:00 PM,01 - Clear,07 - Dark,01 - Dry,01 - Traffic signal,01 - Functioning,03 - P.D. only,05 - Turning movement,0
16-4998,O'CONNOR ST @ WELLINGTON ST,367414.35545,5031723.00842,-75.69988980230,45.42263927610,2016-05-24,3:47:00 AM,01 - Clear,07 - Dark,01 - Dry,01 - Traffic signal,01 - Functioning,03 - P.D. only,04 - Sideswipe,0
16-4999,MONTREAL RD @ SHEFFORD RD,376126.18974,5034853.80432,-75.58812634550,45.44997429610,2016-05-24,5:43:00 AM,01 - Clear,03 - Dawn,01 - Dry,01 - Traffic signal,01 - Functioning,03 - P.D. only,07 - SMV other,0
16-5000,EARL MULLIGAN DR @ WOODROFFE AVE,365250.04258,5017506.24046,-75.72928235170,45.29490942910,2016-05-24,7:21:00 AM,01 - Clear,01 - Daylight,01 - Dry,01 - Traffic signal,01 - Functioning,03 - P.D. only,03 - Rear end,0
16-5001,AQUAVIEW DR @ ESPRIT DR,384966.22043,5035747.14215,-75.47498206730,45.45705366380,2016-05-24,7:32:00 AM,01 - Clear,01 - Daylight,01 - Dry,02 - Stop sign,01 - Functioning,03 - P.D. only,02 - Angle,0
16-5002,CUMMINGS AVE @ DONALD ST,372651.84930,5032412.25544,-75.63287556810,45.42835240400,2016-05-24,8:39:00 AM,01 - Clear,01 - Daylight,01 - Dry,01 - Traffic signal,01 - Functioning,03 - P.D. only,05 - Turning movement,0
16-5003,BENSINGER WAY btwn GRENADINE ST & MALOJA WAY,349711.29445,5016331.65915,-75.92749083550,45.28550519580,2016-05-24,8:00:00 AM,01 - Clear,01 - Daylight,01 - Dry,10 - No control,,03 - P.D. only,04 - Sideswipe,0
16-5004,ANDERSON RD @ INNES RD,376280.51562,5031841.78938,-75.58659096520,45.42285825720,2016-05-24,9:01:00 AM,01 - Clear,01 - Daylight,01 - Dry,01 - Traffic signal,01 - Functioning,03 - P.D. only,05 - Turning movement,0
16-5005,MACKAY ST btwn NOEL ST & IVY CRES,368846.35406,5033698.98523,-75.68133601990,45.44028873470,2016-05-24,2:00:00 AM,01 - Clear,00 - Unknown,01 - Dry,10 - No control,,03 - P.D. only,06 - SMV unattended vehicle,0
16-5006,CUMMINGS AVE btwn EADY CRT & STRATHAVEN PRIV,372678.29249,5032342.08247,-75.63254734320,45.42771845640,2016-05-24,10:00:00 AM,01 - Clear,01 - Daylight,01 - Dry,10 - No control,,03 - P.D. only,03 - Rear end,0
16-5007,ST. JOSEPH BLVD @ JEANNE D'ARC BLVD,379859.24156,5036470.45520,-75.54016074330,45.46412874830,2016-05-24,10:40:00 AM,01 - Clear,01 - Daylight,01 - Dry,11 - Roundabout,01 - Functioning,03 - P.D. only,04 - Sideswipe,0
16-5008,ROBERTSON RD btwn HAANEL DR & MILL HILL RD,355079.45191,5019259.73486,-75.85876711850,45.31148907670,2016-05-24,10:51:00 AM,01 - Clear,01 - Daylight,01 - Dry,10 - No control,,02 - Non-fatal injury,07 - SMV other,0
16-5009,AIRPORT PKWY/BROOKFIELD RD @ FLANNERY DR/AIRPORT PKWY RAMPS 52A/53,368694.74086,5026294.76435,-75.68423334650,45.37368188970,2016-05-24,11:29:00 AM,01 - Clear,01 - Daylight,01 - Dry,11 - Roundabout,01 - Functioning,03 - P.D. only,04 - Sideswipe,0
16-5010,ASHGROVE CRES btwn CARLAW AVE & GLENBROOK WAY,361540.14462,5022289.27103,-75.77603053700,45.33825653840,2016-05-22,7:00:00 PM,01 - Clear,01 - Daylight,01 - Dry,10 - No control,,03 - P.D. only,06 - SMV unattended vehicle,0
16-5011,BIRCH DR btwn MAPLE DR & NATIONAL CAPITAL COMM DRWY,366455.30319,5028339.96432,-75.71256683620,45.39228474300,2016-05-24,12:30:00 PM,01 - Clear,01 - Daylight,01 - Dry,10 - No control,,03 - P.D. only,99 - Other,0
16-5012,INDUSTRIAL AVE btwn NEIGHBORHOOD WAY & TRAINYARDS DR,371632.51654,5030545.56684,-75.64615404920,45.41165490470,2016-05-24,1:31:00 PM,01 - Clear,01 - Daylight,01 - Dry,10 - No control,,02 - Non-fatal injury,03 - Rear end,0
16-5013,CHARDON DRWY btwn EGLANTINE DRWY & SORREL DRWY,364450.76395,5029788.44693,-75.73799040110,45.40549151260,2016-05-24,3:21:00 PM,01 - Clear,01 - Daylight,01 - Dry,10 - No control,,03 - P.D. only,06 - SMV unattended vehicle,0
16-5014,BANK ST @ SECOND AVE,368304.80348,5029629.01126,-75.68878225930,45.40371791690,2016-05-20,3:00:00 PM,01 - Clear,01 - Daylight,01 - Dry,02 - Stop sign,01 - Functioning,03 - P.D. only,04 - Sideswipe,0
16-5015,CYRVILLE RD btwn STAR TOP RD & MEADOWBROOK RD,374533.45331,5031273.89770,-75.60899331240,45.41792500130,2016-05-24,3:44:00 PM,01 - Clear,01 - Daylight,01 - Dry,10 - No control,,02 - Non-fatal injury,02 - Angle,0
16-5016,GILMOUR ST btwn ELGIN ST & CARTIER ST,368274.98273,5031067.75981,-75.68897789460,45.41666601210,2016-05-24,3:44:00 PM,01 - Clear,01 - Daylight,01 - Dry,10 - No control,,03 - P.D. only,99 - Other,0
16-5017,RIVERSIDE DR SB btwn TERMINAL AVE & Continuation of RIVERSIDE DR,370671.86630,5030612.17009,-75.65841698360,45.41234525640,2016-05-24,3:45:00 PM,01 - Clear,01 - Daylight,01 - Dry,10 - No control,,03 - P.D. only,03 - Rear end,0
16-5018,INNES RD btwn INDUSTRIAL AVE & BANTREE ST,373686.33199,5030394.83048,-75.61993882740,45.41009950330,2016-05-24,5:09:00 PM,01 - Clear,01 - Daylight,01 - Dry,10 - No control,,03 - P.D. only,03 - Rear end,0
16-5019,ST. JOSEPH BLVD @ REGIONAL RD 174/TRANSITWAY,376556.40861,5035056.06700,-75.58259739030,45.45175008760,2016-05-24,4:09:00 PM,01 - Clear,01 - Daylight,01 - Dry,01 - Traffic signal,01 - Functioning,03 - P.D. only,03 - Rear end,0
16-5020,MACLAREN ST btwn O'CONNOR ST & METCALFE ST,368042.01110,5031027.38978,-75.69195946350,45.41632387190,2016-05-21,6:45:00 PM,01 - Clear,01 - Daylight,01 - Dry,10 - No control,,03 - P.D. only,99 - Other,0
16-5021,GREENBANK RD @ HWY 417 IC129 RAMP57/IRIS ST,360531.27613,5023312.46013,-75.78878680390,45.34754404720,2016-05-24,5:04:00 PM,01 - Clear,01 - Daylight,01 - Dry,01 - Traffic signal,01 - Functioning,03 - P.D. only,03 - Rear end,0
16-5022,ST. PATRICK ST WB btwn MURRAY ST & ST. ANDREW ST,368402.92904,5033064.31033,-75.68708547210,45.43461864780,2016-05-24,5:00:00 PM,01 - Clear,01 - Daylight,01 - Dry,10 - No control,,03 - P.D. only,04 - Sideswipe,0
16-5023,CAVAN ST @ LAPERRIERE AVE,364392.38124,5026879.86856,-75.73908743380,45.37932565030,2016-05-24,5:28:00 PM,01 - Clear,01 - Daylight,01 - Dry,02 - Stop sign,01 - Functioning,03 - P.D. only,02 - Angle,0
16-5024,CAMPEAU DR @ HUNTMAR DR,349053.60820,5018056.46440,-75.93572041960,45.30106726970,2016-05-24,5:27:00 PM,01 - Clear,01 - Daylight,01 - Dry,11 - Roundabout,01 - Functioning,03 - P.D. only,04 - Sideswipe,0
16-5025,BASELINE RD @ FARLANE BLVD,365357.36854,5025517.75888,-75.72693400090,45.36698689420,2016-05-24,5:31:00 PM,01 - Clear,01 - Daylight,01 - Dry,01 - Traffic signal,01 - Functioning,02 - Non-fatal injury,03 - Rear end,0
16-5026,AIRPORT PKWY btwn RAMP & TO BE DETERMINED,369843.90035,5025771.29270,-75.66963208810,45.36886612890,2016-05-24,5:32:00 PM,01 - Clear,01 - Daylight,01 - Dry,10 - No control,,03 - P.D. only,04 - Sideswipe,0
16-5027,ALBION RD @ RIDEAU RD,375092.97768,5016673.78326,-75.60392055120,45.28650354730,2016-05-24,5:45:00 PM,01 - Clear,01 - Daylight,01 - Dry,01 - Traffic signal,01 - Functioning,02 - Non-fatal injury,05 - Turning movement,0
16-5028,BERGAMOT CIRC btwn TO BE DETERMINED & AZALEA LANE (1),385834.26225,5038150.33691,-75.46348872410,45.47857510530,2016-05-24,4:00:00 PM,01 - Clear,01 - Daylight,01 - Dry,10 - No control,,03 - P.D. only,06 - SMV unattended vehicle,0
16-5029,ST. JOSEPH BLVD @ JEANNE D'ARC BLVD,379862.24344,5036472.70660,-75.54012201860,45.46414868210,2016-05-24,5:57:00 PM,01 - Clear,01 - Daylight,01 - Dry,11 - Roundabout,01 - Functioning,03 - P.D. only,02 - Angle,0
16-5030,BRONSON AVE btwn ARLINGTON AVE & RAYMOND ST,367228.39122,5029852.10885,-75.70250287840,45.40582210870,2016-05-24,6:05:00 PM,01 - Clear,01 - Daylight,01 - Dry,10 - No control,,03 - P.D. only,04 - Sideswipe,0
16-5031,INNES RD @ WILDFLOWER DR,382936.98068,5035689.87906,-75.50093332360,45.45676832990,2016-05-24,6:27:00 PM,01 - Clear,01 - Daylight,01 - Dry,01 - Traffic signal,01 - Functioning,03 - P.D. only,03 - Rear end,0
16-5032,ALBION RD @ HUNT CLUB RD,371867.68012,5024320.49022,-75.64399571770,45.35562158160,2016-05-24,6:26:00 PM,01 - Clear,01 - Daylight,01 - Dry,01 - Traffic signal,01 - Functioning,02 - Non-fatal injury,03 - Rear end,0
16-5033,PRINCE OF WALES DR @ WEST HUNT CLUB RD,367459.84666,5021891.50330,-75.70055617260,45.33417379040,2016-05-24,6:36:00 PM,01 - Clear,01 - Daylight,01 - Dry,01 - Traffic signal,01 - Functioning,03 - P.D. only,03 - Rear end,0
16-5034,BRONSON AVE btwn SECOND AVE & THIRD AVE,367530.64436,5029135.13420,-75.69873329880,45.39934395730,2016-05-24,6:00:00 PM,01 - Clear,01 - Daylight,01 - Dry,10 - No control,,03 - P.D. only,04 - Sideswipe,0
16-5035,PRESTONE DR @ RIVER RIDGE CRES W/KENNEDY LANE,382626.93285,5038238.79276,-75.50449337810,45.47973582850,2016-05-24,5:50:00 PM,01 - Clear,01 - Daylight,01 - Dry,02 - Stop sign,01 - Functioning,03 - P.D. only,99 - Other,0
16-5036,REGIONAL ROAD 174 btwn OR174 IC101 RAMP61 & TRIM RD,383521.22045,5039429.46818,-75.49286516750,45.49034815540,2016-05-24,7:46:00 PM,01 - Clear,01 - Daylight,01 - Dry,10 - No control,,02 - Non-fatal injury,07 - SMV other,0
16-5037,KENT ST btwn QUEEN ST & ALBERT ST,367189.13458,5031370.11458,-75.70281216900,45.41948417030,2016-05-24,7:50:00 PM,01 - Clear,01 - Daylight,01 - Dry,10 - No control,,03 - P.D. only,04 - Sideswipe,0
16-5038,MERIVALE RD/LOTTA AVE @ CLYDE AVE,364522.49549,5024507.74555,-75.73771296590,45.35797057600,2016-05-24,5:59:00 PM,01 - Clear,01 - Daylight,01 - Dry,01 - Traffic signal,01 - Functioning,02 - Non-fatal injury,03 - Rear end,0
16-5039,RIVERSIDE DR NB btwn BANK ST & RIVERSIDE DR NB RAMP FROM EB TO WB,369337.77903,5027933.26415,-75.67581011650,45.38836567690,2016-05-24,8:54:00 PM,01 - Clear,07 - Dark,01 - Dry,10 - No control,,03 - P.D. only,04 - Sideswipe,0
16-5040,CAHILL DR @ HUNT CLUB RD,372406.90654,5024541.26706,-75.63708400230,45.35755626900,2016-05-24,11:46:00 PM,01 - Clear,07 - Dark,01 - Dry,01 - Traffic signal,01 - Functioning,03 - P.D. only,02 - Angle,0
16-5041,MONTREAL RD @ PALACE ST,369955.49606,5032998.36606,-75.66725278870,45.43388236980,2016-05-25,7:00:00 AM,01 - Clear,01 - Daylight,01 - Dry,10 - No control,,02 - Non-fatal injury,05 - Turning movement,0
16-5042,CANAAN RD @ REGIONAL RD 174,395771.59052,5043412.87466,-75.33542927110,45.52469591410,2016-05-25,8:21:00 AM,01 - Clear,01 - Daylight,01 - Dry,01 - Traffic signal,01 - Functioning,03 - P.D. only,04 - Sideswipe,0
16-5043,BANK ST @ HOLMWOOD AVE,368482.83540,5029198.23514,-75.68656391530,45.39982575610,2016-05-25,8:51:00 AM,01 - Clear,01 - Daylight,01 - Dry,01 - Traffic signal,01 - Functioning,03 - P.D. only,03 - Rear end,0
16-5044,OMER-LACASSE AVE btwn COTTONWOOD CRES & COTTONWOOD CRES,383167.16496,5036577.34809,-75.49784915990,45.46472721550,2016-05-25,9:58:00 AM,01 - Clear,01 - Daylight,01 - Dry,10 - No control,,03 - P.D. only,06 - SMV unattended vehicle,0
16-5045,CARLING AVE @ KIRKWOOD AVE S,364352.15974,5027337.31948,-75.73954578130,45.38344513520,2016-05-25,10:23:00 AM,01 - Clear,01 - Daylight,01 - Dry,01 - Traffic signal,01 - Functioning,02 - Non-fatal injury,05 - Turning movement,0
16-5046,DALHOUSIE ST @ RIDEAU ST,368207.83650,5032227.80668,-75.68968643030,45.42710980490,2016-05-25,10:24:00 AM,01 - Clear,01 - Daylight,01 - Dry,01 - Traffic signal,01 - Functioning,03 - P.D. only,03 - Rear end,0
16-5047,HUNT CLUB RD @ LINDBERGH PRIV,368363.57564,5022134.61314,-75.68899590160,45.33627996040,2016-05-25,10:36:00 AM,01 - Clear,01 - Daylight,01 - Dry,02 - Stop sign,01 - Functioning,02 - Non-fatal injury,03 - Rear end,0
16-5048,CARLING AVE @ KIRKWOOD AVE S,364351.92598,5027336.87266,-75.73954881920,45.38344113490,2016-05-25,10:30:00 AM,01 - Clear,01 - Daylight,01 - Dry,01 - Traffic signal,01 - Functioning,03 - P.D. only,03 - Rear end,0
16-5049,PARKDALE AVE btwn GRANT ST & WELLINGTON ST W,365130.53976,5029313.29973,-75.72936550980,45.40115798630,2016-05-25,11:12:00 AM,01 - Clear,01 - Daylight,01 - Dry,10 - No control,,03 - P.D. only,06 - SMV unattended vehicle,0
16-5050,ROCKY HILL DR @ PRINCE OF WALES DR,366969.44484,5014402.74396,-75.70775138750,45.26683439270,2016-05-25,11:53:00 AM,01 - Clear,01 - Daylight,01 - Dry,01 - Traffic signal,01 - Functioning,03 - P.D. only,02 - Angle,0
16-5051,CARLING AVE @ RICHMOND RD,360245.00256,5024781.28682,-75.79227507140,45.36078320690,2016-05-25,11:54:00 AM,01 - Clear,01 - Daylight,01 - Dry,01 - Traffic signal,01 - Functioning,03 - P.D. only,07 - SMV other,0
16-5052,RIVERSIDE DR @ HERON RD,368121.17479,5026647.45350,-75.69151030950,45.37690735650,2016-05-25,12:10:00 PM,01 - Clear,01 - Daylight,01 - Dry,01 - Traffic signal,01 - Functioning,03 - P.D. only,02 - Angle,0