Record,Location,X,Y,Longitude,Latitude,Date,Time,Environment,Light,Road_Surface,Traffic_Control,Collision_Location,Collision_Classification,Impact_type,Pedestrian
16-5053,HILLIARD AVE btwn LIPSTAN AVE & OAKWOOD AVE,366202.95778,5025709.38975,-75.71611653050,45.36863758320,2016-05-25,12:29:00 PM,01 - Clear,01 - Daylight,01 - Dry,10 - No control,,03 - P.D. only,07 - SMV other,0
16-5054,HAMILTON AVE   N btwn ARMSTRONG ST & WELLINGTON ST W,365044.55099,5029303.72857,-75.73046496050,45.40107927260,2016-05-25,11:00:00 AM,01 - Clear,01 - Daylight,01 - Dry,10 - No control,,03 - P.D. only,06 - SMV unattended vehicle,0
16-5055,ROBERTSON RD @ VANIER RD,357396.82568,5020644.70175,-75.82906770560,45.32378141410,2016-05-21,12:33:00 PM,01 - Clear,01 - Daylight,01 - Dry,01 - Traffic signal,01 - Functioning,02 - Non-fatal injury,03 - Rear end,0
16-5056,ST. LAURENT BLVD @ MCARTHUR AVE,371921.86181,5032887.42138,-75.64213874280,45.43269816280,2016-05-25,1:37:00 PM,01 - Clear,01 - Daylight,01 - Dry,01 - Traffic signal,01 - Functioning,03 - P.D. only,05 - Turning movement,0
16-5057,RICHMOND RD btwn TURN LANE & JOHN SUTHERLAND DR,358706.02719,5021975.22159,-75.81222366130,45.33565418660,2016-05-14,4:45:00 PM,01 - Clear,01 - Daylight,01 - Dry,10 - No control,,03 - P.D. only,03 - Rear end,0
16-5058,CARLING AVE @ CROYDON AVE,360658.00416,5025042.74298,-75.78697419040,45.36310299310,2016-05-25,2:45:00 PM,01 - Clear,01 - Daylight,01 - Dry,01 - Traffic signal,01 - Functioning,03 - P.D. only,07 - SMV other,0
16-5059,RIVERSIDE DR NB btwn INDUSTRIAL AVE & TREMBLAY RD,370730.94182,5030738.43841,-75.65764542300,45.41347580480,2016-05-25,3:29:00 PM,01 - Clear,01 - Daylight,01 - Dry,10 - No control,,03 - P.D. only,04 - Sideswipe,0
16-5060,METCALFE ST @ SLATER ST,367731.49277,5031549.76009,-75.69585983190,45.42105198740,2016-05-25,3:33:00 PM,01 - Clear,01 - Daylight,01 - Dry,01 - Traffic signal,01 - Functioning,02 - Non-fatal injury,07 - SMV other,1
16-5061,CARP RD btwn HWY417 IC144 RAMP16 & HWY417 IC144 RAMP35,347377.99981,5015838.79672,-75.95727554810,45.28121545110,2016-05-25,3:43:00 PM,01 - Clear,01 - Daylight,01 - Dry,10 - No control,,03 - P.D. only,03 - Rear end,0
16-5062,CATHERINE ST btwn BANK ST & O'CONNOR ST,368058.11449,5030278.48109,-75.69184984950,45.40958397830,2016-05-25,3:49:00 PM,01 - Clear,01 - Daylight,01 - Dry,10 - No control,,03 - P.D. only,02 - Angle,0
16-5063,EAGLESON RD btwn FERNBANK RD & BRIDGESTONE DR,354816.89311,5015543.45627,-75.86249021890,45.27806800250,2016-05-25,4:03:00 PM,01 - Clear,01 - Daylight,01 - Dry,10 - No control,,02 - Non-fatal injury,03 - Rear end,0
16-5064,LAURIER AVE   W btwn LYON ST N & KENT ST,367263.97265,5031134.06642,-75.70188592930,45.41735360420,2016-05-25,4:15:00 PM,01 - Clear,01 - Daylight,01 - Dry,10 - No control,,02 - Non-fatal injury,99 - Other,0
16-5065,BANK ST @ LAURIER AVE,367480.92578,5031265.81378,-75.69909739110,45.41851962380,2016-05-24,3:30:00 PM,01 - Clear,01 - Daylight,01 - Dry,01 - Traffic signal,01 - Functioning,03 - P.D. only,03 - Rear end,0
16-5066,BOURASSA ST @ ST. LAURENT BLVD,373237.40844,5029693.33112,-75.62577077560,45.40383178210,2016-05-25,4:40:00 PM,01 - Clear,01 - Daylight,01 - Dry,01 - Traffic signal,01 - Functioning,03 - P.D. only,03 - Rear end,0
16-5067,BLACKBURN AVE @ SOMERSET ST,369407.02916,5031948.80978,-75.67439965880,45.42448975830,2016-05-25,4:51:00 PM,01 - Clear,01 - Daylight,01 - Dry,02 - Stop sign,01 - Functioning,02 - Non-fatal injury,02 - Angle,0
16-5068,CARLING AVE @ CARLINGWOOD SC,362074.13950,5025919.70494,-75.76879706500,45.37087954600,2016-05-25,4:54:00 PM,01 - Clear,01 - Daylight,01 - Dry,01 - Traffic signal,01 - Functioning,03 - P.D. only,05 - Turning movement,0
16-5069,BANK ST/PRETORIA AVE @ CHAMBERLAIN AVE S,368108.10272,5030104.06220,-75.69123369070,45.40801009270,2016-05-25,4:43:00 PM,01 - Clear,01 - Daylight,01 - Dry,02 - Stop sign,01 - Functioning,03 - P.D. only,02 - Angle,0
16-5070,BESSERER ST @ CHARLOTTE ST,369292.92704,5032790.48801,-75.67574737470,45.43207338470,2016-05-25,5:24:00 PM,01 - Clear,01 - Daylight,01 - Dry,02 - Stop sign,01 - Functioning,03 - P.D. only,05 - Turning movement,0
16-5071,CARLING AVE @ CONNAUGHT AVE,360770.95432,5025117.73835,-75.78552400390,45.36376878860,2016-05-25,5:39:00 PM,01 - Clear,01 - Daylight,01 - Dry,01 - Traffic signal,01 - Functioning,02 - Non-fatal injury,03 - Rear end,0
16-5072,ANOKA ST btwn EDGE HILL PL & GRASMERE CRES,370317.42624,5026806.78832,-75.66345021480,45.37813907590,2016-05-25,5:35:00 PM,01 - Clear,01 - Daylight,01 - Dry,10 - No control,,03 - P.D. only,06 - SMV unattended vehicle,0
16-5073,MONTREAL RD btwn MONTGOMERY ST & PALACE ST,369830.62449,5032929.94128,-75.66885763130,45.43327833510,2016-05-25,6:21:00 PM,01 - Clear,01 - Daylight,01 - Dry,10 - No control,,03 - P.D. only,01 - Approaching,0
16-5074,BANK ST btwn AYLMER AVE & EUCLID AVE,368700.62596,5028661.40801,-75.68385184870,45.39497571170,2016-05-25,6:34:00 PM,01 - Clear,01 - Daylight,01 - Dry,10 - No control,,02 - Non-fatal injury,05 - Turning movement,0
16-5075,BASELINE RD @ CLYDE AVE,364359.83070,5024891.18934,-75.73974279940,45.36143458720,2016-05-25,7:33:00 PM,01 - Clear,01 - Daylight,01 - Dry,01 - Traffic signal,01 - Functioning,03 - P.D. only,04 - Sideswipe,0
16-5076,COVENTRY RD @ VANIER PKWY,370676.60444,5031611.48346,-75.65822286430,45.42133622670,2016-05-25,9:18:00 PM,01 - Clear,07 - Dark,01 - Dry,01 - Traffic signal,01 - Functioning,02 - Non-fatal injury,03 - Rear end,0
16-5077,FRIEL ST @ RIDEAU ST,368772.37884,5032570.35882,-75.68242816140,45.43014055630,2016-05-25,10:50:00 PM,01 - Clear,07 - Dark,01 - Dry,01 - Traffic signal,01 - Functioning,02 - Non-fatal injury,07 - SMV other,0
16-5078,BLACKBURN BYPASS WB btwn NAVAN RD & INNES RD E,379713.57574,5033448.40672,-75.54248344840,45.43695424630,2016-05-26,7:26:00 AM,01 - Clear,01 - Daylight,01 - Dry,10 - No control,,02 - Non-fatal injury,03 - Rear end,0
16-5079,BASELINE RD @ WOODROFFE AVE,362549.01376,5023770.73018,-75.76298608590,45.35150429740,2016-05-26,7:54:00 AM,01 - Clear,01 - Daylight,01 - Dry,01 - Traffic signal,01 - Functioning,03 - P.D. only,03 - Rear end,0
16-5080,SMYTH RD btwn ROGER GUINDON AVE & BOTSFORD ST,372007.58559,5029234.53960,-75.64154144040,45.39982292350,2016-05-26,7:58:00 AM,01 - Clear,01 - Daylight,01 - Dry,10 - No control,,03 - P.D. only,02 - Angle,0
16-5081,MAIN ST btwn TURN LANE & CENTENNIAL BLVD,369449.69398,5029487.60348,-75.67417734770,45.40234077930,2016-05-26,8:07:00 AM,01 - Clear,01 - Daylight,01 - Dry,10 - No control,,03 - P.D. only,04 - Sideswipe,0
16-5082,AMBERWOOD CRES @ MERIVALE RD,366409.02906,5020016.25682,-75.71419505290,45.31739362750,2016-05-26,8:08:00 AM,01 - Clear,01 - Daylight,01 - Dry,01 - Traffic signal,01 - Functioning,03 - P.D. only,03 - Rear end,0
16-5083,BAYCREST DR btwn HERON RD & CEDARWOOD DR,371174.21821,5026881.75598,-75.65250150830,45.37873296520,2016-05-26,8:11:00 AM,01 - Clear,01 - Daylight,01 - Dry,10 - No control,,02 - Non-fatal injury,03 - Rear end,0
16-5084,HUNTER'S RUN DR @ JEANNE D'ARC BLVD,380568.42364,5036173.89586,-75.53113890350,45.46138398300,2016-05-26,8:09:00 AM,01 - Clear,01 - Daylight,01 - Dry,01 - Traffic signal,01 - Functioning,03 - P.D. only,02 - Angle,0
16-5085,ST. JOSEPH BLVD @ JEANNE D'ARC BLVD,379860.74250,5036470.45520,-75.54014155280,45.46412858700,2016-05-26,8:14:00 AM,01 - Clear,01 - Daylight,01 - Dry,11 - Roundabout,01 - Functioning,03 - P.D. only,02 - Angle,0
16-5086,ST. JOSEPH BLVD @ JEANNE D'ARC BLVD,379859.99203,5036471.20567,-75.54015103410,45.46413542000,2016-05-26,8:17:00 AM,01 - Clear,01 - Daylight,01 - Dry,11 - Roundabout,01 - Functioning,03 - P.D. only,03 - Rear end,0
16-5087,FALLOWFIELD RD @ MOODIE DR,359500.97946,5014637.54030,-75.80289143110,45.26956762340,2016-05-26,8:10:00 AM,01 - Clear,01 - Daylight,01 - Dry,01 - Traffic signal,01 - Functioning,03 - P.D. only,03 - Rear end,0
16-5088,GREENBANK RD @ BERRIGAN DR/WESSEX RD,363724.81806,5015276.87925,-75.74899149150,45.27497919600,2016-05-26,8:51:00 AM,01 - Clear,01 - Daylight,01 - Dry,01 - Traffic signal,01 - Functioning,03 - P.D. only,05 - Turning movement,0
16-5089,KENT ST @ LAURIER AVE,367316.69900,5031164.81822,-75.70120839970,45.41762559030,2016-05-26,9:11:00 AM,01 - Clear,01 - Daylight,01 - Dry,01 - Traffic signal,01 - Functioning,02 - Non-fatal injury,03 - Rear end,0
16-5090,PRINCE OF WALES DR @ WATERBEND LANE,367402.38254,5021573.81626,-75.70132943730,45.33132042770,2016-05-26,8:00:00 AM,01 - Clear,01 - Daylight,01 - Dry,02 - Stop sign,01 - Functioning,03 - P.D. only,05 - Turning movement,0
16-5091,EAGLESON RD @ MICHAEL COWPLAND DR/STONEHAVEN D,354382.23538,5016624.22535,-75.86792199330,45.28782379930,2016-05-26,9:32:00 AM,01 - Clear,01 - Daylight,01 - Dry,01 - Traffic signal,01 - Functioning,02 - Non-fatal injury,03 - Rear end,0
16-5092,BROADVIEW AVE @ DOVERCOURT AVE,362984.91548,5027115.41040,-75.75702953450,45.38156332720,2016-05-26,9:38:00 AM,01 - Clear,01 - Daylight,01 - Dry,02 - Stop sign,01 - Functioning,03 - P.D. only,01 - Approaching,0
16-5093,HAWTHORNE RD btwn STEVENAGE DR & HUNT CLUB RD,375168.53306,5027237.18956,-75.60145561090,45.38154119830,2016-05-26,7:05:00 AM,01 - Clear,01 - Daylight,01 - Dry,10 - No control,,03 - P.D. only,02 - Angle,0
16-5094,TERRY FOX DR @ EDGEWATER ST/WALTER BAKER PL,351777.45414,5017614.53232,-75.90103227080,45.29691378250,2016-05-26,10:37:00 AM,01 - Clear,01 - Daylight,01 - Dry,01 - Traffic signal,01 - Functioning,03 - P.D. only,05 - Turning movement,0
16-5095,GREENBANK RD @ WEST HUNT CLUB RD,361479.90248,5020501.80276,-75.77700379270,45.32217779410,2016-05-26,10:40:00 AM,01 - Clear,01 - Daylight,01 - Dry,01 - Traffic signal,01 - Functioning,02 - Non-fatal injury,03 - Rear end,0
16-5096,PRINCE OF WALES DR btwn FOREST HILL AVE & BASELINE RD/HERON RD,366850.37725,5026348.25734,-75.70777196850,45.37432895110,2016-05-26,11:00:00 AM,01 - Clear,01 - Daylight,01 - Dry,10 - No control,,03 - P.D. only,03 - Rear end,0
16-5097,ANDERSON RD @ RUSSELL RD,379789.14743,5026707.20706,-75.54254294060,45.37629339530,2016-05-26,11:39:00 AM,01 - Clear,01 - Daylight,01 - Dry,02 - Stop sign,01 - Functioning,03 - P.D. only,03 - Rear end,0
16-5098,REGIONAL ROAD 174 btwn QUIGLEY HILL RD & REGIONAL ROAD 174 DIVIDED,388222.01914,5042389.28860,-75.43223149110,45.51643122310,2016-05-26,12:46:00 PM,01 - Clear,01 - Daylight,01 - Dry,10 - No control,,03 - P.D. only,04 - Sideswipe,0
16-5099,DALHOUSIE ST @ RIDEAU ST,368206.92864,5032227.80074,-75.68969803230,45.42710983320,2016-05-26,1:14:00 PM,01 - Clear,01 - Daylight,01 - Dry,01 - Traffic signal,01 - Functioning,03 - P.D. only,02 - Angle,0
16-5100,ALTA VISTA DR @ RIDGEMONT AVE,370518.59875,5026672.84751,-75.66089967400,45.37691508110,2016-05-27,2:50:00 PM,01 - Clear,01 - Daylight,01 - Dry,01 - Traffic signal,01 - Functioning,02 - Non-fatal injury,03 - Rear end,0
16-5101,KILBIRNIE DR btwn CAIRNSMORE CIRC & DUNDONALD DR,365535.22909,5012371.45867,-75.72627472090,45.24868220520,2016-05-26,1:26:00 PM,01 - Clear,01 - Daylight,01 - Dry,10 - No control,,03 - P.D. only,02 - Angle,0
16-5102,ST. LAURENT BLVD btwn DONALD ST & 125 N OF QUEEN MARY ST,372120.09396,5032408.32334,-75.63967099050,45.42836840900,2016-05-26,6:45:00 AM,01 - Clear,01 - Daylight,01 - Dry,10 - No control,,02 - Non-fatal injury,02 - Angle,0
16-5103,WALKLEY RD btwn HALIFAX DR & ST. LAURENT BLVD,373712.45908,5027938.15888,-75.61994830780,45.38799295190,2016-05-26,2:17:00 PM,01 - Clear,01 - Daylight,01 - Dry,10 - No control,,03 - P.D. only,05 - Turning movement,0
16-5104,HADLEY CIRC btwn TO BE DETERMINED & TANGLEWOOD DR,357252.13746,5020325.06699,-75.83094709590,45.32091613420,2016-05-26,2:28:00 PM,01 - Clear,01 - Daylight,01 - Dry,10 - No control,,03 - P.D. only,06 - SMV unattended vehicle,0
16-5105,BRONSON AVE @ COMMISSIONER ST/SLATER ST,366768.50925,5030949.05040,-75.70823921500,45.41573294140,2016-05-26,2:39:00 PM,01 - Clear,01 - Daylight,01 - Dry,01 - Traffic signal,01 - Functioning,02 - Non-fatal injury,05 - Turning movement,0
16-5106,LYON ST    N btwn GLADSTONE AVE & MCLEOD ST,367614.73537,5030311.02062,-75.69750950480,45.40991669320,2016-05-26,12:00:00 AM,01 - Clear,00 - Unknown,01 - Dry,10 - No control,,03 - P.D. only,06 - SMV unattended vehicle,0
16-5107,BOOTH ST btwn GLADSTONE AVE & LOUISA ST,366795.73233,5029785.98190,-75.70803770010,45.40526557050,2016-05-26,3:24:00 PM,01 - Clear,01 - Daylight,01 - Dry,10 - No control,,02 - Non-fatal injury,05 - Turning movement,0
16-5108,BLAIR RD @ INNES RD,375578.96038,5031440.68250,-75.59561223700,45.41932065600,2016-05-26,3:31:00 PM,01 - Clear,01 - Daylight,01 - Dry,01 - Traffic signal,01 - Functioning,03 - P.D. only,02 - Angle,0
16-5109,SUMMITVIEW DR btwn STONEHAVEN DR & END,356564.94005,5015751.12032,-75.84018960660,45.27981007100,2016-05-26,3:55:00 PM,01 - Clear,01 - Daylight,01 - Dry,10 - No control,,03 - P.D. only,06 - SMV unattended vehicle,0
16-5110,RIDGEWOOD AVE @ RIVERSIDE DR,368280.04608,5025609.31276,-75.68961545300,45.36755206530,2016-05-25,6:13:00 PM,01 - Clear,01 - Daylight,01 - Dry,01 - Traffic signal,01 - Functioning,03 - P.D. only,04 - Sideswipe,0
16-5111,AVIATION PKWY @ OGILVIE RD,373110.49466,5032376.36606,-75.62701989010,45.42798484580,2016-05-26,4:09:00 PM,01 - Clear,01 - Daylight,01 - Dry,01 - Traffic signal,01 - Functioning,02 - Non-fatal injury,05 - Turning movement,0
16-5112,RAMSAYVILLE RD @ RIDGE RD,376684.20504,5028863.76602,-75.58186735790,45.39602236270,2016-05-26,4:12:00 PM,01 - Clear,01 - Daylight,01 - Dry,02 - Stop sign,01 - Functioning,03 - P.D. only,02 - Angle,0
16-5113,RUSSELL RD btwn WAY ST & BOUNDARY RD,385636.81648,5026348.16769,-75.46795074640,45.37241283750,2016-05-26,4:07:00 PM,01 - Clear,01 - Daylight,01 - Dry,10 - No control,,02 - Non-fatal injury,01 - Approaching,0
16-5114,RIDEAU ST @ WALLER ST,368282.82506,5032274.64655,-75.68872218070,45.42752445170,2016-05-26,4:26:00 PM,01 - Clear,01 - Daylight,01 - Dry,01 - Traffic signal,01 - Functioning,02 - Non-fatal injury,07 - SMV other,1
16-5115,BASELINE RD/HERON RD @ PRINCE OF WALES DR,366874.36205,5026440.78275,-75.70745414250,45.37515935000,2016-05-26,4:55:00 PM,01 - Clear,01 - Daylight,01 - Dry,01 - Traffic signal,01 - Functioning,03 - P.D. only,04 - Sideswipe,0
16-5116,COLONNADE RD btwn MERIVALE RD & COLONNADE RD N,365685.42146,5022691.56877,-75.72309455930,45.34152887710,2016-05-26,5:07:00 PM,01 - Clear,01 - Daylight,01 - Dry,10 - No control,,03 - P.D. only,05 - Turning movement,0
16-5117,IRIS ST btwn HIGHGATE RD & GATEWAY RD,361640.00077,5023941.25051,-75.77456669580,45.35311289620,2016-05-25,12:00:00 AM,01 - Clear,00 - Unknown,01 - Dry,10 - No control,,03 - P.D. only,06 - SMV unattended vehicle,0
16-5118,RICHMOND RD btwn STINSON AVE & STAFFORD RD,358027.81858,5021020.74466,-75.82097881410,45.32711751410,2016-05-26,5:43:00 PM,01 - Clear,01 - Daylight,01 - Dry,10 - No control,,03 - P.D. only,03 - Rear end,0
16-5119,SOUTHPARK DR btwn WOODVIEW CRES & WOODBURN DR,377602.30451,5032916.68347,-75.56954390220,45.43239315980,2016-05-21,11:45:00 PM,01 - Clear,07 - Dark,01 - Dry,10 - No control,,03 - P.D. only,06 - SMV unattended vehicle,0
16-5120,KING EDWARD AVE @ MURRAY ST,368291.20900,5032754.31820,-75.68855320560,45.43183960430,2016-05-26,5:57:00 PM,01 - Clear,01 - Daylight,01 - Dry,01 - Traffic signal,01 - Functioning,03 - P.D. only,04 - Sideswipe,0
16-5121,ALBION RD @ BANK ST,371946.95338,5024128.82296,-75.64301007510,45.35388943900,2016-05-04,7:00:00 PM,01 - Clear,01 - Daylight,01 - Dry,01 - Traffic signal,01 - Functioning,03 - P.D. only,03 - Rear end,0
16-5122,INDUSTRIAL AVE/INNES RD @ ST. LAURENT BLVD,373104.79323,5030005.55700,-75.62742137190,45.40665399960,2016-05-26,6:45:00 AM,01 - Clear,01 - Daylight,01 - Dry,01 - Traffic signal,01 - Functioning,02 - Non-fatal injury,05 - Turning movement,0
16-5123,BANK ST btwn CLAREY AVE & HOLMWOOD AVE,368458.44346,5029252.71817,-75.68686841520,45.40031819620,2016-05-26,6:53:00 PM,01 - Clear,01 - Daylight,01 - Dry,10 - No control,,03 - P.D. only,05 - Turning movement,0
16-5124,MOUNTSHANNON DR btwn LONGFIELDS DR & BOULDER WAY,364295.95506,5016662.59979,-75.74154675450,45.28739980350,2016-05-24,6:20:00 PM,01 - Clear,01 - Daylight,01 - Dry,10 - No control,,03 - P.D. only,06 - SMV unattended vehicle,0
16-5125,DAVID MANCHESTER RD btwn Continuation of DAVID MANCHESTER RD & HAZELDE,345889.78342,5012529.18212,-75.97651823120,45.25152268410,2016-05-26,8:51:00 PM,02 - Rain,07 - Dark,02 - Wet,10 - No control,,03 - P.D. only,07 - SMV other,0
16-5126,KING EDWARD AVE @ STEWART ST,368634.93988,5032206.25554,-75.68423165670,45.42687704600,2016-05-26,9:15:00 PM,02 - Rain,07 - Dark,02 - Wet,01 - Traffic signal,01 - Functioning,03 - P.D. only,02 - Angle,0
16-5127,NICHOLAS ST NB btwn NICHOLAS ST NB OFF RAMP TO NICHOLAS ST SB & LAURIE,368363.63497,5031879.93454,-75.68774051390,45.42396563250,2016-05-26,9:22:00 PM,02 - Rain,07 - Dark,02 - Wet,10 - No control,,03 - P.D. only,02 - Angle,0
16-5128,CALDWELL AVE @ MERIVALE RD,364907.17846,5026230.19266,-75.73259384910,45.37343600520,2016-05-26,9:35:00 PM,01 - Clear,07 - Dark,02 - Wet,01 - Traffic signal,01 - Functioning,02 - Non-fatal injury,03 - Rear end,0
16-5129,BREWER RD @ BRONSON AVE,368108.37066,5027766.21042,-75.69153031090,45.38697478010,2016-05-26,9:38:00 PM,02 - Rain,07 - Dark,02 - Wet,01 - Traffic signal,01 - Functioning,03 - P.D. only,05 - Turning movement,0
16-5130,CLARENCE ST @ DALHOUSIE ST,368042.20001,5032503.42950,-75.69176755770,45.42960475880,2016-05-26,9:49:00 PM,01 - Clear,07 - Dark,01 - Dry,01 - Traffic signal,01 - Functioning,02 - Non-fatal injury,07 - SMV other,1
16-5131,RIDEAU VALLEY DR btwn PRINCE OF WALES DR & BARNSDALE RD,366789.98066,5012137.87554,-75.71032067690,45.24647102820,2016-05-27,3:00:00 AM,01 - Clear,07 - Dark,01 - Dry,10 - No control,,03 - P.D. only,07 - SMV other,0
16-5132,HERON RD @ FINN CRT,370831.17840,5026945.25226,-75.65687263880,45.37933669690,2016-05-27,7:37:00 AM,01 - Clear,01 - Daylight,01 - Dry,01 - Traffic signal,01 - Functioning,03 - P.D. only,03 - Rear end,0
16-5133,BELCOURT BLVD @ NOTRE DAME ST,381316.42244,5037214.90636,-75.52141347980,45.47066861300,2016-05-27,7:45:00 AM,01 - Clear,01 - Daylight,01 - Dry,02 - Stop sign,01 - Functioning,03 - P.D. only,03 - Rear end,0
16-5134,FOX CRES @ WOODROFFE AVE,361805.45576,5025626.75344,-75.77226080120,45.36826550040,2016-05-27,10:53:00 AM,01 - Clear,01 - Daylight,01 - Dry,02 - Stop sign,01 - Functioning,03 - P.D. only,03 - Rear end,0
16-5135,ST. PATRICK ST EB btwn MURRAY ST & BEAUSOLEIL DR,368415.87569,5033050.95464,-75.68692174170,45.43449730050,2016-05-27,10:57:00 AM,01 - Clear,01 - Daylight,01 - Dry,10 - No control,,03 - P.D. only,04 - Sideswipe,0
16-5136,WEST HUNT CLUB RD @ ROYDON PL/SUNDERLAND ST,365973.06654,5022171.25023,-75.71948884450,45.33682210300,2016-05-27,11:40:00 AM,01 - Clear,01 - Daylight,01 - Dry,01 - Traffic signal,01 - Functioning,03 - P.D. only,04 - Sideswipe,0
16-5137,AIRPORT PKWY @ HUNT CLUB RD,371018.75348,5023702.77272,-75.65491235130,45.35014423770,2016-05-27,12:06:00 PM,01 - Clear,01 - Daylight,01 - Dry,01 - Traffic signal,01 - Functioning,03 - P.D. only,03 - Rear end,0
16-5138,LAURIER AVE   W btwn BAY ST & LYON ST N,367141.98871,5031063.50257,-75.70345331760,45.41672957210,2016-05-27,11:20:00 AM,01 - Clear,01 - Daylight,01 - Dry,10 - No control,,02 - Non-fatal injury,05 - Turning movement,0
16-5139,WAVELL AVE btwn CROSSFIELD AVE & KEENAN AVE,362301.95593,5027081.98908,-75.76575349950,45.38131899730,2016-05-27,12:25:00 PM,01 - Clear,01 - Daylight,01 - Dry,10 - No control,,03 - P.D. only,06 - SMV unattended vehicle,0
16-5140,ST. LAURENT BLVD btwn COVENTRY RD & LEMIEUX ST,372389.09023,5031750.02873,-75.63632402940,45.42241944130,2016-05-27,12:57:00 PM,01 - Clear,01 - Daylight,01 - Dry,10 - No control,,03 - P.D. only,03 - Rear end,0
16-5141,CATHERINE ST @ KENT ST,367907.48202,5030188.78988,-75.69378553550,45.40879056380,2016-05-27,2:07:00 PM,01 - Clear,01 - Daylight,01 - Dry,01 - Traffic signal,01 - Functioning,03 - P.D. only,04 - Sideswipe,0
16-5142,BESSERER ST btwn CUMBERLAND ST & KING EDWARD AVE,368485.02318,5032301.44435,-75.68613498970,45.42774718740,2016-05-27,12:30:00 PM,01 - Clear,01 - Daylight,01 - Dry,10 - No control,,03 - P.D. only,06 - SMV unattended vehicle,0
16-5143,BROMLEY RD @ CARLING AVE,362559.02858,5026245.30416,-75.76256905980,45.37376945730,2016-05-27,2:59:00 PM,01 - Clear,01 - Daylight,01 - Dry,02 - Stop sign,01 - Functioning,03 - P.D. only,04 - Sideswipe,0
16-5144,TENTH LINE RD @ CHARLEMAGNE BLVD S/DES EPINETT,383640.97510,5036900.45590,-75.49173924100,45.46758093120,2016-05-27,3:00:00 PM,01 - Clear,01 - Daylight,01 - Dry,01 - Traffic signal,01 - Functioning,03 - P.D. only,03 - Rear end,0
16-5145,O'CONNOR ST btwn ISABELLA ST & PRETORIA AVE,368331.97574,5030247.46107,-75.68835550260,45.40928006400,2016-05-27,12:30:00 PM,01 - Clear,01 - Daylight,01 - Dry,10 - No control,,03 - P.D. only,06 - SMV unattended vehicle,0
16-5146,KING EDWARD AVE NB btwn BRUYERE ST & ST. ANDREW ST,368151.38482,5033023.22846,-75.69030544290,45.43427184300,2016-05-27,3:29:00 PM,01 - Clear,01 - Daylight,01 - Dry,10 - No control,,03 - P.D. only,99 - Other,0
16-5147,GUIGUES AVE btwn SUSSEX DR & PARENT AVE,367668.53825,5032561.74068,-75.69653501900,45.43016311180,2016-05-27,3:37:00 PM,01 - Clear,01 - Daylight,01 - Dry,10 - No control,,03 - P.D. only,03 - Rear end,0
16-5148,RICHMOND RD @ SEYTON DR,357399.32434,5019313.34710,-75.82917720900,45.31180155690,2016-05-27,3:52:00 PM,01 - Clear,01 - Daylight,01 - Dry,01 - Traffic signal,01 - Functioning,03 - P.D. only,03 - Rear end,0
16-5149,BLAIR RD btwn OR174 IC112 RAMP15 & MEADOWBROOK RD,375141.07988,5032377.09738,-75.60107290630,45.42779016020,2016-05-27,4:16:00 PM,02 - Rain,01 - Daylight,02 - Wet,10 - No control,,03 - P.D. only,02 - Angle,0
16-5150,BLACKBURN BYPASS @ INNES RD E,379790.41632,5033780.84581,-75.54145079270,45.43993705430,2016-05-27,4:20:00 PM,01 - Clear,01 - Daylight,02 - Wet,01 - Traffic signal,01 - Functioning,03 - P.D. only,07 - SMV other,0
16-5151,MARGUERITE AVE @ MCARTHUR AVE,370029.61171,5032669.92538,-75.66634913540,45.43092028620,2016-05-27,4:41:00 PM,01 - Clear,01 - Daylight,02 - Wet,01 - Traffic signal,01 - Functioning,02 - Non-fatal injury,02 - Angle,0
16-5152,BREWER RD @ BRONSON AVE,368109.70572,5027766.21636,-75.69151326350,45.38697471340,2016-05-27,4:42:00 PM,02 - Rain,01 - Daylight,02 - Wet,01 - Traffic signal,01 - Functioning,03 - P.D. only,03 - Rear end,0
16-5153,HAWTHORNE AVE @ MAIN ST,368973.19407,5030633.80944,-75.68011424220,45.41269779150,2016-05-27,5:52:00 PM,02 - Rain,01 - Daylight,02 - Wet,01 - Traffic signal,00 - Unknown,03 - P.D. only,03 - Rear end,0
16-5154,AVIATION PKWY @ OGILVIE RD,373110.93968,5032376.36012,-75.62701420470,45.42798474830,2016-05-27,4:40:00 PM,01 - Clear,01 - Daylight,01 - Dry,01 - Traffic signal,01 - Functioning,03 - P.D. only,03 - Rear end,0
16-5155,SHORE ST @ ST. LAURENT BLVD,372802.68913,5030719.44236,-75.63118175930,45.41310662890,2016-05-27,4:50:00 PM,01 - Clear,01 - Daylight,01 - Dry,02 - Stop sign,01 - Functioning,02 - Non-fatal injury,02 - Angle,0
16-5156,PRESTWICK DR btwn DU GRAND BOIS AVE & INNES RD,383521.90487,5036036.36480,-75.49340011480,45.45982004590,2016-05-27,4:55:00 PM,01 - Clear,01 - Daylight,01 - Dry,10 - No control,,02 - Non-fatal injury,07 - SMV other,0
16-5157,INNES RD @ TENTH LINE RD,383951.10168,5036159.78034,-75.48789305980,45.46088193530,2016-05-27,5:01:00 PM,01 - Clear,01 - Daylight,01 - Dry,01 - Traffic signal,01 - Functioning,02 - Non-fatal injury,03 - Rear end,0