Record,Location,X,Y,Longitude,Latitude,Date,Time,Environment,Light,Road_Surface,Traffic_Control,Collision_Location,Collision_Classification,Impact_type,Pedestrian
16-5158,SHELDRAKE DR btwn MORTON DR & BINSCARTH CRES,353193.02568,5016899.06149,-75.88305442280,45.29037973140,2016-05-27,12:00:00 AM,01 - Clear,00 - Unknown,01 - Dry,10 - No control,,03 - P.D. only,06 - SMV unattended vehicle,0
16-5159,TERRY FOX DR @ PALLADIUM DR/KATIMAVIK RD,351269.49252,5018181.09876,-75.90745538690,45.30204568070,2016-05-27,9:50:00 AM,01 - Clear,01 - Daylight,01 - Dry,01 - Traffic signal,01 - Functioning,03 - P.D. only,03 - Rear end,0
16-5160,GREENBANK RD btwn 220 N OF STRANDHERD DR & STRANDHERD DR,363924.89021,5014804.48484,-75.74649800670,45.27071178840,2016-05-27,6:20:00 PM,01 - Clear,01 - Daylight,01 - Dry,10 - No control,,03 - P.D. only,04 - Sideswipe,0
16-5161,ALTA VISTA DR btwn SMYTH RD & VALOUR DR,370408.58963,5029201.73788,-75.66196793790,45.39967945650,2016-05-27,6:30:00 PM,01 - Clear,01 - Daylight,01 - Dry,10 - No control,,03 - P.D. only,03 - Rear end,0
16-5162,MIRAMICHI ST @ WOODROFFE AVE,362332.36354,5024318.28212,-75.76568711030,45.35644893610,2016-05-27,7:15:00 PM,01 - Clear,01 - Daylight,01 - Dry,02 - Stop sign,01 - Functioning,03 - P.D. only,03 - Rear end,0
16-5163,FERNBANK RD btwn DWYER HILL RD & MUNSTER RD,344395.68618,5006352.40795,-75.99604352550,45.19602649500,2016-05-27,7:46:00 PM,01 - Clear,01 - Daylight,01 - Dry,10 - No control,,03 - P.D. only,02 - Angle,0
16-5164,HUNT CLUB RD btwn TURN LANE & TURN LANE (2),371715.52328,5024259.42695,-75.64594578710,45.35508669260,2016-05-27,9:00:00 PM,01 - Clear,07 - Dark,01 - Dry,10 - No control,,03 - P.D. only,04 - Sideswipe,0
16-5165,GLAMORGAN DR btwn UXBRIDGE CRES & HEATHCLIFFE CRT,353553.09835,5016391.28926,-75.87851415240,45.28578578800,2016-05-27,10:08:00 PM,01 - Clear,07 - Dark,01 - Dry,10 - No control,,02 - Non-fatal injury,06 - SMV unattended vehicle,0
16-5166,MONTREAL RD btwn PALACE ST & VANIER PKWY,370011.15399,5033030.19187,-75.66653728980,45.43416353710,2016-05-27,10:14:00 PM,01 - Clear,07 - Dark,01 - Dry,10 - No control,,03 - P.D. only,03 - Rear end,0
16-5167,PRESLAND RD btwn RENOUF AVE & WHITTON CRES,370724.76120,5031786.04193,-75.65758422020,45.42290229430,2016-05-27,10:26:00 PM,01 - Clear,07 - Dark,01 - Dry,10 - No control,,03 - P.D. only,06 - SMV unattended vehicle,0
16-5168,BELL ST btwn WEST RIDGE DR & ELM CRES,350043.24556,5012336.63151,-75.92362342230,45.24953526320,2016-05-28,3:52:00 AM,01 - Clear,07 - Dark,01 - Dry,10 - No control,,03 - P.D. only,06 - SMV unattended vehicle,0
16-5169,DESCHAMPS AVE @ VANIER PKWY,369850.58520,5033266.91516,-75.66855802000,45.43630843130,2016-05-28,5:45:00 AM,01 - Clear,03 - Dawn,01 - Dry,01 - Traffic signal,01 - Functioning,03 - P.D. only,07 - SMV other,0
16-5170,KING EDWARD AVE @ ST. PATRICK ST,368248.92084,5032823.80834,-75.68908465910,45.43246868920,2016-05-28,8:38:00 AM,01 - Clear,01 - Daylight,01 - Dry,01 - Traffic signal,01 - Functioning,03 - P.D. only,02 - Angle,0
16-5171,ABACA WAY btwn KITTIWAKE DR & KITTIWAKE DR,348544.63379,5014092.74975,-75.94255947520,45.26543225210,2016-05-26,6:00:00 PM,01 - Clear,01 - Daylight,01 - Dry,10 - No control,,03 - P.D. only,06 - SMV unattended vehicle,0
16-5172,RIVERSIDE DR NB btwn HINCKS LANE & SAN REMO PRIV,370181.37204,5030254.04402,-75.66473039710,45.40916897200,2016-05-27,12:40:00 PM,01 - Clear,01 - Daylight,01 - Dry,10 - No control,,03 - P.D. only,03 - Rear end,0
16-5173,JOSHUA ST @ RENAUD RD,381156.37336,5032327.87238,-75.52421858940,45.42671646730,2016-05-28,11:25:00 AM,01 - Clear,01 - Daylight,01 - Dry,02 - Stop sign,01 - Functioning,03 - P.D. only,02 - Angle,0
16-5174,VANIER PKWY SB btwn MONTREAL RD & MCARTHUR AVE,370195.48065,5032755.74937,-75.66421811630,45.43167700450,2016-05-28,12:40:00 PM,01 - Clear,01 - Daylight,01 - Dry,10 - No control,,03 - P.D. only,04 - Sideswipe,0
16-5175,BELLMAN DR btwn GLENCOE ST & GREENBANK RD,361147.61045,5020985.90432,-75.78118701280,45.32656049220,2016-05-28,12:44:00 PM,01 - Clear,01 - Daylight,01 - Dry,10 - No control,,03 - P.D. only,02 - Angle,0
16-5176,BANK ST @ CONROY RD,375044.02562,5022239.05763,-75.60375557080,45.33658272860,2016-05-28,12:50:00 PM,01 - Clear,01 - Daylight,01 - Dry,01 - Traffic signal,01 - Functioning,03 - P.D. only,03 - Rear end,0
16-5177,GREENBANK RD @ JOCKVALE RD,364121.46232,5014331.08974,-75.74404960930,45.26643561730,2016-05-28,1:29:00 PM,01 - Clear,01 - Daylight,01 - Dry,01 - Traffic signal,01 - Functioning,02 - Non-fatal injury,03 - Rear end,0
16-5178,MEADOWLANDS DR btwn MERIVALE RD & GRANT CARMAN DR,365030.03891,5023869.88111,-75.73131306930,45.35218774820,2016-05-28,2:00:00 PM,01 - Clear,01 - Daylight,01 - Dry,10 - No control,,03 - P.D. only,03 - Rear end,0
16-5179,CROYDON AVE @ RICHMOND RD,360544.99183,5025274.80039,-75.78839049960,45.36520003120,2016-05-28,2:02:00 PM,01 - Clear,01 - Daylight,01 - Dry,01 - Traffic signal,01 - Functioning,02 - Non-fatal injury,05 - Turning movement,0
16-5180,PARENT AVE btwn MURRAY ST & CLARENCE ST,367863.84106,5032484.96004,-75.69404911430,45.42945468200,2016-05-28,2:13:00 PM,01 - Clear,01 - Daylight,01 - Dry,10 - No control,,03 - P.D. only,04 - Sideswipe,0
16-5181,CASTLESTONE WAY @ WILLOW CREEK CIRC,366688.06146,5014176.11206,-75.71136505690,45.26481998530,2016-05-28,2:23:00 PM,01 - Clear,01 - Daylight,01 - Dry,02 - Stop sign,01 - Functioning,03 - P.D. only,02 - Angle,0
16-5182,BANK ST @ WILTON CRES,368577.71020,5028966.77602,-75.68538210790,45.39773452390,2016-05-28,2:38:00 PM,01 - Clear,01 - Daylight,01 - Dry,02 - Stop sign,01 - Functioning,03 - P.D. only,02 - Angle,0
16-5183,DONALD ST @ VANIER PKWY,370311.03666,5032270.35992,-75.66280599160,45.42729885630,2016-05-28,2:40:00 PM,01 - Clear,01 - Daylight,01 - Dry,01 - Traffic signal,01 - Functioning,03 - P.D. only,05 - Turning movement,0
16-5184,DALHOUSIE ST btwn GEORGE ST & RIDEAU ST,368196.56254,5032246.74693,-75.68982805270,45.42728124410,2016-05-28,2:52:00 PM,01 - Clear,01 - Daylight,01 - Dry,10 - No control,,03 - P.D. only,04 - Sideswipe,0
16-5185,DALHOUSIE ST btwn GEORGE ST & RIDEAU ST,368194.30775,5032250.35459,-75.68985639920,45.42731390930,2016-05-28,2:13:00 PM,01 - Clear,01 - Daylight,01 - Dry,10 - No control,,03 - P.D. only,06 - SMV unattended vehicle,0
16-5186,GLEBE AVE btwn BRONSON AVE & PERCY ST,367482.78473,5029324.70920,-75.69932046360,45.40105398530,2016-05-28,9:30:00 AM,01 - Clear,01 - Daylight,01 - Dry,10 - No control,,03 - P.D. only,06 - SMV unattended vehicle,0
16-5187,BANK ST btwn RANDALL AVE & 73 N OF EVANS BLVD,369744.91122,5027271.94628,-75.67069832970,45.38237772150,2016-05-28,3:40:00 PM,01 - Clear,01 - Daylight,01 - Dry,10 - No control,,03 - P.D. only,02 - Angle,0
16-5188,MARKETPLACE AVE @ RIOCAN AVE,364287.10238,5014760.91856,-75.74188750980,45.27028923340,2016-05-28,3:55:00 PM,01 - Clear,01 - Daylight,01 - Dry,02 - Stop sign,01 - Functioning,03 - P.D. only,02 - Angle,0
16-5189,VANIER PKWY/CRICHTON ST @ BEECHWOOD AVE/ST. PA,369127.82343,5033486.92786,-75.67776626290,45.43835488560,2016-05-28,4:55:00 PM,01 - Clear,01 - Daylight,01 - Dry,01 - Traffic signal,01 - Functioning,03 - P.D. only,03 - Rear end,0
16-5190,PERKINS ST btwn ALBERT ST & END,366539.30627,5030688.35797,-75.71120007960,45.41340756620,2016-05-25,7:00:00 AM,01 - Clear,01 - Daylight,01 - Dry,10 - No control,,03 - P.D. only,06 - SMV unattended vehicle,0
16-5191,DWYER HILL RD @ ROGER STEVENS DR,354337.21844,4989350.59536,-75.87120166630,45.04240740120,2016-05-28,6:13:00 PM,01 - Clear,01 - Daylight,01 - Dry,02 - Stop sign,01 - Functioning,02 - Non-fatal injury,02 - Angle,0
16-5192,PRINCE OF WALES DR @ WEST HUNT CLUB RD,367458.03386,5021892.17974,-75.70057921320,45.33418003840,2016-05-28,6:28:00 PM,01 - Clear,01 - Daylight,01 - Dry,01 - Traffic signal,01 - Functioning,03 - P.D. only,03 - Rear end,0
16-5193,KIRKWOOD AVE @ SWITZER AVE,364234.82740,5027587.75868,-75.74101377470,45.38570850880,2016-05-28,7:16:00 PM,02 - Rain,01 - Daylight,02 - Wet,01 - Traffic signal,01 - Functioning,03 - P.D. only,03 - Rear end,0
16-5194,REGIONAL ROAD 174 btwn OR174 IC112 RAMP61 & TRANSIT,375181.54948,5033136.57500,-75.60044723340,45.43461943810,2016-05-28,7:31:00 PM,01 - Clear,01 - Daylight,01 - Dry,10 - No control,,03 - P.D. only,07 - SMV other,0
16-5195,HUNT CLUB RD btwn BANK ST & TURN LANE (1),371639.29430,5024155.14875,-75.64693270020,45.35415570260,2016-05-28,7:58:00 PM,01 - Clear,01 - Daylight,01 - Dry,10 - No control,,03 - P.D. only,04 - Sideswipe,0
16-5196,ABBOTT ST @ CARBERY DR,350672.57071,5013713.51884,-75.91547945070,45.26188424130,2016-05-28,8:16:00 PM,01 - Clear,05 - Dusk,01 - Dry,02 - Stop sign,01 - Functioning,03 - P.D. only,03 - Rear end,0
16-5197,HUNTLEY RD @ FALLOWFIELD RD,352403.58970,5009614.69924,-75.89381593660,45.22488667400,2016-05-28,9:25:00 PM,01 - Clear,07 - Dark,01 - Dry,02 - Stop sign,01 - Functioning,03 - P.D. only,02 - Angle,0
16-5198,BOOTH ST @ ORANGEVILLE ST,366891.95410,5029572.18610,-75.70683555780,45.40333336630,2016-05-28,10:08:00 PM,01 - Clear,07 - Dark,01 - Dry,02 - Stop sign,01 - Functioning,02 - Non-fatal injury,02 - Angle,0
16-5199,FALAISE RD btwn FISHER AVE & ORTONA AVE,366886.41846,5024607.74432,-75.70753056970,45.35866499870,2016-05-28,10:26:00 PM,01 - Clear,07 - Dark,01 - Dry,10 - No control,,03 - P.D. only,06 - SMV unattended vehicle,0
16-5200,RICHMOND RD btwn CROYDON AVE & ASSALY RD,360558.53911,5025294.84214,-75.78821531410,45.36537928800,2016-05-29,1:11:00 AM,01 - Clear,07 - Dark,01 - Dry,10 - No control,,02 - Non-fatal injury,05 - Turning movement,0
16-5201,ST. LAURENT BLVD btwn COVENTRY RD & LEMIEUX ST,372317.33685,5031924.62392,-75.63721688400,45.42399729650,2016-05-29,3:59:00 AM,01 - Clear,07 - Dark,01 - Dry,10 - No control,,02 - Non-fatal injury,07 - SMV other,0
16-5202,VISENEAU DR btwn BARRINGTON ST & BROMONT WAY,381688.75099,5035482.37624,-75.51692336360,45.45503985850,2016-05-29,6:37:00 AM,01 - Clear,01 - Daylight,01 - Dry,10 - No control,,02 - Non-fatal injury,03 - Rear end,0
16-5203,MCCALLUM DR btwn NICOLET WAY & NICOLET WAY,385084.54657,5037463.18156,-75.47318909480,45.47247936000,2016-05-28,2:30:00 PM,01 - Clear,01 - Daylight,01 - Dry,10 - No control,,03 - P.D. only,06 - SMV unattended vehicle,0
16-5204,TERMINAL AVE btwn RAILMARKET PRIV & TRAINYARDS DR,371799.01128,5030838.53741,-75.64398734140,45.41427500750,2016-05-29,10:05:00 AM,01 - Clear,01 - Daylight,01 - Dry,10 - No control,,03 - P.D. only,03 - Rear end,0
16-5205,CYRVILLE RD btwn MAXIME ST & INNES RD,374846.87521,5031166.65314,-75.60500435550,45.41692876410,2016-05-29,12:18:00 PM,01 - Clear,01 - Daylight,01 - Dry,10 - No control,,03 - P.D. only,02 - Angle,0
16-5206,BRONSON AVE @ IMPERIAL AVE/PLYMOUTH ST,367319.12433,5029643.60792,-75.70137034940,45.40393797900,2016-05-29,1:44:00 PM,01 - Clear,01 - Daylight,01 - Dry,10 - No control,,03 - P.D. only,05 - Turning movement,0
16-5207,AVIATION PKWY @ OGILVIE RD,373109.58680,5032376.36012,-75.62703149220,45.42798488040,2016-05-29,2:05:00 PM,01 - Clear,01 - Daylight,01 - Dry,01 - Traffic signal,01 - Functioning,03 - P.D. only,03 - Rear end,0
16-5208,SADDLE CRES btwn ESSON ST & TO BE DETERMINED,374669.37835,5025996.48563,-75.60800413540,45.37042787640,2016-05-29,2:47:00 PM,01 - Clear,01 - Daylight,01 - Dry,10 - No control,,02 - Non-fatal injury,07 - SMV other,0
16-5209,CARLING AVE @ CARLINGWOOD SC,362072.79256,5025919.68712,-75.76881426120,45.37087949590,2016-05-29,2:55:00 PM,01 - Clear,01 - Daylight,01 - Dry,01 - Traffic signal,01 - Functioning,03 - P.D. only,05 - Turning movement,0
16-5210,GREENBANK RD btwn CANFIELD RD & BELLMAN DR,361240.94525,5021043.69604,-75.77998986810,45.32707300270,2016-05-29,3:21:00 PM,01 - Clear,01 - Daylight,01 - Dry,10 - No control,,03 - P.D. only,05 - Turning movement,0
16-5211,MACKENZIE AVE btwn 205 N OF RIDEAU ST & RIDEAU ST,367763.94211,5032176.82193,-75.69536508380,45.42669116090,2016-05-29,3:21:00 PM,01 - Clear,01 - Daylight,01 - Dry,10 - No control,,03 - P.D. only,03 - Rear end,0
16-5212,MITCH OWENS RD @ STAGECOACH RD,375399.98018,5014484.23272,-75.60031882780,45.26677190860,2016-05-29,4:13:00 PM,01 - Clear,01 - Daylight,02 - Wet,01 - Traffic signal,01 - Functioning,02 - Non-fatal injury,03 - Rear end,0
16-5213,BANK ST @ LEITRIM RD,375357.09558,5021620.15572,-75.59984983040,45.33098269380,2016-05-29,6:48:00 PM,01 - Clear,01 - Daylight,01 - Dry,01 - Traffic signal,01 - Functioning,03 - P.D. only,05 - Turning movement,0
16-5214,BRONSON AVE @ FOURTH AVE,367583.93898,5029009.33502,-75.69806863960,45.39820727510,2016-05-29,5:32:00 PM,01 - Clear,01 - Daylight,01 - Dry,02 - Stop sign,01 - Functioning,02 - Non-fatal injury,01 - Approaching,0
16-5215,RANGE RD btwn TEMPLETON ST & MANN AVE,369722.60797,5031885.37431,-75.67037572520,45.42388977240,2016-05-29,3:30:00 PM,01 - Clear,01 - Daylight,01 - Dry,10 - No control,,03 - P.D. only,06 - SMV unattended vehicle,0
16-5216,ST. CHARLES ST btwn GENEST ST & ALICE ST,369605.01542,5033599.83412,-75.67165260180,45.43932670240,2016-05-29,12:00:00 AM,01 - Clear,00 - Unknown,01 - Dry,10 - No control,,03 - P.D. only,06 - SMV unattended vehicle,0
16-5217,GREENBANK RD @ MALVERN DR/FOXFIELD DR,363311.50444,5016194.55452,-75.75415062800,45.28327097170,2016-05-29,8:20:00 PM,01 - Clear,05 - Dusk,01 - Dry,01 - Traffic signal,01 - Functioning,03 - P.D. only,99 - Other,0
16-5218,YORK ST EB btwn BY WARD MARKET SQ & SUSSEX DR,367873.25427,5032279.08750,-75.69395519320,45.42760146320,2016-05-29,10:00:00 PM,01 - Clear,07 - Dark,01 - Dry,10 - No control,,03 - P.D. only,04 - Sideswipe,0
16-5219,CORKSTOWN RD btwn MARCH RD & MOODIE DR,355021.19012,5021569.63585,-75.85927586230,45.33227808950,2016-05-30,5:34:00 AM,01 - Clear,03 - Dawn,01 - Dry,10 - No control,,03 - P.D. only,07 - SMV other,0
16-5220,REGIONAL ROAD 174 btwn OR174 IC112 RAMP36 & OR174 IC112 RAMP26,374694.14994,5032765.15107,-75.60672869180,45.43132645860,2016-05-30,6:20:00 AM,01 - Clear,01 - Daylight,01 - Dry,10 - No control,,03 - P.D. only,04 - Sideswipe,0
16-5221,IBER RD btwn HUNTMAR DR & HARRY DOUGLAS DR,351125.26885,5015869.44933,-75.90951021590,45.28125432340,2016-05-30,8:59:00 AM,01 - Clear,01 - Daylight,01 - Dry,10 - No control,,02 - Non-fatal injury,05 - Turning movement,0
16-5222,BANK ST @ HERON RD,369996.39644,5026851.31672,-75.66754292200,45.37856967430,2016-05-30,9:07:00 AM,01 - Clear,01 - Daylight,01 - Dry,01 - Traffic signal,01 - Functioning,03 - P.D. only,05 - Turning movement,0
16-5223,CHESTERTON DR btwn MULVAGH AVE & SOUTHVIEW CRES,365198.98414,5023956.49027,-75.72914651930,45.35295251440,2016-05-30,9:21:00 AM,01 - Clear,01 - Daylight,01 - Dry,10 - No control,,03 - P.D. only,04 - Sideswipe,0
16-5224,WOODROFFE AVE btwn HWY417 IC127 RAMP53 & IRIS ST,362208.72974,5024620.55480,-75.76722987130,45.35917889620,2016-05-30,9:33:00 AM,01 - Clear,01 - Daylight,01 - Dry,10 - No control,,03 - P.D. only,02 - Angle,0
16-5225,BERRIGAN DR @ LONGFIELDS DR,364304.97139,5015645.55147,-75.74155377740,45.27824765090,2016-05-30,8:35:00 AM,01 - Clear,01 - Daylight,01 - Dry,11 - Roundabout,01 - Functioning,03 - P.D. only,03 - Rear end,0
16-5226,CARLING AVE EB btwn FOX CRES & WOODROFFE AVE,361748.29239,5025713.78858,-75.77298046470,45.36905328300,2016-05-30,7:45:00 AM,01 - Clear,01 - Daylight,01 - Dry,10 - No control,,03 - P.D. only,04 - Sideswipe,0
16-5227,BANK ST @ HERON RD,369995.04356,5026852.66960,-75.66756001470,45.37858197310,2016-05-30,11:23:00 AM,01 - Clear,01 - Daylight,01 - Dry,01 - Traffic signal,01 - Functioning,03 - P.D. only,03 - Rear end,0
16-5228,WALKLEY RD btwn SPRINGLAND DR & MCCARTHY RD,368824.64546,5025034.08923,-75.68273835280,45.36232682180,2016-05-30,8:15:00 AM,01 - Clear,01 - Daylight,01 - Dry,10 - No control,,03 - P.D. only,03 - Rear end,0
16-5229,WOODGATE WAY btwn SHANDON AVE & END,364768.48159,5017637.57364,-75.73540565940,45.29613242240,2016-05-26,5:00:00 PM,01 - Clear,01 - Daylight,01 - Dry,10 - No control,,03 - P.D. only,06 - SMV unattended vehicle,0
16-5230,MERIVALE RD @ WEST HUNT CLUB RD,365613.37702,5021942.04365,-75.72410588840,45.33479100080,2016-05-30,12:45:00 PM,01 - Clear,01 - Daylight,01 - Dry,01 - Traffic signal,01 - Functioning,02 - Non-fatal injury,03 - Rear end,0
16-5231,LANDRY ST btwn ST. AMBROISE ST & BARIBEAU ST,369932.65762,5033547.91226,-75.66747194470,45.43882908570,2016-05-30,1:00:00 PM,01 - Clear,01 - Daylight,01 - Dry,10 - No control,,03 - P.D. only,02 - Angle,0
16-5232,MONTREAL RD @ VANIER PKWY,370071.61211,5033064.93348,-75.66576005220,45.43447048690,2016-05-30,1:27:00 PM,01 - Clear,01 - Daylight,01 - Dry,01 - Traffic signal,01 - Functioning,03 - P.D. only,02 - Angle,0
16-5233,STEEPLE CHASE DR btwn PINE HILL DR & BON ECHO CRES,355561.54902,5017701.31411,-75.85277873620,45.29743146000,2016-05-29,12:00:00 AM,01 - Clear,00 - Unknown,01 - Dry,10 - No control,,03 - P.D. only,06 - SMV unattended vehicle,0
16-5234,HUNT CLUB RD @ LORRY GREENBERG DR/SABLE RIDGE,372822.86555,5024807.36142,-75.63173880600,45.35991025360,2016-05-30,1:52:00 PM,01 - Clear,01 - Daylight,01 - Dry,01 - Traffic signal,01 - Functioning,03 - P.D. only,03 - Rear end,0
16-5235,PRINCE OF WALES DR @ MEADOWLANDS DR/HOG'S BACK,367371.18841,5025693.71138,-75.70120607470,45.36839319050,2016-05-30,1:50:00 PM,01 - Clear,01 - Daylight,01 - Dry,01 - Traffic signal,01 - Functioning,03 - P.D. only,03 - Rear end,0
16-5236,HUNT CLUB RD @ RIVERSIDE DR,368036.04438,5021945.27896,-75.69319862910,45.33460596460,2016-05-30,2:09:00 PM,01 - Clear,01 - Daylight,01 - Dry,01 - Traffic signal,01 - Functioning,03 - P.D. only,03 - Rear end,0
16-5237,BRONSON AVE RAMP 34 btwn BRONSON AVE & BRONSON AVE RAMPS 35 & 36,368624.11335,5026801.05781,-75.68506954710,45.37824381210,2016-05-30,2:11:00 PM,01 - Clear,01 - Daylight,01 - Dry,10 - No control,,02 - Non-fatal injury,07 - SMV other,1
16-5238,BESSERER ST @ WALLER ST,368316.15878,5032191.30136,-75.68830698470,45.42677151490,2016-05-30,2:44:00 PM,01 - Clear,01 - Daylight,01 - Dry,01 - Traffic signal,01 - Functioning,02 - Non-fatal injury,07 - SMV other,1
16-5239,ST. JOSEPH BLVD @ JEANNE D'ARC BLVD,379860.74250,5036470.89204,-75.54014148610,45.46413251700,2016-05-30,2:45:00 PM,01 - Clear,01 - Daylight,01 - Dry,11 - Roundabout,01 - Functioning,03 - P.D. only,03 - Rear end,0
16-5240,RICHMOND RD @ WOODROFFE AVE,361584.46093,5026654.29772,-75.77496368890,45.37752919610,2016-05-30,2:52:00 PM,01 - Clear,01 - Daylight,01 - Dry,01 - Traffic signal,01 - Functioning,03 - P.D. only,07 - SMV other,0
16-5241,TENTH LINE RD btwn ST. JOSEPH BLVD & OR174 IC101 RAMP26,382785.13125,5038887.73686,-75.50236707130,45.48555678880,2016-05-30,3:13:00 PM,01 - Clear,01 - Daylight,01 - Dry,10 - No control,,03 - P.D. only,03 - Rear end,0
16-5242,HALIFAX DR @ WALKLEY RD,373644.41344,5027899.31792,-75.62082260560,45.38765016970,2016-05-30,3:39:00 PM,01 - Clear,01 - Daylight,01 - Dry,01 - Traffic signal,01 - Functioning,03 - P.D. only,03 - Rear end,0
16-5243,FRANK ST @ O'CONNOR ST,368052.16594,5030698.72161,-75.69187191180,45.41336570500,2016-05-30,3:49:00 PM,01 - Clear,01 - Daylight,01 - Dry,02 - Stop sign,01 - Functioning,03 - P.D. only,02 - Angle,0
16-5244,GREENLAND RD btwn VANCES SIDE RD & Continuation of GREENLAND RD,342384.77383,5035570.45007,-76.01941846920,45.45905196280,2016-05-30,4:01:00 PM,01 - Clear,01 - Daylight,01 - Dry,10 - No control,,03 - P.D. only,07 - SMV other,0
16-5245,GREENBANK RD btwn BATEMAN DR/BELLMAN DR & GREENBANK SQUARE SC,361320.29171,5020869.32881,-75.77899764110,45.32549766220,2016-05-30,4:18:00 PM,01 - Clear,01 - Daylight,01 - Dry,10 - No control,,02 - Non-fatal injury,03 - Rear end,0
16-5246,CUMBERLAND ST btwn DALY AVE & STEWART ST,368458.44346,5032183.33281,-75.68648989780,45.42668688120,2016-05-27,2:00:00 PM,01 - Clear,01 - Daylight,01 - Dry,10 - No control,,03 - P.D. only,06 - SMV unattended vehicle,0
16-5247,SPRATT RD btwn CANYON WALK DR & OWLS CABIN AVE,369258.27545,5016530.17785,-75.67831068080,45.28577071540,2016-05-30,4:42:00 PM,01 - Clear,01 - Daylight,01 - Dry,10 - No control,,02 - Non-fatal injury,01 - Approaching,0
16-5248,GLADSTONE AVE btwn PERCY ST & BAY ST,367344.72413,5030217.50360,-75.70097056450,45.40909943730,2016-05-30,5:00:00 PM,01 - Clear,01 - Daylight,01 - Dry,10 - No control,,03 - P.D. only,01 - Approaching,0
16-5249,KATIMAVIK RD @ AIRD PL/CHIMO DR W,352170.10181,5019158.16045,-75.89587873600,45.31077736360,2016-05-30,4:59:00 PM,01 - Clear,01 - Daylight,01 - Dry,01 - Traffic signal,01 - Functioning,03 - P.D. only,03 - Rear end,0
16-5250,MCBEAN ST btwn BURKE ST & OTTAWA ST,357513.40634,5005401.19742,-75.82919756580,45.18660851910,2016-05-30,6:27:00 PM,01 - Clear,01 - Daylight,01 - Dry,10 - No control,,03 - P.D. only,04 - Sideswipe,0
16-5251,COLONEL BY DR @ COLONEL BY DR SB ON RAMP 43,367641.85073,5028440.76585,-75.69740144000,45.39308625640,2016-05-30,8:04:00 PM,01 - Clear,01 - Daylight,01 - Dry,02 - Stop sign,01 - Functioning,03 - P.D. only,03 - Rear end,0
16-5252,FISHER AVE @ MEADOWLANDS DR,366574.84536,5025046.10462,-75.71145230990,45.36263679990,2016-05-30,9:11:00 PM,01 - Clear,07 - Dark,01 - Dry,01 - Traffic signal,01 - Functioning,03 - P.D. only,05 - Turning movement,0
16-5253,DUNROBIN RD btwn LILLIAN WAY & HARWOOD LANE,345958.86454,5027500.14511,-75.97439412960,45.38623251160,2016-05-30,9:47:00 PM,01 - Clear,07 - Dark,01 - Dry,10 - No control,,03 - P.D. only,07 - SMV other,0
16-5254,PINECREST RD/HWY 417 PINECRE IC129R63 @ TRANSI,360387.87610,5023677.90740,-75.79057557960,45.35084371560,2016-05-30,9:59:00 PM,01 - Clear,07 - Dark,01 - Dry,01 - Traffic signal,01 - Functioning,03 - P.D. only,03 - Rear end,0
16-5255,BOWESVILLE RD btwn RIDEAU RD & MITCH OWENS RD,373847.12346,5014453.55050,-75.62010934010,45.26664999430,2016-05-31,1:02:00 AM,01 - Clear,07 - Dark,01 - Dry,10 - No control,,02 - Non-fatal injury,07 - SMV other,0
16-5256,GREENLAND RD btwn ARMITAGE AVE & ROCK FOREST RD,340193.08982,5038208.97495,-76.04725170020,45.48290840200,2016-05-31,1:53:00 AM,01 - Clear,07 - Dark,01 - Dry,10 - No control,,02 - Non-fatal injury,07 - SMV other,0
16-5257,WINDHURST DR btwn WINDCHIME CRES & STONEPOINTE AVE,366382.23117,5016022.75803,-75.71503282030,45.28146285170,2016-05-31,2:53:00 AM,01 - Clear,07 - Dark,01 - Dry,10 - No control,,03 - P.D. only,06 - SMV unattended vehicle,0
16-5258,DUNHAM ST @ OGILVIE RD,374721.95597,5033324.63049,-75.60629390730,45.43635756330,2016-05-31,6:38:00 AM,01 - Clear,01 - Daylight,01 - Dry,02 - Stop sign,01 - Functioning,02 - Non-fatal injury,02 - Angle,0
16-5259,KENT ST @ LAURIER AVE,367316.02256,5031163.46120,-75.70121721350,45.41761344090,2016-05-31,7:20:00 AM,01 - Clear,01 - Daylight,01 - Dry,01 - Traffic signal,01 - Functioning,02 - Non-fatal injury,05 - Turning movement,0
16-5260,SIMS AVE btwn PARKDALE AVE & BEVERLEY AVE,365362.46521,5029036.01815,-75.72643732040,45.39864304550,2016-05-30,7:21:00 AM,01 - Clear,01 - Daylight,01 - Dry,10 - No control,,03 - P.D. only,06 - SMV unattended vehicle,0
16-5261,ALBERT ST @ METCALFE ST,367690.60281,5031613.80144,-75.69637409840,45.42163188710,2016-05-31,7:48:00 AM,01 - Clear,01 - Daylight,01 - Dry,01 - Traffic signal,01 - Functioning,02 - Non-fatal injury,07 - SMV other,1
16-5262,BANK ST @ CHAMBERLAIN AVE N/ISABELLA ST,368081.62757,5030166.24246,-75.69156389690,45.40857196550,2016-05-31,8:32:00 AM,01 - Clear,01 - Daylight,01 - Dry,01 - Traffic signal,01 - Functioning,03 - P.D. only,04 - Sideswipe,0
16-5263,FERNBANK RD @ SHEA RD,352054.12494,5013123.27132,-75.89793241510,45.25648155840,2016-05-31,9:21:00 AM,01 - Clear,01 - Daylight,01 - Dry,11 - Roundabout,01 - Functioning,03 - P.D. only,02 - Angle,0