Record,Location,X,Y,Longitude,Latitude,Date,Time,Environment,Light,Road_Surface,Traffic_Control,Collision_Location,Collision_Classification,Impact_type,Pedestrian
16-5264,HUNT CLUB RD btwn NORTH BOWESVILLE RD & BILLY BISHOP PRIV,368808.55170,5022400.63689,-75.68328464320,45.33863313130,2016-05-31,10:02:00 AM,01 - Clear,01 - Daylight,01 - Dry,10 - No control,,03 - P.D. only,02 - Angle,0
16-5265,DALY AVE btwn CUMBERLAND ST & KING EDWARD AVE,368481.93266,5032205.21785,-75.68618692310,45.42688165730,2016-05-30,4:30:00 PM,01 - Clear,01 - Daylight,01 - Dry,10 - No control,,03 - P.D. only,06 - SMV unattended vehicle,0
16-5266,PLACE D'ORLEANS @ CENTRUM BLVD/PLACE D'ORLEANS,381964.05454,5038138.58739,-75.51298691510,45.47890784420,2016-05-31,11:42:00 AM,01 - Clear,01 - Daylight,01 - Dry,01 - Traffic signal,01 - Functioning,03 - P.D. only,07 - SMV other,1
16-5267,RIVERSIDE DR @ TREMBLAY RD/HWY417 IC117 RAMP52,370802.60848,5031015.64241,-75.65669276200,45.41596321790,2016-05-30,8:15:00 PM,01 - Clear,05 - Dusk,01 - Dry,01 - Traffic signal,01 - Functioning,02 - Non-fatal injury,03 - Rear end,0
16-5269,MER BLEUE RD btwn 210 S OF INNES RD & RENAUD RD,383037.67276,5034672.42132,-75.49980789960,45.44760285530,2016-05-31,12:02:00 PM,01 - Clear,01 - Daylight,01 - Dry,10 - No control,,03 - P.D. only,04 - Sideswipe,0
16-5270,COLONNADE RD @ PRINCE OF WALES DR,367394.48612,5023266.29062,-75.70121606170,45.34654970140,2016-05-31,12:00:00 PM,01 - Clear,01 - Daylight,01 - Dry,01 - Traffic signal,01 - Functioning,03 - P.D. only,03 - Rear end,0
16-5271,PLACE D'ORLEANS DR @ OR174 IC102 RAMP51/TRANSI,381392.75541,5038030.09756,-75.52031029620,45.47799465010,2016-05-24,8:00:00 AM,01 - Clear,01 - Daylight,01 - Dry,01 - Traffic signal,01 - Functioning,02 - Non-fatal injury,02 - Angle,0
16-5272,HERON RD @ ALTA VISTA DR,370493.64088,5026901.38899,-75.66118789890,45.37897376080,2016-05-31,12:38:00 PM,01 - Clear,01 - Daylight,01 - Dry,01 - Traffic signal,01 - Functioning,03 - P.D. only,04 - Sideswipe,0
16-5273,RASTILA CRES btwn TAPIOLA CRES & TAPIOLA CRES,372102.26081,5025306.38752,-75.64086778440,45.36446985730,2016-05-31,1:57:00 PM,01 - Clear,01 - Daylight,01 - Dry,10 - No control,,03 - P.D. only,06 - SMV unattended vehicle,0
16-5274,MARAVISTA DR @ STRANDHERD DR,361288.43810,5014584.95810,-75.78011984030,45.26895318370,2016-05-31,2:10:00 PM,01 - Clear,01 - Daylight,01 - Dry,01 - Traffic signal,01 - Functioning,03 - P.D. only,03 - Rear end,0
16-5275,TENTH LINE RD @ CHARLEMAGNE BLVD N/TOMPKINS AV,383184.15538,5037977.65642,-75.49740855050,45.47732402500,2016-05-31,2:17:00 PM,01 - Clear,01 - Daylight,01 - Dry,01 - Traffic signal,01 - Functioning,02 - Non-fatal injury,05 - Turning movement,0
16-5276,BEECH ST btwn PRESTON ST & ROCHESTER ST,366764.71167,5029304.14338,-75.70849447890,45.40093286530,2016-05-31,3:38:00 PM,01 - Clear,01 - Daylight,01 - Dry,10 - No control,,03 - P.D. only,04 - Sideswipe,0
16-5277,PRINCE OF WALES DR @ WEST HUNT CLUB RD,367458.49076,5021890.84468,-75.70057355350,45.33416798550,2016-05-31,3:59:00 PM,01 - Clear,01 - Daylight,01 - Dry,01 - Traffic signal,01 - Functioning,03 - P.D. only,03 - Rear end,0
16-5278,CANDLEWOOD ST btwn BOISFRANC CIRC & CHERINGTON CRES,385567.52727,5035496.83398,-75.46733602400,45.45473238400,2016-05-31,4:01:00 PM,01 - Clear,01 - Daylight,01 - Dry,10 - No control,,03 - P.D. only,07 - SMV other,0
16-5279,PUTMAN AVE @ SPRINGFIELD RD,369186.30948,5033909.59360,-75.67696348210,45.44215247900,2016-05-31,4:16:00 PM,01 - Clear,01 - Daylight,01 - Dry,02 - Stop sign,01 - Functioning,03 - P.D. only,02 - Angle,0
16-5280,BASELINE RD/HERON RD @ PRINCE OF WALES DR,366873.27592,5026438.60581,-75.70746828310,45.37513985810,2016-05-31,4:21:00 PM,01 - Clear,01 - Daylight,01 - Dry,01 - Traffic signal,01 - Functioning,03 - P.D. only,03 - Rear end,0
16-5281,PARADISE CRES btwn GARDENWAY DR & GARDENWAY DR,385354.33200,5037182.81903,-75.46978515640,45.46992586420,2016-05-31,4:21:00 PM,01 - Clear,01 - Daylight,01 - Dry,10 - No control,,03 - P.D. only,99 - Other,0
16-5282,HERON RD @ BAYCREST DR,371142.61440,5026981.20440,-75.65289163450,45.37963075950,2016-05-31,4:28:00 PM,01 - Clear,01 - Daylight,01 - Dry,01 - Traffic signal,01 - Functioning,03 - P.D. only,03 - Rear end,0
16-5283,BASELINE RD @ WOODROFFE AVE,362549.03158,5023770.28516,-75.76298591080,45.35150029190,2016-05-31,4:52:00 PM,01 - Clear,01 - Daylight,01 - Dry,01 - Traffic signal,01 - Functioning,03 - P.D. only,02 - Angle,0
16-5284,HOG'S BACK RD btwn COLONEL BY DR & RIVERSIDE DR,367689.06791,5025932.38786,-75.69711798860,45.37051229250,2016-05-31,4:54:00 PM,01 - Clear,01 - Daylight,01 - Dry,10 - No control,,03 - P.D. only,03 - Rear end,0
16-5285,NINTH LINE RD btwn RAMSAYVILLE RD & ANDERSON RD,381135.74413,5020565.34705,-75.52630015930,45.32088738790,2016-05-31,5:11:00 PM,01 - Clear,01 - Daylight,01 - Dry,10 - No control,,03 - P.D. only,03 - Rear end,0
16-5286,BERRIGAN DR btwn WESSEX RD & EDGEWARE DR (1),363808.32444,5015312.45722,-75.74792305030,45.27529232350,2016-05-31,5:21:00 PM,01 - Clear,01 - Daylight,01 - Dry,10 - No control,,03 - P.D. only,02 - Angle,0
16-5287,ST. LAURENT BLVD btwn MALARTIC AVE & NORANDA AVE,371619.91733,5033633.37055,-75.64589610740,45.43943878290,2016-05-31,5:47:00 PM,01 - Clear,01 - Daylight,01 - Dry,10 - No control,,03 - P.D. only,03 - Rear end,0
16-5288,ST. JOSEPH BLVD btwn COUSINEAU ST & DUSSERE ST,380730.85762,5037044.60629,-75.52892763290,45.46920029950,2016-05-31,5:50:00 PM,01 - Clear,01 - Daylight,01 - Dry,10 - No control,,03 - P.D. only,04 - Sideswipe,0
16-5289,WOODROFFE AVE @ SPORTSPLEX S,363832.35234,5020898.79038,-75.74695169380,45.32555598220,2016-05-31,5:52:00 PM,01 - Clear,01 - Daylight,01 - Dry,01 - Traffic signal,01 - Functioning,03 - P.D. only,02 - Angle,0
16-5290,FIFTH AVE btwn MONK ST & BANK ST,368381.35151,5029389.50982,-75.68783540380,45.40155600960,2016-05-31,5:45:00 PM,01 - Clear,01 - Daylight,01 - Dry,10 - No control,,03 - P.D. only,04 - Sideswipe,0
16-5291,INNES RD @ JEANNE D'ARC BLVD/MER BLEUE RD,382637.09498,5035567.33416,-75.50478650310,45.45569924620,2016-05-31,6:38:00 PM,01 - Clear,01 - Daylight,01 - Dry,01 - Traffic signal,01 - Functioning,02 - Non-fatal injury,05 - Turning movement,0
16-5292,GREENBANK RD @ STRANDHERD DR,363933.25452,5014784.54940,-75.74639379320,45.27053170600,2016-05-31,1:15:00 PM,01 - Clear,01 - Daylight,01 - Dry,01 - Traffic signal,01 - Functioning,03 - P.D. only,04 - Sideswipe,0
16-5293,LIVERPOOL CRT @ NEWMARKET ST,373498.50612,5030383.77868,-75.62233966430,45.41001852670,2016-05-31,6:17:00 PM,01 - Clear,01 - Daylight,01 - Dry,02 - Stop sign,01 - Functioning,03 - P.D. only,03 - Rear end,0
16-5294,CALDWELL AVE btwn MEDFORD ST & MERIVALE RD,364720.31998,5026140.62094,-75.73499017950,45.37264605610,2016-05-31,7:45:00 PM,01 - Clear,01 - Daylight,01 - Dry,10 - No control,,03 - P.D. only,06 - SMV unattended vehicle,0
16-5295,STRANDHERD DR btwn WOODROFFE AVE & 210 W OF WOODROFFE AVE,366075.63808,5015380.43989,-75.71901978320,45.27571009770,2016-05-31,8:15:00 PM,01 - Clear,05 - Dusk,01 - Dry,10 - No control,,03 - P.D. only,04 - Sideswipe,0
16-5296,RYDER ST btwn CONNECTICUT AVE & MICHIGAN AVE,372528.16569,5027405.24392,-75.63514379130,45.38331352320,2016-05-31,6:35:00 PM,01 - Clear,01 - Daylight,01 - Dry,10 - No control,,03 - P.D. only,06 - SMV unattended vehicle,0
16-5297,CANYON WALK DR @ OTTER TAIL CRES N,368447.78201,5016315.40259,-75.68866904110,45.28391205410,2016-05-31,9:49:00 PM,01 - Clear,07 - Dark,01 - Dry,02 - Stop sign,01 - Functioning,02 - Non-fatal injury,07 - SMV other,0
16-5298,MONTREAL RD btwn PALACE ST & VANIER PKWY,370043.51112,5033048.24852,-75.66612138540,45.43432298470,2016-05-31,10:03:00 PM,01 - Clear,07 - Dark,01 - Dry,10 - No control,,03 - P.D. only,05 - Turning movement,0
16-5299,SNAKE ISLAND RD btwn MCGUIRE RD & BLANCHFIELD RD,376664.71902,5005227.23008,-75.58554032580,45.18335190000,2016-06-01,2:24:00 AM,01 - Clear,07 - Dark,01 - Dry,10 - No control,,03 - P.D. only,07 - SMV other,0
16-5300,STITTSVILLE MAIN ST btwn ETTA ST & EAST HEALEY AVE,350896.69615,5011663.87609,-75.91281382520,45.24342618190,2016-06-01,4:05:00 AM,01 - Clear,07 - Dark,01 - Dry,10 - No control,,03 - P.D. only,07 - SMV other,0
16-5301,BANK ST btwn BELMONT AVE & GROVE AVE,368834.74123,5028388.79757,-75.68217446670,45.39251059750,2016-06-01,6:46:00 AM,01 - Clear,01 - Daylight,01 - Dry,10 - No control,,02 - Non-fatal injury,05 - Turning movement,0
16-5302,COLONEL BY DR @ HAWTHORNE AVE/PRETORIA BRIDGE,368767.49066,5030524.90828,-75.68275620140,45.41173677000,2016-06-01,7:07:00 AM,01 - Clear,01 - Daylight,01 - Dry,01 - Traffic signal,01 - Functioning,03 - P.D. only,99 - Other,0
16-5303,BOUNDARY RD btwn EIGHTH LINE RD & HWY417 IC96 RAMP61,386754.63757,5025520.15969,-75.45381917830,45.36483330060,2016-06-01,7:06:00 AM,01 - Clear,01 - Daylight,01 - Dry,10 - No control,,03 - P.D. only,03 - Rear end,0
16-5304,INNES RD btwn HWY417 IC112 RAMP66 & CYRVILLE RD,374964.52290,5031063.41989,-75.60351604290,45.41598813960,2016-06-01,7:45:00 AM,01 - Clear,01 - Daylight,01 - Dry,10 - No control,,03 - P.D. only,04 - Sideswipe,0
16-5305,RUSSELL RD btwn TO BE DETERMINED & LEITRIM RD (2),383353.21228,5026595.96368,-75.49706171320,45.37490201760,2016-06-01,7:53:00 AM,01 - Clear,01 - Daylight,01 - Dry,10 - No control,,03 - P.D. only,03 - Rear end,0
16-5306,EARL ARMSTRONG RD @ RIVER RD,367573.17774,5014683.70864,-75.70002302880,45.26930886710,2016-06-01,8:14:00 AM,01 - Clear,01 - Daylight,01 - Dry,01 - Traffic signal,01 - Functioning,03 - P.D. only,03 - Rear end,0
16-5307,MERIVALE RD @ SUMMERVILLE AVE,364874.40523,5026445.59170,-75.73298603700,45.37537693830,2016-06-01,8:35:00 AM,01 - Clear,01 - Daylight,01 - Dry,01 - Traffic signal,01 - Functioning,02 - Non-fatal injury,03 - Rear end,0
16-5308,HWY 417 INNES IC112R68 @ INNES RD,374641.55696,5030922.12293,-75.60766206040,45.41474913400,2016-06-01,8:10:00 AM,01 - Clear,01 - Daylight,01 - Dry,01 - Traffic signal,01 - Functioning,03 - P.D. only,04 - Sideswipe,0
16-5309,CRAIG HENRY DR btwn BERTONA ST & SOVEREIGN AVE,362753.67910,5021930.69373,-75.76058985670,45.33493088980,2016-06-01,8:25:00 AM,01 - Clear,01 - Daylight,01 - Dry,10 - No control,,03 - P.D. only,01 - Approaching,0
16-5310,BRONSON AVE btwn BREWER WAY & RIVERSIDE DR RAMPS 34B & 42A-3,368389.38488,5027236.23689,-75.68801029770,45.38218077480,2016-06-01,9:07:00 AM,01 - Clear,01 - Daylight,01 - Dry,10 - No control,,03 - P.D. only,03 - Rear end,0
16-5311,ST. LAURENT BLVD btwn BOURASSA ST & SMYTH RD,373241.82169,5029676.42764,-75.62571675220,45.40367926070,2016-06-01,9:32:00 AM,01 - Clear,01 - Daylight,01 - Dry,10 - No control,,03 - P.D. only,03 - Rear end,0
16-5312,DALHOUSIE ST @ MURRAY ST,368001.35772,5032574.25322,-75.69228037850,45.43024569770,2016-06-01,9:34:00 AM,01 - Clear,01 - Daylight,01 - Dry,01 - Traffic signal,01 - Functioning,03 - P.D. only,99 - Other,0
16-5313,ELGIN ST btwn COOPER ST & SOMERSET ST W,368129.03218,5031257.04345,-75.69081819550,45.41838234880,2016-06-01,10:11:00 AM,01 - Clear,01 - Daylight,01 - Dry,10 - No control,,03 - P.D. only,04 - Sideswipe,0
16-5314,OGILVIE RD @ BATHGATE DR/CITYPARK DR W,373828.67082,5032800.90956,-75.61778347250,45.43173415660,2016-06-01,10:10:00 AM,01 - Clear,01 - Daylight,01 - Dry,01 - Traffic signal,01 - Functioning,02 - Non-fatal injury,05 - Turning movement,0
16-5315,EMOND ST @ MONTREAL RD,370195.36932,5033135.24742,-75.66416913410,45.43509157910,2016-06-01,10:30:00 AM,01 - Clear,01 - Daylight,01 - Dry,02 - Stop sign,01 - Functioning,02 - Non-fatal injury,07 - SMV other,1
16-5316,SHIRLEY'S BROOK DR btwn ARRISDALE CRT & CATTERICK CRES,350226.42351,5024145.89125,-75.92020780330,45.35578656860,2016-05-31,12:00:00 AM,01 - Clear,00 - Unknown,01 - Dry,10 - No control,,03 - P.D. only,06 - SMV unattended vehicle,0
16-5317,ST. JOSEPH BLVD btwn NOTRE DAME ST W & MARENGER ST,379681.96094,5036356.07728,-75.54244486980,45.46311868960,2016-06-01,12:25:00 PM,01 - Clear,01 - Daylight,01 - Dry,10 - No control,,02 - Non-fatal injury,04 - Sideswipe,0
16-5318,INDUSTRIAL AVE btwn RUSSELL RD & ST. LAURENT BLVD,372934.00909,5029941.79077,-75.62961165920,45.40609690570,2016-06-01,1:06:00 PM,01 - Clear,01 - Daylight,01 - Dry,10 - No control,,03 - P.D. only,07 - SMV other,0
16-5319,CARLING AVE/STATION RD @ MARCH RD,350909.69126,5022248.58756,-75.91166438050,45.33866964810,2016-06-01,1:23:00 PM,01 - Clear,01 - Daylight,01 - Dry,01 - Traffic signal,01 - Functioning,03 - P.D. only,05 - Turning movement,0
16-5320,BARNSTONE DR btwn CRESTHAVEN DR & MARCAY ST,366960.77389,5015072.19319,-75.70777807550,45.27285882130,2016-05-31,11:30:00 PM,01 - Clear,07 - Dark,01 - Dry,10 - No control,,03 - P.D. only,06 - SMV unattended vehicle,0
16-5321,MERIVALE RD btwn WITHROW AVE & ROSSLAND AVE,364668.28550,5024163.23891,-75.73589401720,45.35485831910,2016-06-01,2:00:00 PM,01 - Clear,01 - Daylight,01 - Dry,10 - No control,,03 - P.D. only,04 - Sideswipe,0
16-5322,MCARTHUR AVE btwn MAY ST & ST. LAURENT BLVD,371824.08653,5032868.86013,-75.64339076100,45.43254053470,2016-06-01,2:31:00 PM,01 - Clear,01 - Daylight,01 - Dry,10 - No control,,03 - P.D. only,05 - Turning movement,0
16-5323,MCARTHUR AVE btwn MAYFIELD ST & VANIER PKWY,370106.19091,5032678.63551,-75.66536938310,45.43099150930,2016-06-01,2:40:00 PM,01 - Clear,01 - Daylight,01 - Dry,10 - No control,,02 - Non-fatal injury,07 - SMV other,1
16-5324,ALTA VISTA DR @ SMYTH RD,370432.94138,5029081.33202,-75.66167294260,45.39859380640,2016-06-01,3:09:00 PM,01 - Clear,01 - Daylight,01 - Dry,01 - Traffic signal,01 - Functioning,03 - P.D. only,03 - Rear end,0
16-5325,BASELINE RD btwn ST. HELEN'S PL & CLYDE AVE,364272.79575,5024838.87818,-75.74085996290,45.36097128810,2016-06-01,3:16:00 PM,01 - Clear,01 - Daylight,01 - Dry,10 - No control,,02 - Non-fatal injury,04 - Sideswipe,0
16-5326,MITCH OWENS RD @ STAGECOACH RD,375399.52922,5014483.78176,-75.60032463840,45.26676789680,2016-06-01,3:22:00 PM,01 - Clear,01 - Daylight,01 - Dry,01 - Traffic signal,01 - Functioning,03 - P.D. only,07 - SMV other,0
16-5327,GLADSTONE AVE @ LYON ST,367583.03706,5030361.34562,-75.69790801750,45.41037234650,2016-06-01,3:26:00 PM,01 - Clear,01 - Daylight,01 - Dry,01 - Traffic signal,01 - Functioning,03 - P.D. only,04 - Sideswipe,0
16-5328,DATA CENTRE RD @ HERON RD,368941.95048,5026732.76618,-75.68102056940,45.37760031900,2016-06-01,3:39:00 PM,01 - Clear,01 - Daylight,01 - Dry,02 - Stop sign,01 - Functioning,02 - Non-fatal injury,02 - Angle,0
16-5329,QUEEN ST btwn O'CONNOR ST & METCALFE ST,367523.11012,5031600.08235,-75.69851588190,45.42152348510,2016-06-01,3:48:00 PM,01 - Clear,01 - Daylight,01 - Dry,10 - No control,,03 - P.D. only,05 - Turning movement,0
16-5330,MONTGOMERY ST @ MONTREAL RD,369813.49306,5032920.80764,-75.66907776690,45.43319774670,2016-06-01,4:00:00 PM,01 - Clear,01 - Daylight,01 - Dry,01 - Traffic signal,01 - Functioning,03 - P.D. only,04 - Sideswipe,0
16-5331,WAVERLEY ST @ O'CONNOR ST,368008.89041,5030766.23507,-75.69241609840,45.41397707980,2016-06-01,4:10:00 PM,01 - Clear,01 - Daylight,01 - Dry,02 - Stop sign,01 - Functioning,03 - P.D. only,02 - Angle,0
16-5332,FOREST VALLEY DR btwn FORESTGLEN CRES & RIVERMILL CRES,379685.74381,5035786.44085,-75.54248326590,45.45799312940,2016-06-01,4:38:00 PM,01 - Clear,01 - Daylight,01 - Dry,10 - No control,,03 - P.D. only,07 - SMV other,0
16-5333,BRONSON AVE @ MACLAREN ST,366999.47412,5030398.88826,-75.70535793260,45.41076225220,2016-06-01,5:18:00 PM,01 - Clear,01 - Daylight,01 - Dry,02 - Stop sign,01 - Functioning,03 - P.D. only,02 - Angle,0
16-5334,BRONSON AVE @ GLADSTONE AVE,367133.33160,5030081.70583,-75.70368808050,45.40789642720,2016-06-01,5:21:00 PM,01 - Clear,01 - Daylight,01 - Dry,01 - Traffic signal,01 - Functioning,03 - P.D. only,03 - Rear end,0
16-5335,TENTH LINE RD @ VANGUARD DR,384073.68168,5035874.33368,-75.48637189560,45.45829984880,2016-06-01,5:44:00 PM,01 - Clear,01 - Daylight,01 - Dry,01 - Traffic signal,01 - Functioning,03 - P.D. only,05 - Turning movement,0
16-5336,COVENTRY RD btwn ARCOLA PRIV & LOLA ST,371036.64711,5031608.17655,-75.65362315480,45.42127247680,2016-06-01,3:45:00 PM,01 - Clear,01 - Daylight,01 - Dry,10 - No control,,03 - P.D. only,04 - Sideswipe,0
16-5337,RIVERSIDE DR RAMP 42A @ RIVERSIDE DR,368440.39634,5027266.94787,-75.68735502650,45.38245247140,2016-06-01,5:55:00 PM,01 - Clear,01 - Daylight,01 - Dry,03 - Yield sign,01 - Functioning,02 - Non-fatal injury,03 - Rear end,0
16-5338,SECOND AVE btwn LYON ST S & BANK ST,368288.79446,5029619.31566,-75.68898798780,45.40363213110,2016-06-01,6:15:00 PM,01 - Clear,01 - Daylight,01 - Dry,10 - No control,,03 - P.D. only,06 - SMV unattended vehicle,0
16-5339,IRIS ST @ WOODROFFE AVE,362282.91758,5024441.29402,-75.76630385530,45.35755984310,2016-06-01,6:24:00 PM,01 - Clear,01 - Daylight,01 - Dry,01 - Traffic signal,01 - Functioning,03 - P.D. only,99 - Other,0
16-5340,CRESTHAVEN DR @ STRANDHERD DR,366814.58264,5015027.39426,-75.70964666040,45.27246863130,2016-06-01,6:49:00 PM,01 - Clear,01 - Daylight,01 - Dry,01 - Traffic signal,01 - Functioning,03 - P.D. only,03 - Rear end,0
16-5341,KILBORN AVE btwn BEAUMONT RD & DELMAR DR,371985.81819,5027931.35212,-75.64199691250,45.38809946330,2016-06-01,6:58:00 PM,01 - Clear,01 - Daylight,01 - Dry,10 - No control,,03 - P.D. only,06 - SMV unattended vehicle,0
16-5342,LAURIER AVE @ QUEEN ELIZABETH DRWY/LAURIER AVE,368075.29196,5031624.09202,-75.69145764920,45.42168979010,2016-06-01,7:14:00 PM,01 - Clear,01 - Daylight,01 - Dry,01 - Traffic signal,01 - Functioning,02 - Non-fatal injury,07 - SMV other,1
16-5343,ARLINGTON AVE @ BRONSON AVE,367222.48392,5029867.33792,-75.70257640630,45.40595966170,2016-06-01,6:20:00 PM,01 - Clear,01 - Daylight,01 - Dry,01 - Traffic signal,01 - Functioning,03 - P.D. only,03 - Rear end,0
16-5344,RIVERSIDE DR btwn MOONEY'S BAY PL & WALKLEY RD,368372.53150,5025232.42232,-75.68848339780,45.36415251890,2016-06-01,7:33:00 PM,01 - Clear,01 - Daylight,01 - Dry,10 - No control,,03 - P.D. only,03 - Rear end,0
16-5345,CENTREPOINTE DR btwn Continuation of CENTREPOINTE DR & HEMMINGWOOD WAY,362204.90697,5023294.13859,-75.76743266340,45.34724420850,2016-06-01,8:09:00 PM,01 - Clear,01 - Daylight,01 - Dry,10 - No control,,02 - Non-fatal injury,07 - SMV other,0
16-5346,DIEPPE ST btwn MCARTHUR AVE & END,371325.22047,5032796.14313,-75.64977569250,45.43193389420,2016-06-01,8:17:00 PM,01 - Clear,01 - Daylight,01 - Dry,10 - No control,,03 - P.D. only,04 - Sideswipe,0
16-5347,BRONSON AVE @ LAURIER AVE,366804.92648,5030862.69670,-75.70778482830,45.41495273000,2016-06-02,2:20:00 AM,01 - Clear,07 - Dark,01 - Dry,01 - Traffic signal,01 - Functioning,03 - P.D. only,05 - Turning movement,0
16-5348,ABBEYHILL DR @ EAGLESON RD,353827.85038,5018033.32850,-75.87484961170,45.30054211670,2016-06-02,5:27:00 AM,01 - Clear,03 - Dawn,01 - Dry,01 - Traffic signal,01 - Functioning,03 - P.D. only,07 - SMV other,0
16-5349,MEADOWBROOK RD btwn 170 W OF TELESAT CRT & RIDGEBROOK DR,374805.27707,5032148.77741,-75.60539623850,45.42576955240,2016-06-02,7:17:00 AM,01 - Clear,01 - Daylight,01 - Dry,10 - No control,,03 - P.D. only,06 - SMV unattended vehicle,0
16-5350,ALESTHER ST @ DONALD ST,371992.72050,5032460.35408,-75.64129149950,45.42884880620,2016-06-02,7:22:00 AM,01 - Clear,01 - Daylight,01 - Dry,02 - Stop sign,01 - Functioning,03 - P.D. only,03 - Rear end,0
16-5351,INDUSTRIAL AVE/INNES RD @ ST. LAURENT BLVD,373099.62369,5030005.91155,-75.62748735430,45.40665769460,2016-06-02,7:39:00 AM,01 - Clear,01 - Daylight,01 - Dry,01 - Traffic signal,01 - Functioning,03 - P.D. only,03 - Rear end,0
16-5352,MERIVALE RD @ WEST HUNT CLUB RD,365612.47566,5021943.15682,-75.72411724990,45.33480109440,2016-06-02,7:48:00 AM,02 - Rain,01 - Daylight,02 - Wet,01 - Traffic signal,01 - Functioning,02 - Non-fatal injury,03 - Rear end,0
16-5353,MIRAMICHI ST @ WOODROFFE AVE,362332.81450,5024317.38020,-75.76568145940,45.35644078390,2016-06-02,8:05:00 AM,01 - Clear,01 - Daylight,01 - Dry,02 - Stop sign,01 - Functioning,03 - P.D. only,03 - Rear end,0
16-5354,INDUSTRIAL AVE btwn RUSSELL RD & ST. LAURENT BLVD,372837.76877,5029965.65961,-75.63083765960,45.40632102770,2016-06-02,8:25:00 AM,01 - Clear,01 - Daylight,01 - Dry,10 - No control,,03 - P.D. only,03 - Rear end,0
16-5355,CRESTWAY DR @ PRINCE OF WALES DR,367370.13537,5016576.90900,-75.70237169270,45.28636181400,2016-06-02,8:33:00 AM,02 - Rain,01 - Daylight,02 - Wet,01 - Traffic signal,01 - Functioning,03 - P.D. only,03 - Rear end,0
16-5356,ST. JEAN ST @ ST. JOSEPH BLVD,380970.15620,5037201.23200,-75.52584343360,45.47058343270,2016-06-02,9:00:00 AM,01 - Clear,01 - Daylight,02 - Wet,01 - Traffic signal,01 - Functioning,03 - P.D. only,03 - Rear end,0
16-5357,PARKDALE AVE btwn TO BE DETERMINED & EMMERSON AVE,364706.53228,5030288.18357,-75.73466265280,45.40996618900,2016-06-01,2:45:00 PM,01 - Clear,01 - Daylight,01 - Dry,10 - No control,,03 - P.D. only,06 - SMV unattended vehicle,0
16-5358,ANDERSON RD @ INNES RD,376280.96658,5031842.24034,-75.58658513740,45.42286226800,2016-06-02,9:14:00 AM,02 - Rain,01 - Daylight,02 - Wet,01 - Traffic signal,01 - Functioning,03 - P.D. only,07 - SMV other,0
16-5359,HAWTHORNE AVE @ MAIN ST,368970.93508,5030632.79268,-75.68014323290,45.41268885070,2016-06-02,9:19:00 AM,01 - Clear,01 - Daylight,01 - Dry,01 - Traffic signal,01 - Functioning,03 - P.D. only,04 - Sideswipe,0
16-5360,ROBERTSON RD btwn HAZELDEAN RD & HAANEL DR,354699.90623,5019030.41163,-75.86363040020,45.30945265660,2016-06-02,11:11:00 AM,01 - Clear,01 - Daylight,01 - Dry,10 - No control,,03 - P.D. only,07 - SMV other,0
16-5361,TERRAPIN TERR btwn CAPUCHON WAY & NESTLETON ST,385598.24400,5035327.73600,-75.46697113540,45.45320745110,2016-06-02,12:00:00 AM,01 - Clear,00 - Unknown,01 - Dry,10 - No control,,03 - P.D. only,06 - SMV unattended vehicle,0
16-5362,COLDREY AVE @ KIRKWOOD AVE,364438.92098,5027135.86326,-75.73846231460,45.38162508640,2016-06-02,12:47:00 PM,01 - Clear,01 - Daylight,01 - Dry,01 - Traffic signal,01 - Functioning,03 - P.D. only,03 - Rear end,0
16-5363,FRANK KENNY RD btwn JONQUILLE WAY & WILHAVEN DR,386781.50560,5040159.44362,-75.45103906070,45.49654034920,2016-06-02,1:58:00 PM,01 - Clear,01 - Daylight,02 - Wet,10 - No control,,02 - Non-fatal injury,07 - SMV other,0
16-5364,CHURCHILL AVE @ RICHMOND RD,363227.01736,5028293.22774,-75.75379893770,45.39214100060,2016-06-02,2:22:00 PM,01 - Clear,01 - Daylight,01 - Dry,01 - Traffic signal,01 - Functioning,02 - Non-fatal injury,07 - SMV other,1
16-5365,ROBERTSON RD btwn HAZELDEAN RD & HAANEL DR,353897.40447,5018551.92467,-75.87391142350,45.30520369600,2016-06-02,4:16:00 PM,01 - Clear,01 - Daylight,01 - Dry,10 - No control,,02 - Non-fatal injury,07 - SMV other,0
16-5366,CARLING AVE WB btwn MERIVALE RD & HARMER AVE S,364996.39489,5027783.34014,-75.73126553410,45.38740327710,2016-06-02,4:30:00 PM,01 - Clear,01 - Daylight,01 - Dry,10 - No control,,02 - Non-fatal injury,03 - Rear end,0
16-5367,ST. JOSEPH BLVD/OLD MONTREAL RD @ TRIM RD,384682.48769,5039284.78297,-75.47803418160,45.48891447200,2016-06-02,4:55:00 PM,01 - Clear,01 - Daylight,01 - Dry,11 - Roundabout,01 - Functioning,03 - P.D. only,02 - Angle,0
16-5368,OGILVIE RD @ CITY PARK DR E/CSIS HQ ACCESS,374188.06105,5033011.09986,-75.61316123850,45.43358976980,2016-06-02,6:47:00 PM,01 - Clear,01 - Daylight,01 - Dry,01 - Traffic signal,01 - Functioning,02 - Non-fatal injury,05 - Turning movement,0
16-5369,ROBERTSON RD btwn WESTCLIFFE RD & FITZGERALD RD,356438.27159,5020081.65685,-75.84135304020,45.31878623680,2016-06-02,5:50:00 PM,01 - Clear,01 - Daylight,01 - Dry,10 - No control,,02 - Non-fatal injury,07 - SMV other,1