Record,Location,X,Y,Longitude,Latitude,Date,Time,Environment,Light,Road_Surface,Traffic_Control,Collision_Location,Collision_Classification,Impact_type,Pedestrian
16-5898,INNES RD @ TENTH LINE RD,383951.53482,5036159.33532,-75.48788759430,45.46087788250,2016-06-20,9:21:00 AM,01 - Clear,01 - Daylight,01 - Dry,01 - Traffic signal,01 - Functioning,03 - P.D. only,03 - Rear end,0
16-5899,CARLING AVE @ PINECREST  RD/GREENVIEW AVE,360006.45022,5024632.30252,-75.79533647070,45.35946147610,2016-06-20,8:30:00 AM,01 - Clear,01 - Daylight,01 - Dry,01 - Traffic signal,01 - Functioning,03 - P.D. only,03 - Rear end,0
16-5900,RUSTIC DR btwn DRURY LANE & RIDEOUT CRES,361802.79928,5023802.48809,-75.77250510890,45.35185110550,2016-06-19,3:10:00 PM,01 - Clear,01 - Daylight,01 - Dry,10 - No control,,03 - P.D. only,06 - SMV unattended vehicle,0
16-5901,HOBSON RD btwn EGAN RD & END,368536.82592,5026153.00627,-75.68626759140,45.37242077010,2016-06-20,8:55:00 AM,01 - Clear,01 - Daylight,01 - Dry,10 - No control,,03 - P.D. only,04 - Sideswipe,0
16-5902,PARENT AVE btwn MURRAY ST & CLARENCE ST,367887.43939,5032448.48024,-75.69375223330,45.42912432110,2016-06-18,2:00:00 PM,01 - Clear,01 - Daylight,01 - Dry,10 - No control,,03 - P.D. only,06 - SMV unattended vehicle,0
16-5903,ARTHUR LANE  S btwn PLYMOUTH ST & END,367142.61414,5029646.97936,-75.70362447430,45.40398405700,2016-06-20,11:07:00 AM,01 - Clear,01 - Daylight,01 - Dry,10 - No control,,03 - P.D. only,06 - SMV unattended vehicle,0
16-5904,STAGECOACH RD btwn OLD STAGECOACH RD & BLANCHFIELD RD,377731.83079,5000226.40219,-75.57269363230,45.13824597530,2016-06-20,12:34:00 PM,01 - Clear,01 - Daylight,01 - Dry,10 - No control,,03 - P.D. only,05 - Turning movement,0
16-5905,INNOVATION DR btwn FLAMBOROUGH WAY & FLAMBOROUGH WAY,349582.11610,5022451.69176,-75.92858430560,45.34058322370,2016-06-20,1:10:00 PM,01 - Clear,01 - Daylight,01 - Dry,10 - No control,,02 - Non-fatal injury,07 - SMV other,0
16-5906,CHARLEVOIX ST btwn BEECHWOOD AVE & BARRETTE ST,369238.12643,5033542.83110,-75.67634920560,45.43884772320,2016-06-20,9:15:00 AM,01 - Clear,01 - Daylight,01 - Dry,10 - No control,,03 - P.D. only,06 - SMV unattended vehicle,0
16-5907,CARRUTHERS AVE btwn BURNSIDE AVE & LYNDALE AVE,365026.22475,5030155.58612,-75.73059498240,45.40874566980,2016-06-15,12:00:00 PM,01 - Clear,01 - Daylight,01 - Dry,10 - No control,,03 - P.D. only,06 - SMV unattended vehicle,0
16-5908,GENEST ST btwn LOYER ST & ST. CHARLES ST,369506.50146,5033551.45212,-75.67291804950,45.43890050530,2016-06-13,12:00:00 PM,01 - Clear,01 - Daylight,01 - Dry,10 - No control,,03 - P.D. only,06 - SMV unattended vehicle,0
16-5909,BANTREE ST @ INNES RD,373706.39964,5030406.78088,-75.61968081270,45.41020505170,2016-06-20,2:25:00 PM,01 - Clear,01 - Daylight,01 - Dry,01 - Traffic signal,01 - Functioning,02 - Non-fatal injury,05 - Turning movement,0
16-5910,INDUSTRIAL AVE @ RUSSELL RD,372465.05216,5030279.77858,-75.63555534530,45.40918346070,2016-06-20,3:11:00 PM,01 - Clear,01 - Daylight,01 - Dry,01 - Traffic signal,01 - Functioning,02 - Non-fatal injury,05 - Turning movement,0
16-5911,HAZELDEAN RD btwn 246 E OF CASTLEFRANK RD & IRWIN GT,352937.52669,5017911.80229,-75.88621320000,45.29951016610,2016-06-20,3:18:00 PM,01 - Clear,01 - Daylight,01 - Dry,10 - No control,,03 - P.D. only,02 - Angle,0
16-5912,SHEFFIELD RD @ WALKLEY RD,375256.60770,5028785.21524,-75.60011011210,45.39546070650,2016-06-20,3:39:00 PM,01 - Clear,01 - Daylight,01 - Dry,01 - Traffic signal,01 - Functioning,03 - P.D. only,03 - Rear end,0
16-5913,WOODROFFE AVE btwn GRENFELL CRES & 260 N OF FALLOWFIELD RD/TRANSITWAY,364786.16466,5018647.76723,-75.73505799690,45.30522058180,2016-06-20,4:07:00 PM,01 - Clear,01 - Daylight,01 - Dry,10 - No control,,03 - P.D. only,03 - Rear end,0
16-5914,PROVOST DR btwn HYDE ST & MARCEL ST,369441.43700,5025249.20432,-75.67483781200,45.36420576340,2016-06-20,4:28:00 PM,01 - Clear,01 - Daylight,01 - Dry,10 - No control,,03 - P.D. only,06 - SMV unattended vehicle,0
16-5915,MOODIE DR @ WEST HUNT CLUB RD,357907.87718,5018498.23022,-75.82277920670,45.30442877050,2016-06-20,4:53:00 PM,01 - Clear,01 - Daylight,01 - Dry,01 - Traffic signal,01 - Functioning,03 - P.D. only,03 - Rear end,0
16-5916,TENTH LINE RD @ CHARLEMAGNE BLVD S/DES EPINETT,383640.97510,5036900.45590,-75.49173924100,45.46758093120,2016-06-20,4:00:00 PM,01 - Clear,01 - Daylight,01 - Dry,01 - Traffic signal,01 - Functioning,03 - P.D. only,03 - Rear end,0
16-5917,SOMERSET ST    W btwn BECKINGTON PRIV & BANK ST,367676.89005,5030906.77081,-75.69663952770,45.41527148600,2016-06-20,4:59:00 PM,01 - Clear,01 - Daylight,01 - Dry,10 - No control,,03 - P.D. only,04 - Sideswipe,0
16-5918,GRASSY PLAINS DR @ STONEHAVEN DR,356204.41232,5015964.20562,-75.84476262170,45.28175390750,2016-06-20,5:30:00 PM,01 - Clear,01 - Daylight,01 - Dry,01 - Traffic signal,01 - Functioning,02 - Non-fatal injury,04 - Sideswipe,0
16-5919,HUNT CLUB RD @ CANADAIR PRIV,368663.64040,5022312.83633,-75.68514477880,45.33785632650,2016-06-20,5:49:00 PM,01 - Clear,01 - Daylight,01 - Dry,01 - Traffic signal,01 - Functioning,03 - P.D. only,03 - Rear end,0
16-5920,ULLSWATER DR btwn ROCHE PL & CRYSTAL BEACH DR,356868.39449,5023531.81367,-75.83550420410,45.34979929540,2016-06-20,6:02:00 PM,01 - Clear,01 - Daylight,01 - Dry,10 - No control,,03 - P.D. only,07 - SMV other,0
16-5921,GREENBANK RD @ STRANDHERD DR,363933.45842,5014783.74076,-75.74639129120,45.27052441300,2016-06-20,7:40:00 PM,01 - Clear,01 - Daylight,01 - Dry,01 - Traffic signal,01 - Functioning,03 - P.D. only,03 - Rear end,0
16-5922,FRANKTOWN RD btwn CONLEY RD & JOY'S RD,353766.61143,5003494.86727,-75.87706140050,45.16972465860,2016-06-20,10:36:00 PM,01 - Clear,07 - Dark,01 - Dry,10 - No control,,03 - P.D. only,07 - SMV other,0
16-5923,RIDEAU ST btwn COBOURG ST & CHARLOTTE ST,369232.66355,5032849.59220,-75.67650975740,45.43261073630,2016-06-21,12:26:00 AM,01 - Clear,07 - Dark,01 - Dry,10 - No control,,02 - Non-fatal injury,07 - SMV other,0
16-5924,WILLIAM ST btwn YORK ST & GEORGE ST,367991.29442,5032331.78015,-75.69244008910,45.42806491940,2016-06-21,2:00:00 AM,01 - Clear,07 - Dark,01 - Dry,10 - No control,,03 - P.D. only,06 - SMV unattended vehicle,0
16-5925,OGILVIE RD @ CITY PARK DR E/CSIS HQ ACCESS,374188.63562,5033011.27020,-75.61315387280,45.43359124510,2016-06-21,5:38:00 AM,01 - Clear,03 - Dawn,01 - Dry,01 - Traffic signal,01 - Functioning,03 - P.D. only,02 - Angle,0
16-5926,INSMILL CRES btwn CHELTONIA WAY & GOLDRIDGE DR S,349521.07537,5019257.73709,-75.92965163020,45.31184707230,2016-06-21,6:12:00 AM,01 - Clear,01 - Daylight,01 - Dry,10 - No control,,03 - P.D. only,06 - SMV unattended vehicle,0
16-5927,DWYER HILL RD @ ROGER STEVENS DR,354337.21844,4989351.49728,-75.87120157740,45.04241551700,2016-06-21,6:50:00 AM,01 - Clear,01 - Daylight,01 - Dry,02 - Stop sign,01 - Functioning,03 - P.D. only,05 - Turning movement,0
16-5928,HERON RD btwn ALTA VISTA DR & FINN CRT,370647.00382,5026923.02097,-75.65922700500,45.37915400120,2016-06-21,6:57:00 AM,01 - Clear,01 - Daylight,01 - Dry,10 - No control,,02 - Non-fatal injury,02 - Angle,0
16-5929,REGIONAL RD 174 @ TRIM RD,384351.98397,5039989.89136,-75.48214748490,45.49529609840,2016-06-21,7:20:00 AM,01 - Clear,01 - Daylight,01 - Dry,01 - Traffic signal,01 - Functioning,03 - P.D. only,03 - Rear end,0
16-5930,DUNROBIN RD btwn KILMAURS SIDE RD & CONSTANCE BAY RD,336036.57409,5037979.79214,-76.10043502620,45.48104452250,2016-06-20,7:30:00 PM,01 - Clear,01 - Daylight,01 - Dry,10 - No control,,03 - P.D. only,07 - SMV other,0
16-5931,ST. PATRICK ST btwn PARENT AVE & DALHOUSIE ST,367935.37816,5032626.37591,-75.69311683610,45.43072063890,2016-06-21,7:56:00 AM,01 - Clear,01 - Daylight,01 - Dry,10 - No control,,02 - Non-fatal injury,04 - Sideswipe,0
16-5932,ST. LAURENT BLVD btwn HEMLOCK RD & MEADOW PARK PL,371194.56924,5034662.78442,-75.65119348310,45.44874149150,2016-06-20,12:10:00 PM,01 - Clear,01 - Daylight,01 - Dry,10 - No control,,02 - Non-fatal injury,05 - Turning movement,0
16-5933,BASELINE RD @ GREENBANK RD,360597.23334,5022584.04924,-75.78802732290,45.34098457240,2016-06-21,9:33:00 AM,01 - Clear,01 - Daylight,01 - Dry,01 - Traffic signal,01 - Functioning,03 - P.D. only,04 - Sideswipe,0
16-5934,BOOTH ST @ SOMERSET ST,366593.83020,5030254.79618,-75.71055788510,45.40950168620,2016-06-21,10:07:00 AM,01 - Clear,01 - Daylight,01 - Dry,01 - Traffic signal,01 - Functioning,03 - P.D. only,02 - Angle,0
16-5935,HOG'S BACK RD btwn COLONEL BY DR & RIVERSIDE DR,367685.46025,5025929.68211,-75.69716438670,45.37048827010,2016-06-20,4:00:00 PM,01 - Clear,01 - Daylight,01 - Dry,10 - No control,,03 - P.D. only,03 - Rear end,0
16-5936,MITCH OWENS RD @ DOZOIS RD/LIMEBANK RD,371674.85240,5012108.19332,-75.64810381190,45.24575677740,2016-06-20,2:30:00 PM,01 - Clear,01 - Daylight,01 - Dry,01 - Traffic signal,01 - Functioning,02 - Non-fatal injury,07 - SMV other,1
16-5937,SCISSONS RD btwn SAWYER WAY & SAWYER WAY,356581.97994,5016192.57882,-75.83992636490,45.28378114020,2016-06-21,8:18:00 AM,01 - Clear,01 - Daylight,01 - Dry,10 - No control,,03 - P.D. only,02 - Angle,0
16-5938,GLADSTONE AVE btwn BAY ST & LYON ST N,367576.49817,5030358.86535,-75.69799186360,45.41035061690,2016-06-21,11:05:00 AM,01 - Clear,01 - Daylight,01 - Dry,10 - No control,,03 - P.D. only,04 - Sideswipe,0
16-5939,RIVERSIDE DR SB btwn BILLINGS BRIDGE NB RAMP & NEIL WAY,369285.91883,5028067.64972,-75.67645477640,45.38957961140,2016-06-21,11:44:00 AM,01 - Clear,01 - Daylight,01 - Dry,10 - No control,,02 - Non-fatal injury,03 - Rear end,0
16-5940,CARLING AVE @ KIRKWOOD AVE S,364351.92777,5027337.54910,-75.73954871460,45.38344722080,2016-06-21,11:57:00 AM,01 - Clear,01 - Daylight,01 - Dry,01 - Traffic signal,01 - Functioning,02 - Non-fatal injury,02 - Angle,0
16-5941,MAPLE GROVE RD @ TERRY FOX DR,351553.60860,5017865.36641,-75.90386251910,45.29918578570,2016-06-21,11:45:00 AM,01 - Clear,01 - Daylight,01 - Dry,01 - Traffic signal,01 - Functioning,03 - P.D. only,04 - Sideswipe,0
16-5942,CHURCHILL AVE @ WHITBY AVE,363161.00888,5028441.10115,-75.75462440290,45.39347704710,2016-06-21,12:10:00 PM,01 - Clear,01 - Daylight,01 - Dry,02 - Stop sign,01 - Functioning,03 - P.D. only,02 - Angle,0
16-5943,WOODROFFE AVE @ SPORTSPLEX S,363832.13280,5020900.13786,-75.74695433290,45.32556812540,2016-06-21,12:23:00 PM,01 - Clear,01 - Daylight,01 - Dry,01 - Traffic signal,01 - Functioning,03 - P.D. only,05 - Turning movement,0
16-5944,BANK ST @ WELLINGTON ST,367257.48152,5031627.89696,-75.70190626070,45.42179751740,2016-06-21,12:28:00 PM,01 - Clear,01 - Daylight,01 - Dry,01 - Traffic signal,01 - Functioning,02 - Non-fatal injury,07 - SMV other,1
16-5945,WOODRIDGE CRES btwn BAYSHORE DR & BAYSHORE PS,359024.72198,5023846.22830,-75.80795269480,45.35246499440,2016-06-20,9:00:00 PM,01 - Clear,05 - Dusk,01 - Dry,10 - No control,,03 - P.D. only,06 - SMV unattended vehicle,0
16-5946,BRONSON AVE @ POWELL AVE,367387.65163,5029477.21400,-75.70051617440,45.40243469110,2016-06-21,1:01:00 PM,01 - Clear,01 - Daylight,01 - Dry,01 - Traffic signal,01 - Functioning,03 - P.D. only,04 - Sideswipe,0
16-5947,ST. JOSEPH BLVD @ JEANNE D'ARC BLVD,379859.94357,5036471.84721,-75.54015155500,45.46414119700,2016-06-21,12:40:00 PM,01 - Clear,01 - Daylight,01 - Dry,11 - Roundabout,00 - Unknown,03 - P.D. only,02 - Angle,0
16-5948,DUNROBIN RD btwn DUNROBIN RD & MURPHY SIDE RD,342358.61637,5031462.18489,-76.02006644210,45.42208632540,2016-06-21,2:12:00 PM,01 - Clear,01 - Daylight,01 - Dry,10 - No control,,03 - P.D. only,04 - Sideswipe,0
16-5949,CASTLEFRANK RD @ MCCURDY DR N,352077.96836,5018773.08346,-75.89709040500,45.30731855770,2016-06-21,2:28:00 PM,01 - Clear,01 - Daylight,01 - Dry,02 - Stop sign,01 - Functioning,03 - P.D. only,03 - Rear end,0
16-5950,O'CONNOR ST btwn LAURIER AVE W & GLOUCESTER ST,367669.61849,5031308.03545,-75.69668122970,45.41888259090,2016-06-21,2:30:00 PM,01 - Clear,01 - Daylight,01 - Dry,10 - No control,,03 - P.D. only,04 - Sideswipe,0
16-5951,MARCH RD btwn BEARHILL RD & ROB LYTLE'S LANE,338875.52331,5018676.92769,-76.06545463690,45.30721793760,2016-06-21,3:13:00 PM,01 - Clear,01 - Daylight,01 - Dry,10 - No control,,02 - Non-fatal injury,01 - Approaching,0
16-5952,PARENT AVE @ ST. PATRICK ST,367821.94362,5032556.96591,-75.69457529260,45.43010634290,2016-06-21,3:16:00 PM,01 - Clear,01 - Daylight,01 - Dry,01 - Traffic signal,01 - Functioning,03 - P.D. only,03 - Rear end,0
16-5953,INNES RD @ VISENEAU DR,381797.62370,5035072.42860,-75.51559573270,45.45133949870,2016-06-21,3:20:00 PM,01 - Clear,01 - Daylight,01 - Dry,01 - Traffic signal,01 - Functioning,03 - P.D. only,03 - Rear end,0
16-5954,BELFAST RD btwn COVENTRY RD & TREMBLAY RD,371532.96574,5031540.41466,-75.64729104070,45.42061561800,2016-06-21,3:28:00 PM,01 - Clear,01 - Daylight,01 - Dry,10 - No control,,03 - P.D. only,03 - Rear end,0
16-5955,BRENTWOOD AVE @ VICTORIA ST,384704.13239,5010723.48529,-75.48237479040,45.23193949100,2016-06-21,4:03:00 PM,01 - Clear,01 - Daylight,01 - Dry,02 - Stop sign,00 - Unknown,02 - Non-fatal injury,03 - Rear end,0
16-5956,MERIVALE RD btwn GERVIN ST & AMBERWOOD CRES,366402.03921,5020030.91296,-75.71428237600,45.31752611550,2016-06-21,4:12:00 PM,01 - Clear,01 - Daylight,01 - Dry,10 - No control,,03 - P.D. only,03 - Rear end,0
16-5957,LYON ST @ WELLINGTON ST,366937.75547,5031427.40824,-75.70601667190,45.42002205210,2016-06-21,4:28:00 PM,01 - Clear,01 - Daylight,01 - Dry,01 - Traffic signal,01 - Functioning,03 - P.D. only,05 - Turning movement,0
16-5958,CARLING AVE @ CIVIC HOSPITAL,365790.51181,5028278.71462,-75.72106402360,45.39179184630,2016-06-21,4:55:00 PM,01 - Clear,01 - Daylight,01 - Dry,01 - Traffic signal,01 - Functioning,03 - P.D. only,05 - Turning movement,0
16-5959,CYRVILLE RD @ MEADOWBROOK RD,374629.05646,5031241.87966,-75.60777644580,45.41762738530,2016-06-21,4:50:00 PM,01 - Clear,01 - Daylight,01 - Dry,01 - Traffic signal,01 - Functioning,02 - Non-fatal injury,02 - Angle,0
16-5960,INNES RD btwn 260 E OF BELCOURT BLVD/WALMART SC & JEANNE D'ARC BLVD/ME,382377.77615,5035417.15911,-75.50812530280,45.45437693540,2016-06-21,4:58:00 PM,01 - Clear,01 - Daylight,01 - Dry,10 - No control,,02 - Non-fatal injury,03 - Rear end,0
16-5961,RIVERSIDE DR SB btwn HWY417 IC117 RAMP52 & HWY417 IC117 RAMP35,370807.53594,5031115.38877,-75.65661645140,45.41686023040,2016-06-21,4:58:00 PM,01 - Clear,01 - Daylight,01 - Dry,10 - No control,,03 - P.D. only,03 - Rear end,0
16-5962,CARLING AVE @ PARKDALE AVE,365625.71407,5028173.58646,-75.72318149000,45.39086026000,2016-06-21,4:56:00 PM,01 - Clear,01 - Daylight,01 - Dry,01 - Traffic signal,01 - Functioning,03 - P.D. only,05 - Turning movement,0
16-5963,ST. LAURENT BLVD @ MCARTHUR AVE,371921.25976,5032886.88604,-75.64214650890,45.43269340330,2016-06-21,5:12:00 PM,01 - Clear,01 - Daylight,01 - Dry,01 - Traffic signal,01 - Functioning,03 - P.D. only,04 - Sideswipe,0
16-5964,INNES RD btwn INDUSTRIAL AVE & BANTREE ST,373144.35583,5030029.24188,-75.62691274430,45.40686324350,2016-06-21,5:25:00 PM,01 - Clear,01 - Daylight,01 - Dry,10 - No control,,03 - P.D. only,04 - Sideswipe,0
16-5965,BANK ST btwn HERON RD & ANOKA ST,370019.64975,5026781.50927,-75.66725526390,45.37793940570,2016-06-21,5:27:00 PM,01 - Clear,01 - Daylight,01 - Dry,10 - No control,,02 - Non-fatal injury,05 - Turning movement,0
16-5966,INNES RD @ PORTOBELLO BLVD,385631.09326,5036891.87516,-75.46629406890,45.46727626190,2016-06-21,5:39:00 PM,01 - Clear,01 - Daylight,01 - Dry,01 - Traffic signal,01 - Functioning,02 - Non-fatal injury,05 - Turning movement,0
16-5967,JEANNE D'ARC BLVD @ PADDLER WAY/VORLAGE DR E,379612.21127,5037995.43692,-75.54308708800,45.47787584990,2016-06-21,5:48:00 PM,01 - Clear,01 - Daylight,01 - Dry,01 - Traffic signal,01 - Functioning,03 - P.D. only,05 - Turning movement,0
16-5968,ONTARIO ST @ NORTH RIVER RD,369938.70760,5032315.99378,-75.66755760470,45.42774422560,2016-06-21,6:04:00 PM,01 - Clear,01 - Daylight,01 - Dry,02 - Stop sign,00 - Unknown,03 - P.D. only,03 - Rear end,0
16-5969,LAURIER AVE   W btwn QUEEN ELIZABETH DRWY/LAURIER AVE EB OFF RAMP & LA,368174.79315,5031681.44448,-75.69017895590,45.42219682160,2016-06-21,6:11:00 PM,01 - Clear,01 - Daylight,01 - Dry,10 - No control,,03 - P.D. only,03 - Rear end,0
16-5970,FALLOWFIELD RD @ LARKIN DR,361721.66620,5015913.66582,-75.77444694580,45.28087405650,2016-06-21,6:30:00 PM,01 - Clear,01 - Daylight,01 - Dry,01 - Traffic signal,01 - Functioning,02 - Non-fatal injury,03 - Rear end,0
16-5971,TERRY FOX DR @ PALLADIUM DR/KATIMAVIK RD,351269.94348,5018180.64780,-75.90744967870,45.30204159270,2016-06-21,6:31:00 PM,01 - Clear,01 - Daylight,01 - Dry,01 - Traffic signal,01 - Functioning,03 - P.D. only,03 - Rear end,0
16-5972,MACKAY ST @ VAUGHAN ST,369064.48202,5033636.36172,-75.67855629380,45.43970525680,2016-06-21,7:01:00 PM,01 - Clear,01 - Daylight,01 - Dry,02 - Stop sign,01 - Functioning,03 - P.D. only,02 - Angle,0
16-5973,WALKLEY RD btwn 152 E OF HEATHERINGTON RD & HOLLY LANE,372021.62831,5026940.27534,-75.64167460770,45.37917870710,2016-06-21,8:09:00 PM,01 - Clear,01 - Daylight,01 - Dry,10 - No control,,03 - P.D. only,02 - Angle,0
16-5974,RIVERSIDE DR btwn REVELSTOKE DR & GARDENVIEW PRIV,368226.28050,5024441.55614,-75.69045162810,45.35704974640,2016-06-17,8:12:00 PM,01 - Clear,01 - Daylight,01 - Dry,10 - No control,,03 - P.D. only,04 - Sideswipe,0
16-5975,SIXTH LINE RD @ BERRY SIDE RD,348076.78346,5031346.28497,-75.94701162640,45.42071307020,2016-06-21,8:20:00 PM,01 - Clear,01 - Daylight,01 - Dry,02 - Stop sign,,03 - P.D. only,05 - Turning movement,0
16-5976,EAGLEVIEW ST btwn MILNER DOWNS CRES & MEADOWBREEZE DR,355524.03182,5015591.11961,-75.85347280890,45.27844622470,2016-06-21,10:56:00 PM,01 - Clear,07 - Dark,01 - Dry,10 - No control,,03 - P.D. only,06 - SMV unattended vehicle,0
16-5977,MOODIE DR @ WEST HUNT CLUB RD,357907.42622,5018497.77926,-75.82278500570,45.30442474730,2016-06-22,6:35:00 AM,02 - Rain,01 - Daylight,02 - Wet,01 - Traffic signal,01 - Functioning,03 - P.D. only,03 - Rear end,0
16-5978,MAITLAND AVE/HWY 417 MAITLAND IC126R53 @ HWY 4,363229.55797,5025774.74790,-75.75406455010,45.36947986120,2016-06-22,6:55:00 AM,01 - Clear,01 - Daylight,01 - Dry,01 - Traffic signal,01 - Functioning,03 - P.D. only,05 - Turning movement,0
16-5979,ST. LAURENT BLVD btwn HWY417 IC115 RAMP25 & TREMBLAY RD,372582.47617,5031273.14486,-75.63391876960,45.41810995340,2016-06-22,6:23:00 AM,01 - Clear,01 - Daylight,01 - Dry,10 - No control,,03 - P.D. only,04 - Sideswipe,0
16-5980,KING EDWARD AVE @ SOMERSET ST/MARIE CURIE PRIV,368957.92984,5031673.79724,-75.68017383490,45.42205663040,2016-06-22,7:14:00 AM,01 - Clear,01 - Daylight,01 - Dry,01 - Traffic signal,01 - Functioning,03 - P.D. only,03 - Rear end,0
16-5981,ARGYLE AVE W @ METCALFE ST,368337.94437,5030579.93564,-75.68823640300,45.41227101850,2016-06-22,7:47:00 AM,01 - Clear,01 - Daylight,01 - Dry,01 - Traffic signal,01 - Functioning,03 - P.D. only,04 - Sideswipe,0
16-5982,FENTON RD @ LEITRIM RD,373912.52222,5020704.26322,-75.61840497800,45.32288557070,2016-06-22,7:53:00 AM,01 - Clear,01 - Daylight,01 - Dry,02 - Stop sign,01 - Functioning,02 - Non-fatal injury,03 - Rear end,0
16-5983,CARLING AVE @ IROQUOIS RD,362213.91148,5026024.40270,-75.76700061230,45.37181016960,2016-06-21,4:00:00 PM,01 - Clear,01 - Daylight,01 - Dry,01 - Traffic signal,01 - Functioning,03 - P.D. only,02 - Angle,0
16-5984,MITCH OWENS RD btwn ALBION RD & TRANQUIL GT,375919.70865,5014813.08546,-75.59364947570,45.26967845860,2016-06-22,8:35:00 AM,01 - Clear,01 - Daylight,01 - Dry,10 - No control,,03 - P.D. only,03 - Rear end,0
16-5985,CANOTEK RD btwn SHEFFORD RD & RAINBOW ST,376062.87868,5035104.79439,-75.58889928370,45.45223900600,2016-06-22,9:13:00 AM,01 - Clear,01 - Daylight,01 - Dry,10 - No control,,03 - P.D. only,04 - Sideswipe,0
16-5986,TOMPKINS AVE btwn LEFEBVRE WAY & TENTH LINE RD,383091.93441,5037939.55044,-75.49859401730,45.47699152820,2016-06-21,6:30:00 AM,01 - Clear,01 - Daylight,01 - Dry,10 - No control,,03 - P.D. only,07 - SMV other,0
16-5987,BAY ST @ JAMES ST,367378.38824,5030428.34202,-75.70051377160,45.41099348880,2016-06-22,9:37:00 AM,01 - Clear,01 - Daylight,01 - Dry,02 - Stop sign,01 - Functioning,03 - P.D. only,02 - Angle,0
16-5988,CUMBERLAND ST @ MURRAY ST,368171.37334,5032679.35942,-75.69009425380,45.43117602120,2016-06-22,9:55:00 AM,01 - Clear,01 - Daylight,01 - Dry,01 - Traffic signal,01 - Functioning,03 - P.D. only,02 - Angle,0
16-5989,BOLTON ST @ KING EDWARD AVE,368040.10867,5033173.76940,-75.69170818330,45.43563642830,2016-06-22,8:50:00 AM,01 - Clear,01 - Daylight,01 - Dry,02 - Stop sign,01 - Functioning,03 - P.D. only,03 - Rear end,0
16-5990,FALLOWFIELD RD @ GREENBANK RD,363079.75873,5016733.47518,-75.75704115320,45.28813944080,2016-06-22,11:05:00 AM,01 - Clear,01 - Daylight,01 - Dry,01 - Traffic signal,01 - Functioning,02 - Non-fatal injury,05 - Turning movement,0
16-5991,HAZELDEAN RD @ FRINGEWOOD DR,350754.65709,5015908.94954,-75.91423035060,45.28163408330,2016-06-22,11:50:00 AM,01 - Clear,01 - Daylight,01 - Dry,01 - Traffic signal,01 - Functioning,03 - P.D. only,07 - SMV other,0
16-5992,INNES RD btwn CHAPELIER PRIV & DU GRAND BOIS AVE,383104.11842,5035760.08223,-75.49878543470,45.45738124590,2016-06-22,12:10:00 PM,01 - Clear,01 - Daylight,01 - Dry,10 - No control,,03 - P.D. only,03 - Rear end,0
16-5993,BANK ST @ JOHNSTON RD,370852.18974,5024839.29828,-75.65688596880,45.36038604810,2016-06-22,12:21:00 PM,01 - Clear,01 - Daylight,01 - Dry,01 - Traffic signal,01 - Functioning,03 - P.D. only,04 - Sideswipe,0
16-5994,PLEASANT PARK RD @ ALTA VISTA DR,370366.67660,5028467.41374,-75.66260084400,45.39307620090,2016-06-22,12:24:00 PM,01 - Clear,01 - Daylight,01 - Dry,01 - Traffic signal,01 - Functioning,03 - P.D. only,02 - Angle,0
16-5995,BANK ST @ HERON RD,369996.17924,5026851.77182,-75.66754563490,45.37857378940,2016-06-22,12:30:00 PM,01 - Clear,01 - Daylight,01 - Dry,01 - Traffic signal,01 - Functioning,03 - P.D. only,04 - Sideswipe,0
16-5996,MEADOWLANDS DR btwn CLAYMOR AVE & DEBRA AVE,367012.69223,5025441.29518,-75.70581403640,45.36615391870,2016-06-22,1:18:00 PM,01 - Clear,01 - Daylight,01 - Dry,10 - No control,,03 - P.D. only,03 - Rear end,0
16-5997,ELGIN ST @ PARK AVE,368467.58130,5030712.80038,-75.68656316130,45.41345470930,2016-06-22,1:29:00 PM,01 - Clear,01 - Daylight,01 - Dry,02 - Stop sign,01 - Functioning,03 - P.D. only,02 - Angle,0
16-5998,BRUYERE ST @ SUSSEX DR,367537.99648,5032669.08462,-75.69818951280,45.43114067850,2016-06-22,3:21:00 PM,01 - Clear,01 - Daylight,01 - Dry,01 - Traffic signal,01 - Functioning,03 - P.D. only,04 - Sideswipe,0
16-5999,REGIONAL ROAD 174 btwn OR174 IC105 RAMP25 & OR174 IC102 RAMP51,380702.18564,5037734.75673,-75.52918765170,45.47541282700,2016-06-22,3:24:00 PM,01 - Clear,01 - Daylight,01 - Dry,10 - No control,,03 - P.D. only,07 - SMV other,0
16-6000,RICHMOND RD @ LYNHAR RD/STAFFORD RD,358137.79936,5021086.02855,-75.81956886770,45.32769659420,2016-06-22,3:29:00 PM,01 - Clear,01 - Daylight,01 - Dry,01 - Traffic signal,01 - Functioning,02 - Non-fatal injury,03 - Rear end,0
16-6001,NEPEAN ST @ O'CONNOR ST,367720.03346,5031226.81008,-75.69604748610,45.41814721900,2016-06-22,4:20:00 PM,01 - Clear,01 - Daylight,01 - Dry,02 - Stop sign,01 - Functioning,03 - P.D. only,02 - Angle,0
16-6002,ANDRE AUDET AVE @ DUNDONALD DR,364934.61700,5012032.69100,-75.73396639250,45.24568553870,2016-06-22,5:23:00 PM,01 - Clear,01 - Daylight,01 - Dry,02 - Stop sign,01 - Functioning,03 - P.D. only,02 - Angle,0