Record,Location,X,Y,Longitude,Latitude,Date,Time,Environment,Light,Road_Surface,Traffic_Control,Collision_Location,Collision_Classification,Impact_type,Pedestrian
16-6003,JAMES ST @ LYON ST,367496.05168,5030502.34516,-75.69900126640,45.41164881580,2016-06-22,5:34:00 PM,01 - Clear,01 - Daylight,01 - Dry,01 - Traffic signal,01 - Functioning,02 - Non-fatal injury,05 - Turning movement,0
16-6004,BASELINE RD @ COLLEGE SQUARE SC,362760.84900,5023898.40170,-75.76026782830,45.35263559890,2016-10-02,3:45:00 PM,01 - Clear,01 - Daylight,01 - Dry,01 - Traffic signal,01 - Functioning,03 - P.D. only,99 - Other,0
16-6005,ELGIN ST @ SLATER ST,367890.93497,5031645.66601,-75.69381039630,45.42190055610,2016-06-22,5:49:00 PM,01 - Clear,01 - Daylight,01 - Dry,01 - Traffic signal,01 - Functioning,03 - P.D. only,04 - Sideswipe,0
16-6006,MARGUERITE AVE btwn ONTARIO ST & DONALD ST,370078.23043,5032270.06204,-75.66578084610,45.42731794210,2016-06-22,10:50:00 AM,01 - Clear,01 - Daylight,01 - Dry,10 - No control,,03 - P.D. only,06 - SMV unattended vehicle,0
16-6007,CARLING AVE @ CROYDON AVE,360658.90014,5025042.73704,-75.78696275580,45.36310286770,2016-06-22,6:18:00 PM,01 - Clear,01 - Daylight,01 - Dry,01 - Traffic signal,01 - Functioning,02 - Non-fatal injury,03 - Rear end,0
16-6008,PARKDALE AVE btwn LYNDALE AVE & SCOTT ST,364928.73404,5029773.68494,-75.73188691460,45.40531779220,2016-06-22,6:37:00 PM,01 - Clear,01 - Daylight,01 - Dry,10 - No control,,03 - P.D. only,02 - Angle,0
16-6009,ELGIN ST @ LAURIER AVE,367949.39172,5031549.12125,-75.69307587360,45.42102660490,2016-06-22,2:30:00 PM,01 - Clear,01 - Daylight,01 - Dry,01 - Traffic signal,01 - Functioning,02 - Non-fatal injury,04 - Sideswipe,0
16-6010,BRONSON AVE @ CATHERINE ST/RAYMOND ST,367252.93577,5029796.11195,-75.70219645440,45.40531607530,2016-06-22,7:39:00 PM,01 - Clear,01 - Daylight,01 - Dry,01 - Traffic signal,01 - Functioning,02 - Non-fatal injury,05 - Turning movement,0
16-6011,MARCH RD btwn CARLING AVE/STATION RD & 280 S OF CARLING AVE/STATION RD,350915.94785,5022238.00503,-75.91158554010,45.33857401240,2016-06-22,8:09:00 PM,01 - Clear,01 - Daylight,01 - Dry,10 - No control,,02 - Non-fatal injury,07 - SMV other,1
16-6012,RICHMOND RD btwn CHURCHILL AVE N & WINONA AVE,363239.50521,5028301.72690,-75.75363845670,45.39221643300,2016-06-22,11:30:00 AM,01 - Clear,01 - Daylight,01 - Dry,10 - No control,,03 - P.D. only,06 - SMV unattended vehicle,0
16-6013,GREENBANK RD btwn JOCKVALE RD & CAMBRIAN RD,364477.99955,5013485.40781,-75.73960814440,45.25879599630,2016-06-22,10:43:00 PM,02 - Rain,07 - Dark,02 - Wet,10 - No control,,03 - P.D. only,01 - Approaching,0
16-6014,ANDERSON RD btwn INNES RD & DESJARDINS ST,376662.69049,5031609.25578,-75.58174191700,45.42072690420,2016-06-22,11:01:00 PM,02 - Rain,07 - Dark,02 - Wet,10 - No control,,03 - P.D. only,07 - SMV other,0
16-6015,BANKFIELD RD btwn KILREEN LANE & PRINCE OF WALES DR,366029.08617,5008781.53349,-75.72042566870,45.21633718180,2016-06-23,3:16:00 AM,01 - Clear,07 - Dark,01 - Dry,10 - No control,,03 - P.D. only,07 - SMV other,0
16-6016,SHEFFIELD RD @ WALKLEY RD,375256.07879,5028784.95288,-75.60011690400,45.39545839970,2016-06-23,6:05:00 AM,01 - Clear,01 - Daylight,01 - Dry,01 - Traffic signal,01 - Functioning,03 - P.D. only,03 - Rear end,0
16-6017,REGIONAL RD 174 @ EAST ST/PETER HARKNESS LANE,390420.14642,5042704.49796,-75.40404639990,45.51900064920,2016-06-23,6:45:00 AM,01 - Clear,01 - Daylight,01 - Dry,02 - Stop sign,01 - Functioning,02 - Non-fatal injury,03 - Rear end,0
16-6018,PINECREST RD @ RICHMOND RD,360072.01188,5024471.73194,-75.79451765050,45.35801150010,2016-06-23,6:45:00 AM,01 - Clear,01 - Daylight,01 - Dry,01 - Traffic signal,01 - Functioning,03 - P.D. only,03 - Rear end,0
16-6019,RIVERSIDE DR NB btwn HWY417 IC117 RAMP25 & VANIER PKWY,370819.79762,5031039.57130,-75.65646995720,45.41617689870,2016-06-23,8:25:00 AM,01 - Clear,01 - Daylight,01 - Dry,10 - No control,,03 - P.D. only,04 - Sideswipe,0
16-6020,FIELDING DR @ MCCARTHY RD,369366.06108,5025039.73674,-75.67582727010,45.36232797970,2016-06-23,8:37:00 AM,01 - Clear,01 - Daylight,01 - Dry,01 - Traffic signal,01 - Functioning,03 - P.D. only,02 - Angle,0
16-6021,MONTREAL RD @ THOMSON ST,372043.02978,5034057.13335,-75.64043052040,45.44321102850,2016-06-23,8:46:00 AM,01 - Clear,01 - Daylight,01 - Dry,02 - Stop sign,01 - Functioning,02 - Non-fatal injury,05 - Turning movement,0
16-6022,PRINCE OF WALES DR @ STRANDHERD DR,367175.06253,5014824.19100,-75.70507844350,45.27060834000,2016-06-23,10:57:00 AM,01 - Clear,01 - Daylight,01 - Dry,01 - Traffic signal,01 - Functioning,02 - Non-fatal injury,03 - Rear end,0
16-6023,CARP RD btwn CARDEVCO RD & WESTHUNT RD,345934.48775,5017471.52965,-75.97553924070,45.29599337080,2016-06-22,10:00:00 PM,01 - Clear,07 - Dark,01 - Dry,10 - No control,,03 - P.D. only,07 - SMV other,0
16-6024,ST. JOSEPH BLVD btwn MAISONNEUVE ST & GABRIEL ST,381532.38589,5037631.59034,-75.51858680680,45.47439388910,2016-06-23,11:18:00 AM,01 - Clear,01 - Daylight,01 - Dry,10 - No control,,03 - P.D. only,02 - Angle,0
16-6025,JAMES ST btwn KENT ST & BANK ST,367724.29934,5030636.63254,-75.69606834190,45.41283660530,2016-06-23,12:07:00 PM,01 - Clear,01 - Daylight,01 - Dry,10 - No control,,03 - P.D. only,02 - Angle,0
16-6026,LONGFIELDS DR @ SPRINGBEAUTY AVE,365266.70000,5017018.65400,-75.72912943610,45.29052071830,2016-06-23,12:27:00 PM,01 - Clear,01 - Daylight,01 - Dry,02 - Stop sign,01 - Functioning,03 - P.D. only,99 - Other,0
16-6027,ELGIN ST btwn ISABELLA ST & PRETORIA AVE,368619.88469,5030463.23187,-75.68464979760,45.41119530300,2016-06-23,12:35:00 PM,01 - Clear,01 - Daylight,01 - Dry,10 - No control,,03 - P.D. only,04 - Sideswipe,0
16-6028,MERIVALE RD @ FAMILY BROWN LANE,365004.13892,5023386.23730,-75.73170246990,45.34783821210,2016-06-23,1:10:00 PM,01 - Clear,01 - Daylight,01 - Dry,01 - Traffic signal,01 - Functioning,03 - P.D. only,03 - Rear end,0
16-6029,STRANDHERD DR btwn 215 W OF GREENBANK RD/BARRHAVEN MALL SC & GREENBANK,363809.71956,5014715.67722,-75.74797619500,45.26992236900,2016-06-23,2:34:00 PM,01 - Clear,01 - Daylight,01 - Dry,10 - No control,,03 - P.D. only,04 - Sideswipe,0
16-6030,PRINCE OF WALES DR @ WEST HUNT CLUB RD,367458.48482,5021892.17974,-75.70057346100,45.33417999810,2016-06-23,2:40:00 PM,01 - Clear,01 - Daylight,01 - Dry,01 - Traffic signal,01 - Functioning,03 - P.D. only,03 - Rear end,0
16-6031,"EGLISE, RUE DE L @ MONTREAL RD",371156.57384,5033634.49609,-75.65181783830,45.43949303910,2016-06-23,2:50:00 PM,01 - Clear,01 - Daylight,01 - Dry,01 - Traffic signal,01 - Functioning,03 - P.D. only,03 - Rear end,0
16-6032,BANK ST @ HUNT CLUB RD,371608.95604,5024096.72574,-75.64732775830,45.35363292200,2016-06-23,3:44:00 PM,01 - Clear,01 - Daylight,01 - Dry,01 - Traffic signal,01 - Functioning,02 - Non-fatal injury,02 - Angle,0
16-6033,MOODIE DR @ ROBERTSON RD,357067.32854,5020456.60550,-75.83329038290,45.32211351550,2016-06-23,4:09:00 PM,01 - Clear,01 - Daylight,01 - Dry,01 - Traffic signal,01 - Functioning,03 - P.D. only,03 - Rear end,0
16-6034,BANK ST @ BANK ST,371876.27566,5024122.98958,-75.64391281770,45.35384371630,2016-06-23,4:18:00 PM,01 - Clear,01 - Daylight,01 - Dry,10 - No control,,03 - P.D. only,02 - Angle,0
16-6035,RIDEAU ST btwn AUGUSTA ST & COBOURG ST,369118.78512,5032782.16380,-75.67797385390,45.43201452470,2016-06-23,4:28:00 PM,01 - Clear,01 - Daylight,01 - Dry,10 - No control,,03 - P.D. only,05 - Turning movement,0
16-6036,BANTREE ST @ INNES RD,373705.86277,5030406.49802,-75.61968770930,45.41020255920,2016-06-23,4:28:00 PM,01 - Clear,01 - Daylight,01 - Dry,01 - Traffic signal,01 - Functioning,03 - P.D. only,05 - Turning movement,0
16-6037,CAMBRIAN RD @ CEDARVIEW RD,363002.01278,5011834.18286,-75.75860628530,45.24406180640,2016-06-23,5:10:00 PM,01 - Clear,01 - Daylight,01 - Dry,02 - Stop sign,01 - Functioning,02 - Non-fatal injury,03 - Rear end,0
16-6038,CRESTWAY DR @ STRANDHERD DR,366347.29343,5015470.35225,-75.71554661580,45.27649539810,2016-06-23,5:14:00 PM,01 - Clear,01 - Daylight,01 - Dry,01 - Traffic signal,01 - Functioning,03 - P.D. only,03 - Rear end,0
16-6039,EARL ARMSTRONG RD @ LIMEBANK RD,370154.62321,5015960.67024,-75.66696059100,45.28056361340,2016-06-23,5:35:00 PM,01 - Clear,01 - Daylight,01 - Dry,01 - Traffic signal,01 - Functioning,03 - P.D. only,03 - Rear end,0
16-6040,MOODIE DR @ ROBERTSON RD,357066.87937,5020454.56901,-75.83329632610,45.32209522430,2016-06-23,5:52:00 PM,01 - Clear,01 - Daylight,01 - Dry,01 - Traffic signal,01 - Functioning,03 - P.D. only,03 - Rear end,0
16-6041,JEANNE D'ARC BLVD  N btwn MILLWOOD CRT & BILBERRY DR,380193.64552,5038176.97848,-75.53562323260,45.47944667430,2016-06-23,6:01:00 PM,01 - Clear,01 - Daylight,01 - Dry,10 - No control,,03 - P.D. only,05 - Turning movement,0
16-6042,INDUSTRIAL AVE @ RIVERSIDE DR,370685.37722,5030592.77294,-75.65824697910,45.41216945630,2016-06-23,6:08:00 PM,01 - Clear,01 - Daylight,01 - Dry,01 - Traffic signal,01 - Functioning,03 - P.D. only,04 - Sideswipe,0
16-6043,INNES RD btwn O'TOOLE RD & DUNNING RD,391464.58541,5039278.05091,-75.39128523370,45.48804475400,2016-06-23,6:35:00 PM,01 - Clear,01 - Daylight,01 - Dry,10 - No control,,03 - P.D. only,07 - SMV other,0
16-6044,FIRST ST @ ST. JOSEPH BLVD,383643.80197,5039063.34870,-75.49135594120,45.48704032060,2016-06-11,9:00:00 AM,01 - Clear,01 - Daylight,01 - Dry,02 - Stop sign,01 - Functioning,03 - P.D. only,07 - SMV other,0
16-6045,LYON ST @ SOMERSET ST,367366.42047,5030716.03312,-75.70063013470,45.41358311610,2016-06-23,7:46:00 PM,01 - Clear,01 - Daylight,01 - Dry,01 - Traffic signal,01 - Functioning,03 - P.D. only,02 - Angle,0
16-6046,FERNBANK RD @ ROBERT GRANT AVE,353047.23250,5014005.36430,-75.88519423680,45.26435149230,2016-06-23,8:08:00 PM,01 - Clear,01 - Daylight,01 - Dry,01 - Traffic signal,01 - Functioning,03 - P.D. only,04 - Sideswipe,0
16-6047,ALBION RD @ GOTH AVE,372332.51373,5023197.60041,-75.63821693400,45.34547359530,2016-06-23,8:24:00 PM,01 - Clear,01 - Daylight,01 - Dry,02 - Stop sign,01 - Functioning,03 - P.D. only,03 - Rear end,0
16-6048,BANK ST @ JOHNSTON RD,370851.05406,5024840.20434,-75.65690034130,45.36039430700,2016-06-22,12:00:00 PM,01 - Clear,01 - Daylight,01 - Dry,01 - Traffic signal,01 - Functioning,03 - P.D. only,01 - Approaching,0
16-6049,ELLIOT AVE @ MAIN ST,369449.02452,5029492.76644,-75.67418522210,45.40238729510,2016-06-23,9:35:00 PM,01 - Clear,07 - Dark,01 - Dry,02 - Stop sign,01 - Functioning,03 - P.D. only,02 - Angle,0
16-6050,PRINCE OF WALES DR btwn NATIONAL CAPITAL COMM DRWY & HARTWELL LOCKS/54,366990.83396,5027347.58089,-75.70585299340,45.38330817450,2016-06-23,11:26:00 PM,01 - Clear,07 - Dark,01 - Dry,10 - No control,,03 - P.D. only,07 - SMV other,0
16-6051,TENTH LINE RD btwn WALL RD & NAVAN RD,385567.44721,5032297.38491,-75.46786208030,45.42594673750,2016-06-24,1:42:00 AM,01 - Clear,07 - Dark,01 - Dry,10 - No control,,03 - P.D. only,07 - SMV other,0
16-6052,BROADVIEW AVE @ PRINCETON AVE,362850.58821,5027443.88078,-75.75870600590,45.38453000360,2016-06-24,6:09:00 AM,01 - Clear,01 - Daylight,01 - Dry,02 - Stop sign,01 - Functioning,03 - P.D. only,03 - Rear end,0
16-6053,RIDEAU RD btwn SPRATT RD & LIMEBANK RD,370599.67878,5013937.03785,-75.66155647740,45.26231379640,2016-06-24,6:13:00 AM,01 - Clear,01 - Daylight,01 - Dry,10 - No control,,02 - Non-fatal injury,04 - Sideswipe,0
16-6054,ST. JOSEPH BLVD btwn COUSINEAU ST & DUSSERE ST,380757.32958,5037061.53711,-75.52858651710,45.46934975070,2016-06-23,12:00:00 PM,01 - Clear,01 - Daylight,01 - Dry,10 - No control,,03 - P.D. only,04 - Sideswipe,0
16-6055,STRANDHERD DR btwn ANDORA AVE & JOCKVALE RD,363390.93505,5014470.56448,-75.75334167550,45.26775185090,2016-06-24,10:30:00 AM,01 - Clear,01 - Daylight,01 - Dry,10 - No control,,03 - P.D. only,05 - Turning movement,0
16-6056,HUNT CLUB RD @ RIVERSIDE DR,368036.18637,5021946.31775,-75.69319668490,45.33461529880,2016-06-24,11:35:00 AM,01 - Clear,01 - Daylight,01 - Dry,01 - Traffic signal,01 - Functioning,03 - P.D. only,04 - Sideswipe,0
16-6057,DONALD ST @ ST. LAURENT BLVD,372092.58550,5032472.81038,-75.64001368880,45.42895128090,2016-06-24,12:21:00 PM,01 - Clear,01 - Daylight,01 - Dry,01 - Traffic signal,01 - Functioning,03 - P.D. only,03 - Rear end,0
16-6058,GILMOUR ST @ O'CONNOR ST,367943.03496,5030867.44260,-75.69324444460,45.41489365780,2016-06-24,12:34:00 PM,01 - Clear,01 - Daylight,01 - Dry,01 - Traffic signal,01 - Functioning,03 - P.D. only,05 - Turning movement,0
16-6059,BESSERER ST @ NICHOLAS ST,368185.03246,5032111.80548,-75.68999275090,45.42606813350,2016-06-24,12:25:00 PM,01 - Clear,01 - Daylight,01 - Dry,01 - Traffic signal,01 - Functioning,03 - P.D. only,04 - Sideswipe,0
16-6060,MORRISON DR @ BASELINE RD,360100.58568,5022309.26408,-75.79439477350,45.33855138020,2016-06-24,12:43:00 PM,01 - Clear,01 - Daylight,01 - Dry,01 - Traffic signal,01 - Functioning,03 - P.D. only,03 - Rear end,0
16-6061,BOOTH ST @ OTTAWA RIVER PKWY/WELLINGTON ST,366264.17361,5031006.85570,-75.71467520280,45.41629754040,2016-06-24,1:42:00 PM,01 - Clear,01 - Daylight,01 - Dry,01 - Traffic signal,01 - Functioning,03 - P.D. only,04 - Sideswipe,0
16-6062,VANIER PKWY NB btwn BEECHWOOD AVE/ ST. PATRICK ST/CRICHTON ST & DESCHA,369675.35484,5033355.30491,-75.67078583660,45.43712000590,2016-06-24,2:14:00 PM,01 - Clear,01 - Daylight,01 - Dry,10 - No control,,03 - P.D. only,04 - Sideswipe,0
16-6063,240 S OF CHARLEMAGNE BLVD/DES EPINETTES AVE @ TENTH LINE RD,383736.18260,5036677.45530,-75.49055768060,45.46556382190,2016-06-24,2:18:00 PM,01 - Clear,01 - Daylight,01 - Dry,01 - Traffic signal,01 - Functioning,03 - P.D. only,02 - Angle,0
16-6064,FALLOWFIELD RD @ LARKIN DR,361720.56851,5015913.21666,-75.77446098810,45.28087010440,2016-06-24,2:20:00 PM,01 - Clear,01 - Daylight,01 - Dry,01 - Traffic signal,01 - Functioning,03 - P.D. only,03 - Rear end,0
16-6065,LEBOUTILLIER AVE @ MONTREAL RD,372514.30600,5034284.09810,-75.63437564070,45.44520765110,2016-06-16,3:30:00 PM,01 - Clear,01 - Daylight,01 - Dry,02 - Stop sign,01 - Functioning,03 - P.D. only,03 - Rear end,0
16-6066,DALY AVE btwn COURT HOUSE LANE & WALLER ST,368316.86182,5032105.44900,-75.68830907320,45.42599898140,2016-06-24,3:28:00 PM,01 - Clear,01 - Daylight,01 - Dry,10 - No control,,03 - P.D. only,01 - Approaching,0
16-6067,DRIVEWAY (THE) @ PRINCE OF WALES DR,366883.97801,5028137.27999,-75.70711802580,45.39042316890,2016-06-24,3:38:00 PM,01 - Clear,01 - Daylight,01 - Dry,11 - Roundabout,01 - Functioning,03 - P.D. only,03 - Rear end,0
16-6068,JASPER AVE btwn NOTTING HILL AVE & PAARDEBURGH AVE,371005.36966,5025983.39438,-75.65477764100,45.37066579540,2016-06-23,12:00:00 AM,01 - Clear,00 - Unknown,01 - Dry,10 - No control,,03 - P.D. only,06 - SMV unattended vehicle,0
16-6069,SMYTH RD @ RIVERSIDE HOSPITAL,369987.40135,5029121.44303,-75.66735790060,45.39899633510,2016-06-24,4:23:00 PM,01 - Clear,01 - Daylight,01 - Dry,01 - Traffic signal,01 - Functioning,03 - P.D. only,05 - Turning movement,0
16-6070,ST. JOSEPH BLVD/OLD MONTREAL RD @ TRIM RD,384683.55293,5039284.78297,-75.47802055630,45.48891435010,2016-06-24,3:55:00 PM,01 - Clear,01 - Daylight,01 - Dry,11 - Roundabout,00 - Unknown,03 - P.D. only,04 - Sideswipe,0
16-6071,IONA ST @ ISLAND PARK DR,364348.57700,5028384.87386,-75.73946512790,45.39287114380,2016-06-24,4:32:00 PM,01 - Clear,01 - Daylight,01 - Dry,01 - Traffic signal,01 - Functioning,03 - P.D. only,02 - Angle,0
16-6072,CALDWELL AVE @ MEDFORD ST,364699.78482,5026134.30338,-75.73525309740,45.37259096790,2016-06-24,4:44:00 PM,01 - Clear,01 - Daylight,01 - Dry,02 - Stop sign,01 - Functioning,02 - Non-fatal injury,02 - Angle,0
16-6073,GREENBANK RD @ BERRIGAN DR/WESSEX RD,363724.34032,5015275.76608,-75.74899771270,45.27496921950,2016-06-24,5:24:00 PM,01 - Clear,01 - Daylight,01 - Dry,01 - Traffic signal,01 - Functioning,03 - P.D. only,03 - Rear end,0
16-6074,CARWOOD CIRC btwn DEN HAAG DR & Continuation of CARWOOD CIRC,372581.15027,5034022.38859,-75.63355728530,45.44284644320,2016-06-24,6:38:00 PM,01 - Clear,01 - Daylight,01 - Dry,10 - No control,,03 - P.D. only,04 - Sideswipe,0
16-6075,CARP RD btwn THOMAS A. DOLAN PKWY & NORMA LANE,338884.17186,5024408.03173,-76.06494967590,45.35878851170,2016-06-24,8:02:00 PM,01 - Clear,01 - Daylight,01 - Dry,10 - No control,,02 - Non-fatal injury,07 - SMV other,0
16-6076,RIVERSIDE DR btwn HOG'S BACK RD & RIDGEWOOD AVE,368239.65091,5025807.33691,-75.69010565660,45.36933749270,2016-06-24,9:25:00 PM,01 - Clear,07 - Dark,01 - Dry,10 - No control,,02 - Non-fatal injury,03 - Rear end,0
16-6077,GREENBANK RD @ WEST HUNT CLUB RD,361479.45746,5020502.69874,-75.77700936600,45.32218589130,2016-06-24,10:10:00 PM,01 - Clear,07 - Dark,01 - Dry,01 - Traffic signal,01 - Functioning,03 - P.D. only,03 - Rear end,0
16-6078,WOODROFFE AVE @ QUEENSBURY DR/RIDEAUCREST DR,365728.09213,5016327.66495,-75.72333269400,45.28426338850,2016-06-24,10:38:00 PM,01 - Clear,07 - Dark,01 - Dry,01 - Traffic signal,01 - Functioning,02 - Non-fatal injury,07 - SMV other,1
16-6079,FALLOWFIELD RD @ WOODROFFE AVE,365085.36954,5017902.97046,-75.73133345800,45.29849333170,2016-06-24,11:03:00 PM,01 - Clear,07 - Dark,01 - Dry,01 - Traffic signal,01 - Functioning,03 - P.D. only,03 - Rear end,0
16-6080,OLMSTEAD ST btwn DESCHAMPS AVE & MONTREAL RD,370305.43032,5033213.36092,-75.66275218040,45.43578410950,2016-06-24,11:16:00 PM,01 - Clear,07 - Dark,01 - Dry,10 - No control,,02 - Non-fatal injury,07 - SMV other,1
16-6081,BLEEKS RD @ CONLEY RD,351250.22592,5004818.00352,-75.90894919380,45.18180097510,2016-06-25,12:00:00 AM,01 - Clear,07 - Dark,08 - Loose sand or gravel,02 - Stop sign,01 - Functioning,02 - Non-fatal injury,07 - SMV other,0
16-6082,SLATER ST btwn LYON ST N & KENT ST,367251.10988,5031246.49916,-75.70203601410,45.41836638800,2016-06-25,1:30:00 AM,01 - Clear,07 - Dark,01 - Dry,10 - No control,,03 - P.D. only,04 - Sideswipe,0
16-6083,BANK ST btwn ALBION RD & SIEVERIGHT AVE,372171.94685,5024138.82633,-75.64013746670,45.35395786470,2016-06-25,5:56:00 AM,01 - Clear,01 - Daylight,01 - Dry,10 - No control,,02 - Non-fatal injury,07 - SMV other,1
16-6084,MAPLEHILL WAY btwn PRINCE OF WALES DR & HAZELWOOD WAY,366838.62920,5012546.70757,-75.70964999430,45.25014540330,2016-06-25,7:40:00 AM,01 - Clear,01 - Daylight,01 - Dry,10 - No control,,03 - P.D. only,99 - Other,0
16-6085,EASTVALE DR N @ OGILVIE RD,374982.64808,5036044.46878,-75.60257427850,45.46080294980,2016-06-25,8:49:00 AM,01 - Clear,01 - Daylight,01 - Dry,02 - Stop sign,01 - Functioning,02 - Non-fatal injury,05 - Turning movement,0
16-6086,BLAIR RD @ MEADOWBROOK RD,375194.27526,5032311.79892,-75.60040251060,45.42719728920,2016-06-25,9:04:00 AM,01 - Clear,01 - Daylight,01 - Dry,01 - Traffic signal,01 - Functioning,03 - P.D. only,05 - Turning movement,0
16-6087,DORION AVE btwn ALTA VISTA DR & BLAIR ST,370701.58094,5030124.55910,-75.65810257660,45.40795512810,2016-06-25,9:47:00 AM,01 - Clear,01 - Daylight,01 - Dry,10 - No control,,02 - Non-fatal injury,06 - SMV unattended vehicle,0
16-6088,COBOURG ST @ TORMEY ST,369081.36782,5032855.48421,-75.67844244400,45.43267767380,2016-06-25,10:10:00 AM,01 - Clear,01 - Daylight,01 - Dry,02 - Stop sign,01 - Functioning,03 - P.D. only,05 - Turning movement,0
16-6089,BANK ST @ CHAMBERLAIN AVE N/ISABELLA ST,368082.33335,5030166.85230,-75.69155480280,45.40857738850,2016-06-25,10:38:00 AM,01 - Clear,01 - Daylight,01 - Dry,01 - Traffic signal,01 - Functioning,03 - P.D. only,02 - Angle,0
16-6090,OTTAWA RIVER PKWY @ VIMY PLACE PRIV,365975.23075,5030799.89972,-75.71839235500,45.41446072790,2016-06-25,10:56:00 AM,01 - Clear,01 - Daylight,01 - Dry,01 - Traffic signal,01 - Functioning,03 - P.D. only,03 - Rear end,0
16-6091,RIVER RD btwn LEWER ST & RIVERSIDE DR,368358.78212,5020458.92562,-75.68927218900,45.32120288780,2016-06-25,10:59:00 AM,01 - Clear,01 - Daylight,01 - Dry,10 - No control,,02 - Non-fatal injury,07 - SMV other,0
16-6092,RIVERSIDE DR SB btwn Continuation of RIVERSIDE DR & HWY417 IC117 RAMP5,370730.40042,5030784.37158,-75.65764619490,45.41388914420,2016-06-23,1:30:00 PM,01 - Clear,01 - Daylight,01 - Dry,10 - No control,,03 - P.D. only,04 - Sideswipe,0
16-6093,WOODROFFE AVE btwn FIRESTATION & BASELINE RD,362528.09929,5023825.50470,-75.76324658730,45.35199887620,2016-06-25,11:50:00 AM,01 - Clear,01 - Daylight,01 - Dry,10 - No control,,03 - P.D. only,03 - Rear end,0
16-6094,FALLOWFIELD RD btwn HWY416 IC66 RAMP62 & STRANDHERD DR,360713.36640,5014959.73937,-75.78740569530,45.27237145850,2016-06-25,11:56:00 AM,01 - Clear,01 - Daylight,01 - Dry,10 - No control,,02 - Non-fatal injury,07 - SMV other,0
16-6095,RICHMOND RD btwn EDEN AVE & EDGEWOOD AVE,363393.49452,5028401.67161,-75.75166007830,45.39310285170,2016-06-25,11:20:00 AM,01 - Clear,01 - Daylight,01 - Dry,10 - No control,,03 - P.D. only,06 - SMV unattended vehicle,0
16-6096,VANIER PKWY/CRICHTON ST @ BEECHWOOD AVE/ST. PA,369127.75017,5033487.24249,-75.67776715730,45.43835772300,2016-06-25,12:48:00 PM,01 - Clear,01 - Daylight,01 - Dry,01 - Traffic signal,01 - Functioning,03 - P.D. only,03 - Rear end,0
16-6097,BRONSON AVE @ BRONSON AVE NB OFFRAMP 24,367808.43564,5028298.38443,-75.69529225710,45.39179017910,2016-06-25,2:05:00 PM,01 - Clear,01 - Daylight,01 - Dry,10 - No control,00 - Unknown,03 - P.D. only,03 - Rear end,0
16-6098,ST. LAURENT BLVD btwn COVENTRY RD & LEMIEUX ST,372311.69988,5031937.92719,-75.63728708470,45.42411753740,2016-06-25,1:15:00 PM,01 - Clear,01 - Daylight,01 - Dry,10 - No control,,03 - P.D. only,07 - SMV other,0
16-6099,CYRVILLE RD @ INNES RD,375047.50516,5031118.90558,-75.60244800910,45.41647904410,2016-06-25,2:54:00 PM,01 - Clear,01 - Daylight,01 - Dry,01 - Traffic signal,01 - Functioning,03 - P.D. only,04 - Sideswipe,0
16-6100,BROADVIEW AVE btwn WELLESLEY AVE & CARLING AVE,363175.19235,5026649.44829,-75.75465516180,45.37735483450,2016-06-25,2:35:00 PM,01 - Clear,01 - Daylight,01 - Dry,10 - No control,,03 - P.D. only,04 - Sideswipe,0
16-6101,CYRVILLE RD @ INNES RD,375047.06608,5031119.78374,-75.60245349370,45.41648698890,2016-06-25,3:50:00 PM,01 - Clear,01 - Daylight,01 - Dry,01 - Traffic signal,01 - Functioning,03 - P.D. only,03 - Rear end,0
16-6102,KING EDWARD AVE btwn WILBROD ST & LAURIER AVE E,368736.42390,5032040.07719,-75.68295646240,45.42537256500,2016-06-25,6:19:00 PM,01 - Clear,01 - Daylight,01 - Dry,10 - No control,,03 - P.D. only,03 - Rear end,0
16-6103,ELGIN ST @ LAURIER AVE,367948.05128,5031549.35626,-75.69309296940,45.42102884030,2016-06-25,6:32:00 PM,01 - Clear,01 - Daylight,01 - Dry,01 - Traffic signal,01 - Functioning,03 - P.D. only,04 - Sideswipe,0
16-6104,MONTREAL RD btwn BETHAMY LANE & OGILVIE RD,375505.17563,5034455.77466,-75.59612194030,45.44645616810,2016-06-25,9:03:00 PM,01 - Clear,05 - Dusk,01 - Dry,10 - No control,,02 - Non-fatal injury,07 - SMV other,0
16-6105,BERKELEY AVE @ RICHMOND RD,362910.91337,5028065.54940,-75.75786253350,45.39011868700,2016-06-25,9:50:00 PM,01 - Clear,07 - Dark,01 - Dry,02 - Stop sign,01 - Functioning,02 - Non-fatal injury,05 - Turning movement,0
16-6106,COLONIAL RD btwn DESSAINT ST & SARSFIELD RD,394954.21623,5034091.27498,-75.34760198160,45.44093905740,2016-06-25,9:58:00 PM,01 - Clear,07 - Dark,01 - Dry,10 - No control,,03 - P.D. only,06 - SMV unattended vehicle,0
16-6107,CEDARVIEW RD @ JOCKVALE RD,361474.44303,5015251.97785,-75.77767347720,45.27494011650,2016-06-25,11:52:00 PM,01 - Clear,07 - Dark,01 - Dry,11 - Roundabout,01 - Functioning,03 - P.D. only,02 - Angle,0