Record,Location,X,Y,Longitude,Latitude,Date,Time,Environment,Light,Road_Surface,Traffic_Control,Collision_Location,Collision_Classification,Impact_type,Pedestrian
16-6108,WOODROFFE AVE btwn GEORGINA DR & HWY417 IC127 RAMP36,361941.95883,5025289.07024,-75.77055738230,45.36521593980,2016-06-26,2:02:00 AM,01 - Clear,07 - Dark,01 - Dry,10 - No control,,02 - Non-fatal injury,03 - Rear end,0
16-6109,BESSERER ST btwn CUMBERLAND ST & KING EDWARD AVE,368533.79426,5032331.78841,-75.68550785420,45.42801576940,2016-06-26,12:00:00 AM,01 - Clear,00 - Unknown,01 - Dry,10 - No control,,03 - P.D. only,06 - SMV unattended vehicle,0
16-6110,INDUSTRIAL AVE @ RIVERSIDE DR,370685.54676,5030590.48301,-75.65824511860,45.41214883670,2016-06-26,4:29:00 AM,01 - Clear,07 - Dark,01 - Dry,01 - Traffic signal,01 - Functioning,03 - P.D. only,04 - Sideswipe,0
16-6111,BANK ST @ ST. BERNARD ST,373004.95934,5023708.27916,-75.62956641340,45.35000343350,2016-06-26,4:44:00 AM,01 - Clear,07 - Dark,01 - Dry,01 - Traffic signal,01 - Functioning,03 - P.D. only,07 - SMV other,0
16-6112,NEWBURY AVE btwn TIVERTON DR & BELIVEAU ST,365574.56254,5024507.15256,-75.72428587410,45.35787483510,2016-06-26,2:00:00 AM,01 - Clear,07 - Dark,01 - Dry,10 - No control,,03 - P.D. only,06 - SMV unattended vehicle,0
16-6113,RIVERSIDE DR SB btwn BANK ST & BILLINGS BRIDGE NB RAMP,369236.00140,5027996.19944,-75.67710153130,45.38894131880,2016-06-26,9:55:00 AM,01 - Clear,01 - Daylight,01 - Dry,10 - No control,,03 - P.D. only,04 - Sideswipe,0
16-6114,TENTH LINE RD @ CHARLEMAGNE BLVD S/DES EPINETT,383640.97510,5036900.45590,-75.49173924100,45.46758093120,2016-06-26,11:09:00 AM,01 - Clear,01 - Daylight,01 - Dry,01 - Traffic signal,01 - Functioning,02 - Non-fatal injury,03 - Rear end,0
16-6115,JEANNE D'ARC BLVD @ ORLEANS BLVD S,380939.85712,5036250.10063,-75.52637821940,45.46202922960,2016-06-26,11:59:00 AM,01 - Clear,01 - Daylight,01 - Dry,01 - Traffic signal,01 - Functioning,03 - P.D. only,03 - Rear end,0
16-6116,8TH LINE RD @ PARKWAY RD,383165.13588,5016891.68014,-75.50099893620,45.28761043520,2016-06-26,12:21:00 PM,01 - Clear,01 - Daylight,01 - Dry,02 - Stop sign,01 - Functioning,02 - Non-fatal injury,02 - Angle,0
16-6117,NORTH RIVER RD btwn ONTARIO ST & DONALD ST,369966.35327,5032237.12716,-75.66721477830,45.42703204040,2016-06-26,1:07:00 PM,01 - Clear,01 - Daylight,01 - Dry,10 - No control,,02 - Non-fatal injury,06 - SMV unattended vehicle,0
16-6118,BURNABY DR btwn ROSEHILL AVE & ETESIAN ST,350242.63874,5016317.79796,-75.92071911160,45.28534631680,2016-06-25,8:00:00 AM,01 - Clear,01 - Daylight,01 - Dry,10 - No control,,03 - P.D. only,06 - SMV unattended vehicle,0
16-6119,ORCHARDVIEW AVE @ GARDENWAY DR,384735.67266,5036806.36248,-75.47775719040,45.46660994640,2016-06-26,1:25:00 PM,01 - Clear,01 - Daylight,01 - Dry,02 - Stop sign,01 - Functioning,02 - Non-fatal injury,02 - Angle,0
16-6120,PRESTON ST @ SOMERSET ST,366307.92587,5030128.02305,-75.71422590330,45.40838620070,2016-06-26,1:58:00 PM,01 - Clear,01 - Daylight,01 - Dry,01 - Traffic signal,01 - Functioning,02 - Non-fatal injury,04 - Sideswipe,0
16-6121,GLADSTONE AVE @ IRVING AVE,365807.47652,5029387.33152,-75.72071027460,45.40176544280,2016-06-26,3:00:00 PM,01 - Clear,01 - Daylight,01 - Dry,02 - Stop sign,01 - Functioning,03 - P.D. only,05 - Turning movement,0
16-6122,PRETORIA AVE btwn METCALFE ST & ELGIN ST,368515.71178,5030346.02561,-75.68599570440,45.41015021180,2016-06-26,3:41:00 PM,01 - Clear,01 - Daylight,01 - Dry,10 - No control,,02 - Non-fatal injury,02 - Angle,0
16-6123,BANK ST @ EVANS AVE,369917.85133,5027062.75705,-75.66851782920,45.38047945120,2016-06-26,3:55:00 PM,01 - Clear,01 - Daylight,01 - Dry,02 - Stop sign,01 - Functioning,02 - Non-fatal injury,02 - Angle,0
16-6124,BANK ST @ THIRD AVE,368336.93034,5029551.78244,-75.68838185970,45.40302012040,2016-06-26,5:41:00 PM,01 - Clear,01 - Daylight,01 - Dry,01 - Traffic signal,01 - Functioning,03 - P.D. only,03 - Rear end,0
16-6125,EAGLESON RD @ HWY 417 EAGLESO IC138R51/PARK AN,353038.02733,5020014.26395,-75.88472717130,45.31842168100,2016-06-26,8:09:00 PM,01 - Clear,01 - Daylight,01 - Dry,01 - Traffic signal,01 - Functioning,03 - P.D. only,02 - Angle,0
16-6126,ASHTON STATION RD btwn OVERPASS RD & HIGHWAY 7,339858.91192,5003909.13639,-76.05395545560,45.17428051180,2016-06-26,8:14:00 PM,01 - Clear,01 - Daylight,01 - Dry,10 - No control,,03 - P.D. only,07 - SMV other,0
16-6127,CONSTANCE BAY RD @ DUNROBIN RD,336738.81817,5037267.08542,-76.09149878800,45.47459964170,2016-06-26,8:50:00 PM,01 - Clear,05 - Dusk,01 - Dry,02 - Stop sign,01 - Functioning,03 - P.D. only,01 - Approaching,0
16-6128,GLOUCESTER ST @ O'CONNOR ST,367679.39122,5031292.12635,-75.69655840130,45.41873856780,2016-06-27,2:20:00 AM,02 - Rain,07 - Dark,02 - Wet,01 - Traffic signal,01 - Functioning,03 - P.D. only,02 - Angle,0
16-6129,ST. JOSEPH BLVD @ JEANNE D'ARC BLVD,379861.20174,5036471.81052,-75.54013547460,45.46414073160,2016-06-27,6:18:00 AM,02 - Rain,01 - Daylight,02 - Wet,11 - Roundabout,01 - Functioning,03 - P.D. only,02 - Angle,0
16-6130,HWY 416 ACRES IC75R24 @ HOLLY ACRES RD,358757.10351,5022868.07935,-75.81147466660,45.34368422920,2016-06-27,7:09:00 AM,01 - Clear,01 - Daylight,01 - Dry,01 - Traffic signal,01 - Functioning,03 - P.D. only,03 - Rear end,0
16-6131,WALKLEY EXTENSION RD btwn HWY417 IC110 RAMP55 & HWY417 IC110 RAMP58,375529.87100,5028934.61551,-75.59659893820,45.39677738350,2016-06-27,8:23:00 AM,01 - Clear,01 - Daylight,02 - Wet,10 - No control,,03 - P.D. only,04 - Sideswipe,0
16-6132,CARP RD @ MARCH RD,342164.78257,5021732.05345,-76.02327952210,45.33454191670,2016-06-27,9:50:00 AM,01 - Clear,01 - Daylight,01 - Dry,01 - Traffic signal,01 - Functioning,03 - P.D. only,02 - Angle,0
16-6133,CARP RD btwn STYLES SIDE RD & KINBURN SIDE RD,330998.99431,5032121.69855,-76.16518447020,45.42853855770,2016-06-27,10:08:00 AM,01 - Clear,01 - Daylight,01 - Dry,10 - No control,,03 - P.D. only,07 - SMV other,0
16-6134,LYNDA LANE btwn BILLINGS AVE & SMYTH RD,371605.63446,5029172.38237,-75.64668350240,45.39930212830,2016-06-27,9:20:00 AM,01 - Clear,01 - Daylight,01 - Dry,10 - No control,,03 - P.D. only,06 - SMV unattended vehicle,0
16-6135,TRIM RD @ DAIRY DR/TAYLOR CREEK DR,384534.51552,5039596.19421,-75.47987635960,45.49173316520,2016-06-26,11:00:00 AM,01 - Clear,01 - Daylight,01 - Dry,11 - Roundabout,01 - Functioning,03 - P.D. only,03 - Rear end,0
16-6136,HAWTHORNE RD @ HUNT CLUB RD,375507.97538,5026405.40180,-75.59724087670,45.37402300180,2016-06-27,11:45:00 AM,01 - Clear,01 - Daylight,01 - Dry,01 - Traffic signal,01 - Functioning,03 - P.D. only,03 - Rear end,0
16-6137,GOLDEN AVE btwn RICHMOND RD & BYRON AVE,362880.76155,5027988.29336,-75.75825666400,45.38942605000,2016-06-27,11:59:00 AM,01 - Clear,01 - Daylight,01 - Dry,10 - No control,,03 - P.D. only,04 - Sideswipe,0
16-6138,BARRETTE ST btwn LOYER ST & ST. CHARLES ST,369384.12289,5033649.77842,-75.67446923380,45.43979652080,2016-06-25,1:00:00 PM,01 - Clear,01 - Daylight,01 - Dry,10 - No control,,03 - P.D. only,02 - Angle,0
16-6139,DALY AVE btwn FRIEL ST & CHAPEL ST,368940.75193,5032487.15846,-75.68028739860,45.42937652980,2016-06-27,1:15:00 PM,01 - Clear,01 - Daylight,01 - Dry,10 - No control,,03 - P.D. only,06 - SMV unattended vehicle,0
16-6140,CALDWELL AVE btwn MEDFORD ST & MERIVALE RD,364710.17342,5026137.68971,-75.73512006620,45.37262054920,2016-06-27,1:22:00 PM,01 - Clear,01 - Daylight,01 - Dry,10 - No control,,03 - P.D. only,04 - Sideswipe,0
16-6141,WOODKILTON RD btwn KINBURN SIDE RD & VANCES SIDE RD,338461.40905,5033394.14908,-76.06973238310,45.43966908330,2016-06-27,1:30:00 PM,01 - Clear,01 - Daylight,01 - Dry,10 - No control,,02 - Non-fatal injury,07 - SMV other,0
16-6142,JAMES ST @ KENT ST,367660.39532,5030599.02845,-75.69688950540,45.41250399950,2016-06-26,11:00:00 AM,01 - Clear,01 - Daylight,01 - Dry,02 - Stop sign,01 - Functioning,03 - P.D. only,05 - Turning movement,0
16-6143,JEANNE D'ARC BLVD @ ORLEANS BLVD S,380941.25448,5036250.74916,-75.52636025260,45.46203491290,2016-06-27,1:58:00 PM,01 - Clear,01 - Daylight,01 - Dry,01 - Traffic signal,02 - Not functioning,02 - Non-fatal injury,02 - Angle,0
16-6144,INDUSTRIAL AVE btwn NEIGHBORHOOD WAY & TRAINYARDS DR,371659.79952,5030542.63561,-75.64580592070,45.41162592500,2016-06-27,3:08:00 PM,01 - Clear,01 - Daylight,01 - Dry,10 - No control,,03 - P.D. only,04 - Sideswipe,0
16-6145,HOLLAND AVE/TUNNEY'S PASTURE @ SCOTT ST,364738.96905,5029595.85963,-75.73433245950,45.40373403440,2016-06-27,3:13:00 PM,01 - Clear,01 - Daylight,01 - Dry,01 - Traffic signal,01 - Functioning,02 - Non-fatal injury,04 - Sideswipe,0
16-6146,MEDHURST DR btwn WOODROFFE AVE & BROCKINGTON CRES,363428.73091,5021830.73832,-75.75198968800,45.33397541950,2016-06-27,3:37:00 PM,01 - Clear,01 - Daylight,01 - Dry,10 - No control,,03 - P.D. only,03 - Rear end,0
16-6147,HAZELDEAN RD @ CARBROOKE ST/IRWIN GATE,353417.60995,5018265.18845,-75.88005750920,45.30265695470,2016-06-27,3:38:00 PM,01 - Clear,01 - Daylight,01 - Dry,01 - Traffic signal,01 - Functioning,02 - Non-fatal injury,05 - Turning movement,0
16-6148,LAURIER AVE @ WALLER ST/TRANSITWAY,368454.95472,5031859.86009,-75.68657628070,45.42377670620,2016-06-27,3:47:00 PM,01 - Clear,01 - Daylight,01 - Dry,01 - Traffic signal,01 - Functioning,03 - P.D. only,02 - Angle,0
16-6149,DEBRA AVE @ MEADOWLANDS DR,367214.02838,5025590.89164,-75.70322519900,45.36748205430,2016-06-27,4:36:00 PM,01 - Clear,01 - Daylight,01 - Dry,01 - Traffic signal,01 - Functioning,03 - P.D. only,03 - Rear end,0
16-6150,INNES RD btwn 260 E OF BELCOURT BLVD/WALMART SC & JEANNE D'ARC BLVD/ME,382374.69940,5035415.78438,-75.50816485230,45.45436490860,2016-06-27,4:50:00 PM,01 - Clear,01 - Daylight,01 - Dry,10 - No control,,02 - Non-fatal injury,03 - Rear end,0
16-6151,RIVERSIDE DR @ TREMBLAY RD/HWY417 IC117 RAMP52,370802.96412,5031017.03156,-75.65668803290,45.41597568380,2016-06-27,5:17:00 PM,01 - Clear,01 - Daylight,01 - Dry,01 - Traffic signal,01 - Functioning,03 - P.D. only,02 - Angle,0
16-6152,HAWTHORNE AVE @ MAIN ST,368970.48233,5030633.02175,-75.68014898750,45.41269095360,2016-06-27,4:30:00 PM,01 - Clear,01 - Daylight,01 - Dry,01 - Traffic signal,01 - Functioning,03 - P.D. only,04 - Sideswipe,0
16-6153,CEDARVIEW RD @ FALLOWFIELD RD,361295.34902,5015663.98755,-75.77990899290,45.27866182370,2016-06-27,2:50:00 PM,01 - Clear,01 - Daylight,01 - Dry,01 - Traffic signal,01 - Functioning,03 - P.D. only,02 - Angle,0
16-6154,BRIDGESTONE DR @ FOXHALL WAY,355179.00900,5016442.84990,-75.85778371740,45.28613508370,2016-06-27,5:53:00 PM,01 - Clear,01 - Daylight,01 - Dry,11 - Roundabout,01 - Functioning,03 - P.D. only,07 - SMV other,0
16-6155,QUEEN MARY ST btwn VANIER PKWY & VERA ST,370491.10622,5031970.88837,-75.66054499400,45.42458744730,2016-06-27,6:31:00 PM,01 - Clear,01 - Daylight,01 - Dry,10 - No control,,03 - P.D. only,06 - SMV unattended vehicle,0
16-6156,AVONCOURT WAY btwn HARKNESS AVE & WALKLEY RD,369588.66925,5025545.53320,-75.67291970060,45.36685845190,2016-06-26,8:30:00 PM,01 - Clear,05 - Dusk,01 - Dry,10 - No control,,03 - P.D. only,06 - SMV unattended vehicle,0
16-6157,TENTH LINE RD btwn ST. JOSEPH BLVD & OLD TENTH LINE RD,382987.67463,5038468.33628,-75.49984318960,45.48176074740,2016-06-27,7:00:00 PM,01 - Clear,01 - Daylight,01 - Dry,10 - No control,,03 - P.D. only,04 - Sideswipe,0
16-6158,INNES RD @ 215 W OF CYRVILLE RD/HOME DEPOT W,374863.98567,5031000.73721,-75.60480934890,45.41543422810,2016-06-27,8:23:00 PM,01 - Clear,01 - Daylight,01 - Dry,01 - Traffic signal,01 - Functioning,03 - P.D. only,03 - Rear end,0
16-6159,ARMSTRONG ST @ MERTON ST,365453.11448,5029674.02766,-75.72520110020,45.40437585920,2016-06-27,8:32:00 PM,01 - Clear,05 - Dusk,01 - Dry,02 - Stop sign,01 - Functioning,03 - P.D. only,02 - Angle,0
16-6160,MCLEOD ST btwn LYON ST N & KENT ST,367642.92385,5030302.92732,-75.69715044950,45.40984134160,2016-06-27,9:20:00 PM,01 - Clear,07 - Dark,01 - Dry,10 - No control,,03 - P.D. only,07 - SMV other,0
16-6161,JEANNE D'ARC BLVD  S btwn YOUVILLE DR & ST. JOSEPH BLVD,379744.26947,5036641.51554,-75.54160469020,45.46568016120,2016-06-28,12:08:00 AM,01 - Clear,07 - Dark,01 - Dry,10 - No control,,03 - P.D. only,07 - SMV other,0
16-6162,LEMIEUX ST @ ST. LAURENT BLVD,372391.71022,5031742.55573,-75.63629157940,45.42235194960,2016-06-28,12:11:00 AM,01 - Clear,07 - Dark,01 - Dry,01 - Traffic signal,01 - Functioning,03 - P.D. only,03 - Rear end,0
16-6163,ABBEYHILL DR @ EAGLESON RD,353826.94308,5018034.91045,-75.87486102350,45.30055641510,2016-06-28,7:03:00 AM,01 - Clear,01 - Daylight,01 - Dry,01 - Traffic signal,01 - Functioning,03 - P.D. only,07 - SMV other,0
16-6164,RUSSELL RD btwn CARLSBAD LANE & MILTON RD,389545.21150,5025350.21947,-75.41823190680,45.36297252910,2016-06-25,10:30:00 PM,01 - Clear,07 - Dark,01 - Dry,10 - No control,,03 - P.D. only,07 - SMV other,0
16-6165,RIVER RD btwn TEWSLEY DR & RIVERSEDGE CRES,368000.05019,5015843.04072,-75.69443595280,45.27970219190,2016-06-28,8:18:00 AM,01 - Clear,01 - Daylight,01 - Dry,10 - No control,,03 - P.D. only,03 - Rear end,0
16-6166,ORLEANS BLVD btwn ST. JOSEPH BLVD & NOTRE DAME ST,380640.05778,5036967.49619,-75.53010059490,45.46851639040,2016-06-28,8:35:00 AM,01 - Clear,01 - Daylight,01 - Dry,10 - No control,,03 - P.D. only,07 - SMV other,0
16-6167,RIDEAU VALLEY DR    N btwn SUTHERLAND DR & MARINA DR,372333.75371,5003388.48147,-75.64089312850,45.16723490320,2016-06-28,9:17:00 AM,01 - Clear,01 - Daylight,01 - Dry,10 - No control,,03 - P.D. only,07 - SMV other,0
16-6168,HAWTHORNE RD @ RUSSELL RD,374835.38389,5028068.23410,-75.60559119690,45.38905192100,2016-06-28,9:18:00 AM,01 - Clear,01 - Daylight,01 - Dry,01 - Traffic signal,01 - Functioning,03 - P.D. only,03 - Rear end,0
16-6169,MARCH RD @ DIAMONDVIEW RD,340115.41840,5019866.81483,-76.04955864620,45.31786383100,2016-06-28,9:56:00 AM,01 - Clear,01 - Daylight,01 - Dry,02 - Stop sign,01 - Functioning,03 - P.D. only,05 - Turning movement,0
16-6170,REGIONAL RD 174 @ TRIM RD,384352.19126,5039989.85024,-75.48214483960,45.49529570410,2016-06-28,10:14:00 AM,01 - Clear,01 - Daylight,01 - Dry,01 - Traffic signal,01 - Functioning,02 - Non-fatal injury,03 - Rear end,0
16-6171,RICHMOND RD @ EDGEWORTH AVE/MCEWEN AVE,361075.18001,5025883.01844,-75.78155366430,45.37063037230,2016-06-28,10:23:00 AM,01 - Clear,01 - Daylight,01 - Dry,01 - Traffic signal,01 - Functioning,03 - P.D. only,03 - Rear end,0
16-6172,ALBERT ST btwn KENT ST & BANK ST,367239.05669,5031332.42581,-75.70217911910,45.41914060470,2016-06-28,10:38:00 AM,01 - Clear,01 - Daylight,01 - Dry,10 - No control,,03 - P.D. only,03 - Rear end,0
16-6173,ST. PATRICK ST btwn KING EDWARD AVE & MURRAY ST,368280.94482,5032845.46028,-75.68867262290,45.43266059980,2016-06-28,11:04:00 AM,01 - Clear,01 - Daylight,01 - Dry,10 - No control,,03 - P.D. only,05 - Turning movement,0
16-6174,JEANNE D'ARC BLVD  S btwn WOODCLIFFE PRIV & HENRI LAUZON ST,380467.82954,5036182.94635,-75.53242363620,45.46147631470,2016-06-28,10:10:00 AM,01 - Clear,01 - Daylight,01 - Dry,10 - No control,,03 - P.D. only,07 - SMV other,0
16-6175,DAZE ST btwn HUNT CLUB RD & 200 W OF BANK ST,371225.97330,5023980.36110,-75.65223080040,45.35262229390,2016-06-28,12:15:00 PM,01 - Clear,01 - Daylight,01 - Dry,10 - No control,,03 - P.D. only,07 - SMV other,0
16-6176,BRONSON AVE @ CATHERINE ST/RAYMOND ST,367252.38080,5029796.95391,-75.70220343690,45.40532370000,2016-06-28,12:35:00 PM,01 - Clear,01 - Daylight,01 - Dry,01 - Traffic signal,01 - Functioning,03 - P.D. only,03 - Rear end,0
16-6177,MEDHURST DR W @ WOODFIELD DR,363654.46597,5021990.11329,-75.74909095870,45.33539056660,2016-06-28,12:36:00 PM,01 - Clear,01 - Daylight,01 - Dry,02 - Stop sign,01 - Functioning,03 - P.D. only,02 - Angle,0
16-6178,RICHMOND RD @ HOLLY ACRES RD/NANAIMO DR,359058.44433,5022748.49610,-75.80764277300,45.34258497170,2016-06-28,12:53:00 PM,01 - Clear,01 - Daylight,01 - Dry,01 - Traffic signal,01 - Functioning,02 - Non-fatal injury,05 - Turning movement,0
16-6179,TERRY FOX DR btwn HUNTSVILLE DR & RICHARDSON SIDE RD,348496.55900,5019761.79300,-75.94267267200,45.31644721750,2016-06-28,12:50:00 PM,01 - Clear,01 - Daylight,01 - Dry,10 - No control,,03 - P.D. only,03 - Rear end,0
16-6180,HOLLY ACRES RD @ CARLING AVE,358234.42903,5023497.97295,-75.81807578130,45.34939204620,2016-06-28,1:18:00 PM,01 - Clear,01 - Daylight,01 - Dry,01 - Traffic signal,01 - Functioning,03 - P.D. only,02 - Angle,0
16-6181,SPRINGBEAUTY AVE btwn CICELY TERR & CORALROOT AVE,365103.01800,5016712.71000,-75.73125316600,45.28778191150,2016-06-28,12:00:00 AM,01 - Clear,00 - Unknown,01 - Dry,10 - No control,,03 - P.D. only,06 - SMV unattended vehicle,0
16-6182,BESSERER ST btwn NICHOLAS ST & DALHOUSIE ST,368237.21606,5032146.70817,-75.68932146020,45.42637744510,2016-06-22,6:00:00 PM,01 - Clear,01 - Daylight,01 - Dry,10 - No control,,02 - Non-fatal injury,04 - Sideswipe,0
16-6183,ECCLES ST btwn LEBRETON ST N & BELL ST N,366733.38482,5030217.29417,-75.70877989880,45.40915191810,2016-06-28,2:27:00 PM,01 - Clear,01 - Daylight,01 - Dry,10 - No control,,03 - P.D. only,06 - SMV unattended vehicle,0
16-6184,PRINCE OF WALES DR btwn BORDEN SIDE RD & NORMANDY CRES,367286.39177,5024356.35693,-75.70245759430,45.35636753490,2016-06-28,3:25:00 PM,01 - Clear,01 - Daylight,01 - Dry,10 - No control,,03 - P.D. only,05 - Turning movement,0
16-6185,DALY AVE @ KING EDWARD AVE,368591.03116,5032272.45830,-75.68478414900,45.42747672070,2016-06-28,3:36:00 PM,01 - Clear,01 - Daylight,01 - Dry,02 - Stop sign,01 - Functioning,03 - P.D. only,02 - Angle,0
16-6186,ST. JOSEPH BLVD btwn MARENGER ST & JEANNE D'ARC BLVD S,379780.23890,5036421.04453,-75.54117840480,45.46369267310,2016-06-28,3:46:00 PM,01 - Clear,01 - Daylight,01 - Dry,10 - No control,,03 - P.D. only,03 - Rear end,0
16-6187,BRONSON AVE @ LAURIER AVE,366804.04238,5030861.34976,-75.70779629250,45.41494068930,2016-06-28,3:54:00 PM,01 - Clear,01 - Daylight,01 - Dry,01 - Traffic signal,01 - Functioning,02 - Non-fatal injury,05 - Turning movement,0
16-6188,ALPINE AVE @ CARLING AVE,360495.57931,5024942.29936,-75.78905869920,45.36221212950,2016-06-28,3:55:00 PM,01 - Clear,01 - Daylight,01 - Dry,01 - Traffic signal,01 - Functioning,03 - P.D. only,03 - Rear end,0
16-6189,HUNT CLUB RD @ RIVERSIDE DR,368036.48346,5021944.40081,-75.69319313960,45.33459802320,2016-06-28,4:26:00 PM,01 - Clear,01 - Daylight,01 - Dry,01 - Traffic signal,01 - Functioning,03 - P.D. only,03 - Rear end,0
16-6190,COLONIAL RD @ FRANK KENNY RD,390200.15188,5032047.28426,-75.40871400240,45.42314634840,2016-06-28,4:32:00 PM,01 - Clear,01 - Daylight,01 - Dry,02 - Stop sign,01 - Functioning,03 - P.D. only,02 - Angle,0
16-6191,JEANNE D'ARC BLVD  N btwn VINEYARD DR & OR174 IC105 RAMP36,379267.99603,5037290.39141,-75.54759615400,45.47156919000,2016-06-28,5:55:00 PM,01 - Clear,01 - Daylight,01 - Dry,10 - No control,,02 - Non-fatal injury,03 - Rear end,0
16-6192,GREENFIELD AVE btwn MONTCALM ST & CONCORD ST N,369031.97452,5031060.22962,-75.67930775720,45.41652917660,2016-06-28,5:00:00 PM,01 - Clear,01 - Daylight,01 - Dry,10 - No control,,03 - P.D. only,04 - Sideswipe,0
16-6193,WOODROFFE AVE @ HWY 417 WOODROFF IC127R26/HWY4,362082.37588,5024939.12497,-75.76880560750,45.36205570090,2016-06-28,6:30:00 PM,01 - Clear,01 - Daylight,02 - Wet,01 - Traffic signal,01 - Functioning,03 - P.D. only,03 - Rear end,0
16-6194,BANK ST btwn BLAIS RD & RIDEAU RD,376947.94679,5017862.69433,-75.58010390530,45.29701293780,2016-06-28,2:00:00 PM,01 - Clear,01 - Daylight,01 - Dry,10 - No control,,03 - P.D. only,05 - Turning movement,0
16-6195,BANK ST @ LEITRIM RD,375358.88160,5021619.27162,-75.59982717390,45.33097455950,2016-06-28,9:31:00 PM,02 - Rain,07 - Dark,02 - Wet,01 - Traffic signal,02 - Not functioning,02 - Non-fatal injury,02 - Angle,0
16-6196,GARDENWAY DR btwn OAKLAWN CRES & ROUGEMOUNT CRES,384095.62122,5036574.84579,-75.48597842650,45.46459992590,2016-06-28,10:41:00 PM,02 - Rain,07 - Dark,02 - Wet,10 - No control,,03 - P.D. only,07 - SMV other,0
16-6197,GREENBANK RD @ MARKETPLACE AVE,364009.03772,5014603.09869,-75.74544971520,45.26889263300,2016-06-28,11:01:00 PM,01 - Clear,07 - Dark,01 - Dry,01 - Traffic signal,01 - Functioning,03 - P.D. only,04 - Sideswipe,0
16-6198,ELGIN ST btwn SOMERSET ST W & MACLAREN ST,368174.85516,5031183.46480,-75.69024221780,45.41771616320,2016-06-28,2:55:00 PM,01 - Clear,01 - Daylight,01 - Dry,10 - No control,,03 - P.D. only,06 - SMV unattended vehicle,0
16-6199,LAURIER AVE @ O'CONNOR ST,367636.48116,5031358.35776,-75.69709818330,45.41933835170,2016-06-29,7:22:00 AM,01 - Clear,01 - Daylight,01 - Dry,01 - Traffic signal,01 - Functioning,02 - Non-fatal injury,05 - Turning movement,0
16-6200,ST. JOSEPH BLVD @ JEANNE D'ARC BLVD,379861.66098,5036470.89204,-75.54012974230,45.46413241830,2016-06-29,8:17:00 AM,01 - Clear,01 - Daylight,01 - Dry,11 - Roundabout,01 - Functioning,03 - P.D. only,02 - Angle,0
16-6201,EAGLESON RD @ COPE DR/CADENCE GT,354620.99811,5016027.33052,-75.86493834860,45.28243592240,2016-06-29,8:32:00 AM,01 - Clear,01 - Daylight,01 - Dry,01 - Traffic signal,01 - Functioning,02 - Non-fatal injury,02 - Angle,0
16-6202,BLAIR RD @ REGIONAL RD 174 N/OR174 IC112 RAMP61,374635.64991,5032991.28751,-75.60744417720,45.43336695330,2016-06-29,8:52:00 AM,01 - Clear,01 - Daylight,01 - Dry,01 - Traffic signal,01 - Functioning,02 - Non-fatal injury,02 - Angle,0
16-6203,GLADSTONE AVE @ PRESTON ST,366490.16524,5029712.78802,-75.71194994120,45.40463398820,2016-06-29,9:45:00 AM,01 - Clear,01 - Daylight,01 - Dry,01 - Traffic signal,01 - Functioning,03 - P.D. only,07 - SMV other,0
16-6204,FAIRMONT AVE @ WELLINGTON ST,365556.16744,5029697.66442,-75.72388188430,45.40457959960,2016-06-29,9:59:00 AM,01 - Clear,01 - Daylight,01 - Dry,01 - Traffic signal,01 - Functioning,03 - P.D. only,02 - Angle,0
16-6205,WESTDALE AVE btwn CORKSTOWN RD & RIVER BEND DR,357864.98228,5023256.05245,-75.82281624460,45.34724328550,2016-06-28,12:50:00 PM,01 - Clear,01 - Daylight,01 - Dry,10 - No control,,03 - P.D. only,06 - SMV unattended vehicle,0
16-6206,HUNT CLUB RD @ BRIDLE PATH DR/DAZE ST,371289.09941,5023864.82654,-75.65144077080,45.35157676810,2016-06-29,10:35:00 AM,01 - Clear,01 - Daylight,01 - Dry,01 - Traffic signal,01 - Functioning,03 - P.D. only,02 - Angle,0
16-6207,REGIONAL ROAD 174 btwn OR174 IC109 RAMP86 & OR174 IC109 RAMP64,376545.92549,5035193.65706,-75.58271132940,45.45298911090,2016-06-29,10:44:00 AM,01 - Clear,01 - Daylight,01 - Dry,10 - No control,,03 - P.D. only,07 - SMV other,0
16-6208,CARP RD @ HAZELDEAN RD,348804.35636,5014361.09482,-75.93922619800,45.26783071950,2016-06-29,12:07:00 PM,01 - Clear,01 - Daylight,01 - Dry,01 - Traffic signal,01 - Functioning,03 - P.D. only,05 - Turning movement,0
16-6209,STRANDHERD DR @ LONGFIELDS DR,364548.12868,5015173.32470,-75.73851162100,45.27397793530,2016-06-29,12:07:00 PM,01 - Clear,01 - Daylight,01 - Dry,01 - Traffic signal,01 - Functioning,03 - P.D. only,04 - Sideswipe,0
16-6210,BANK ST @ CATHERINE ST,368040.84176,5030267.11745,-75.69207195150,45.40948329330,2016-06-29,12:12:00 PM,01 - Clear,01 - Daylight,01 - Dry,01 - Traffic signal,01 - Functioning,02 - Non-fatal injury,07 - SMV other,1
16-6211,TERMINAL AVE @ TRAINYARDS DR,371845.22090,5030816.75622,-75.64339997390,45.41407460380,2016-06-29,12:53:00 PM,01 - Clear,01 - Daylight,01 - Dry,01 - Traffic signal,01 - Functioning,03 - P.D. only,02 - Angle,0
16-6212,MCARTHUR AVE @ VANIER PKWY,370217.60731,5032691.68359,-75.66394387060,45.43109849760,2016-06-29,12:55:00 PM,01 - Clear,01 - Daylight,01 - Dry,01 - Traffic signal,01 - Functioning,02 - Non-fatal injury,03 - Rear end,0