Record,Location,X,Y,Longitude,Latitude,Date,Time,Environment,Light,Road_Surface,Traffic_Control,Collision_Location,Collision_Classification,Impact_type,Pedestrian
16-6424,PAMILLA ST btwn PRESTON ST & END,366730.89035,5029118.98285,-75.70894970340,45.39926983310,2016-07-05,7:59:00 PM,01 - Clear,01 - Daylight,01 - Dry,10 - No control,,03 - P.D. only,06 - SMV unattended vehicle,0
16-6425,TURNSTONE CRT btwn KINGLET WAY & KINGLET WAY,382015.35179,5038986.22251,-75.51219758720,45.48652845040,2016-07-03,9:30:00 PM,01 - Clear,07 - Dark,01 - Dry,10 - No control,,03 - P.D. only,06 - SMV unattended vehicle,0
16-6426,TIMM DR btwn EAGLESON RD & HAANEL DR,353710.32049,5019609.13627,-75.87619262350,45.31472975130,2016-07-05,9:45:00 PM,01 - Clear,07 - Dark,01 - Dry,10 - No control,,03 - P.D. only,07 - SMV other,0
16-6427,ALBION RD btwn KILLYMOON WAY & MITCH OWENS RD,375863.39473,5014903.66785,-75.59435408940,45.27049918190,2016-07-06,3:08:00 AM,01 - Clear,07 - Dark,01 - Dry,10 - No control,,03 - P.D. only,07 - SMV other,0
16-6428,ALBERT ST @ BANK ST,367386.08673,5031423.57360,-75.70028903540,45.41994758680,2016-07-06,6:48:00 AM,01 - Clear,01 - Daylight,01 - Dry,01 - Traffic signal,01 - Functioning,03 - P.D. only,04 - Sideswipe,0
16-6429,ALBERT ST @ BOOTH ST,366428.27423,5030625.13610,-75.71262642940,45.41284850040,2016-07-06,7:25:00 AM,01 - Clear,01 - Daylight,01 - Dry,01 - Traffic signal,01 - Functioning,02 - Non-fatal injury,05 - Turning movement,0
16-6430,FITZGERALD RD @ ROBERTSON RD,356789.18498,5020289.29860,-75.83685563900,45.32062872330,2016-07-06,7:50:00 AM,01 - Clear,01 - Daylight,01 - Dry,01 - Traffic signal,01 - Functioning,02 - Non-fatal injury,05 - Turning movement,0
16-6431,CARLING AVE @ PRESTON ST,366830.39182,5028935.55340,-75.70770195040,45.39761057460,2016-07-06,8:39:00 AM,01 - Clear,01 - Daylight,01 - Dry,01 - Traffic signal,01 - Functioning,02 - Non-fatal injury,05 - Turning movement,0
16-6432,ROGER STEVENS DR btwn SECOND LINE RD S & DORACK DR,370139.88913,5001631.78385,-75.66902841690,45.15163460730,2016-07-06,8:47:00 AM,01 - Clear,01 - Daylight,01 - Dry,10 - No control,,03 - P.D. only,07 - SMV other,0
16-6433,HILSON AVE @ CLARE ST,364171.31825,5028017.77139,-75.74177298830,45.38958307320,2016-07-06,9:37:00 AM,01 - Clear,01 - Daylight,01 - Dry,02 - Stop sign,00 - Unknown,03 - P.D. only,99 - Other,0
16-6434,REGIONAL ROAD 174 btwn Continuation of REGIONAL ROAD 174 & OR174 IC112,374079.00544,5032303.25457,-75.61465448110,45.42723176630,2016-07-06,9:50:00 AM,01 - Clear,01 - Daylight,01 - Dry,10 - No control,,02 - Non-fatal injury,03 - Rear end,0
16-6435,NICHOLAS ST btwn BESSERER ST & DALY AVE,368218.42946,5032060.88287,-75.68957256490,45.42560692260,2016-07-06,10:48:00 AM,01 - Clear,01 - Daylight,01 - Dry,10 - No control,,03 - P.D. only,06 - SMV unattended vehicle,0
16-6436,MACKENZIE KING BRIDGE @ MACKENZIE KING BRIDGE,368164.56903,5031867.58025,-75.69028564820,45.42387253380,2016-07-06,11:55:00 AM,01 - Clear,01 - Daylight,01 - Dry,01 - Traffic signal,01 - Functioning,03 - P.D. only,04 - Sideswipe,0
16-6437,INNES RD btwn GRAVELLE CRES & SOUTHPARK DR,377762.23940,5032709.10755,-75.56753087000,45.43050885880,2016-07-06,12:22:00 PM,01 - Clear,01 - Daylight,01 - Dry,10 - No control,,03 - P.D. only,03 - Rear end,0
16-6438,SOMERSET ST    E btwn HENDERSON AVE & NELSON ST,369086.53853,5031756.72756,-75.67851978840,45.42279100100,2016-07-06,1:10:00 PM,01 - Clear,01 - Daylight,01 - Dry,10 - No control,,03 - P.D. only,07 - SMV other,0
16-6439,AYLMER AVE @ BANK ST,368673.32178,5028730.32475,-75.68419162350,45.39559829470,2016-07-06,1:32:00 PM,01 - Clear,01 - Daylight,01 - Dry,01 - Traffic signal,01 - Functioning,03 - P.D. only,04 - Sideswipe,0
16-6440,BRONSON AVE @ IMPERIAL AVE/PLYMOUTH ST,367319.09393,5029643.55170,-75.70137074480,45.40393747600,2016-07-06,2:33:00 PM,01 - Clear,01 - Daylight,01 - Dry,10 - No control,,03 - P.D. only,07 - SMV other,0
16-6441,MARCH RD btwn MARCHURST RD & SECOND LINE RD,346037.57398,5025269.71260,-75.97357529460,45.36615789190,2016-06-29,2:33:00 PM,01 - Clear,01 - Daylight,01 - Dry,10 - No control,,03 - P.D. only,07 - SMV other,0
16-6442,BELFAST RD btwn TRAINYARDS DR & ST. LAURENT BLVD,372317.13682,5030679.76816,-75.63739001390,45.41279667370,2016-07-06,3:37:00 PM,01 - Clear,01 - Daylight,01 - Dry,10 - No control,,03 - P.D. only,05 - Turning movement,0
16-6443,WOODROFFE AVE NB btwn WEST HUNT CLUB RD & SPORTSPLEX N,363692.28191,5021223.30718,-75.74869975130,45.32848772920,2016-07-06,3:50:00 PM,01 - Clear,01 - Daylight,01 - Dry,10 - No control,,03 - P.D. only,03 - Rear end,0
16-6444,PARKDALE AVE @ SCOTT ST,364949.31297,5029726.55980,-75.73162980100,45.40489200310,2016-07-06,4:03:00 PM,01 - Clear,01 - Daylight,01 - Dry,01 - Traffic signal,01 - Functioning,03 - P.D. only,07 - SMV other,0
16-6445,MOODIE DR btwn BRIDE PRIV & MCKENNA CASEY DR,359579.61045,5014455.04926,-75.80190956430,45.26791942500,2016-07-06,4:02:00 PM,01 - Clear,01 - Daylight,01 - Dry,10 - No control,,02 - Non-fatal injury,07 - SMV other,1
16-6446,KING EDWARD AVE @ ST. PATRICK ST,368248.76035,5032823.61400,-75.68908673400,45.43246695550,2016-07-06,4:19:00 PM,01 - Clear,01 - Daylight,01 - Dry,01 - Traffic signal,01 - Functioning,03 - P.D. only,04 - Sideswipe,0
16-6447,210 W OF MERIVALE RD @ WEST HUNT CLUB RD,365431.83583,5021829.21695,-75.72643571140,45.33379151030,2016-07-06,4:19:00 PM,01 - Clear,01 - Daylight,01 - Dry,01 - Traffic signal,01 - Functioning,03 - P.D. only,03 - Rear end,0
16-6448,ALBERT ST @ ELGIN ST/MACKENZIE KING BRIDGE,367850.64534,5031711.61370,-75.69431673520,45.42249756390,2016-07-06,5:44:00 PM,01 - Clear,01 - Daylight,01 - Dry,01 - Traffic signal,01 - Functioning,03 - P.D. only,03 - Rear end,0
16-6449,DUNROBIN RD btwn BAIRD'S GRANT LANE & BUCKHAMS BAY RD,334904.54729,5039139.79062,-76.11484396960,45.49153221580,2016-07-06,6:08:00 PM,01 - Clear,01 - Daylight,01 - Dry,10 - No control,,03 - P.D. only,07 - SMV other,0
16-6450,CYRVILLE RD @ ST. LAURENT BLVD,372242.40262,5032112.03455,-75.63814867590,45.42569075920,2016-07-06,6:11:00 PM,01 - Clear,01 - Daylight,01 - Dry,01 - Traffic signal,01 - Functioning,02 - Non-fatal injury,05 - Turning movement,0
16-6451,STONEHURST AVE btwn CARRUTHERS AVE & LYNDALE AVE,365200.62350,5029943.41705,-75.72839319210,45.40682159450,2016-07-06,7:30:00 PM,01 - Clear,01 - Daylight,01 - Dry,10 - No control,,03 - P.D. only,06 - SMV unattended vehicle,0
16-6452,CARLING AVE @ CROYDON AVE,360658.90787,5025042.97205,-75.78696262970,45.36310498250,2016-07-06,3:30:00 PM,01 - Clear,01 - Daylight,01 - Dry,01 - Traffic signal,01 - Functioning,03 - P.D. only,04 - Sideswipe,0
16-6453,225 E OF RIVERSIDE DR / T & T SC @ HUNT CLUB RD,368235.69760,5022055.97860,-75.69063740580,45.33558399620,2016-07-06,8:07:00 PM,01 - Clear,01 - Daylight,01 - Dry,01 - Traffic signal,01 - Functioning,02 - Non-fatal injury,03 - Rear end,0
16-6454,MCARTHUR AVE @ CARMEN AVE,370904.96775,5032766.45016,-75.65515012110,45.43170658140,2016-07-06,10:02:00 PM,01 - Clear,07 - Dark,01 - Dry,02 - Stop sign,01 - Functioning,03 - P.D. only,03 - Rear end,0
16-6455,RICHMOND RD btwn LEIGHTON TER & ISLAND PARK DR,364111.07001,5028853.35161,-75.74244190040,45.39710657500,2016-07-06,9:30:00 PM,02 - Rain,07 - Dark,02 - Wet,10 - No control,,03 - P.D. only,06 - SMV unattended vehicle,0
16-6456,RENAUD RD btwn NAVAN RD & WHITE ST,382529.78533,5033179.73082,-75.50653550610,45.43422952550,2016-07-07,6:17:00 AM,02 - Rain,01 - Daylight,02 - Wet,10 - No control,,03 - P.D. only,07 - SMV other,0
16-6457,LISGAR ST @ O'CONNOR ST,367763.16954,5031160.26696,-75.69550487890,45.41754460520,2016-07-07,7:15:00 AM,01 - Clear,01 - Daylight,01 - Dry,01 - Traffic signal,01 - Functioning,03 - P.D. only,04 - Sideswipe,0
16-6458,CARLING AVE @ FAIRLAWN AVE/WOODROFFE AVE E,361934.68410,5025830.52790,-75.77058762240,45.37008852270,2016-07-07,7:20:00 AM,01 - Clear,01 - Daylight,01 - Dry,01 - Traffic signal,01 - Functioning,02 - Non-fatal injury,02 - Angle,0
16-6459,REGIONAL ROAD 174 btwn OR174 IC112 RAMP36 & OR174 IC112 RAMP26,374611.29121,5032702.11249,-75.60779646250,45.43076754800,2016-07-07,8:45:00 AM,01 - Clear,01 - Daylight,01 - Dry,10 - No control,,02 - Non-fatal injury,03 - Rear end,0
16-6460,BASELINE RD @ WOODROFFE AVE,362549.91747,5023769.59561,-75.76297468610,45.35149401400,2016-07-07,8:57:00 AM,01 - Clear,01 - Daylight,01 - Dry,01 - Traffic signal,01 - Functioning,03 - P.D. only,03 - Rear end,0
16-6461,CYRVILLE RD @ INNES RD,375047.49743,5031120.47329,-75.60244788530,45.41649315020,2016-07-07,9:13:00 AM,01 - Clear,01 - Daylight,01 - Dry,01 - Traffic signal,01 - Functioning,03 - P.D. only,04 - Sideswipe,0
16-6462,GRANITE CRT btwn Continuation of GRANITE CRT & BRIDGESTONE DR,355314.37965,5015653.57467,-75.85613850320,45.27902330390,2016-07-07,9:27:00 AM,01 - Clear,01 - Daylight,01 - Dry,10 - No control,,03 - P.D. only,06 - SMV unattended vehicle,0
16-6463,BELCOURT BLVD @ ST. JOSEPH BLVD,381204.53345,5037359.33737,-75.52282178610,45.47198033270,2016-07-07,9:52:00 AM,01 - Clear,01 - Daylight,01 - Dry,01 - Traffic signal,01 - Functioning,02 - Non-fatal injury,07 - SMV other,1
16-6464,FRINGEWOOD DR btwn POOLE CREEK CRES & POOLE CREEK CRES,351058.64315,5015370.25708,-75.91040594570,45.27676682580,2016-07-06,3:30:00 PM,01 - Clear,01 - Daylight,01 - Dry,10 - No control,,02 - Non-fatal injury,07 - SMV other,1
16-6465,SMYTH RD @ SOUTH HAVEN PL/GENERAL HOSPITAL ENTRANCE W,371120.49743,5029136.55280,-75.65288435160,45.39902587100,2016-07-07,11:24:00 AM,01 - Clear,01 - Daylight,01 - Dry,01 - Traffic signal,01 - Functioning,02 - Non-fatal injury,03 - Rear end,0
16-6466,MAPLE GROVE RD @ TERRY FOX DR,351553.38133,5017864.91905,-75.90386545930,45.29918177590,2016-07-07,11:32:00 AM,01 - Clear,01 - Daylight,01 - Dry,01 - Traffic signal,01 - Functioning,03 - P.D. only,05 - Turning movement,0
16-6467,BELFAST RD @ TREMBLAY RD,371558.49143,5031319.65451,-75.64699482300,45.41862687880,2016-07-07,11:58:00 AM,01 - Clear,01 - Daylight,01 - Dry,01 - Traffic signal,01 - Functioning,02 - Non-fatal injury,05 - Turning movement,0
16-6468,HWY 417 WOODROFF IC127R62 @ WOODROFFE AVE,362050.64145,5025018.60851,-75.76920144760,45.36277347950,2016-07-07,12:45:00 PM,01 - Clear,01 - Daylight,01 - Dry,03 - Yield sign,01 - Functioning,03 - P.D. only,02 - Angle,0
16-6469,HAWTHORNE AVE/ISABELLA ST @ QUEEN ELIZABETH DR,368666.15775,5030476.70261,-75.68405693650,45.41131228650,2016-07-07,1:33:00 PM,01 - Clear,01 - Daylight,01 - Dry,01 - Traffic signal,01 - Functioning,03 - P.D. only,99 - Other,0
16-6470,CUMBERLAND ST @ RIDEAU ST,368373.37464,5032330.88309,-75.68755786250,45.42802222330,2016-05-26,9:00:00 PM,01 - Clear,05 - Dusk,01 - Dry,01 - Traffic signal,01 - Functioning,02 - Non-fatal injury,03 - Rear end,0
16-6471,KENSINGTON AVE btwn BYRON AVE & WESLEY AVE,364120.02679,5028489.87862,-75.74237121410,45.39383535440,2016-07-07,2:00:00 PM,01 - Clear,01 - Daylight,01 - Dry,10 - No control,,03 - P.D. only,06 - SMV unattended vehicle,0
16-6472,BANK ST @ HOLMWOOD AVE,368482.21497,5029196.29127,-75.68657209000,45.39980832280,2016-07-07,2:06:00 PM,01 - Clear,01 - Daylight,01 - Dry,01 - Traffic signal,01 - Functioning,03 - P.D. only,03 - Rear end,0
16-6473,KILSPINDIE RIDGE btwn FERGUSLEA LANE & LOCHHOUSE WALK,366446.64000,5012787.74500,-75.71461343130,45.25234869970,2016-07-07,2:17:00 PM,01 - Clear,01 - Daylight,01 - Dry,10 - No control,,03 - P.D. only,06 - SMV unattended vehicle,0
16-6474,FLORENCE ST btwn KENT ST & BANK ST,367833.64378,5030603.18584,-75.69467575380,45.41252582190,2016-07-07,2:32:00 PM,01 - Clear,01 - Daylight,01 - Dry,10 - No control,,03 - P.D. only,04 - Sideswipe,0
16-6475,OLD INNES RD @ BANTREE ST,373727.76865,5030352.46449,-75.61941543720,45.40971423490,2016-07-07,2:29:00 PM,01 - Clear,01 - Daylight,01 - Dry,02 - Stop sign,01 - Functioning,02 - Non-fatal injury,02 - Angle,0
16-6476,WEST HUNT CLUB RD btwn MOODIE DR & HWY416 IC72 RAMP53,359189.22454,5019253.45404,-75.80635803570,45.31112628700,2016-07-07,2:38:00 PM,01 - Clear,01 - Daylight,01 - Dry,10 - No control,,03 - P.D. only,04 - Sideswipe,0
16-6477,BOOTH ST @ 208 N OF MIDDLE ST/E.B. EDDY N,366010.39372,5031471.55990,-75.71785970400,45.42050106730,2016-07-07,3:05:00 PM,01 - Clear,01 - Daylight,01 - Dry,01 - Traffic signal,01 - Functioning,03 - P.D. only,04 - Sideswipe,0
16-6478,ALBERT ST @ PRESTON ST,366159.90652,5030465.05196,-75.71607474690,45.41143168950,2016-07-07,3:46:00 PM,01 - Clear,01 - Daylight,01 - Dry,01 - Traffic signal,01 - Functioning,03 - P.D. only,03 - Rear end,0
16-6479,INDUSTRIAL AVE btwn RUSSELL RD & ST. LAURENT BLVD,372813.18912,5029973.15667,-75.63115058750,45.40639087200,2016-07-07,4:06:00 PM,01 - Clear,01 - Daylight,01 - Dry,10 - No control,,03 - P.D. only,05 - Turning movement,0
16-6480,FISHER AVE btwn FOREST PARK AVE & MEADOWLANDS DR,366549.77226,5025108.05576,-75.71176459310,45.36319643340,2016-07-07,4:12:00 PM,01 - Clear,01 - Daylight,01 - Dry,10 - No control,,02 - Non-fatal injury,03 - Rear end,0
16-6481,CATHERINE ST @ PERCY ST,367490.56714,5029937.56010,-75.69914315210,45.40656754120,2016-07-07,4:15:00 PM,01 - Clear,01 - Daylight,01 - Dry,01 - Traffic signal,01 - Functioning,02 - Non-fatal injury,05 - Turning movement,0
16-6482,MEADOWLANDS DR/TALLWOOD DR @ WOODROFFE AVE,363057.37142,5022730.94885,-75.75662126260,45.34210638340,2016-07-07,5:25:00 PM,01 - Clear,01 - Daylight,01 - Dry,01 - Traffic signal,01 - Functioning,03 - P.D. only,03 - Rear end,0
16-6483,MERIVALE RD btwn VIEWMOUNT DR & COLONNADE RD,365293.46773,5022712.67822,-75.72809289900,45.34175272490,2016-07-07,5:57:00 PM,01 - Clear,01 - Daylight,01 - Dry,10 - No control,,03 - P.D. only,03 - Rear end,0
16-6484,CYR AVE @ GLADU ST,370349.38862,5032781.94824,-75.66224783190,45.43189832140,2016-07-07,6:23:00 PM,01 - Clear,01 - Daylight,01 - Dry,02 - Stop sign,01 - Functioning,02 - Non-fatal injury,02 - Angle,0
16-6485,ST. LAURENT BLVD @ TREMBLAY RD,372595.89363,5031241.50687,-75.63375170330,45.41782398950,2016-07-07,6:52:00 PM,01 - Clear,01 - Daylight,01 - Dry,01 - Traffic signal,01 - Functioning,03 - P.D. only,03 - Rear end,0
16-6486,HAMILTON AVE   N btwn ARMSTRONG ST & WELLINGTON ST W,365073.33296,5029241.16385,-75.73010499250,45.40051385190,2016-07-07,7:38:00 PM,01 - Clear,01 - Daylight,01 - Dry,10 - No control,,03 - P.D. only,06 - SMV unattended vehicle,0
16-6487,OR174 IC105 RAMP51 btwn REGIONAL ROAD 174 & OR174 IC105 RAMP53,379367.50339,5036852.91952,-75.54639006880,45.46762253510,2016-07-07,8:11:00 PM,01 - Clear,01 - Daylight,01 - Dry,10 - No control,,02 - Non-fatal injury,07 - SMV other,0
16-6488,HEMLOCK RD @ ST. LAURENT BLVD,371146.39072,5034782.05235,-75.65179325720,45.44981918370,2016-07-07,10:35:00 PM,01 - Clear,07 - Dark,01 - Dry,01 - Traffic signal,01 - Functioning,02 - Non-fatal injury,05 - Turning movement,0
16-6489,ST. PATRICK ST EB btwn COBOURG ST & VANIER PKWY,368953.85420,5033265.96486,-75.68001849330,45.43638273090,2016-07-08,2:30:00 AM,01 - Clear,07 - Dark,01 - Dry,10 - No control,,02 - Non-fatal injury,07 - SMV other,0
16-6490,MARIE ST btwn BRITANNIA RD & POULIN AVE,360139.69261,5024908.43875,-75.79360495480,45.36193563760,2016-07-08,7:54:00 AM,01 - Clear,01 - Daylight,01 - Dry,10 - No control,,03 - P.D. only,06 - SMV unattended vehicle,0
16-6491,PRINCE OF WALES DR @ MEADOWLANDS DR/HOG'S BACK,367371.52828,5025691.91450,-75.70120196350,45.36837699210,2016-07-08,8:55:00 AM,01 - Clear,01 - Daylight,01 - Dry,01 - Traffic signal,01 - Functioning,02 - Non-fatal injury,02 - Angle,0
16-6492,PERCY ST @ SECOND AVE,367841.05408,5029352.34406,-75.69474102460,45.40127046600,2016-07-08,12:17:00 PM,01 - Clear,01 - Daylight,01 - Dry,02 - Stop sign,01 - Functioning,03 - P.D. only,02 - Angle,0
16-6493,DALY AVE btwn MACKENZIE AVE & NICHOLAS ST,368060.61047,5031954.04241,-75.69160286160,45.42465989920,2016-07-07,9:00:00 AM,01 - Clear,01 - Daylight,01 - Dry,10 - No control,,03 - P.D. only,05 - Turning movement,0
16-6494,CARLING AVE @ RIFLE RD,353890.86517,5023314.04615,-75.87352263740,45.34805453670,2016-07-08,12:37:00 PM,01 - Clear,01 - Daylight,01 - Dry,02 - Stop sign,01 - Functioning,03 - P.D. only,05 - Turning movement,0
16-6495,CYRVILLE RD @ INNES RD,375047.95197,5031120.01875,-75.60244214240,45.41648901520,2016-07-08,2:39:00 PM,01 - Clear,01 - Daylight,01 - Dry,01 - Traffic signal,01 - Functioning,03 - P.D. only,03 - Rear end,0
16-6496,WELLINGTON ST    W btwn HAMPTON AVE & ROSS AVE,364503.60707,5029016.26562,-75.73740889760,45.39853908090,2016-07-07,4:00:00 PM,01 - Clear,01 - Daylight,01 - Dry,10 - No control,,03 - P.D. only,06 - SMV unattended vehicle,0
16-6497,DEMETER ST btwn GOSNELL TER & LUDLOWE ST,385837.11342,5037682.45796,-75.46352944360,45.47436526910,2016-06-28,3:00:00 AM,01 - Clear,07 - Dark,01 - Dry,10 - No control,,03 - P.D. only,06 - SMV unattended vehicle,0
16-6498,WALLER ST btwn BESSERER ST & DALY AVE,368323.22545,5032161.35809,-75.68822054810,45.42650145390,2016-07-08,2:10:00 PM,01 - Clear,01 - Daylight,01 - Dry,10 - No control,,03 - P.D. only,04 - Sideswipe,0
16-6499,OAKLAND AVE btwn WILTON LANE & MONK ST,368482.78579,5029006.50721,-75.68658930290,45.39810065300,2016-07-08,2:13:00 PM,01 - Clear,01 - Daylight,01 - Dry,10 - No control,,03 - P.D. only,06 - SMV unattended vehicle,0
16-6500,OGILVIE RD btwn CYRVILLE RD & MURDOCK GT,372489.21453,5032026.98290,-75.63500669780,45.42490166390,2016-07-08,2:19:00 PM,01 - Clear,01 - Daylight,01 - Dry,10 - No control,,02 - Non-fatal injury,05 - Turning movement,0
16-6501,O'CONNOR ST @ SLATER ST,367578.92663,5031450.35965,-75.69782180000,45.42017132200,2016-07-08,2:18:00 PM,01 - Clear,01 - Daylight,01 - Dry,01 - Traffic signal,01 - Functioning,03 - P.D. only,04 - Sideswipe,0
16-6502,CARLING AVE @ CHURCHILL AVE,363776.08623,5027013.53780,-75.74694001780,45.38058053520,2016-07-08,2:38:00 PM,01 - Clear,01 - Daylight,01 - Dry,01 - Traffic signal,01 - Functioning,03 - P.D. only,04 - Sideswipe,0
16-6503,BANK ST @ RIVERSIDE DR S,369303.67045,5027894.90964,-75.67625067220,45.38802371660,2016-07-08,12:30:00 PM,01 - Clear,01 - Daylight,01 - Dry,01 - Traffic signal,01 - Functioning,03 - P.D. only,03 - Rear end,0
16-6504,EMOND ST @ MONTREAL RD,370194.93797,5033135.49789,-75.66417461280,45.43509387330,2016-07-08,3:37:00 PM,01 - Clear,01 - Daylight,01 - Dry,02 - Stop sign,01 - Functioning,03 - P.D. only,05 - Turning movement,0
16-6505,CHESTERTON DR @ MEADOWLANDS DR,365101.70360,5024008.81894,-75.73038158520,45.35343173160,2016-07-08,3:46:00 PM,01 - Clear,01 - Daylight,01 - Dry,01 - Traffic signal,01 - Functioning,03 - P.D. only,02 - Angle,0
16-6506,ALBION RD @ HUNT CLUB RD,371867.76708,5024320.62738,-75.64399458880,45.35562280770,2016-07-08,3:49:00 PM,01 - Clear,01 - Daylight,01 - Dry,01 - Traffic signal,01 - Functioning,02 - Non-fatal injury,03 - Rear end,0
16-6507,HALIFAX DR @ WALKLEY RD,373644.41882,5027899.54340,-75.62082250520,45.38765219810,2016-07-08,4:09:00 PM,01 - Clear,01 - Daylight,01 - Dry,01 - Traffic signal,01 - Functioning,03 - P.D. only,05 - Turning movement,0
16-6508,BRIAN COBURN BLVD @ ESPRIT DR,385141.35303,5035343.55200,-75.47280908770,45.45340242470,2016-07-08,4:16:00 PM,01 - Clear,01 - Daylight,01 - Dry,02 - Stop sign,01 - Functioning,03 - P.D. only,03 - Rear end,0
16-6509,JOHNSTON RD btwn BANK ST & BANK PL,370865.59414,5024848.61881,-75.65671364290,45.36046864790,2016-07-08,4:23:00 PM,01 - Clear,01 - Daylight,01 - Dry,10 - No control,,03 - P.D. only,03 - Rear end,0
16-6510,MACLAREN ST btwn ELGIN ST & CARTIER ST,368212.57704,5031128.84763,-75.68976731310,45.41722131820,2016-07-08,4:40:00 PM,01 - Clear,01 - Daylight,01 - Dry,10 - No control,,03 - P.D. only,04 - Sideswipe,0
16-6511,CARLING AVE WB btwn POULIN AVE & ALPINE AVE,360432.44933,5024900.60291,-75.78986917080,45.36184195890,2016-07-08,5:43:00 PM,01 - Clear,01 - Daylight,01 - Dry,10 - No control,,03 - P.D. only,03 - Rear end,0
16-6512,FALLOWFIELD RD btwn HWY416 IC66 RAMP63 & HWY416 IC66 RAMP52,360071.60704,5014794.78245,-75.79560240890,45.27093789210,2016-07-08,4:45:00 PM,01 - Clear,01 - Daylight,01 - Dry,10 - No control,,03 - P.D. only,03 - Rear end,0
16-6513,WEST HUNT CLUB RD @ WOODROFFE AVE,363670.91827,5021245.57991,-75.74896961880,45.32868992970,2016-07-08,7:50:00 PM,01 - Clear,01 - Daylight,01 - Dry,01 - Traffic signal,01 - Functioning,03 - P.D. only,01 - Approaching,0
16-6514,GLADSTONE AVE @ CAMBRIDGE ST,367064.92414,5030036.78924,-75.70456757820,45.40749836940,2016-07-08,10:05:00 PM,02 - Rain,07 - Dark,02 - Wet,02 - Stop sign,01 - Functioning,02 - Non-fatal injury,03 - Rear end,0
16-6515,BANK ST @ MITCH OWENS RD,377758.10708,5015947.23996,-75.57005729420,45.27969482200,2016-07-08,10:53:00 PM,02 - Rain,07 - Dark,02 - Wet,01 - Traffic signal,01 - Functioning,02 - Non-fatal injury,05 - Turning movement,0
16-6516,BAYVIEW DR W @ BISHOP DAVIS DR W,336773.32898,5038969.82030,-76.09094653960,45.48991966860,2016-07-09,1:55:00 AM,02 - Rain,07 - Dark,02 - Wet,02 - Stop sign,01 - Functioning,03 - P.D. only,07 - SMV other,0
16-6517,DONNELLY DR btwn MILL POND LANE & DWYER HILL RD,360055.03749,4982829.18001,-75.79934389580,44.98330158780,2016-07-09,6:31:00 AM,01 - Clear,01 - Daylight,01 - Dry,10 - No control,,03 - P.D. only,07 - SMV other,0
16-6518,DEVINE RD btwn FRONTIER RD & MCVAGH RD,391842.16718,5022818.91885,-75.38936242780,45.33991704250,2016-07-09,6:53:00 AM,01 - Clear,01 - Daylight,01 - Dry,10 - No control,,02 - Non-fatal injury,01 - Approaching,0
16-6519,DALY AVE btwn CUMBERLAND ST & END,368405.29276,5032157.66173,-75.68717237270,45.42646073710,2016-07-09,12:00:00 AM,01 - Clear,00 - Unknown,01 - Dry,10 - No control,,03 - P.D. only,06 - SMV unattended vehicle,0
16-6520,DEVONWOOD CIRC btwn TUNDRA SWAN BAY & BUCKNELL DR,375532.95747,5020645.73592,-75.59774571160,45.32219755930,2016-07-09,9:52:00 AM,01 - Clear,01 - Daylight,01 - Dry,10 - No control,,03 - P.D. only,06 - SMV unattended vehicle,0
16-6521,WEST HUNT CLUB RD EB btwn WOODROFFE AVE & 354 E OF WOODROFFE AVE/REC P,363937.01712,5021399.37814,-75.74555685540,45.33005142310,2016-07-09,10:02:00 AM,02 - Rain,01 - Daylight,02 - Wet,10 - No control,,03 - P.D. only,07 - SMV other,0
16-6522,BASELINE RD @ MERIVALE RD,365054.03778,5025324.41721,-75.73082949990,45.36527337930,2016-07-09,10:06:00 AM,02 - Rain,01 - Daylight,02 - Wet,01 - Traffic signal,01 - Functioning,03 - P.D. only,03 - Rear end,0
16-6523,ST. JOSEPH BLVD @ TENTH LINE RD,382890.58426,5038667.11142,-75.50105334550,45.48356001230,2016-07-09,11:02:00 AM,02 - Rain,01 - Daylight,02 - Wet,01 - Traffic signal,01 - Functioning,03 - P.D. only,03 - Rear end,0
16-6524,GRASSY PLAINS DR btwn GRANITE CRT & SUNNYBROOKE DR,355333.40083,5015631.14787,-75.85589835700,45.27882013580,2016-07-09,11:41:00 AM,02 - Rain,01 - Daylight,02 - Wet,10 - No control,,03 - P.D. only,06 - SMV unattended vehicle,0
16-6525,BREWER RD @ BRONSON AVE,368105.36998,5027771.04950,-75.69156800640,45.38701859220,2016-07-09,11:53:00 AM,02 - Rain,01 - Daylight,02 - Wet,01 - Traffic signal,01 - Functioning,02 - Non-fatal injury,03 - Rear end,0
16-6526,NAVAHO DR @ WOODROFFE AVE/TRANSITWAY N BASELIN,362705.58328,5023492.58156,-75.76102062670,45.34898862730,2016-07-09,12:19:00 PM,01 - Clear,01 - Daylight,01 - Dry,01 - Traffic signal,01 - Functioning,02 - Non-fatal injury,03 - Rear end,0
16-6527,FOX CRES @ WOODROFFE AVE,361806.59378,5025626.30428,-75.77224632630,45.36826136690,2016-07-09,1:01:00 PM,01 - Clear,01 - Daylight,02 - Wet,02 - Stop sign,01 - Functioning,03 - P.D. only,02 - Angle,0
16-6528,CHESLEY ST @ BANK ST,368995.66008,5028204.46545,-75.68014346930,45.39083730250,2016-07-09,1:18:00 PM,02 - Rain,01 - Daylight,02 - Wet,02 - Stop sign,01 - Functioning,03 - P.D. only,02 - Angle,0