Record,Location,X,Y,Longitude,Latitude,Date,Time,Environment,Light,Road_Surface,Traffic_Control,Collision_Location,Collision_Classification,Impact_type,Pedestrian
16-6529,HUNT CLUB RD @ RIVERSIDE DR,368037.83936,5021944.58941,-75.69317581790,45.33459959800,2016-07-09,1:30:00 PM,02 - Rain,01 - Daylight,02 - Wet,01 - Traffic signal,01 - Functioning,03 - P.D. only,03 - Rear end,0
16-6530,MCCARTHY RD btwn CAHILL DR W & PLANTE DR,370374.59947,5023683.56708,-75.66313474380,45.35003195660,2016-07-09,2:34:00 PM,02 - Rain,01 - Daylight,02 - Wet,10 - No control,,02 - Non-fatal injury,99 - Other,0
16-6531,EAGLESON RD @ HWY 417 EAGLESO IC138R51/PARK AN,353036.20915,5020014.26395,-75.88475036100,45.31842180600,2016-07-09,3:18:00 PM,02 - Rain,01 - Daylight,02 - Wet,01 - Traffic signal,01 - Functioning,03 - P.D. only,03 - Rear end,0
16-6532,KIRKWOOD AVE @ LAPERRIERE AVE,364519.92127,5026958.54250,-75.73744955150,45.38002268450,2016-07-09,3:26:00 PM,02 - Rain,01 - Daylight,02 - Wet,01 - Traffic signal,01 - Functioning,02 - Non-fatal injury,02 - Angle,0
16-6533,COLONEL BY DR btwn HAWTHORNE AVE & MAIN ST,368765.60931,5030533.95841,-75.68277906110,45.41181837170,2016-07-09,4:36:00 PM,02 - Rain,01 - Daylight,02 - Wet,10 - No control,,03 - P.D. only,02 - Angle,0
16-6534,GREENBANK RD @ LISA AVE,360554.90237,5022893.03755,-75.78853259920,45.34376821240,2016-07-09,5:05:00 PM,02 - Rain,01 - Daylight,02 - Wet,01 - Traffic signal,01 - Functioning,03 - P.D. only,03 - Rear end,0
16-6535,O'CONNOR ST btwn NEPEAN ST & LISGAR ST,367753.60692,5031173.16705,-75.69562540230,45.41766153660,2016-07-09,5:20:00 PM,01 - Clear,01 - Daylight,01 - Dry,10 - No control,,03 - P.D. only,04 - Sideswipe,0
16-6536,OTTAWA RIVER PKWY @ PORTAGE BRIDGE,366515.73320,5031314.71360,-75.71142278550,45.41904541420,2016-07-09,5:39:00 PM,02 - Rain,01 - Daylight,02 - Wet,01 - Traffic signal,01 - Functioning,03 - P.D. only,03 - Rear end,0
16-6537,FALLOWFIELD RD @ GREENBANK RD,363080.44395,5016731.76005,-75.75703261910,45.28812395150,2016-07-09,6:03:00 PM,01 - Clear,01 - Daylight,01 - Dry,01 - Traffic signal,01 - Functioning,03 - P.D. only,04 - Sideswipe,0
16-6538,LERTA WAY btwn GERRY LALONDE DR & STRASBOURG ST,383990.35100,5035215.50000,-75.48754331880,45.45238170670,2016-07-09,12:00:00 AM,01 - Clear,00 - Unknown,01 - Dry,10 - No control,,03 - P.D. only,06 - SMV unattended vehicle,0
16-6539,PRESTON ST @ SOMERSET ST,366307.47133,5030128.47759,-75.71423165370,45.40839033010,2016-07-09,8:32:00 PM,02 - Rain,05 - Dusk,02 - Wet,01 - Traffic signal,01 - Functioning,03 - P.D. only,03 - Rear end,0
16-6540,BANK ST @ HERON RD,369995.03818,5026851.08765,-75.66756029250,45.37856774020,2016-07-09,9:11:00 PM,02 - Rain,05 - Dusk,02 - Wet,01 - Traffic signal,01 - Functioning,02 - Non-fatal injury,03 - Rear end,0
16-6541,KENT ST @ SLATER ST,367260.87924,5031252.17302,-75.70191048060,45.41841656700,2016-07-09,10:04:00 PM,01 - Clear,07 - Dark,01 - Dry,01 - Traffic signal,01 - Functioning,03 - P.D. only,03 - Rear end,0
16-6542,FISHER AVE @ SHILLINGTON AVE,365627.37442,5027296.99975,-75.72326832180,45.38297277660,2016-07-09,10:56:00 PM,01 - Clear,07 - Dark,01 - Dry,01 - Traffic signal,01 - Functioning,03 - P.D. only,03 - Rear end,0
16-6543,FISHER AVE @ TUNIS AVE,365497.61758,5027597.68221,-75.72488811800,45.38568950970,2016-07-09,11:50:00 PM,01 - Clear,07 - Dark,02 - Wet,02 - Stop sign,01 - Functioning,03 - P.D. only,04 - Sideswipe,0
16-6544,ALBERT ST @ ELGIN ST/MACKENZIE KING BRIDGE,367850.70324,5031712.51631,-75.69431587990,45.42250568000,2016-07-10,2:52:00 AM,02 - Rain,07 - Dark,02 - Wet,01 - Traffic signal,01 - Functioning,03 - P.D. only,07 - SMV other,0
16-6545,STRANDHERD DR btwn LONGFIELDS DR & CLARIDGE DR,364590.94926,5015203.20793,-75.73796232320,45.27424318450,2016-07-10,3:30:00 AM,01 - Clear,07 - Dark,01 - Dry,10 - No control,,03 - P.D. only,01 - Approaching,0
16-6546,VIEWMOUNT DR @ MERIVALE RD,365193.03043,5022947.82873,-75.72934567230,45.34387723190,2016-07-10,9:39:00 AM,01 - Clear,01 - Daylight,01 - Dry,01 - Traffic signal,01 - Functioning,02 - Non-fatal injury,07 - SMV other,1
16-6547,MACLAREN ST @ O'CONNOR ST,367899.05628,5030940.35746,-75.69379695270,45.41555368960,2016-07-09,10:45:00 PM,02 - Rain,07 - Dark,02 - Wet,02 - Stop sign,01 - Functioning,03 - P.D. only,05 - Turning movement,0
16-6548,CONSTANCE BAY RD btwn TO BE DETERMINED & WILLAND LANE,336962.29078,5037461.02947,-76.08862792380,45.47633454040,2016-07-10,10:25:00 AM,01 - Clear,01 - Daylight,01 - Dry,10 - No control,,03 - P.D. only,07 - SMV other,0
16-6549,MATHESON RD btwn MEADOWCROFT CRES & CARVER PL,372997.82511,5032973.11321,-75.62837694770,45.43336507380,2016-07-10,12:00:00 AM,02 - Rain,00 - Unknown,02 - Wet,10 - No control,,03 - P.D. only,06 - SMV unattended vehicle,0
16-6550,ALBERT ST @ BOOTH ST,366429.65582,5030625.57140,-75.71260872510,45.41285229540,2016-07-10,11:59:00 AM,01 - Clear,01 - Daylight,01 - Dry,01 - Traffic signal,01 - Functioning,02 - Non-fatal injury,04 - Sideswipe,0
16-6551,FALLOWFIELD RD btwn MERIVALE RD & WOODROFFE AVE,366799.21260,5018806.28738,-75.70937024970,45.30647212870,2016-07-10,2:44:00 PM,01 - Clear,01 - Daylight,01 - Dry,10 - No control,,03 - P.D. only,07 - SMV other,0
16-6552,HUNT CLUB RD @ PIKE ST/MAPLE PARK PRIV,373296.05668,5025088.96655,-75.62566055020,45.36239795490,2016-07-10,4:55:00 PM,01 - Clear,01 - Daylight,01 - Dry,01 - Traffic signal,01 - Functioning,03 - P.D. only,05 - Turning movement,0
16-6553,TERRY FOX DR S @ DIDSBURY RD/CENTRUM KANATA SC,350623.11971,5018916.08157,-75.91562907340,45.30870171830,2016-07-10,5:05:00 PM,01 - Clear,01 - Daylight,01 - Dry,01 - Traffic signal,01 - Functioning,03 - P.D. only,04 - Sideswipe,0
16-6554,KENT ST @ SOMERSET ST,367526.92847,5030816.47399,-75.69856684800,45.41447248280,2016-07-10,6:52:00 PM,01 - Clear,01 - Daylight,01 - Dry,01 - Traffic signal,01 - Functioning,03 - P.D. only,02 - Angle,0
16-6555,INNES RD @ ORLEANS BLVD,380461.02237,5034296.85755,-75.53280080220,45.44450748690,2016-07-10,9:52:00 PM,01 - Clear,07 - Dark,01 - Dry,01 - Traffic signal,01 - Functioning,03 - P.D. only,05 - Turning movement,0
16-6556,FALLOWFIELD RD btwn MOODIE DR & HWY416 IC66 RAMP53,359513.70135,5014640.95835,-75.80272893880,45.26959739030,2016-07-11,6:23:00 AM,01 - Clear,01 - Daylight,01 - Dry,10 - No control,,02 - Non-fatal injury,05 - Turning movement,0
16-6557,FRANK KENNY RD btwn INNES RD & FRENCH HILL RD,388443.87247,5036353.69978,-75.43042070890,45.46210317720,2016-07-11,6:39:00 AM,"07 - Fog, mist, smoke, dust",01 - Daylight,01 - Dry,10 - No control,,02 - Non-fatal injury,05 - Turning movement,0
16-6558,ELGIN ST @ SLATER ST,367890.48043,5031646.12055,-75.69381614640,45.42190468750,2016-07-11,7:41:00 AM,01 - Clear,01 - Daylight,01 - Dry,01 - Traffic signal,01 - Functioning,02 - Non-fatal injury,04 - Sideswipe,0
16-6559,HAZELDEAN RD @ TERRY FOX DR,352208.07024,5017241.30289,-75.89557785230,45.29352644440,2016-07-11,8:28:00 AM,01 - Clear,01 - Daylight,01 - Dry,01 - Traffic signal,01 - Functioning,02 - Non-fatal injury,03 - Rear end,0
16-6560,HOLLY ACRES RD btwn AERO DR & TRANSIT,358485.49967,5022994.68318,-75.81492650550,45.34484425410,2016-07-11,8:31:00 AM,01 - Clear,01 - Daylight,01 - Dry,10 - No control,,03 - P.D. only,07 - SMV other,0
16-6561,BRONSON AVE btwn BREWER WAY & RIVERSIDE DR RAMPS 34B & 42A-3,368252.45619,5027505.52681,-75.68972398640,45.38461618540,2016-07-11,8:45:00 AM,01 - Clear,01 - Daylight,01 - Dry,10 - No control,,02 - Non-fatal injury,03 - Rear end,0
16-6562,MONTREAL RD @ MONTFORT HOSPITAL,372221.76628,5034143.14641,-75.63813420180,45.44396771520,2016-07-11,9:33:00 AM,01 - Clear,01 - Daylight,01 - Dry,01 - Traffic signal,01 - Functioning,03 - P.D. only,04 - Sideswipe,0
16-6563,BRONSON AVE btwn COOPER ST & SOMERSET ST W,366963.83246,5030486.57220,-75.70580217710,45.41155437330,2016-07-11,9:58:00 AM,01 - Clear,01 - Daylight,01 - Dry,10 - No control,,03 - P.D. only,05 - Turning movement,0
16-6564,MAPLE GROVE RD @ TERRY FOX DR,351552.69012,5017863.77564,-75.90387437990,45.29917153240,2016-07-11,11:29:00 AM,01 - Clear,01 - Daylight,01 - Dry,01 - Traffic signal,01 - Functioning,03 - P.D. only,04 - Sideswipe,0
16-6565,MOODIE DR @ WEST HUNT CLUB RD,357906.51534,5018498.00115,-75.82279659670,45.30442681290,2016-07-11,9:56:00 AM,01 - Clear,01 - Daylight,01 - Dry,01 - Traffic signal,01 - Functioning,03 - P.D. only,05 - Turning movement,0
16-6566,AYERS AVE @ WALKLEY RD,370553.46310,5026074.26924,-75.66053426380,45.37152600220,2016-07-11,11:49:00 AM,01 - Clear,01 - Daylight,01 - Dry,02 - Stop sign,00 - Unknown,03 - P.D. only,03 - Rear end,0
16-6567,WHITE ALDER AVE btwn FLAT SEDGE CRES & STALWART CRES W,375460.83395,5020729.40850,-75.59865365020,45.32295767530,2016-07-09,6:00:00 PM,02 - Rain,01 - Daylight,02 - Wet,10 - No control,,03 - P.D. only,06 - SMV unattended vehicle,0
16-6568,CARP RD @ ECHOWOODS AVE/KITTIWAKE DR,348595.62015,5014562.42282,-75.94186836620,45.26965537310,2016-07-11,12:07:00 PM,01 - Clear,01 - Daylight,01 - Dry,01 - Traffic signal,01 - Functioning,02 - Non-fatal injury,03 - Rear end,0
16-6569,HEMLOCK RD @ ST. LAURENT BLVD,371145.02708,5034781.14325,-75.65181081090,45.44981113350,2016-07-11,12:53:00 PM,01 - Clear,01 - Daylight,01 - Dry,01 - Traffic signal,01 - Functioning,02 - Non-fatal injury,07 - SMV other,1
16-6570,NAVAN RD btwn MUSTANG ST & TO BE DETERMINED,388420.02647,5032315.52550,-75.43141178080,45.42577475840,2016-07-11,1:03:00 PM,01 - Clear,01 - Daylight,01 - Dry,10 - No control,,03 - P.D. only,01 - Approaching,0
16-6571,HAZELDEAN RD @ CARBROOKE ST/IRWIN GATE,353416.34607,5018265.27872,-75.88007361590,45.30265785390,2016-07-11,1:23:00 PM,01 - Clear,01 - Daylight,01 - Dry,01 - Traffic signal,01 - Functioning,02 - Non-fatal injury,05 - Turning movement,0
16-6572,LETT ST btwn Continuation of LETT ST & END,366397.69293,5031080.84245,-75.71296014650,45.41695151120,2016-07-11,1:44:00 PM,02 - Rain,01 - Daylight,02 - Wet,10 - No control,,03 - P.D. only,02 - Angle,0
16-6573,STITTSVILLE MAIN ST @ HAZELDEAN RD,349558.30615,5014878.78681,-75.92957197930,45.27244151770,2016-07-11,1:45:00 PM,01 - Clear,01 - Daylight,01 - Dry,01 - Traffic signal,01 - Functioning,03 - P.D. only,05 - Turning movement,0
16-6574,BRONSON AVE btwn BREWER WAY & RIVERSIDE DR RAMPS 34B & 42A-3,368370.46469,5027275.80804,-75.68824677480,45.38253854150,2016-07-08,7:15:00 AM,01 - Clear,01 - Daylight,01 - Dry,10 - No control,,03 - P.D. only,04 - Sideswipe,0
16-6575,EAGLESON RD @ HAZELDEAN RD/ROBERTSON RD,353669.60967,5018427.34220,-75.87682836540,45.30409856220,2016-07-11,1:15:00 PM,01 - Clear,01 - Daylight,01 - Dry,01 - Traffic signal,01 - Functioning,03 - P.D. only,03 - Rear end,0
16-6576,INNES RD btwn ANDERSON RD & INNES RD,376341.22005,5031872.52698,-75.58581089220,45.42312861050,2016-07-11,1:53:00 PM,01 - Clear,01 - Daylight,01 - Dry,10 - No control,,03 - P.D. only,04 - Sideswipe,0
16-6577,CHARLOTTE ST @ RIDEAU ST,369250.16355,5032860.50129,-75.67628469160,45.43270727950,2016-07-11,2:12:00 PM,01 - Clear,01 - Daylight,01 - Dry,01 - Traffic signal,01 - Functioning,03 - P.D. only,03 - Rear end,0
16-6578,HAZELDEAN RD @ HUNTMAR DR/IBER RD,350941.91608,5016079.88675,-75.91182765110,45.28315996280,2016-07-11,2:13:00 PM,01 - Clear,01 - Daylight,01 - Dry,01 - Traffic signal,01 - Functioning,03 - P.D. only,03 - Rear end,0
16-6579,8TH LINE RD @ VICTORIA ST,385451.96954,5011164.17556,-75.47278074650,45.23581931020,2016-05-29,10:30:00 AM,01 - Clear,01 - Daylight,01 - Dry,02 - Stop sign,01 - Functioning,03 - P.D. only,03 - Rear end,0
16-6580,BOOTH ST btwn ALBERT ST & PRIMROSE AVE,366493.38042,5030478.38988,-75.71181306780,45.41152238230,2016-07-09,7:00:00 PM,01 - Clear,01 - Daylight,02 - Wet,10 - No control,,03 - P.D. only,06 - SMV unattended vehicle,0
16-6581,ST. JOSEPH BLVD/OLD MONTREAL RD @ TRIM RD,384683.55293,5039284.78297,-75.47802055630,45.48891435010,2016-07-11,2:55:00 PM,01 - Clear,01 - Daylight,01 - Dry,11 - Roundabout,01 - Functioning,03 - P.D. only,02 - Angle,0
16-6582,GREENBANK RD btwn WEST HUNT CLUB RD & FALLOWFIELD RD,362680.04451,5017652.10768,-75.76202914500,45.29643834250,2016-07-11,4:24:00 PM,01 - Clear,01 - Daylight,01 - Dry,10 - No control,,02 - Non-fatal injury,05 - Turning movement,0
16-6583,ELGIN ST @ LAURIER AVE,367948.49036,5031550.67349,-75.69308719030,45.42104065240,2016-07-11,3:33:00 PM,01 - Clear,01 - Daylight,01 - Dry,01 - Traffic signal,01 - Functioning,02 - Non-fatal injury,05 - Turning movement,0
16-6584,ST. JOSEPH BLVD @ TENTH LINE RD,382891.48562,5038666.90735,-75.50104185010,45.48355807600,2016-07-11,3:47:00 PM,01 - Clear,01 - Daylight,01 - Dry,01 - Traffic signal,01 - Functioning,03 - P.D. only,04 - Sideswipe,0
16-6585,IRIS ST @ WOODROFFE AVE,362282.47256,5024441.73904,-75.76630948290,45.35756388360,2016-07-11,3:52:00 PM,01 - Clear,01 - Daylight,01 - Dry,01 - Traffic signal,01 - Functioning,02 - Non-fatal injury,02 - Angle,0
16-6586,GLENMANOR DR E @ VIEWMOUNT DR E,365107.80293,5022899.96755,-75.73043896680,45.34345391640,2016-07-11,4:13:00 PM,01 - Clear,01 - Daylight,01 - Dry,02 - Stop sign,01 - Functioning,03 - P.D. only,02 - Angle,0
16-6587,CARLING AVE @ OTTAWA RIVER PKWY WB,360856.42119,5025169.93759,-75.78442717250,45.36423164480,2016-07-11,4:11:00 PM,01 - Clear,01 - Daylight,01 - Dry,03 - Yield sign,01 - Functioning,03 - P.D. only,03 - Rear end,0
16-6588,SOMERSET ST    W btwn BREEZEHILL AVE N & PRESTON ST,366294.52837,5030121.97546,-75.71439779680,45.40833296330,2016-07-11,6:43:00 PM,01 - Clear,01 - Daylight,01 - Dry,10 - No control,,02 - Non-fatal injury,05 - Turning movement,0
16-6589,BRIAN COBURN BLVD btwn BOISFRANC CIRC & ESPRIT DR,385187.90302,5035364.40820,-75.47221061810,45.45358471590,2016-07-11,4:45:00 PM,01 - Clear,01 - Daylight,01 - Dry,10 - No control,,03 - P.D. only,02 - Angle,0
16-6590,HOLLAND AVE btwn ARMSTRONG ST & WELLINGTON ST W,364925.38322,5029161.73622,-75.73200432530,45.39981190060,2016-07-11,6:22:00 PM,01 - Clear,01 - Daylight,01 - Dry,10 - No control,,03 - P.D. only,06 - SMV unattended vehicle,0
16-6591,CATHERINE ST/HWY 417 O'CONN IC119BR76 @ O'CONN,368243.40449,5030392.91255,-75.68946819900,45.41059682390,2016-07-11,7:04:00 PM,01 - Clear,01 - Daylight,01 - Dry,01 - Traffic signal,01 - Functioning,03 - P.D. only,03 - Rear end,0
16-6592,GREENBANK RD @ HWY 417 IC129 RAMP57/IRIS ST,360530.71775,5023312.31448,-75.78879394450,45.34754278150,2016-07-11,6:00:00 PM,01 - Clear,01 - Daylight,01 - Dry,01 - Traffic signal,01 - Functioning,03 - P.D. only,03 - Rear end,0
16-6593,BRONSON AVE btwn RENFREW AVE & POWELL AVE,367365.37890,5029529.48673,-75.70079402240,45.40290701680,2016-07-11,7:43:00 PM,01 - Clear,01 - Daylight,01 - Dry,10 - No control,,03 - P.D. only,02 - Angle,0
16-6594,RICHMOND RD btwn STEEPLE HILL CRES & CAMBRIAN RD,359027.83008,5010537.51226,-75.80936808550,45.23271150250,2016-07-11,8:15:00 PM,01 - Clear,01 - Daylight,01 - Dry,10 - No control,,02 - Non-fatal injury,07 - SMV other,0
16-6595,REGIONAL ROAD 174 EB btwn OR174 IC109 RAMP55 & TRANSIT,376469.49614,5034982.03948,-75.58371920580,45.45109295410,2016-07-11,11:51:00 PM,01 - Clear,07 - Dark,01 - Dry,10 - No control,,03 - P.D. only,07 - SMV other,0
16-6596,RIDEAU RD btwn LIMEBANK RD & DOWNEY RD,371704.32779,5014506.16619,-75.64740553240,45.26733051140,2016-07-12,5:21:00 AM,01 - Clear,03 - Dawn,01 - Dry,10 - No control,,03 - P.D. only,07 - SMV other,0
16-6597,VANIER PKWY NB btwn QUEEN MARY ST & PRESLAND RD,370378.67875,5031882.03815,-75.66199335780,45.42379855860,2016-07-12,7:06:00 AM,01 - Clear,01 - Daylight,01 - Dry,10 - No control,,03 - P.D. only,04 - Sideswipe,0
16-6598,BASELINE RD @ FERGUSON ST,363440.46283,5024316.41639,-75.75154533530,45.35634035040,2016-07-12,8:23:00 AM,01 - Clear,01 - Daylight,01 - Dry,01 - Traffic signal,01 - Functioning,03 - P.D. only,03 - Rear end,0
16-6599,AVONDALE AVE @ CHURCHILL AVE,363530.46853,5027590.89704,-75.75000732610,45.38579615910,2016-07-12,9:12:00 AM,01 - Clear,01 - Daylight,01 - Dry,02 - Stop sign,01 - Functioning,03 - P.D. only,03 - Rear end,0
16-6600,MONTREAL RD @ ST. LAURENT BLVD,371545.93017,5033816.23106,-75.64681691950,45.44109114300,2016-07-12,9:41:00 AM,01 - Clear,01 - Daylight,01 - Dry,01 - Traffic signal,01 - Functioning,03 - P.D. only,04 - Sideswipe,0
16-6601,HUNT CLUB RD btwn TURN LANE & TURN LANE (2),371690.91529,5024234.48611,-75.64626320270,45.35486463070,2016-07-12,11:32:00 AM,01 - Clear,01 - Daylight,01 - Dry,10 - No control,,03 - P.D. only,03 - Rear end,0
16-6602,AVENUE L btwn TREMBLAY RD & END,371513.93973,5031153.08001,-75.64758657040,45.41713236310,2016-07-12,12:00:00 AM,01 - Clear,00 - Unknown,01 - Dry,10 - No control,,03 - P.D. only,06 - SMV unattended vehicle,0
16-6603,MCARTHUR AVE @ VANIER PKWY,370218.47773,5032691.04045,-75.66393283330,45.43109262990,2016-07-12,12:07:00 PM,01 - Clear,01 - Daylight,01 - Dry,01 - Traffic signal,01 - Functioning,02 - Non-fatal injury,03 - Rear end,0
16-6604,VALLEY STREAM DR btwn SHADOW CRT & SANDCASTLE DR,359396.32732,5021710.89883,-75.80344606780,45.33322242940,2016-07-12,12:00:00 AM,01 - Clear,00 - Unknown,01 - Dry,10 - No control,,03 - P.D. only,06 - SMV unattended vehicle,0
16-6605,AIRPORT PKWY/BROOKFIELD RD @ FLANNERY DR/AIRPORT PKWY RAMPS 52A/53,368694.21295,5026295.61714,-75.68423997670,45.37368961020,2016-07-12,1:07:00 PM,01 - Clear,01 - Daylight,01 - Dry,11 - Roundabout,01 - Functioning,03 - P.D. only,02 - Angle,0
16-6606,MONTREAL RD @ 46 E OF HILLSIDE DR/MONTREAL SQU,371750.39739,5033916.61014,-75.64418994510,45.44197475440,2016-07-12,1:56:00 PM,01 - Clear,01 - Daylight,01 - Dry,01 - Traffic signal,01 - Functioning,02 - Non-fatal injury,07 - SMV other,1
16-6607,FALLOWFIELD RD @ GREENBANK RD,363080.01708,5016732.23576,-75.75703800500,45.28812826730,2016-07-12,1:58:00 PM,01 - Clear,01 - Daylight,01 - Dry,01 - Traffic signal,01 - Functioning,02 - Non-fatal injury,05 - Turning movement,0
16-6608,CARLING AVE WB @ SAIGON CRT,364064.58749,5027195.86532,-75.74323460760,45.38219674220,2016-07-12,3:11:00 PM,01 - Clear,01 - Daylight,01 - Dry,01 - Traffic signal,01 - Functioning,03 - P.D. only,05 - Turning movement,0
16-6609,WALKLEY RD btwn BAYCREST DR & HEATHERINGTON RD,371757.18464,5026787.56498,-75.64507151010,45.37782999980,2016-07-12,3:17:00 PM,01 - Clear,01 - Daylight,01 - Dry,10 - No control,,02 - Non-fatal injury,02 - Angle,0
16-6611,PRESTON ST @ PRIMROSE AVE,366210.58373,5030347.53210,-75.71544200420,45.41036983190,2016-07-12,4:12:00 PM,01 - Clear,01 - Daylight,01 - Dry,02 - Stop sign,01 - Functioning,02 - Non-fatal injury,02 - Angle,0
16-6612,PICKERING PL @ TREMBLAY RD,371288.85656,5031299.57160,-75.65044240400,45.41847185700,2016-07-12,4:26:00 PM,01 - Clear,01 - Daylight,01 - Dry,02 - Stop sign,01 - Functioning,03 - P.D. only,02 - Angle,0
16-6613,RIDEAU RD btwn BANK ST & DONCASTER RD,377388.20680,5018095.67275,-75.57445715920,45.29906383440,2016-07-12,4:55:00 PM,01 - Clear,01 - Daylight,01 - Dry,10 - No control,,02 - Non-fatal injury,03 - Rear end,0
16-6614,HAWTHORNE RD @ HUNT CLUB RD,375507.74990,5026406.94328,-75.59724353470,45.37403689420,2016-07-12,4:56:00 PM,01 - Clear,01 - Daylight,01 - Dry,01 - Traffic signal,01 - Functioning,03 - P.D. only,03 - Rear end,0
16-6615,PICKERING PL @ TREMBLAY RD,371286.58384,5031298.20796,-75.65047162530,45.41845980390,2016-07-12,5:11:00 PM,01 - Clear,01 - Daylight,01 - Dry,02 - Stop sign,01 - Functioning,03 - P.D. only,02 - Angle,0
16-6616,ST. JEAN ST @ ST. JOSEPH BLVD,380969.51003,5037200.22776,-75.52585185240,45.47057446820,2016-07-12,5:15:00 PM,01 - Clear,01 - Daylight,01 - Dry,01 - Traffic signal,01 - Functioning,03 - P.D. only,03 - Rear end,0
16-6617,MONTREAL RD btwn OGILVIE RD & LAPORTE ST,375658.59864,5034559.31337,-75.59414595210,45.44737221030,2016-07-12,5:26:00 PM,01 - Clear,01 - Daylight,01 - Dry,10 - No control,,03 - P.D. only,03 - Rear end,0
16-6618,INNES RD EB btwn INNES RD E & ORLEANS BLVD,380439.88601,5034267.31209,-75.53307549850,45.44424394640,2016-07-12,5:31:00 PM,01 - Clear,01 - Daylight,01 - Dry,10 - No control,,03 - P.D. only,04 - Sideswipe,0
16-6619,FALLOWFIELD RD @ MERIVALE RD,366890.57624,5018844.01465,-75.70820054320,45.30680352380,2016-07-12,6:31:00 PM,01 - Clear,01 - Daylight,01 - Dry,01 - Traffic signal,01 - Functioning,03 - P.D. only,03 - Rear end,0
16-6620,TREATY CRT btwn SILVESTRI CRES & END,373291.38152,5032558.44432,-75.62468317920,45.42960540380,2016-07-12,7:05:00 PM,01 - Clear,01 - Daylight,01 - Dry,10 - No control,,03 - P.D. only,06 - SMV unattended vehicle,0
16-6621,MAITLAND AVE btwn DUNCAN PL & LENESTER AVE,363038.07319,5026250.80511,-75.75645278680,45.37377930440,2016-07-12,8:41:00 PM,01 - Clear,05 - Dusk,01 - Dry,10 - No control,,03 - P.D. only,04 - Sideswipe,0
16-6622,CAMBRIDGE ST @ CARLING AVE,367353.48193,5029274.55610,-75.70097831430,45.40061428730,2016-07-12,8:54:00 PM,01 - Clear,05 - Dusk,01 - Dry,02 - Stop sign,01 - Functioning,02 - Non-fatal injury,04 - Sideswipe,0
16-6623,INDUSTRIAL AVE/INNES RD @ ST. LAURENT BLVD,373099.95467,5030005.11215,-75.62748323710,45.40665046970,2016-07-12,10:18:00 PM,01 - Clear,07 - Dark,01 - Dry,01 - Traffic signal,01 - Functioning,03 - P.D. only,03 - Rear end,0
16-6624,ANDERSON RD btwn EIGHTH LINE RD & NINTH LINE RD,381620.58753,5022159.60708,-75.51986927650,45.33517867850,2016-07-12,10:28:00 PM,01 - Clear,07 - Dark,01 - Dry,10 - No control,,03 - P.D. only,02 - Angle,0
16-6625,HUNT CLUB RD btwn WEST HUNT CLUB RD & TURN LANE,367928.29391,5021911.40759,-75.69457755500,45.33431089840,2016-07-12,11:04:00 PM,01 - Clear,07 - Dark,01 - Dry,10 - No control,,03 - P.D. only,03 - Rear end,0
16-6626,HUNTER'S RUN DR btwn BEAUSEJOUR DR & JEANNE D'ARC BLVD,380568.42902,5036143.66321,-75.53114349370,45.46111197250,2016-07-13,4:55:00 AM,01 - Clear,07 - Dark,01 - Dry,10 - No control,,03 - P.D. only,07 - SMV other,0
16-6627,MACKENZIE KING BR @ RAMP TO NICHOLAS ST,368331.84863,5031972.21015,-75.68813475970,45.42479878450,2016-07-13,7:00:00 AM,01 - Clear,01 - Daylight,01 - Dry,10 - No control,,03 - P.D. only,02 - Angle,0
16-6628,BOWESVILLE RD/EMERALD LINKS DR W @ MITCH OWENS,374182.52036,5013708.22376,-75.61593987280,45.25991073570,2016-07-13,7:45:00 AM,01 - Clear,01 - Daylight,01 - Dry,02 - Stop sign,01 - Functioning,03 - P.D. only,02 - Angle,0
16-6629,BROOKFIELD RD btwn RIVERSIDE DR/HOG'S BACK RD & 200 W OF FLANNERY DR,368182.82561,5026222.78015,-75.69077772910,45.37308068490,2016-07-13,6:30:00 AM,01 - Clear,01 - Daylight,01 - Dry,10 - No control,,03 - P.D. only,04 - Sideswipe,0
16-6630,MERIVALE RD @ WEST HUNT CLUB RD,365613.37702,5021941.13456,-75.72410600010,45.33478282080,2016-07-13,8:43:00 AM,01 - Clear,01 - Daylight,01 - Dry,01 - Traffic signal,01 - Functioning,03 - P.D. only,03 - Rear end,0
16-6631,CALAVERAS AVE @ PALMADEO DR,365047.62218,5015908.02115,-75.73205699140,45.28054609910,2016-07-13,9:40:00 AM,01 - Clear,01 - Daylight,01 - Dry,02 - Stop sign,01 - Functioning,03 - P.D. only,02 - Angle,0
16-6632,RIOCAN AVE @ STRANDHERD DR,364172.43607,5014944.11805,-75.74332680140,45.27194735460,2016-07-13,9:57:00 AM,01 - Clear,01 - Daylight,01 - Dry,01 - Traffic signal,01 - Functioning,03 - P.D. only,02 - Angle,0
16-6633,HINCKS LANE @ RIVERSIDE DR,370166.48863,5030205.56600,-75.66492694520,45.40873417550,2016-07-13,11:22:00 AM,01 - Clear,01 - Daylight,01 - Dry,01 - Traffic signal,01 - Functioning,03 - P.D. only,03 - Rear end,0
16-6634,SMYTH RD @ RIVERSIDE HOSPITAL,369986.88418,5029120.83581,-75.66736458630,45.39899091980,2016-07-13,11:46:00 AM,01 - Clear,01 - Daylight,01 - Dry,01 - Traffic signal,01 - Functioning,03 - P.D. only,05 - Turning movement,0