Record,Location,X,Y,Longitude,Latitude,Date,Time,Environment,Light,Road_Surface,Traffic_Control,Collision_Location,Collision_Classification,Impact_type,Pedestrian
16-6741,CAMBRIAN RD @ MOODIE DR,361122.43773,5010805.38300,-75.78266342890,45.23495742440,2016-07-16,12:21:00 PM,01 - Clear,01 - Daylight,01 - Dry,02 - Stop sign,01 - Functioning,03 - P.D. only,02 - Angle,0
16-6742,WEST HUNT CLUB RD EB btwn 545 E OF ROYDON PL/SUNDERLAND ST & ANTARES D,367012.11939,5022236.50330,-75.70622456490,45.33731787940,2016-07-16,12:55:00 PM,01 - Clear,01 - Daylight,01 - Dry,10 - No control,,03 - P.D. only,04 - Sideswipe,0
16-6743,IBER RD btwn HUNTMAR DR & HARRY DOUGLAS DR,351628.82637,5015280.89235,-75.90314744380,45.27592495020,2016-07-16,12:56:00 PM,01 - Clear,01 - Daylight,01 - Dry,10 - No control,,03 - P.D. only,07 - SMV other,0
16-6744,LARCH ST @ PRESTON ST,366437.46483,5029831.46889,-75.71260825350,45.40570648980,2016-07-16,1:04:00 PM,01 - Clear,01 - Daylight,01 - Dry,02 - Stop sign,01 - Functioning,02 - Non-fatal injury,05 - Turning movement,0
16-6745,GLOUCESTER ST btwn KENT ST & BANK ST,367406.11039,5031127.66311,-75.70007080020,45.41728328560,2016-07-16,1:26:00 PM,01 - Clear,01 - Daylight,01 - Dry,10 - No control,,03 - P.D. only,06 - SMV unattended vehicle,0
16-6746,BELL ST @ ECCLES ST,366820.75333,5030255.67278,-75.70765901530,45.40948950110,2016-07-16,1:30:00 PM,01 - Clear,01 - Daylight,01 - Dry,02 - Stop sign,01 - Functioning,03 - P.D. only,99 - Other,0
16-6747,WELLFLEET CRES btwn PERRIN AVE & HOPKINTON ST,362276.06965,5015080.23858,-75.76747730750,45.27332972760,2016-07-16,2:18:00 PM,01 - Clear,01 - Daylight,01 - Dry,10 - No control,,03 - P.D. only,06 - SMV unattended vehicle,0
16-6748,HWY417 IC123 RAMP62 btwn ISLAND PARK DR & HIGHWAY 417,364558.95905,5028047.62453,-75.73681927950,45.38981871700,2016-07-15,8:00:00 PM,01 - Clear,01 - Daylight,01 - Dry,10 - No control,,02 - Non-fatal injury,07 - SMV other,0
16-6749,CARLING AVE @ BAYSHORE DR/BIRCHDALE AVE,359006.00736,5023990.15755,-75.80817574430,45.35376151860,2016-07-16,2:44:00 PM,01 - Clear,01 - Daylight,01 - Dry,01 - Traffic signal,01 - Functioning,03 - P.D. only,03 - Rear end,0
16-6750,MOODIE DR @ HWY 417 MOODIE IC134R63,356391.05979,5022481.23276,-75.84170511110,45.34038135560,2016-07-16,4:47:00 PM,01 - Clear,01 - Daylight,01 - Dry,01 - Traffic signal,01 - Functioning,03 - P.D. only,04 - Sideswipe,0
16-6751,LEVIS AVE btwn ALTHA AVE & LACASSE AVE,370733.04502,5033216.37333,-75.65728687670,45.43577102370,2016-07-16,6:58:00 PM,01 - Clear,01 - Daylight,01 - Dry,10 - No control,,03 - P.D. only,06 - SMV unattended vehicle,0
16-6752,CAMPEAU DR @ HERLIHEY WAY,350507.20717,5019177.25448,-75.91708311040,45.31105937570,2016-07-16,7:00:00 PM,01 - Clear,01 - Daylight,01 - Dry,01 - Traffic signal,01 - Functioning,03 - P.D. only,02 - Angle,0
16-6753,MEADOWLANDS DR btwn INDIAN RD & LAIRD ST,364066.77905,5023287.28032,-75.74367542710,45.34702764240,2016-07-16,7:53:00 PM,01 - Clear,01 - Daylight,01 - Dry,10 - No control,,03 - P.D. only,06 - SMV unattended vehicle,0
16-6754,LISBON ST btwn WINTERPORT WAY & WINTERPORT WAY,385326.94572,5037820.35100,-75.47003085870,45.47566491170,2016-07-16,8:19:00 PM,01 - Clear,01 - Daylight,01 - Dry,10 - No control,,03 - P.D. only,06 - SMV unattended vehicle,0
16-6755,BASELINE RD @ FISHER AVE,366166.01178,5026028.53270,-75.71654850120,45.37151240240,2016-07-16,8:52:00 PM,01 - Clear,05 - Dusk,01 - Dry,01 - Traffic signal,01 - Functioning,03 - P.D. only,03 - Rear end,0
16-6756,JEANNE D'ARC BLVD @ ORLEANS BLVD S,380939.54948,5036249.77128,-75.52638220320,45.46202630040,2016-07-16,9:37:00 PM,01 - Clear,07 - Dark,01 - Dry,01 - Traffic signal,01 - Functioning,03 - P.D. only,05 - Turning movement,0
16-6757,FRASER AVE @ BYRON AVE,362504.52127,5027655.70055,-75.76310007650,45.38646452480,2016-07-17,9:32:00 AM,01 - Clear,01 - Daylight,01 - Dry,02 - Stop sign,01 - Functioning,02 - Non-fatal injury,02 - Angle,0
16-6758,BASELINE RD/HERON RD @ PRINCE OF WALES DR,366874.20128,5026438.73855,-75.70745645230,45.37514097100,2016-07-17,10:00:00 AM,01 - Clear,01 - Daylight,01 - Dry,01 - Traffic signal,01 - Functioning,02 - Non-fatal injury,03 - Rear end,0
16-6759,HUNT CLUB RD btwn DUNSTON TER & CAHILL DR,372321.59834,5024491.14566,-75.63817957510,45.35711351520,2016-07-17,9:59:00 AM,01 - Clear,01 - Daylight,01 - Dry,10 - No control,,03 - P.D. only,04 - Sideswipe,0
16-6760,FOURTH LINE RD btwn BROPHY DR & CENTURY RD W,360862.86340,5005534.27736,-75.78656243460,45.18754771660,2016-07-17,2:04:00 PM,01 - Clear,01 - Daylight,01 - Dry,10 - No control,,02 - Non-fatal injury,07 - SMV other,0
16-6761,CONOVER ST btwn ELVASTON AVE & CHARING RD,361834.17900,5021367.30578,-75.77238538790,45.32993688180,2016-07-16,1:00:00 PM,01 - Clear,01 - Daylight,01 - Dry,10 - No control,,03 - P.D. only,06 - SMV unattended vehicle,0
16-6762,RIVERSIDE DR NB btwn FROBISHER LANE & HINCKS LANE,370156.94317,5030154.65691,-75.66505562610,45.40827700610,2016-07-17,1:01:00 PM,01 - Clear,01 - Daylight,01 - Dry,10 - No control,,03 - P.D. only,04 - Sideswipe,0
16-6763,EARNSCLIFFE GROVE btwn ARDMORE ST & BORBRIDGE AVE,367943.60400,5014153.39600,-75.69537022890,45.26450399870,2016-07-17,12:00:00 AM,01 - Clear,00 - Unknown,01 - Dry,10 - No control,,03 - P.D. only,06 - SMV unattended vehicle,0
16-6764,RIVERSIDE DR NB btwn HINCKS LANE & SAN REMO PRIV,370369.49133,5030392.09885,-75.66230900330,45.41039353790,2016-07-17,1:14:00 PM,01 - Clear,01 - Daylight,01 - Dry,10 - No control,,03 - P.D. only,04 - Sideswipe,0
16-6765,JEANNE D'ARC BLVD @ MONTCERF CRT,381117.80744,5036286.84189,-75.52409734700,45.46234038100,2016-07-17,2:38:00 PM,01 - Clear,01 - Daylight,01 - Dry,01 - Traffic signal,01 - Functioning,02 - Non-fatal injury,02 - Angle,0
16-6766,BANK ST @ DALMENY RD/MARVELVILLE RD,385828.55353,5004368.80615,-75.46909020540,45.17463513960,2016-07-17,4:00:00 PM,01 - Clear,01 - Daylight,01 - Dry,02 - Stop sign,01 - Functioning,02 - Non-fatal injury,02 - Angle,0
16-6767,ST. JOSEPH BLVD @ REGIONAL RD 174/TRANSITWAY,376557.66223,5035055.71544,-75.58258141650,45.45174679540,2016-07-17,4:35:00 PM,01 - Clear,01 - Daylight,01 - Dry,01 - Traffic signal,01 - Functioning,01 - Fatal injury,05 - Turning movement,0
16-6768,INNES RD @ ORCHARDVIEW AVE/ESPRIT DR,384844.53733,5036559.65041,-75.47640539510,45.46437779830,2016-07-17,4:38:00 PM,01 - Clear,01 - Daylight,01 - Dry,01 - Traffic signal,01 - Functioning,03 - P.D. only,03 - Rear end,0
16-6769,240 S OF CHARLEMAGNE BLVD/DES EPINETTES AVE @ TENTH LINE RD,383736.18260,5036677.45530,-75.49055768060,45.46556382190,2016-07-17,4:38:00 PM,01 - Clear,01 - Daylight,01 - Dry,01 - Traffic signal,01 - Functioning,03 - P.D. only,03 - Rear end,0
16-6770,FRANK KENNY RD W @ INNES RD,387532.94595,5037628.66904,-75.44185236570,45.47368247970,2016-07-17,4:43:00 PM,01 - Clear,01 - Daylight,01 - Dry,02 - Stop sign,01 - Functioning,03 - P.D. only,03 - Rear end,0
16-6771,PRINCE OF WALES DR btwn FALLOWFIELD RD & AMBERWOOD CRES,367487.29661,5020434.76593,-75.70039043660,45.32106386340,2016-07-17,9:42:00 PM,01 - Clear,07 - Dark,01 - Dry,10 - No control,,03 - P.D. only,03 - Rear end,0
16-6772,RICHMOND RD btwn WEST HUNT CLUB RD & STONEHAVEN DR,357035.92741,5017655.31299,-75.83398618070,45.29690946640,2016-07-18,12:01:00 AM,02 - Rain,07 - Dark,02 - Wet,10 - No control,,03 - P.D. only,07 - SMV other,0
16-6773,TENTH LINE RD @ CHARLEMAGNE BLVD N/TOMPKINS AV,383183.92990,5037977.65228,-75.49741143500,45.47732401340,2016-07-18,8:01:00 AM,01 - Clear,01 - Daylight,01 - Dry,01 - Traffic signal,01 - Functioning,03 - P.D. only,03 - Rear end,0
16-6774,TENTH LINE RD btwn ST. JOSEPH BLVD & OLD TENTH LINE RD,383038.19990,5038365.87809,-75.49921330420,45.48083326140,2016-07-18,8:20:00 AM,01 - Clear,01 - Daylight,01 - Dry,10 - No control,,03 - P.D. only,03 - Rear end,0
16-6775,HOBART CRES btwn ESTELLE CRES & JANSEN RD (2),360108.50684,5020971.33682,-75.79444321670,45.32651206390,2016-07-18,8:32:00 AM,01 - Clear,01 - Daylight,01 - Dry,10 - No control,,03 - P.D. only,06 - SMV unattended vehicle,0
16-6776,ALBION RD btwn RIDEAU RD & TULLAMORE ST,375326.92267,5016124.65610,-75.60101668490,45.28153924810,2016-07-18,8:39:00 AM,01 - Clear,01 - Daylight,01 - Dry,10 - No control,,03 - P.D. only,07 - SMV other,0
16-6777,KNOXDALE RD @ NEWHAVEN ST,362538.00508,5021324.57961,-75.76341203760,45.32949488190,2016-07-18,9:25:00 AM,01 - Clear,01 - Daylight,01 - Dry,02 - Stop sign,01 - Functioning,03 - P.D. only,05 - Turning movement,0
16-6778,CARLING AVE @ CARLINGWOOD SC,362072.35348,5025919.24804,-75.76881991750,45.37087558080,2016-07-18,10:25:00 AM,01 - Clear,01 - Daylight,01 - Dry,01 - Traffic signal,01 - Functioning,02 - Non-fatal injury,05 - Turning movement,0
16-6779,PLANTE DR @ WAXWING DR,370567.95167,5023693.50730,-75.66066612020,45.35010329030,2016-07-18,11:22:00 AM,01 - Clear,01 - Daylight,01 - Dry,03 - Yield sign,01 - Functioning,03 - P.D. only,04 - Sideswipe,0
16-6780,HUNT CLUB RD btwn TURN LANE & RIVERSIDE DR,367941.93027,5021915.04395,-75.69440312830,45.33434239110,2016-07-18,11:35:00 AM,01 - Clear,01 - Daylight,01 - Dry,10 - No control,,03 - P.D. only,04 - Sideswipe,0
16-6781,ST. LAURENT BLVD btwn FOLEY AVE & WALKLEY RD,373862.52283,5028136.40055,-75.61800439380,45.38976185930,2016-07-17,2:29:00 PM,01 - Clear,01 - Daylight,01 - Dry,10 - No control,,03 - P.D. only,04 - Sideswipe,0
16-6782,BERTONA ST @ KNOXDALE RD,362754.36942,5021448.39959,-75.76063752200,45.33059117500,2016-07-18,11:53:00 AM,01 - Clear,01 - Daylight,01 - Dry,02 - Stop sign,01 - Functioning,03 - P.D. only,03 - Rear end,0
16-6783,MONTREAL RD @ VANIER PKWY,370071.61211,5033064.49441,-75.66576011040,45.43446653610,2016-07-18,12:12:00 PM,01 - Clear,01 - Daylight,01 - Dry,01 - Traffic signal,01 - Functioning,03 - P.D. only,03 - Rear end,0
16-6784,CATHERINE ST btwn KENT ST & BANK ST,367922.02568,5030197.65531,-75.69359861930,45.40886902030,2016-07-18,12:36:00 PM,01 - Clear,01 - Daylight,01 - Dry,10 - No control,,03 - P.D. only,04 - Sideswipe,0
16-6785,BRONSON AVE btwn FLORENCE ST & GLADSTONE AVE,367129.83806,5030093.38218,-75.70373122960,45.40800179920,2016-07-16,12:40:00 PM,01 - Clear,01 - Daylight,01 - Dry,10 - No control,,03 - P.D. only,04 - Sideswipe,0
16-6786,DOVERCOURT AVE @ FRASER AVE,362758.20691,5027027.79860,-75.75993444690,45.38079380030,2016-07-18,1:07:00 PM,01 - Clear,01 - Daylight,01 - Dry,02 - Stop sign,01 - Functioning,02 - Non-fatal injury,02 - Angle,0
16-6787,ISLAND PARK DR @ SCOTT ST,363834.37132,5029041.00805,-75.74595330200,45.39881845790,2016-07-15,4:00:00 PM,02 - Rain,01 - Daylight,02 - Wet,01 - Traffic signal,01 - Functioning,03 - P.D. only,04 - Sideswipe,0
16-6788,MONTREAL RD @ SHEFFORD RD,376126.18974,5034852.88584,-75.58812647870,45.44996603200,2016-07-18,1:55:00 PM,01 - Clear,01 - Daylight,01 - Dry,01 - Traffic signal,01 - Functioning,03 - P.D. only,05 - Turning movement,0
16-6789,SMYTH RD @ RIVERSIDE HOSPITAL,369986.88418,5029120.83581,-75.66736458630,45.39899091980,2016-07-18,2:24:00 PM,01 - Clear,01 - Daylight,01 - Dry,01 - Traffic signal,01 - Functioning,03 - P.D. only,03 - Rear end,0
16-6790,PETER MORAND CRES btwn ROGER GUINDON AVE & ROGER GUINDON AVE,372140.35668,5029644.06130,-75.63978979740,45.40349486770,2016-07-18,2:40:00 PM,01 - Clear,01 - Daylight,01 - Dry,10 - No control,,03 - P.D. only,06 - SMV unattended vehicle,0
16-6791,MERIVALE RD @ WEST HUNT CLUB RD,365611.55884,5021942.49820,-75.72412902810,45.33479524790,2016-07-18,2:45:00 PM,01 - Clear,01 - Daylight,01 - Dry,01 - Traffic signal,01 - Functioning,03 - P.D. only,03 - Rear end,0
16-6792,RICHMOND RD btwn CHURCHILL AVE N & WINONA AVE,363243.37562,5028303.00585,-75.75358887850,45.39222761830,2016-07-18,3:05:00 PM,01 - Clear,01 - Daylight,01 - Dry,10 - No control,,03 - P.D. only,02 - Angle,0
16-6793,SUSSEX DR btwn BRUYERE ST & ST. ANDREW ST,367575.20050,5032603.13245,-75.69772248920,45.43054392530,2016-07-18,3:19:00 PM,01 - Clear,01 - Daylight,01 - Dry,10 - No control,,02 - Non-fatal injury,05 - Turning movement,0
16-6794,HARVEST VALLEY AVE/SWEETVALLEY DR @ TENTH LINE RD,384697.19960,5034388.90190,-75.47864186880,45.44486427980,2016-07-18,3:21:00 PM,01 - Clear,01 - Daylight,01 - Dry,02 - Stop sign,01 - Functioning,03 - P.D. only,05 - Turning movement,0
16-6795,BREEZEWOOD ST btwn MONDAVI ST & MONDAVI ST,386347.36092,5037931.99534,-75.45696300510,45.47655095280,2016-07-17,9:30:00 PM,01 - Clear,07 - Dark,01 - Dry,10 - No control,,03 - P.D. only,06 - SMV unattended vehicle,0
16-6796,CONROY RD @ WALKLEY RD,372903.94214,5027463.75084,-75.63033778940,45.38380351170,2016-07-18,3:58:00 PM,01 - Clear,01 - Daylight,01 - Dry,01 - Traffic signal,01 - Functioning,02 - Non-fatal injury,05 - Turning movement,0
16-6797,BEECHWOOD AVE btwn ST. PATRICK ST & MACKAY ST,369133.33952,5033497.77526,-75.67769434600,45.43845197870,2016-07-18,4:31:00 PM,01 - Clear,01 - Daylight,01 - Dry,10 - No control,,03 - P.D. only,04 - Sideswipe,0
16-6798,WELLINGTON ST    W btwn HARMER AVE N & HURON AVE N,364838.98588,5029121.00245,-75.73311275730,45.39945280190,2016-07-18,3:30:00 PM,01 - Clear,01 - Daylight,01 - Dry,10 - No control,,03 - P.D. only,06 - SMV unattended vehicle,0
16-6799,EAGLESON RD @ 300 N OF MICHAEL COWPLAND/EAGLES,354273.12230,5016903.79084,-75.86928501030,45.29034708020,2016-07-18,5:16:00 PM,01 - Clear,01 - Daylight,01 - Dry,01 - Traffic signal,01 - Functioning,02 - Non-fatal injury,03 - Rear end,0
16-6800,AYLMER AVE @ BANK ST,368673.03058,5028729.08895,-75.68419550250,45.39558720190,2016-07-18,5:37:00 PM,01 - Clear,01 - Daylight,01 - Dry,01 - Traffic signal,01 - Functioning,03 - P.D. only,03 - Rear end,0
16-6801,CONROY RD @ ST. LAURENT BLVD,373068.83114,5027158.84735,-75.62827462680,45.38104406950,2016-07-18,6:21:00 PM,01 - Clear,01 - Daylight,01 - Dry,01 - Traffic signal,01 - Functioning,02 - Non-fatal injury,03 - Rear end,0
16-6802,BANK ST @ THIRD AVE,368336.02898,5029552.01745,-75.68839334140,45.40302231760,2016-07-18,6:45:00 PM,01 - Clear,01 - Daylight,01 - Dry,01 - Traffic signal,01 - Functioning,03 - P.D. only,02 - Angle,0
16-6803,WELLINGTON ST    W btwn SHERBROOKE AVE & PINHEY ST,365427.12298,5029512.49550,-75.72555295170,45.40292468220,2016-07-18,7:13:00 PM,01 - Clear,01 - Daylight,01 - Dry,10 - No control,,03 - P.D. only,04 - Sideswipe,0
16-6804,BARNSDALE RD @ TWIN ELM RD N,360185.54284,5007832.87099,-75.79492573330,45.20828450760,2016-07-18,9:59:00 PM,01 - Clear,07 - Dark,01 - Dry,02 - Stop sign,01 - Functioning,03 - P.D. only,07 - SMV other,0
16-6805,NORMANDY CRES btwn FISHER AVE & ORTONA AVE (2),366818.03691,5024866.48063,-75.70837084120,45.36099910750,2016-07-19,7:08:00 AM,01 - Clear,01 - Daylight,01 - Dry,10 - No control,,03 - P.D. only,07 - SMV other,0
16-6806,HAZELDEAN RD btwn CARP RD & Continuation of HAZELDEAN RD,348823.66681,5014384.52711,-75.93897804870,45.26804036360,2016-07-18,9:25:00 PM,01 - Clear,07 - Dark,01 - Dry,10 - No control,,03 - P.D. only,07 - SMV other,0
16-6807,RIVERSIDE DR @ PLEASANT PARK RD,369560.56918,5028414.55945,-75.67290207280,45.39267564830,2016-07-19,10:59:00 AM,01 - Clear,01 - Daylight,01 - Dry,01 - Traffic signal,01 - Functioning,02 - Non-fatal injury,03 - Rear end,0
16-6808,RIVERSIDE DR btwn 175 S OF HUNT CLUB  RD & HUNT CLUB RD,368034.20300,5021805.95305,-75.69323992140,45.33335250340,2016-07-19,9:55:00 AM,01 - Clear,01 - Daylight,01 - Dry,10 - No control,,03 - P.D. only,04 - Sideswipe,0
16-6809,SOMERSET ST    W btwn ARTHUR ST & CAMBRIDGE ST N,366844.01988,5030399.74582,-75.70734367010,45.41078376670,2016-07-18,3:35:00 PM,01 - Clear,01 - Daylight,01 - Dry,10 - No control,,03 - P.D. only,06 - SMV unattended vehicle,0
16-6810,GLOUCESTER ST btwn BANK ST & O'CONNOR ST,367583.06215,5031236.08566,-75.69779626440,45.41824298210,2016-07-19,10:51:00 AM,01 - Clear,01 - Daylight,01 - Dry,10 - No control,,03 - P.D. only,04 - Sideswipe,0
16-6811,RIVERSIDE DR @ SAN REMO PRIV,370386.16697,5030400.83136,-75.66209482190,45.41047054700,2016-07-19,12:18:00 PM,01 - Clear,01 - Daylight,01 - Dry,01 - Traffic signal,01 - Functioning,02 - Non-fatal injury,03 - Rear end,0
16-6812,MEADOWLANDS DR btwn CLAYMOR AVE & DEBRA AVE,367011.38167,5025444.24987,-75.70583039220,45.36618062080,2016-07-19,9:00:00 AM,01 - Clear,01 - Daylight,01 - Dry,10 - No control,,03 - P.D. only,06 - SMV unattended vehicle,0
16-6813,GEORGE ST btwn SUSSEX DR & 26 W OF BYWARD MARKET/FREIMAN MALL,367953.53408,5032179.78381,-75.69294209300,45.42670071860,2016-07-16,1:00:00 PM,01 - Clear,01 - Daylight,01 - Dry,10 - No control,,03 - P.D. only,06 - SMV unattended vehicle,0
16-6814,OLD TENTH LINE RD @ TENTH LINE RD,383043.46560,5038362.01035,-75.49914657430,45.48079787320,2016-07-18,2:20:00 PM,01 - Clear,01 - Daylight,01 - Dry,01 - Traffic signal,01 - Functioning,03 - P.D. only,03 - Rear end,0
16-6815,CALDWELL AVE @ MERIVALE RD,364908.53436,5026230.86675,-75.73257645750,45.37344195430,2016-07-19,1:53:00 PM,01 - Clear,01 - Daylight,01 - Dry,01 - Traffic signal,01 - Functioning,03 - P.D. only,03 - Rear end,0
16-6816,INNES RD @ ORCHARDVIEW AVE/ESPRIT DR,384845.22384,5036561.24836,-75.47639635750,45.46439209690,2016-07-19,1:56:00 PM,01 - Clear,01 - Daylight,01 - Dry,01 - Traffic signal,01 - Functioning,03 - P.D. only,05 - Turning movement,0
16-6817,ABERFOYLE CIRC btwn Continuation of ABERFOYLE CIRC & Continuation of A,350502.92537,5023996.48837,-75.91669271480,45.35442424370,2016-07-19,2:33:00 PM,01 - Clear,01 - Daylight,01 - Dry,10 - No control,,03 - P.D. only,06 - SMV unattended vehicle,0
16-6818,BANK ST @ HUNT CLUB RD,371608.04125,5024096.73795,-75.64733942950,45.35363311980,2016-07-19,2:40:00 PM,01 - Clear,01 - Daylight,01 - Dry,01 - Traffic signal,01 - Functioning,02 - Non-fatal injury,03 - Rear end,0
16-6819,CHAPMAN MILLS DR/TRANSITWAY SOUTHWEST @ WOODROFFE AVE,366177.09010,5015219.37010,-75.71774677460,45.27425195100,2016-07-19,2:53:00 PM,01 - Clear,01 - Daylight,01 - Dry,01 - Traffic signal,01 - Functioning,03 - P.D. only,05 - Turning movement,0
16-6820,RAFTSMAN LANE btwn VOYAGEUR DR & VOYAGEUR DR,378951.69145,5037834.66815,-75.55155880570,45.47649983560,2016-07-17,12:00:00 AM,01 - Clear,00 - Unknown,01 - Dry,10 - No control,,03 - P.D. only,06 - SMV unattended vehicle,0
16-6821,BANK ST @ STRATHCONA AVE,368138.25535,5030029.01345,-75.69085816760,45.40733210030,2016-07-19,3:12:00 PM,01 - Clear,01 - Daylight,01 - Dry,01 - Traffic signal,01 - Functioning,03 - P.D. only,03 - Rear end,0
16-6822,HAWTHORNE RD @ HUNT CLUB RD,375508.88626,5026407.89284,-75.59722889160,45.37404532270,2016-07-19,3:20:00 PM,01 - Clear,01 - Daylight,01 - Dry,01 - Traffic signal,01 - Functioning,03 - P.D. only,04 - Sideswipe,0
16-6823,WALKLEY RD btwn RIVERSIDE DR & RIVER GARDEN PRIV,368439.40572,5024845.80203,-75.68767960810,45.36066773920,2016-07-19,3:25:00 PM,01 - Clear,01 - Daylight,01 - Dry,10 - No control,,03 - P.D. only,07 - SMV other,0
16-6824,WOODROFFE AVE btwn FIRESTATION & BASELINE RD,362529.91747,5023820.50470,-75.76322396830,45.35195373690,2016-07-19,4:11:00 PM,01 - Clear,01 - Daylight,01 - Dry,10 - No control,,03 - P.D. only,03 - Rear end,0
16-6825,KIRKWOOD AVE @ RICHMOND RD,363778.23046,5028642.70311,-75.74671794840,45.39523931310,2016-07-19,4:21:00 PM,01 - Clear,01 - Daylight,01 - Dry,01 - Traffic signal,01 - Functioning,03 - P.D. only,04 - Sideswipe,0
16-6826,RIVERSIDE DR @ BROOKFIELD RD/HOG'S BACK RD,368166.22158,5026222.92672,-75.69098967590,45.37308350470,2016-07-19,4:58:00 PM,01 - Clear,01 - Daylight,01 - Dry,01 - Traffic signal,01 - Functioning,02 - Non-fatal injury,03 - Rear end,0
16-6827,BELFAST RD @ COVENTRY RD,371523.94837,5031642.01915,-75.64739248970,45.42153067080,2016-07-19,5:00:00 PM,01 - Clear,01 - Daylight,01 - Dry,01 - Traffic signal,01 - Functioning,03 - P.D. only,03 - Rear end,0
16-6828,PRINCE OF WALES DR @ MEADOWLANDS DR/HOG'S BACK,367371.26028,5025693.25746,-75.70120521440,45.36838910000,2016-07-12,6:00:00 AM,01 - Clear,03 - Dawn,01 - Dry,01 - Traffic signal,01 - Functioning,02 - Non-fatal injury,02 - Angle,0
16-6829,BANTREE ST @ INNES RD,373704.58684,5030406.55540,-75.61970400100,45.41020320120,2016-07-19,7:35:00 PM,01 - Clear,01 - Daylight,01 - Dry,01 - Traffic signal,01 - Functioning,03 - P.D. only,07 - SMV other,0
16-6830,MONTREAL RD btwn SAVARD AVE & EMOND ST,370186.25744,5033129.60844,-75.66428633150,45.43504169380,2016-07-20,1:00:00 AM,01 - Clear,07 - Dark,01 - Dry,10 - No control,,03 - P.D. only,07 - SMV other,0
16-6831,STITTSVILLE MAIN ST @ HAZELDEAN RD,349558.41087,5014878.68209,-75.92957065310,45.27244056890,2016-07-19,11:55:00 PM,01 - Clear,07 - Dark,01 - Dry,01 - Traffic signal,01 - Functioning,03 - P.D. only,04 - Sideswipe,0
16-6832,MARCONI AVE btwn APPLECROSS CRES & KINGHORN CRES/APPLECROSS CRES,349774.75835,5024377.60190,-75.92595117780,45.35790066550,2016-07-20,6:18:00 AM,01 - Clear,01 - Daylight,01 - Dry,10 - No control,,03 - P.D. only,02 - Angle,0
16-6833,JOCKVALE RD @ STRANDHERD DR,363559.56202,5014576.68909,-75.75118039150,45.26869269560,2016-07-20,7:46:00 AM,01 - Clear,01 - Daylight,01 - Dry,01 - Traffic signal,01 - Functioning,03 - P.D. only,04 - Sideswipe,0
16-6834,GUIGUES AVE @ SUSSEX DR,367619.70265,5032527.93053,-75.69716339340,45.42986328730,2016-07-20,9:16:00 AM,01 - Clear,01 - Daylight,01 - Dry,02 - Stop sign,01 - Functioning,02 - Non-fatal injury,99 - Other,0
16-6835,INNES RD btwn O'TOOLE RD & DUNNING RD,391563.17369,5039302.83223,-75.39001983550,45.48825545760,2016-07-20,7:50:00 AM,01 - Clear,01 - Daylight,01 - Dry,10 - No control,,03 - P.D. only,07 - SMV other,0
16-6836,BRONSON AVE @ FIFTH AVE/MADAWASKA DR,367613.93997,5028939.00825,-75.69769443390,45.39757180470,2016-07-20,10:35:00 AM,01 - Clear,01 - Daylight,01 - Dry,01 - Traffic signal,01 - Functioning,02 - Non-fatal injury,03 - Rear end,0
16-6837,AVIATION PKWY @ MONTREAL RD,372146.48933,5034109.94644,-75.63910091700,45.44367625430,2016-07-20,10:36:00 AM,01 - Clear,01 - Daylight,01 - Dry,01 - Traffic signal,01 - Functioning,03 - P.D. only,03 - Rear end,0
16-6838,BYRON AVE @ TWEEDSMUIR AVE,363592.91737,5028304.55250,-75.74912489620,45.39221227580,2016-07-20,10:41:00 AM,01 - Clear,01 - Daylight,01 - Dry,02 - Stop sign,01 - Functioning,02 - Non-fatal injury,02 - Angle,0
16-6839,ARMAGH WAY btwn WOODFORD WAY & WOODPARK WAY,365026.29191,5017314.27258,-75.73215815110,45.29320132500,2016-07-20,10:59:00 AM,01 - Clear,01 - Daylight,01 - Dry,10 - No control,,03 - P.D. only,02 - Angle,0
16-6840,WELLINGTON ST    W btwn JULIAN AVE & CAROLINE AVE,364745.36254,5029088.83083,-75.73431242600,45.39917135020,2016-07-20,11:03:00 AM,01 - Clear,01 - Daylight,01 - Dry,10 - No control,,03 - P.D. only,04 - Sideswipe,0
16-6841,CAHILL DR @ HUNT CLUB RD,372405.25023,5024543.75154,-75.63710480060,45.35757878240,2016-07-20,9:30:00 AM,01 - Clear,01 - Daylight,01 - Dry,01 - Traffic signal,01 - Functioning,02 - Non-fatal injury,02 - Angle,0
16-6842,STRANDHERD DR @ WOODROFFE AVE,366106.38127,5015395.60355,-75.71862611390,45.27584386010,2016-07-20,11:58:00 AM,01 - Clear,01 - Daylight,01 - Dry,01 - Traffic signal,01 - Functioning,03 - P.D. only,03 - Rear end,0
16-6843,ST. LAURENT BLVD btwn INDUSTRIAL AVE & BOURASSA ST,373203.98147,5029767.22384,-75.62618747530,45.40449990170,2016-07-20,12:16:00 PM,01 - Clear,01 - Daylight,01 - Dry,10 - No control,,03 - P.D. only,05 - Turning movement,0
16-6844,BANK ST btwn BLAIS RD & RIDEAU RD,376641.34341,5018581.29078,-75.58390851420,45.30350999750,2016-07-20,12:33:00 PM,01 - Clear,01 - Daylight,01 - Dry,10 - No control,,02 - Non-fatal injury,02 - Angle,0