Record,Location,X,Y,Longitude,Latitude,Date,Time,Environment,Light,Road_Surface,Traffic_Control,Collision_Location,Collision_Classification,Impact_type,Pedestrian
16-6950,ANDERSON RD @ INNES RD,376280.52156,5031841.34436,-75.58659095310,45.42285425270,2016-07-23,7:08:00 PM,01 - Clear,01 - Daylight,01 - Dry,01 - Traffic signal,01 - Functioning,03 - P.D. only,02 - Angle,0
16-6951,WALKLEY RD btwn COLLISTON CRES & CEDARWOOD DR,371120.54822,5026409.87502,-75.65325009160,45.37449222950,2016-07-23,8:30:00 PM,01 - Clear,05 - Dusk,01 - Dry,10 - No control,,02 - Non-fatal injury,04 - Sideswipe,0
16-6952,CARLING AVE @ PRESTON ST,366829.93727,5028936.46249,-75.70770764080,45.39761879470,2016-07-23,11:13:00 PM,01 - Clear,07 - Dark,01 - Dry,01 - Traffic signal,01 - Functioning,03 - P.D. only,03 - Rear end,0
16-6953,CLARENCE ST @ PARENT AVE,367906.16244,5032417.35998,-75.69351696790,45.42884262320,2016-07-24,12:02:00 AM,01 - Clear,07 - Dark,01 - Dry,02 - Stop sign,01 - Functioning,03 - P.D. only,05 - Turning movement,0
16-6954,FALLOWFIELD RD btwn O'KEEFE CRT & CEDARVIEW RD,360975.34902,5015469.89665,-75.78400936460,45.27694101920,2016-07-24,12:39:00 AM,01 - Clear,07 - Dark,01 - Dry,10 - No control,,03 - P.D. only,01 - Approaching,0
16-6955,NAUGHTON ST btwn AVE. VINCENT MASSEY AVE & KING GEORGE ST,371317.50906,5032203.97015,-75.64995422300,45.42660651950,2016-07-24,12:00:00 AM,01 - Clear,00 - Unknown,01 - Dry,10 - No control,,03 - P.D. only,06 - SMV unattended vehicle,0
16-6956,TERRY FOX DR N @ FLAMBOROUGH WAY/INNOVATION DR,349383.55999,5022952.32990,-75.93107261770,45.34510073170,2016-07-24,11:52:00 AM,01 - Clear,01 - Daylight,01 - Dry,01 - Traffic signal,01 - Functioning,03 - P.D. only,03 - Rear end,0
16-6957,FOREST GREEN CRES btwn 8TH LINE RD & 8TH LINE RD,384845.64401,5014295.07943,-75.47999781180,45.26405850330,2016-07-24,12:30:00 PM,01 - Clear,01 - Daylight,01 - Dry,10 - No control,,03 - P.D. only,06 - SMV unattended vehicle,0
16-6958,MOCKINGBIRD DR btwn LAWNSBERRY DR & WARBLER BAY,382196.51023,5038889.31987,-75.50989568240,45.48563654360,2016-07-24,1:53:00 PM,01 - Clear,01 - Daylight,01 - Dry,10 - No control,,03 - P.D. only,06 - SMV unattended vehicle,0
16-6959,ELMIRA DR btwn COBDEN RD & LAMBETH WALK,361356.03994,5023940.14176,-75.77819064780,45.35312587950,2016-07-23,7:00:00 PM,01 - Clear,01 - Daylight,01 - Dry,10 - No control,,03 - P.D. only,06 - SMV unattended vehicle,0
16-6960,NATIONAL CAPITAL COMM DRWY btwn HOLLAND AVE & TUNIS AVE,365518.81829,5027759.63813,-75.72459748490,45.38714491730,2016-07-24,2:35:00 PM,01 - Clear,01 - Daylight,01 - Dry,10 - No control,,02 - Non-fatal injury,01 - Approaching,0
16-6961,IRVING AVE btwn WELLINGTON ST W & LAUREL ST,365691.56144,5029653.46739,-75.72215793720,45.40417016120,2016-07-22,7:00:00 PM,01 - Clear,01 - Daylight,01 - Dry,10 - No control,,03 - P.D. only,06 - SMV unattended vehicle,0
16-6962,BASELINE RD/HERON RD @ PRINCE OF WALES DR,366873.28081,5026438.43173,-75.70746824240,45.37513829120,2016-07-20,5:00:00 PM,01 - Clear,01 - Daylight,01 - Dry,01 - Traffic signal,01 - Functioning,03 - P.D. only,03 - Rear end,0
16-6963,BANK ST @ WELLINGTON ST,367258.16624,5031629.26226,-75.70189733930,45.42180974080,2016-07-24,3:45:00 PM,01 - Clear,01 - Daylight,01 - Dry,01 - Traffic signal,01 - Functioning,03 - P.D. only,03 - Rear end,0
16-6964,FALLOWFIELD RD btwn SHEA RD & EAGLESON RD,355430.42038,5012256.24990,-75.85500579930,45.24844502130,2016-07-24,4:26:00 PM,01 - Clear,01 - Daylight,01 - Dry,10 - No control,,03 - P.D. only,04 - Sideswipe,0
16-6965,ST. JOSEPH BLVD @ JEANNE D'ARC BLVD,379861.00881,5036471.31459,-75.54013801670,45.46413629060,2016-07-24,4:25:00 PM,01 - Clear,01 - Daylight,01 - Dry,11 - Roundabout,01 - Functioning,03 - P.D. only,04 - Sideswipe,0
16-6966,LEMIEUX ST @ ST. LAURENT BLVD,372391.49743,5031743.01895,-75.63629423470,45.42235613870,2016-07-24,4:45:00 PM,01 - Clear,01 - Daylight,01 - Dry,01 - Traffic signal,01 - Functioning,03 - P.D. only,05 - Turning movement,0
16-6967,INDUSTRIAL AVE @ NEIGHBORHOOD WAY,371093.40352,5030528.01165,-75.65304330730,45.41154822810,2016-07-24,5:14:00 PM,01 - Clear,01 - Daylight,01 - Dry,02 - Stop sign,01 - Functioning,03 - P.D. only,02 - Angle,0
16-6968,BLAIR RD @ INNES RD,375580.39121,5031439.96918,-75.59559405950,45.41931409340,2016-07-24,6:01:00 PM,01 - Clear,01 - Daylight,01 - Dry,01 - Traffic signal,01 - Functioning,03 - P.D. only,03 - Rear end,0
16-6969,INDUSTRIAL AVE @ RIVERSIDE DR,370684.03678,5030593.00795,-75.65826407080,45.41217169780,2016-07-24,6:42:00 PM,01 - Clear,01 - Daylight,01 - Dry,01 - Traffic signal,01 - Functioning,03 - P.D. only,04 - Sideswipe,0
16-6970,DONNELLY DR @ MALAKOFF RD,367936.36762,4989688.20430,-75.69855418570,45.04436448880,2016-07-24,7:20:00 PM,01 - Clear,01 - Daylight,01 - Dry,02 - Stop sign,01 - Functioning,02 - Non-fatal injury,02 - Angle,0
16-6971,MCCARTHY RD @ SOUTHMORE DR,369450.17124,5024837.78952,-75.67478015100,45.36050316360,2016-07-24,7:53:00 PM,01 - Clear,01 - Daylight,01 - Dry,02 - Stop sign,01 - Functioning,03 - P.D. only,07 - SMV other,0
16-6972,BAY ST @ SPARKS ST,366857.15774,5031280.27856,-75.70706496550,45.41870537790,2016-07-25,12:37:00 AM,01 - Clear,07 - Dark,01 - Dry,01 - Traffic signal,01 - Functioning,02 - Non-fatal injury,02 - Angle,0
16-6973,HUNTSVILLE DR btwn DRUMHELLER PL & HUNTSVILLE DR,348995.88800,5019789.10400,-75.93630185660,45.31666171670,2016-07-25,7:40:00 AM,02 - Rain,01 - Daylight,02 - Wet,10 - No control,,03 - P.D. only,06 - SMV unattended vehicle,0
16-6974,BREWER RD @ BRONSON AVE,368107.91074,5027766.43590,-75.69153615580,45.38697685070,2016-07-25,8:11:00 AM,02 - Rain,01 - Daylight,02 - Wet,01 - Traffic signal,01 - Functioning,03 - P.D. only,03 - Rear end,0
16-6975,BANK ST btwn SUNNYSIDE AVE & HOPEWELL AVE,368739.48143,5028570.64011,-75.68336739610,45.39415546370,2016-07-25,9:06:00 AM,01 - Clear,01 - Daylight,01 - Dry,10 - No control,,03 - P.D. only,04 - Sideswipe,0
16-6976,BREWER RD @ BRONSON AVE,368109.27437,5027766.89045,-75.69151868430,45.38698081780,2016-07-25,9:19:00 AM,02 - Rain,01 - Daylight,02 - Wet,01 - Traffic signal,01 - Functioning,03 - P.D. only,03 - Rear end,0
16-6977,IRVING AVE btwn WELLINGTON ST W & LAUREL ST,365643.19460,5029762.20356,-75.72276231100,45.40515274870,2016-07-25,12:00:00 AM,01 - Clear,00 - Unknown,01 - Dry,10 - No control,,03 - P.D. only,06 - SMV unattended vehicle,0
16-6978,CYRVILLE RD @ OGILVIE RD,372453.03728,5032006.02435,-75.63547182800,45.42471658910,2016-07-25,9:28:00 AM,02 - Rain,01 - Daylight,02 - Wet,01 - Traffic signal,01 - Functioning,03 - P.D. only,99 - Other,0
16-6979,MERIVALE RD @ 110 S OF BURRIS LANE/LOBLAWS SC,364814.55816,5024953.50340,-75.73393133880,45.36195649930,2016-07-25,10:19:00 AM,01 - Clear,01 - Daylight,01 - Dry,01 - Traffic signal,01 - Functioning,03 - P.D. only,02 - Angle,0
16-6980,ORLEANS BLVD btwn BEAUSEJOUR DR & BOYER RD,380804.90940,5035408.71122,-75.52823363780,45.45447377160,2016-07-25,10:27:00 AM,02 - Rain,01 - Daylight,02 - Wet,10 - No control,,02 - Non-fatal injury,03 - Rear end,0
16-6981,SOMERSET ST    W btwn ARTHUR ST & CAMBRIDGE ST N,366881.65345,5030424.47709,-75.70685980580,45.41100295440,2016-07-25,12:53:00 PM,01 - Clear,01 - Daylight,01 - Dry,10 - No control,,02 - Non-fatal injury,06 - SMV unattended vehicle,0
16-6982,MADELEINE MEILLEUR PRIV @ VANIER PKWY,369654.81520,5033359.30610,-75.67104781180,45.43715791250,2016-07-25,1:23:00 PM,02 - Rain,01 - Daylight,02 - Wet,01 - Traffic signal,01 - Functioning,03 - P.D. only,03 - Rear end,0
16-6983,ST. JOSEPH BLVD btwn DUSSERE ST & ST. JEAN ST,380864.85552,5037133.43373,-75.52720044600,45.46998491550,2016-07-25,2:42:00 PM,01 - Clear,01 - Daylight,01 - Dry,10 - No control,,03 - P.D. only,02 - Angle,0
16-6984,PICASSO DR btwn JESSICA PRIV & BLOHM DR,375015.25149,5026316.82937,-75.60354350950,45.37327561360,2016-07-25,12:00:00 AM,01 - Clear,00 - Unknown,01 - Dry,10 - No control,,03 - P.D. only,06 - SMV unattended vehicle,0
16-6985,LEPAGE AVE btwn CAVAN ST & KIRKWOOD AVE,364716.28531,5026589.90674,-75.73498717900,45.37668899830,2016-07-25,3:00:00 AM,01 - Clear,07 - Dark,01 - Dry,10 - No control,,03 - P.D. only,06 - SMV unattended vehicle,0
16-6986,MCARTON RD btwn LOWE RD & UPPER DWYER HILL RD,340069.68465,5007497.89527,-76.05102010300,45.20656398690,2016-07-25,2:30:00 PM,01 - Clear,01 - Daylight,01 - Dry,10 - No control,,02 - Non-fatal injury,07 - SMV other,0
16-6987,PAUL METIVIER DR btwn GLENDORE ST & TAPESTRY DR,365854.28555,5014688.21764,-75.72192585780,45.26950076200,2016-07-25,3:30:00 PM,01 - Clear,01 - Daylight,01 - Dry,10 - No control,,03 - P.D. only,07 - SMV other,0
16-6988,BANK ST @ HUNT CLUB RD,371609.56466,5024096.92028,-75.64731996410,45.35363461500,2016-07-25,4:10:00 PM,01 - Clear,01 - Daylight,01 - Dry,01 - Traffic signal,01 - Functioning,03 - P.D. only,07 - SMV other,0
16-6989,FALLOWFIELD RD @ GREENBANK RD,363080.90297,5016732.00075,-75.75702673990,45.28812607930,2016-07-25,4:32:00 PM,01 - Clear,01 - Daylight,01 - Dry,01 - Traffic signal,01 - Functioning,03 - P.D. only,03 - Rear end,0
16-6990,MARCH RD btwn TERRY FOX DR & SOLANDT RD,349930.74496,5023326.78163,-75.92405621590,45.34843513830,2016-06-30,4:46:00 PM,01 - Clear,01 - Daylight,01 - Dry,10 - No control,,02 - Non-fatal injury,02 - Angle,0
16-6991,BASELINE RD @ WOODROFFE AVE,362549.46293,5023770.50470,-75.76298038120,45.35150223140,2016-07-25,4:48:00 PM,01 - Clear,01 - Daylight,01 - Dry,01 - Traffic signal,01 - Functioning,03 - P.D. only,03 - Rear end,0
16-6992,ALBION RD @ LESTER RD,372694.51593,5022332.95045,-75.63371660990,45.33765882730,2016-07-25,4:58:00 PM,01 - Clear,01 - Daylight,01 - Dry,01 - Traffic signal,01 - Functioning,03 - P.D. only,05 - Turning movement,0
16-6993,ELGIN ST btwn SLATER ST & LAURIER AVE W (2),367899.11679,5031632.02965,-75.69370760440,45.42177712330,2016-07-25,5:15:00 PM,01 - Clear,01 - Daylight,01 - Dry,10 - No control,,03 - P.D. only,04 - Sideswipe,0
16-6994,COVENTRY RD @ 230 W OF ST. LAURENT BLVD/ST. LA,372081.34447,5031934.12033,-75.64023091720,45.42410547860,2016-07-25,4:58:00 PM,01 - Clear,01 - Daylight,01 - Dry,01 - Traffic signal,01 - Functioning,03 - P.D. only,05 - Turning movement,0
16-6995,STALWART CRES E @ WHITE ALDER AVE,375560.51400,5020782.20110,-75.59737475160,45.32342264100,2016-07-25,5:34:00 PM,01 - Clear,01 - Daylight,01 - Dry,02 - Stop sign,01 - Functioning,03 - P.D. only,02 - Angle,0
16-6996,GREENBANK RD @ STRANDHERD DR,363933.45663,5014784.41720,-75.74639123360,45.27053049950,2016-07-25,5:39:00 PM,01 - Clear,01 - Daylight,01 - Dry,01 - Traffic signal,01 - Functioning,03 - P.D. only,03 - Rear end,0
16-6997,RUSSELL RD btwn ST. LAURENT BLVD & ST. LAURENT BLVD,373451.32031,5029345.45969,-75.62308698200,45.40068085150,2016-07-25,5:43:00 PM,01 - Clear,01 - Daylight,01 - Dry,10 - No control,,03 - P.D. only,02 - Angle,0
16-6998,HOLLAND AVE @ WELLINGTON ST,364929.01958,5029153.09985,-75.73195893380,45.39973388070,2016-07-25,6:39:00 PM,01 - Clear,01 - Daylight,01 - Dry,01 - Traffic signal,01 - Functioning,02 - Non-fatal injury,03 - Rear end,0
16-6999,CAMPEAU DR @ TERRY FOX DR,350454.91888,5019011.36429,-75.91776520710,45.30957005220,2016-07-25,6:30:00 PM,01 - Clear,01 - Daylight,02 - Wet,01 - Traffic signal,01 - Functioning,03 - P.D. only,04 - Sideswipe,0
16-7000,COLONEL BY DR @ MAIN ST,368859.70370,5030913.33216,-75.68152773100,45.41522323840,2016-07-25,7:07:00 PM,01 - Clear,01 - Daylight,01 - Dry,02 - Stop sign,00 - Unknown,03 - P.D. only,03 - Rear end,0
16-7001,ALBION RD/COLLISTON CRES E @ WALKLEY RD,371032.55783,5026354.53420,-75.65438081050,45.37400261450,2016-07-25,10:13:00 PM,01 - Clear,07 - Dark,01 - Dry,01 - Traffic signal,01 - Functioning,02 - Non-fatal injury,05 - Turning movement,0
16-7002,TRIM RD btwn WALL RD & NAVAN RD,387666.28670,5034575.89064,-75.44066175060,45.44620095320,2016-07-26,12:09:00 AM,01 - Clear,07 - Dark,01 - Dry,10 - No control,,02 - Non-fatal injury,07 - SMV other,0
16-7003,RICHMOND RD btwn HWY417 IC130 RAMP25 & HWY417 IC130 RAMP35,359101.24973,5022838.33985,-75.80708673880,45.34339007630,2016-07-26,1:11:00 AM,01 - Clear,07 - Dark,01 - Dry,10 - No control,,03 - P.D. only,07 - SMV other,0
16-7004,LEES AVE btwn MAIN ST & ROSEMERE AVE,369045.41565,5030585.92131,-75.67919786590,45.41226028460,2016-07-26,2:40:00 AM,01 - Clear,07 - Dark,01 - Dry,10 - No control,,02 - Non-fatal injury,03 - Rear end,0
16-7005,QUEEN ST @ LYON ST,367018.16822,5031288.38371,-75.70500683020,45.41876400550,2016-07-26,3:26:00 AM,01 - Clear,07 - Dark,01 - Dry,01 - Traffic signal,01 - Functioning,03 - P.D. only,03 - Rear end,0
16-7006,ST. JOSEPH BLVD @ JEANNE D'ARC BLVD,379861.54143,5036470.78197,-75.54013128820,45.46413144140,2016-07-26,7:47:00 AM,01 - Clear,01 - Daylight,01 - Dry,11 - Roundabout,01 - Functioning,03 - P.D. only,02 - Angle,0
16-7007,ELGIN ST @ LAURIER AVE,367948.48263,5031549.57580,-75.69308743060,45.42103077640,2016-07-26,7:54:00 AM,01 - Clear,01 - Daylight,01 - Dry,01 - Traffic signal,01 - Functioning,03 - P.D. only,03 - Rear end,0
16-7008,COOPER ST @ ELGIN ST,368119.03218,5031271.58890,-75.69094408780,45.41851412850,2016-07-26,8:43:00 AM,01 - Clear,01 - Daylight,01 - Dry,01 - Traffic signal,01 - Functioning,02 - Non-fatal injury,05 - Turning movement,0
16-7009,FORESTGLADE CRES btwn WINNEGREEN CRT & FOLKWAY GT,375149.24900,5026616.16856,-75.60179030070,45.37595548670,2016-07-25,9:00:00 PM,01 - Clear,05 - Dusk,01 - Dry,10 - No control,,03 - P.D. only,06 - SMV unattended vehicle,0
16-7010,HWY417 IC126 RAMP26 btwn HWY417 IC126 RAMP16 & HWY417 IC126 RAMP62,363118.45139,5025979.81596,-75.75545865160,45.37133429340,2016-07-26,10:44:00 AM,01 - Clear,01 - Daylight,01 - Dry,10 - No control,,03 - P.D. only,03 - Rear end,0
16-7011,LEES AVE @ KING EDWARD AVE/MANN AVE,369179.64622,5031335.72799,-75.67738515610,45.41899443940,2016-07-26,9:30:00 AM,01 - Clear,01 - Daylight,01 - Dry,01 - Traffic signal,01 - Functioning,03 - P.D. only,03 - Rear end,0
16-7012,BANK ST @ PARKWAY RD,378746.53853,5014207.44150,-75.55771928730,45.26393758190,2016-07-26,11:56:00 AM,01 - Clear,01 - Daylight,01 - Dry,01 - Traffic signal,01 - Functioning,02 - Non-fatal injury,02 - Angle,0
16-7013,CUMBERLAND ST btwn CLARENCE ST & YORK ST,368215.60599,5032602.78198,-75.68953886510,45.43048299550,2016-07-24,11:00:00 AM,01 - Clear,01 - Daylight,02 - Wet,10 - No control,,03 - P.D. only,06 - SMV unattended vehicle,0
16-7014,VANIER PKWY NB btwn DESCHAMPS AVE & MONTREAL RD,370068.39162,5033066.50119,-75.66580100140,45.43448489300,2016-07-26,12:40:00 PM,01 - Clear,01 - Daylight,01 - Dry,10 - No control,,03 - P.D. only,04 - Sideswipe,0
16-7015,KING EDWARD AVE @ LAURIER AVE,368739.47993,5032034.12805,-75.68291818600,45.42531875790,2016-07-26,1:04:00 PM,01 - Clear,01 - Daylight,01 - Dry,01 - Traffic signal,01 - Functioning,03 - P.D. only,04 - Sideswipe,0
16-7016,FIFTH LINE RD btwn GREENLAND RD & BERRY SIDE RD,346655.21839,5030880.89836,-75.96521503110,45.41661193590,2016-07-26,1:04:00 PM,01 - Clear,01 - Daylight,01 - Dry,10 - No control,,02 - Non-fatal injury,07 - SMV other,0
16-7017,VICTOR ST btwn DENHAM WAY & GREER ST,350352.05563,5015159.38834,-75.91943070820,45.27491549290,2016-07-26,1:38:00 PM,01 - Clear,01 - Daylight,01 - Dry,10 - No control,,03 - P.D. only,06 - SMV unattended vehicle,0
16-7018,CARLING AVE @ RITCHIE ST,359587.98558,5024366.51230,-75.80070687560,45.35710272580,2016-07-26,2:58:00 PM,01 - Clear,01 - Daylight,01 - Dry,01 - Traffic signal,01 - Functioning,03 - P.D. only,03 - Rear end,0
16-7019,LAURIER AVE @ QUEEN ELIZABETH DRWY/LAURIER AVE,368075.58053,5031624.61389,-75.69145389610,45.42169445990,2016-07-26,3:11:00 PM,01 - Clear,01 - Daylight,01 - Dry,01 - Traffic signal,01 - Functioning,03 - P.D. only,03 - Rear end,0
16-7020,GLADSTONE AVE @ PRESTON ST,366489.47873,5029713.01295,-75.71195868180,45.40463607320,2016-07-26,3:25:00 PM,01 - Clear,01 - Daylight,01 - Dry,01 - Traffic signal,01 - Functioning,02 - Non-fatal injury,07 - SMV other,1
16-7021,WALKLEY RD btwn HERON RD & TURN LANE,372299.67510,5027101.63642,-75.63810268540,45.38060383780,2016-07-26,2:00:00 PM,01 - Clear,01 - Daylight,01 - Dry,10 - No control,,03 - P.D. only,04 - Sideswipe,0
16-7022,CASTLEFRANK RD @ HAZELDEAN RD,352678.10635,5017677.93288,-75.88954338150,45.29742348000,2016-07-25,8:45:00 PM,01 - Clear,05 - Dusk,01 - Dry,01 - Traffic signal,01 - Functioning,02 - Non-fatal injury,07 - SMV other,1
16-7023,LYON ST    N btwn ALBERT ST & SLATER ST,367070.20020,5031207.76572,-75.70435224350,45.41803400030,2016-07-26,3:51:00 PM,01 - Clear,01 - Daylight,01 - Dry,10 - No control,,03 - P.D. only,06 - SMV unattended vehicle,0
16-7024,KIRKWOOD AVE @ MERIVALE RD,364853.48186,5026646.32286,-75.73322874560,45.37718487580,2016-07-26,4:08:00 PM,01 - Clear,01 - Daylight,01 - Dry,01 - Traffic signal,01 - Functioning,03 - P.D. only,02 - Angle,0
16-7025,HIGHWAY 417 btwn HWY417 IC126 RAMP61 & HWY417 IC124 RAMP76,363272.86572,5026013.84312,-75.75348341150,45.37162759800,2016-07-26,4:13:00 PM,01 - Clear,01 - Daylight,01 - Dry,10 - No control,,03 - P.D. only,04 - Sideswipe,0
16-7026,HAZELDEAN RD btwn JINKINSON RD/HAZELDEAN IC RAMP 62 & KITTIWAKE DR,346977.24392,5012494.95363,-75.96266754740,45.25115034380,2016-07-26,8:30:00 AM,01 - Clear,01 - Daylight,01 - Dry,10 - No control,,03 - P.D. only,99 - Other,0
16-7027,MARCH RD @ TERRY FOX DR,349864.82814,5023400.16752,-75.92489069580,45.34909971930,2016-07-26,4:23:00 PM,01 - Clear,01 - Daylight,01 - Dry,01 - Traffic signal,01 - Functioning,03 - P.D. only,03 - Rear end,0
16-7028,CLEMOW AVE @ BRONSON AVE,367422.36651,5029395.48761,-75.70008315350,45.40169623600,2016-07-26,4:32:00 PM,01 - Clear,01 - Daylight,01 - Dry,02 - Stop sign,01 - Functioning,03 - P.D. only,03 - Rear end,0
16-7029,MAITLAND AVE btwn HWY417 IC126 RAMP63 & HWY417 IC126 RAMP52,363187.65839,5025874.33728,-75.75458764090,45.37037944640,2016-07-26,4:42:00 PM,01 - Clear,01 - Daylight,01 - Dry,10 - No control,,03 - P.D. only,04 - Sideswipe,0
16-7030,KENT ST @ WELLINGTON ST,367097.01598,5031526.57350,-75.70396933280,45.42090014770,2016-07-26,4:57:00 PM,01 - Clear,01 - Daylight,01 - Dry,01 - Traffic signal,01 - Functioning,02 - Non-fatal injury,04 - Sideswipe,0
16-7031,FALLOWFIELD RD @ GREENBANK RD,363081.35752,5016732.90985,-75.75702083960,45.28813422170,2016-07-26,3:40:00 PM,01 - Clear,01 - Daylight,01 - Dry,01 - Traffic signal,01 - Functioning,03 - P.D. only,03 - Rear end,0
16-7032,GREENBANK RD btwn HWY417 IC129 RAMP35 & HWY417 IC129 RAMP25,360513.79391,5023358.40854,-75.78900470900,45.34795887900,2016-07-26,5:31:00 PM,01 - Clear,01 - Daylight,01 - Dry,10 - No control,,02 - Non-fatal injury,03 - Rear end,0
16-7033,FOREST VALLEY DR @ ORLEANS BLVD,380258.74870,5034820.71961,-75.53530581880,45.44924266400,2016-07-26,5:52:00 PM,01 - Clear,01 - Daylight,01 - Dry,01 - Traffic signal,01 - Functioning,03 - P.D. only,05 - Turning movement,0
16-7034,CAMBRIAN RD @ GRAND CANAL ST,364186.26370,5012513.46130,-75.74344113270,45.25007507120,2016-07-26,6:10:00 PM,01 - Clear,01 - Daylight,01 - Dry,02 - Stop sign,01 - Functioning,03 - P.D. only,05 - Turning movement,0
16-7035,KENT ST @ WELLINGTON ST,367097.47053,5031526.57350,-75.70396352580,45.42090010730,2016-07-25,7:30:00 AM,02 - Rain,01 - Daylight,02 - Wet,01 - Traffic signal,01 - Functioning,02 - Non-fatal injury,05 - Turning movement,0
16-7036,LEASIDE AVE @ MERIVALE RD,364875.62008,5027276.23196,-75.73286946210,45.38285078490,2016-07-26,6:53:00 PM,01 - Clear,01 - Daylight,01 - Dry,02 - Stop sign,01 - Functioning,03 - P.D. only,07 - SMV other,0
16-7037,BRONSON AVE @ THIRD AVE,367551.63048,5029087.78772,-75.69847129060,45.39891606640,2016-07-26,7:09:00 PM,01 - Clear,01 - Daylight,01 - Dry,02 - Stop sign,01 - Functioning,02 - Non-fatal injury,03 - Rear end,0
16-7038,TERRY FOX DR N @ FLAMBOROUGH WAY/INNOVATION DR,349387.43327,5022956.06415,-75.93102285660,45.34513408760,2016-07-26,7:34:00 PM,01 - Clear,01 - Daylight,01 - Dry,01 - Traffic signal,01 - Functioning,03 - P.D. only,03 - Rear end,0
16-7039,WOODROFFE AVE @ QUEENSBURY DR/RIDEAUCREST DR,365727.38060,5016329.10813,-75.72334158570,45.28427643510,2016-07-26,8:30:00 PM,01 - Clear,05 - Dusk,01 - Dry,01 - Traffic signal,01 - Functioning,02 - Non-fatal injury,03 - Rear end,0
16-7040,TRIM RD btwn WALL RD & NAVAN RD,388090.19061,5033570.99131,-75.43541369350,45.43710952090,2016-07-26,9:35:00 PM,01 - Clear,07 - Dark,01 - Dry,10 - No control,,02 - Non-fatal injury,01 - Approaching,0
16-7041,DONALD ST @ ST. LAURENT BLVD,372093.49336,5032472.36536,-75.64000214810,45.42894718970,2016-07-26,10:10:00 PM,01 - Clear,07 - Dark,01 - Dry,01 - Traffic signal,01 - Functioning,02 - Non-fatal injury,05 - Turning movement,0
16-7042,ALBERT ST @ LYON ST,367062.92747,5031219.58390,-75.70444366690,45.41814098410,2016-07-27,7:15:00 AM,01 - Clear,01 - Daylight,01 - Dry,01 - Traffic signal,01 - Functioning,02 - Non-fatal injury,07 - SMV other,1
16-7043,MEADOWLANDS DR btwn PRINCE OF WALES DR & DEBRA AVE,367232.21171,5025601.96537,-75.70299169500,45.36758007440,2016-07-27,7:21:00 AM,01 - Clear,01 - Daylight,01 - Dry,10 - No control,,03 - P.D. only,02 - Angle,0
16-7044,RIVERSIDE DR @ HERON RD,368120.75055,5026646.83419,-75.69151580450,45.37690182250,2016-07-27,8:25:00 AM,01 - Clear,01 - Daylight,01 - Dry,01 - Traffic signal,01 - Functioning,03 - P.D. only,03 - Rear end,0
16-7045,FISHER AVE btwn CARLING AVE & HOLLAND AVE,365343.42068,5027950.27767,-75.72681378710,45.38887543590,2016-07-27,8:37:00 AM,01 - Clear,01 - Daylight,01 - Dry,10 - No control,,03 - P.D. only,03 - Rear end,0
16-7046,RIVERSIDE DR @ 175 S OF HUNT CLUB  RD/RUNWAY C,368029.05397,5021769.15568,-75.69331030810,45.33302187150,2016-07-27,8:39:00 AM,01 - Clear,01 - Daylight,01 - Dry,01 - Traffic signal,01 - Functioning,03 - P.D. only,05 - Turning movement,0
16-7047,CARLING AVE @ KIRKWOOD AVE N,364275.47266,5027494.19282,-75.74050605190,45.38486316920,2016-07-27,8:46:00 AM,01 - Clear,01 - Daylight,01 - Dry,01 - Traffic signal,01 - Functioning,03 - P.D. only,03 - Rear end,0
16-7048,BEAUSEJOUR DR @ CHAMPNEUF DR,381546.52123,5036132.56820,-75.51864012300,45.46090538820,2016-07-27,7:20:00 AM,01 - Clear,01 - Daylight,01 - Dry,02 - Stop sign,01 - Functioning,03 - P.D. only,02 - Angle,0
16-7049,SHEA RD btwn TO BE DETERMINED & FALLOWFIELD RD,353861.02637,5011225.81256,-75.87509917290,45.23928398570,2016-07-26,8:00:00 PM,01 - Clear,01 - Daylight,01 - Dry,10 - No control,,03 - P.D. only,04 - Sideswipe,0
16-7050,LEITRIM RD btwn FENTON RD & BANK ST,374955.79233,5021324.23153,-75.60501086770,45.32836031660,2016-07-26,5:45:00 AM,01 - Clear,03 - Dawn,01 - Dry,10 - No control,,02 - Non-fatal injury,04 - Sideswipe,0
16-7051,BANK ST btwn SECOND AVE & THIRD AVE,368330.11989,5029565.19926,-75.68846711820,45.40314145960,2016-07-26,5:00:00 PM,01 - Clear,01 - Daylight,01 - Dry,10 - No control,,02 - Non-fatal injury,03 - Rear end,0
16-7052,ALTA VISTA DR @ SMYTH RD,370433.39772,5029081.10295,-75.66166714540,45.39859170310,2016-07-27,11:05:00 AM,01 - Clear,01 - Daylight,01 - Dry,01 - Traffic signal,01 - Functioning,03 - P.D. only,05 - Turning movement,0
16-7053,KARSH DR @ FARDON WAY/TOPLEY CRES E,374093.64091,5026247.86538,-75.61531820880,45.37274684400,2016-07-27,11:12:00 AM,01 - Clear,01 - Daylight,01 - Dry,02 - Stop sign,01 - Functioning,03 - P.D. only,05 - Turning movement,0
16-7054,AGES DR @ HAWTHORNE RD,374972.42302,5027717.53580,-75.60389117370,45.38588279240,2016-07-27,11:31:00 AM,01 - Clear,01 - Daylight,01 - Dry,01 - Traffic signal,01 - Functioning,03 - P.D. only,05 - Turning movement,0
16-7055,DRUMSO ST @ MARGRAVE AVE E,372611.86594,5025513.33745,-75.63433487450,45.36628280090,2016-07-27,11:35:00 AM,01 - Clear,01 - Daylight,01 - Dry,02 - Stop sign,01 - Functioning,03 - P.D. only,02 - Angle,0