Record,Location,X,Y,Longitude,Latitude,Date,Time,Environment,Light,Road_Surface,Traffic_Control,Collision_Location,Collision_Classification,Impact_type,Pedestrian
16-7056,ST. LAURENT BLVD btwn DUNBARTON CRT & MONTREAL RD,371504.11199,5033913.50379,-75.64733821890,45.44197034820,2016-07-27,12:03:00 PM,01 - Clear,01 - Daylight,01 - Dry,10 - No control,,03 - P.D. only,03 - Rear end,0
16-7057,O'CONNOR ST @ SLATER ST,367579.02308,5031451.93984,-75.69782036570,45.42018553060,2016-07-27,12:10:00 PM,01 - Clear,01 - Daylight,01 - Dry,01 - Traffic signal,01 - Functioning,02 - Non-fatal injury,07 - SMV other,1
16-7058,PRINCE OF WALES DR btwn STRANDHERD DR & BARNSTONE DR,367231.17609,5014970.56252,-75.70434498560,45.27192040100,2016-07-27,10:00:00 AM,01 - Clear,01 - Daylight,01 - Dry,10 - No control,,03 - P.D. only,03 - Rear end,0
16-7059,MITCH OWENS RD/BRIDGE ST @ RIVER RD,369500.06968,5010769.88971,-75.67597880040,45.23391810610,2016-07-27,12:34:00 PM,01 - Clear,01 - Daylight,01 - Dry,01 - Traffic signal,01 - Functioning,03 - P.D. only,05 - Turning movement,0
16-7060,METCALFE ST btwn LISGAR ST & COOPER ST,367919.96778,5031243.52500,-75.69349096480,45.41827960580,2016-07-27,11:58:00 AM,01 - Clear,01 - Daylight,01 - Dry,10 - No control,,03 - P.D. only,04 - Sideswipe,0
16-7061,ELGIN ST btwn QUEEN ST & ALBERT ST (1),367842.30251,5031724.30867,-75.69442170730,45.42261254120,2016-07-27,12:04:00 PM,01 - Clear,01 - Daylight,01 - Dry,10 - No control,,03 - P.D. only,04 - Sideswipe,0
16-7062,SLATER ST btwn KENT ST & BANK ST,367342.65865,5031303.74064,-75.70085910540,45.41887325070,2016-07-27,1:31:00 PM,01 - Clear,01 - Daylight,01 - Dry,10 - No control,,03 - P.D. only,04 - Sideswipe,0
16-7063,HAZELDEAN RD @ TERRY FOX DR,352207.65196,5017241.86649,-75.89558312990,45.29353154400,2016-07-27,1:29:00 PM,01 - Clear,01 - Daylight,01 - Dry,01 - Traffic signal,01 - Functioning,03 - P.D. only,02 - Angle,0
16-7064,PHOENIX CRES btwn PAYETTE DR & LEANNE ST,383227.68696,5037335.66876,-75.49695431740,45.47154311380,2016-07-27,1:47:00 PM,01 - Clear,01 - Daylight,01 - Dry,10 - No control,,03 - P.D. only,06 - SMV unattended vehicle,0
16-7065,WOODROFFE AVE @ KNOXDALE RD/MEDHURST DR,363419.59229,5021826.60285,-75.75210676200,45.33393897300,2016-07-27,1:46:00 PM,01 - Clear,01 - Daylight,01 - Dry,01 - Traffic signal,01 - Functioning,02 - Non-fatal injury,99 - Other,0
16-7066,RIDEAU ST btwn CUMBERLAND ST & KING EDWARD AVE,368490.69057,5032401.26502,-75.68604966110,45.42864482110,2016-07-27,1:58:00 PM,01 - Clear,01 - Daylight,01 - Dry,10 - No control,,03 - P.D. only,05 - Turning movement,0
16-7067,HAWTHORNE RD btwn DAVIDSON RD & LEITRIM RD,376646.48908,5023635.20311,-75.58310955530,45.34898233430,2016-07-27,1:59:00 PM,01 - Clear,01 - Daylight,01 - Dry,10 - No control,,02 - Non-fatal injury,07 - SMV other,0
16-7068,MITCH OWENS RD/BRIDGE ST @ RIVER RD,369500.66205,5010771.13197,-75.67597109480,45.23392922980,2016-07-27,3:00:00 PM,01 - Clear,01 - Daylight,01 - Dry,01 - Traffic signal,01 - Functioning,02 - Non-fatal injury,03 - Rear end,0
16-7069,REGIONAL ROAD 174 EB btwn OR174 IC109 RAMP55 & TRANSIT,376510.83127,5035071.98214,-75.58317769880,45.45189795970,2016-07-27,3:55:00 PM,01 - Clear,01 - Daylight,01 - Dry,10 - No control,,03 - P.D. only,03 - Rear end,0
16-7070,ALBERT ST btwn LYON ST N & KENT ST,367082.92747,5031230.94754,-75.70418670800,45.41824145020,2016-07-27,4:10:00 PM,01 - Clear,01 - Daylight,01 - Dry,10 - No control,,03 - P.D. only,03 - Rear end,0
16-7071,PRINCE OF WALES DR btwn BORDEN SIDE RD & NORMANDY CRES,367199.18807,5024237.82589,-75.70358546820,45.35530878350,2016-07-27,4:37:00 PM,01 - Clear,01 - Daylight,01 - Dry,10 - No control,,02 - Non-fatal injury,03 - Rear end,0
16-7072,BANK ST @ CATHERINE ST,368038.56904,5030267.57200,-75.69210092630,45.40948758810,2016-07-27,4:40:00 PM,01 - Clear,01 - Daylight,01 - Dry,01 - Traffic signal,01 - Functioning,02 - Non-fatal injury,07 - SMV other,1
16-7073,WEST HUNT CLUB RD EB btwn MERIVALE RD & SUNDERLAND ST,365806.33492,5022050.98563,-75.72163081240,45.33575449550,2016-07-27,4:42:00 PM,01 - Clear,01 - Daylight,01 - Dry,10 - No control,,03 - P.D. only,04 - Sideswipe,0
16-7074,BASELINE RD @ MERIVALE RD,365054.46913,5025325.06035,-75.73082391620,45.36527912970,2016-07-27,4:55:00 PM,01 - Clear,01 - Daylight,01 - Dry,01 - Traffic signal,01 - Functioning,03 - P.D. only,03 - Rear end,0
16-7075,TERRY FOX DR btwn 329 N OF CAMPEAU DR/SIGNATURE CENTRE & CAMPEAU DR,350289.15847,5019037.82602,-75.91987660270,45.30981891800,2016-07-27,5:01:00 PM,01 - Clear,01 - Daylight,01 - Dry,10 - No control,,02 - Non-fatal injury,02 - Angle,0
16-7076,HUNT CLUB RD @ RIVERSIDE DR,368035.87484,5021945.08442,-75.69320081760,45.33460422900,2016-07-27,5:06:00 PM,01 - Clear,01 - Daylight,01 - Dry,01 - Traffic signal,01 - Functioning,03 - P.D. only,05 - Turning movement,0
16-7077,ST. LAURENT BLVD @ COVENTRY RD/OGILVIE RD,372306.85182,5031952.75091,-75.63734699860,45.42425138200,2016-07-27,5:16:00 PM,01 - Clear,01 - Daylight,01 - Dry,01 - Traffic signal,01 - Functioning,03 - P.D. only,03 - Rear end,0
16-7078,CARLING AVE EB btwn FOX CRES & WOODROFFE AVE,361694.27451,5025679.14986,-75.77367400740,45.36874599400,2016-07-27,6:20:00 PM,01 - Clear,01 - Daylight,01 - Dry,10 - No control,,03 - P.D. only,04 - Sideswipe,0
16-7079,KING EDWARD AVE @ SOMERSET ST/MARIE CURIE PRIV,368958.39212,5031673.57770,-75.68016795680,45.42205461300,2016-07-27,6:50:00 PM,01 - Clear,01 - Daylight,01 - Dry,01 - Traffic signal,01 - Functioning,03 - P.D. only,01 - Approaching,0
16-7080,BASELINE RD @ FARLANE BLVD,365356.91937,5025516.16976,-75.72693992830,45.36697263460,2016-07-27,7:02:00 PM,01 - Clear,01 - Daylight,01 - Dry,01 - Traffic signal,01 - Functioning,02 - Non-fatal injury,02 - Angle,0
16-7081,PRESTON ST btwn CARLING AVE & PRINCE OF WALES DR,366839.48273,5028912.37158,-75.70758876150,45.39740118540,2016-07-27,7:25:00 PM,01 - Clear,01 - Daylight,01 - Dry,10 - No control,,03 - P.D. only,04 - Sideswipe,0
16-7082,WOODFIELD DR btwn DOWNSVIEW CRES & MERIVALE RD,365438.38292,5022290.77163,-75.72629563330,45.33794395430,2016-07-27,7:37:00 PM,01 - Clear,01 - Daylight,01 - Dry,10 - No control,,03 - P.D. only,05 - Turning movement,0
16-7083,YORK ST EB btwn BY WARD MARKET SQ & SUSSEX DR,367937.96944,5032322.04626,-75.69312274150,45.42798215290,2016-07-27,8:30:00 PM,01 - Clear,05 - Dusk,01 - Dry,10 - No control,,03 - P.D. only,06 - SMV unattended vehicle,0
16-7084,WALKLEY RD btwn LANCASTER RD & SHEFFIELD RD,375254.86048,5028783.17374,-75.60013271660,45.39544251400,2016-07-27,9:15:00 PM,01 - Clear,07 - Dark,01 - Dry,10 - No control,,02 - Non-fatal injury,03 - Rear end,0
16-7085,PONDHOLLOW WAY btwn SILVERTHORN CRT & GOLFLINKS DR,365818.99310,5013538.63184,-75.72251679780,45.25915987730,2016-07-27,10:24:00 PM,01 - Clear,07 - Dark,01 - Dry,10 - No control,,03 - P.D. only,06 - SMV unattended vehicle,0
16-7086,BYRON AVE @ HOLLAND AVE,365013.56394,5028959.01015,-75.73090282260,45.39798023750,2016-07-28,12:02:00 AM,01 - Clear,07 - Dark,01 - Dry,02 - Stop sign,01 - Functioning,03 - P.D. only,07 - SMV other,0
16-7087,STRANDHERD DR @ WOODROFFE AVE,366105.76338,5015395.14900,-75.71863404470,45.27583982350,2016-07-28,12:48:00 AM,01 - Clear,07 - Dark,01 - Dry,01 - Traffic signal,01 - Functioning,02 - Non-fatal injury,02 - Angle,0
16-7088,YOHO DR btwn KOKANEE GT & SAUBLE DR,355038.64475,5017506.03408,-75.85946524630,45.29571187750,2016-07-27,12:00:00 AM,01 - Clear,00 - Unknown,01 - Dry,10 - No control,,03 - P.D. only,06 - SMV unattended vehicle,0
16-7089,BRONSON AVE/BRONSON/HERON RAMP 35 @ HERON RD,368641.11739,5026697.08515,-75.68486589810,45.37730674700,2016-07-28,8:10:00 AM,01 - Clear,01 - Daylight,01 - Dry,01 - Traffic signal,01 - Functioning,03 - P.D. only,03 - Rear end,0
16-7090,LANCASTER RD @ WALKLEY RD,374908.74050,5028601.39309,-75.60457873640,45.39384168310,2016-07-28,8:52:00 AM,01 - Clear,01 - Daylight,01 - Dry,01 - Traffic signal,01 - Functioning,03 - P.D. only,03 - Rear end,0
16-7091,HAWTHORNE RD btwn STEVENAGE DR & HUNT CLUB RD,375486.61354,5026453.80193,-75.59750665200,45.37446063770,2016-07-28,8:59:00 AM,01 - Clear,01 - Daylight,01 - Dry,10 - No control,,03 - P.D. only,04 - Sideswipe,0
16-7092,HENLEY ST btwn MAPLEWOOD AVE & DUNDEE AVE,360522.84581,5024432.59849,-75.78876814030,45.35762369330,2016-07-26,7:30:00 PM,01 - Clear,01 - Daylight,01 - Dry,10 - No control,,03 - P.D. only,06 - SMV unattended vehicle,0
16-7093,BRONSON AVE/BRONSON/HERON RAMP 35 @ HERON RD,368640.99893,5026697.89176,-75.68486730670,45.37731401540,2016-07-28,11:50:00 AM,01 - Clear,01 - Daylight,01 - Dry,01 - Traffic signal,01 - Functioning,03 - P.D. only,03 - Rear end,0
16-7094,CARP RD btwn LLOYDALEX CRES & ROTHBOURNE RD,348054.22214,5015092.37197,-75.94872145830,45.27445756370,2016-07-28,1:06:00 PM,01 - Clear,01 - Daylight,01 - Dry,10 - No control,,03 - P.D. only,99 - Other,0
16-7095,CARLING AVE @ BROADVIEW AVE,363180.60174,5026638.52083,-75.75458739270,45.37725605960,2016-07-28,1:36:00 PM,01 - Clear,01 - Daylight,01 - Dry,01 - Traffic signal,01 - Functioning,03 - P.D. only,04 - Sideswipe,0
16-7096,WEST HUNT CLUB RD @ ROYDON PL/SUNDERLAND ST,365973.39746,5022170.39591,-75.71948472730,45.33681438730,2016-07-28,2:38:00 PM,01 - Clear,01 - Daylight,01 - Dry,01 - Traffic signal,01 - Functioning,03 - P.D. only,05 - Turning movement,0
16-7097,GREENBANK RD @ HARRISON ST/ASHGROVE CRES,360839.60693,5022007.40724,-75.78500018490,45.33577663480,2016-07-28,2:51:00 PM,01 - Clear,01 - Daylight,01 - Dry,01 - Traffic signal,01 - Functioning,03 - P.D. only,05 - Turning movement,0
16-7098,CARLING AVE EB btwn RIDDELL AVE N & MAITLAND AVE,362905.19790,5026448.52710,-75.75812584960,45.37556941340,2016-07-28,3:21:00 PM,01 - Clear,01 - Daylight,01 - Dry,10 - No control,,03 - P.D. only,03 - Rear end,0
16-7099,WEST HUNT CLUB RD @ ROYDON PL/SUNDERLAND ST,365973.31698,5022169.49020,-75.71948586620,45.33680624500,2016-07-28,3:22:00 PM,01 - Clear,01 - Daylight,01 - Dry,01 - Traffic signal,01 - Functioning,03 - P.D. only,04 - Sideswipe,0
16-7100,ALBERT ST @ ELGIN ST/MACKENZIE KING BRIDGE,367849.57524,5031711.58140,-75.69433041210,45.42249736980,2016-07-28,3:30:00 PM,01 - Clear,01 - Daylight,01 - Dry,01 - Traffic signal,01 - Functioning,03 - P.D. only,03 - Rear end,0
16-7101,BASELINE RD @ CLYDE AVE,364358.40479,5024890.72236,-75.73976105510,45.36143050730,2016-07-28,2:05:00 PM,01 - Clear,01 - Daylight,01 - Dry,01 - Traffic signal,01 - Functioning,03 - P.D. only,03 - Rear end,0
16-7102,BELFAST RD @ ST. LAURENT BLVD,372860.49683,5030578.56200,-75.63046273330,45.41183343260,2016-07-28,3:35:00 PM,01 - Clear,01 - Daylight,01 - Dry,01 - Traffic signal,01 - Functioning,03 - P.D. only,05 - Turning movement,0
16-7103,COVENTRY RD @ VANIER PKWY,370676.16536,5031612.80069,-75.65822829720,45.42134811970,2016-07-28,3:45:00 PM,01 - Clear,01 - Daylight,01 - Dry,01 - Traffic signal,01 - Functioning,03 - P.D. only,03 - Rear end,0
16-7104,CUMMINGS AVE @ DONALD ST,372650.49463,5032411.12445,-75.63289303450,45.42834236010,2016-07-28,4:20:00 PM,01 - Clear,01 - Daylight,01 - Dry,01 - Traffic signal,01 - Functioning,03 - P.D. only,03 - Rear end,0
16-7105,INNES RD @ ORLEANS BLVD,380461.47692,5034297.76664,-75.53279485320,45.44451561620,2016-07-28,4:00:00 PM,01 - Clear,01 - Daylight,01 - Dry,01 - Traffic signal,01 - Functioning,03 - P.D. only,03 - Rear end,0
16-7106,CARP RD @ MARCH RD,342163.89668,5021731.84938,-76.02329083990,45.33454012730,2016-07-28,5:30:00 PM,01 - Clear,01 - Daylight,01 - Dry,01 - Traffic signal,01 - Functioning,03 - P.D. only,02 - Angle,0
16-7107,STRANDHERD DR @ LONGFIELDS DR,364548.41700,5015175.10626,-75.73850773260,45.27399394170,2016-07-28,6:31:00 PM,01 - Clear,01 - Daylight,01 - Dry,01 - Traffic signal,01 - Functioning,03 - P.D. only,03 - Rear end,0
16-7108,TERRY FOX DR @ FERNBANK RD,354304.31772,5015130.47400,-75.86906423190,45.27438816610,2016-07-28,7:10:00 PM,01 - Clear,01 - Daylight,01 - Dry,01 - Traffic signal,01 - Functioning,03 - P.D. only,05 - Turning movement,0
16-7109,RIDEAU ST btwn CHARLOTTE ST & WURTEMBURG ST,369274.96953,5032875.48817,-75.67596572640,45.43283983920,2016-07-28,8:27:00 PM,01 - Clear,05 - Dusk,01 - Dry,10 - No control,,03 - P.D. only,04 - Sideswipe,0
16-7110,MERIVALE RD @ ANNA AVE/LAPERRIERE AVE,364859.99152,5027164.94125,-75.73308255180,45.38185075200,2016-07-28,9:09:00 PM,01 - Clear,07 - Dark,01 - Dry,01 - Traffic signal,01 - Functioning,03 - P.D. only,05 - Turning movement,0
16-7111,RUSSLAND RD btwn ROCKDALE RD & DUNNING RD,395628.37046,5022592.60364,-75.34110263180,45.33740097320,2016-07-28,10:54:00 PM,01 - Clear,07 - Dark,01 - Dry,10 - No control,,02 - Non-fatal injury,07 - SMV other,0
16-7112,CAMBRIAN RD @ CEDARVIEW RD,363002.67140,5011835.64464,-75.75859772550,45.24407490450,2016-07-29,3:27:00 AM,"07 - Fog, mist, smoke, dust",07 - Dark,01 - Dry,02 - Stop sign,01 - Functioning,03 - P.D. only,03 - Rear end,0
16-7113,YORK ST WB btwn BYWARD MARKE SQ & SUSSEX DR,367887.66898,5032316.91918,-75.69376615270,45.42794055980,2016-07-29,3:16:00 AM,01 - Clear,07 - Dark,01 - Dry,10 - No control,,03 - P.D. only,06 - SMV unattended vehicle,0
16-7114,CHAMPLAIN ST @ PLACE D'ORLEANS  SC E/PLACE D'O,381519.99095,5038374.57264,-75.51862927390,45.48107997290,2016-07-29,6:31:00 AM,01 - Clear,01 - Daylight,01 - Dry,01 - Traffic signal,01 - Functioning,03 - P.D. only,05 - Turning movement,0
16-7115,ST. PATRICK ST/ST. ANDREW ST @ BEAUSOLEIL DR,368427.77334,5033069.77428,-75.68676726100,45.43466555070,2016-07-29,7:24:00 AM,01 - Clear,01 - Daylight,01 - Dry,01 - Traffic signal,01 - Functioning,03 - P.D. only,03 - Rear end,0
16-7116,BANK ST btwn MASON ST & MEADOW DR,378120.90686,5015040.99825,-75.56556741460,45.27150308640,2016-07-29,7:33:00 AM,01 - Clear,01 - Daylight,01 - Dry,10 - No control,,02 - Non-fatal injury,03 - Rear end,0
16-7117,EARL ARMSTRONG RD @ RIVER RD,367572.05988,5014683.73888,-75.70003726880,45.26930923950,2016-07-29,7:37:00 AM,01 - Clear,01 - Daylight,01 - Dry,01 - Traffic signal,01 - Functioning,03 - P.D. only,05 - Turning movement,0
16-7118,400 E OF TRAINYARDS DR @ INDUSTRIAL AVE,372091.63320,5030434.62290,-75.64030422470,45.41061268460,2016-07-29,8:31:00 AM,01 - Clear,01 - Daylight,01 - Dry,01 - Traffic signal,01 - Functioning,03 - P.D. only,99 - Other,0
16-7119,NORICE ST btwn VIEWMOUNT DR & MALCOLM PL,364113.09848,5022971.96487,-75.74312219170,45.34418655270,2016-07-28,10:30:00 PM,01 - Clear,07 - Dark,01 - Dry,10 - No control,,03 - P.D. only,07 - SMV other,0
16-7120,FISHER AVE @ PRINCE OF WALES DR,367163.08253,5023943.20016,-75.70408341040,45.35266101360,2016-07-29,12:57:00 PM,01 - Clear,01 - Daylight,01 - Dry,01 - Traffic signal,01 - Functioning,02 - Non-fatal injury,07 - SMV other,0
16-7121,BANK ST @ RIVERSIDE DR N,369225.94317,5027983.54600,-75.67723162090,45.38882839280,2016-07-29,10:11:00 AM,01 - Clear,01 - Daylight,01 - Dry,01 - Traffic signal,01 - Functioning,02 - Non-fatal injury,02 - Angle,0
16-7122,RIVERSIDE DR NB btwn INDUSTRIAL AVE & TREMBLAY RD,370808.89628,5030994.08972,-75.65661531910,45.41576870240,2016-07-28,4:45:00 PM,01 - Clear,01 - Daylight,01 - Dry,10 - No control,,03 - P.D. only,04 - Sideswipe,0
16-7123,MCARTHUR AVE @ VANIER PKWY,370218.24004,5032691.85128,-75.66393576310,45.43109994740,2016-07-29,11:20:00 AM,01 - Clear,01 - Daylight,01 - Dry,01 - Traffic signal,01 - Functioning,03 - P.D. only,03 - Rear end,0
16-7124,CUMBERLAND ST btwn RIDEAU ST & BESSERER ST,368410.71410,5032269.59207,-75.68708864330,45.42746735390,2016-07-29,12:10:00 PM,01 - Clear,01 - Daylight,01 - Dry,10 - No control,,03 - P.D. only,06 - SMV unattended vehicle,0
16-7125,AURIGA DR btwn ANTARES DR & DEAKIN ST (1),367139.66390,5021582.24941,-75.70467976940,45.33141969410,2016-07-29,12:29:00 PM,01 - Clear,01 - Daylight,01 - Dry,10 - No control,,03 - P.D. only,06 - SMV unattended vehicle,0
16-7126,INDUSTRIAL AVE/INNES RD @ ST. LAURENT BLVD,373099.50013,5030005.56670,-75.62748898080,45.40665460340,2016-07-29,12:52:00 PM,01 - Clear,01 - Daylight,01 - Dry,01 - Traffic signal,01 - Functioning,03 - P.D. only,03 - Rear end,0
16-7127,CAMERON ST @ REGIONAL RD 174,389860.54633,5042616.65521,-75.41122332100,45.51827884050,2016-07-29,1:11:00 PM,01 - Clear,01 - Daylight,01 - Dry,01 - Traffic signal,01 - Functioning,03 - P.D. only,03 - Rear end,0
16-7128,HAZELDEAN RD @ 246 E OF CASTLEFRANK RD/FARMBOY,352859.34487,5017840.89320,-75.88721688780,45.29887746180,2016-07-29,1:34:00 PM,01 - Clear,01 - Daylight,01 - Dry,01 - Traffic signal,01 - Functioning,03 - P.D. only,05 - Turning movement,0
16-7129,AMBLESIDE DR btwn MCEWEN AVE & NEW ORCHARD AVE,361072.44273,5026078.81537,-75.78156630190,45.37239235970,2016-07-29,2:49:00 PM,01 - Clear,01 - Daylight,01 - Dry,10 - No control,,03 - P.D. only,04 - Sideswipe,0
16-7130,SOUTHMORE DR @ WALKLEY RD,369710.70848,5025575.11436,-75.67135804780,45.36711332350,2016-07-29,3:14:00 PM,01 - Clear,01 - Daylight,01 - Dry,02 - Stop sign,01 - Functioning,02 - Non-fatal injury,05 - Turning movement,0
16-7131,RIDEAU ST btwn 88 W OF WILLIAM ST & WILLIAM ST,368041.02578,5032121.31297,-75.69183162990,45.42616671350,2016-07-29,2:00:00 PM,01 - Clear,01 - Daylight,01 - Dry,10 - No control,,03 - P.D. only,04 - Sideswipe,0
16-7132,DALHOUSIE ST @ ST. PATRICK ST,367957.92014,5032639.92248,-75.69282703720,45.43084049120,2016-07-29,3:35:00 PM,01 - Clear,01 - Daylight,01 - Dry,01 - Traffic signal,01 - Functioning,03 - P.D. only,04 - Sideswipe,0
16-7133,BASELINE RD btwn CLYDE AVE & 207 E OF CLYDE AVE,364382.05376,5024905.13194,-75.73945747470,45.36155815240,2016-07-29,4:16:00 PM,01 - Clear,01 - Daylight,01 - Dry,10 - No control,,03 - P.D. only,03 - Rear end,0
16-7134,BRONSON AVE btwn RENFREW AVE & POWELL AVE,367357.97240,5029548.34960,-75.70088623040,45.40307740160,2016-07-29,5:04:00 PM,01 - Clear,01 - Daylight,01 - Dry,10 - No control,,03 - P.D. only,02 - Angle,0
16-7135,TERRY FOX DR btwn HWY417 IC140 RAMP36 & HWY417 IC140 RAMP61,350757.44839,5018771.19567,-75.91392953820,45.30738921900,2016-07-29,5:05:00 PM,01 - Clear,01 - Daylight,01 - Dry,10 - No control,,03 - P.D. only,03 - Rear end,0
16-7136,FISHER AVE @ DEER PARK RD/DYNES RD,366407.31888,5025455.52740,-75.71353951490,45.36633544730,2016-07-29,5:19:00 PM,01 - Clear,01 - Daylight,01 - Dry,01 - Traffic signal,01 - Functioning,03 - P.D. only,04 - Sideswipe,0
16-7137,PRINCE OF WALES DR @ WEST HUNT CLUB RD,367458.48303,5021892.41239,-75.70057345450,45.33418209210,2016-07-29,5:22:00 PM,01 - Clear,01 - Daylight,01 - Dry,01 - Traffic signal,01 - Functioning,03 - P.D. only,03 - Rear end,0
16-7138,JEANNE D'ARC BLVD @ VORLAGE DR W/VOYAGEUR WAY,379268.34880,5037739.57844,-75.54752356010,45.47561059190,2016-07-29,5:27:00 PM,01 - Clear,01 - Daylight,01 - Dry,01 - Traffic signal,01 - Functioning,03 - P.D. only,05 - Turning movement,0
16-7139,MERIVALE RD/LOTTA AVE @ CLYDE AVE,364520.58067,5024508.48065,-75.73773731510,45.35797735350,2016-07-29,5:29:00 PM,01 - Clear,01 - Daylight,01 - Dry,01 - Traffic signal,01 - Functioning,03 - P.D. only,03 - Rear end,0
16-7140,BLAIR RD btwn SEGUIN ST & MOWAT ST,374160.85136,5034079.68181,-75.61335838300,45.44320698520,2016-07-29,5:50:00 PM,01 - Clear,01 - Daylight,01 - Dry,10 - No control,,02 - Non-fatal injury,05 - Turning movement,0
16-7141,TEMPEST DR btwn RIVERFRONT CRT & END,350431.59028,5016088.33074,-75.91833167390,45.28326925700,2016-07-29,12:00:00 AM,01 - Clear,00 - Unknown,01 - Dry,10 - No control,,03 - P.D. only,06 - SMV unattended vehicle,0
16-7142,CARLING AVE EB btwn EDGEWORTH AVE & FOX CRES,361492.81226,5025555.52900,-75.77625990170,45.36764998770,2016-07-29,7:08:00 PM,01 - Clear,01 - Daylight,01 - Dry,10 - No control,,03 - P.D. only,03 - Rear end,0
16-7143,GREENBANK RD @ MALVERN DR/FOXFIELD DR,363310.58871,5016194.65284,-75.75416228790,45.28327193240,2016-07-29,8:03:00 PM,01 - Clear,01 - Daylight,01 - Dry,01 - Traffic signal,01 - Functioning,03 - P.D. only,03 - Rear end,0
16-7144,CORIOLIS CRT/GALLANTRY WAY @ HUNTMAR DR,350707.83227,5016331.18067,-75.91478811840,45.28543650890,2016-07-29,8:18:00 PM,01 - Clear,05 - Dusk,01 - Dry,02 - Stop sign,01 - Functioning,03 - P.D. only,02 - Angle,0
16-7145,COOPER ST @ BANK ST,367648.05168,5030991.23042,-75.69699717900,45.41603401750,2016-07-29,11:42:00 PM,01 - Clear,07 - Dark,01 - Dry,02 - Stop sign,01 - Functioning,03 - P.D. only,02 - Angle,0
16-7146,CONROY RD @ LORRY GREENBERG DR,373568.64524,5025877.95338,-75.62207160770,45.36947024680,2016-07-30,12:28:00 AM,01 - Clear,07 - Dark,01 - Dry,01 - Traffic signal,01 - Functioning,02 - Non-fatal injury,02 - Angle,0
16-7147,MACDONALD-CARTIER BR RAMP SB-1 btwn MACDONALD-CARTIER BR & CATHCART ST,367603.15313,5033162.19075,-75.69729397470,45.43557163030,2016-07-30,1:36:00 AM,01 - Clear,07 - Dark,01 - Dry,10 - No control,,03 - P.D. only,07 - SMV other,0
16-7148,WOODROFFE AVE btwn QUEENSBURY DR & DEERFOX DR,365754.22476,5016260.52078,-75.72300785170,45.28365696280,2016-07-30,2:10:00 AM,01 - Clear,07 - Dark,01 - Dry,10 - No control,,03 - P.D. only,06 - SMV unattended vehicle,0
16-7149,SMYTH RD E/LANCASTER RD @ ST. LAURENT BLVD N/R,373364.50986,5029424.33106,-75.62418475360,45.40139900720,2016-07-30,3:28:00 AM,01 - Clear,07 - Dark,01 - Dry,01 - Traffic signal,01 - Functioning,02 - Non-fatal injury,07 - SMV other,0
16-7150,CARLING AVE btwn MOODIE DR & JAMES CUMMINGS AVE,356109.15490,5023890.23817,-75.84515577130,45.35308038600,2016-07-30,5:29:00 AM,01 - Clear,03 - Dawn,01 - Dry,10 - No control,,03 - P.D. only,07 - SMV other,0
16-7151,FRASER FIELDS WAY btwn HARTHILL WAY & STRANDHERD DR,362912.60300,5014024.24400,-75.75948904330,45.26377552080,2016-07-29,5:20:00 PM,01 - Clear,01 - Daylight,01 - Dry,10 - No control,,03 - P.D. only,99 - Other,0
16-7152,BRONSON AVE @ HOLMWOOD AVE,367699.61001,5028729.32396,-75.69662703840,45.39567743470,2016-07-30,9:44:00 AM,01 - Clear,01 - Daylight,01 - Dry,01 - Traffic signal,01 - Functioning,03 - P.D. only,03 - Rear end,0
16-7153,MOODIE DR @ WEST HUNT CLUB RD,357906.99308,5018498.67524,-75.82279043210,45.30443284150,2016-07-26,12:30:00 PM,01 - Clear,01 - Daylight,01 - Dry,01 - Traffic signal,01 - Functioning,02 - Non-fatal injury,05 - Turning movement,0
16-7154,GREENBANK RD @ 220 N OF STRANDHERD DR,363848.16029,5014983.77926,-75.74745446520,45.27233153050,2016-07-30,11:45:00 AM,01 - Clear,01 - Daylight,01 - Dry,01 - Traffic signal,01 - Functioning,02 - Non-fatal injury,07 - SMV other,0
16-7155,NORBERRY CRES S @ SPRINGLAND DR,368599.42004,5025583.12370,-75.68554212940,45.36728742430,2016-07-30,12:56:00 PM,01 - Clear,01 - Daylight,01 - Dry,02 - Stop sign,01 - Functioning,03 - P.D. only,05 - Turning movement,0
16-7156,GREENBANK RD @ BERRIGAN DR/WESSEX RD,363723.90124,5015276.20516,-75.74900325650,45.27497320730,2016-07-30,1:23:00 PM,01 - Clear,01 - Daylight,01 - Dry,01 - Traffic signal,01 - Functioning,03 - P.D. only,05 - Turning movement,0
16-7157,BASELINE RD @ WOODROFFE AVE,362549.00838,5023770.95925,-75.76298612810,45.35150635930,2016-07-30,1:27:00 PM,01 - Clear,01 - Daylight,01 - Dry,01 - Traffic signal,01 - Functioning,03 - P.D. only,03 - Rear end,0
16-7158,MONTREAL RD btwn PALACE ST & VANIER PKWY,370036.57344,5033044.68301,-75.66621051930,45.43429155110,2016-07-30,2:15:00 PM,01 - Clear,01 - Daylight,01 - Dry,10 - No control,,03 - P.D. only,05 - Turning movement,0
16-7159,GREENBANK RD @ HWY 417 IC129 RAMP57/IRIS ST,360530.94503,5023312.76903,-75.78879099410,45.34754685300,2016-07-30,2:31:00 PM,01 - Clear,01 - Daylight,01 - Dry,01 - Traffic signal,01 - Functioning,03 - P.D. only,03 - Rear end,0