Record,Location,X,Y,Longitude,Latitude,Date,Time,Environment,Light,Road_Surface,Traffic_Control,Collision_Location,Collision_Classification,Impact_type,Pedestrian
16-7580,LAFONTAINE AVE @ MCARTHUR AVE,370949.49276,5032771.35416,-75.65458047600,45.43174649530,2016-08-15,12:32:00 PM,01 - Clear,01 - Daylight,01 - Dry,01 - Traffic signal,01 - Functioning,03 - P.D. only,05 - Turning movement,0
16-7581,CEDAROCK DR btwn HANOVER CRT & SPRINGTREE PL,354948.86224,5016875.65384,-75.86067362560,45.29004600220,2016-08-15,12:00:00 AM,01 - Clear,00 - Unknown,01 - Dry,10 - No control,,03 - P.D. only,06 - SMV unattended vehicle,0
16-7582,RIVERSIDE DR NB btwn INDUSTRIAL AVE & TREMBLAY RD,370788.44173,5030917.72608,-75.65688686080,45.41508354310,2016-08-15,1:31:00 PM,01 - Clear,01 - Daylight,01 - Dry,10 - No control,,03 - P.D. only,03 - Rear end,0
16-7583,MICHAEL ST btwn KENASTON ST & BELFAST RD,373114.94881,5030718.87611,-75.62719279940,45.41307112000,2016-08-15,2:15:00 PM,01 - Clear,01 - Daylight,01 - Dry,10 - No control,,03 - P.D. only,02 - Angle,0
16-7584,MONTREAL RD @ ST. LAURENT BLVD,371546.23838,5033818.93339,-75.64681261390,45.44111542760,2016-08-12,2:45:00 PM,01 - Clear,01 - Daylight,01 - Dry,01 - Traffic signal,01 - Functioning,03 - P.D. only,03 - Rear end,0
16-7585,RICHMOND RD @ BELLFIELD ST/RIDGEVALLEY DR,359492.58891,5023528.51128,-75.80201709140,45.34956984220,2016-08-15,3:03:00 PM,01 - Clear,01 - Daylight,01 - Dry,02 - Stop sign,01 - Functioning,02 - Non-fatal injury,03 - Rear end,0
16-7586,LYON ST @ WELLINGTON ST,366934.73825,5031426.08032,-75.70605538880,45.42001037200,2016-08-15,3:47:00 PM,01 - Clear,01 - Daylight,01 - Dry,01 - Traffic signal,01 - Functioning,03 - P.D. only,05 - Turning movement,0
16-7587,EDGEWOOD AVE btwn RICHMOND RD & LINCOLN AVE,363406.00563,5028377.74400,-75.75150314580,45.39288650820,2016-08-15,12:00:00 PM,01 - Clear,01 - Daylight,01 - Dry,10 - No control,,03 - P.D. only,06 - SMV unattended vehicle,0
16-7588,BASELINE RD @ 207 E OF CLYDE AVE,364534.80512,5025002.53199,-75.73749606220,45.36242154520,2016-08-15,3:58:00 PM,01 - Clear,01 - Daylight,01 - Dry,01 - Traffic signal,01 - Functioning,03 - P.D. only,03 - Rear end,0
16-7589,BLAIR RD @ DUNHAM ST,374306.72040,5033710.85214,-75.61154605170,45.43987397230,2016-08-15,4:18:00 PM,01 - Clear,01 - Daylight,01 - Dry,02 - Stop sign,00 - Unknown,03 - P.D. only,03 - Rear end,0
16-7590,HWY 417 INNES IC112R68 @ INNES RD,374642.78498,5030920.88684,-75.60764654790,45.41473788970,2016-08-15,4:34:00 PM,01 - Clear,01 - Daylight,01 - Dry,01 - Traffic signal,01 - Functioning,03 - P.D. only,03 - Rear end,0
16-7591,CARLING AVE btwn MOODIE DR & TURN LANE,356045.01428,5023919.54215,-75.84597128870,45.35334875590,2016-08-15,4:55:00 PM,01 - Clear,01 - Daylight,01 - Dry,10 - No control,,03 - P.D. only,99 - Other,0
16-7592,SOMERSET ST    W btwn RADSTOCK PRIV & KENT ST,367517.85113,5030810.42724,-75.69868358390,45.41441888920,2016-08-15,5:00:00 PM,01 - Clear,01 - Daylight,01 - Dry,10 - No control,,03 - P.D. only,06 - SMV unattended vehicle,0
16-7593,MERIVALE RD btwn TURN LANE & MEADOWLANDS DR W,364855.06353,5023733.23767,-75.73356259060,45.35097325600,2016-08-15,5:27:00 PM,01 - Clear,01 - Daylight,01 - Dry,10 - No control,,03 - P.D. only,04 - Sideswipe,0
16-7594,METCALFE ST @ QUEEN ST,367648.70200,5031680.84614,-75.69690090730,45.42223889890,2016-08-15,5:47:00 PM,01 - Clear,01 - Daylight,01 - Dry,01 - Traffic signal,01 - Functioning,02 - Non-fatal injury,03 - Rear end,0
16-7595,BASELINE RD @ WOODROFFE AVE,362549.91747,5023770.50470,-75.76297457990,45.35150219400,2016-08-15,5:59:00 PM,01 - Clear,01 - Daylight,01 - Dry,01 - Traffic signal,01 - Functioning,03 - P.D. only,03 - Rear end,0
16-7596,COVENTRY RD @ 230 W OF ST. LAURENT BLVD/ST. LA,372081.13114,5031933.79194,-75.64023368870,45.42410254430,2016-08-15,6:24:00 PM,01 - Clear,01 - Daylight,01 - Dry,01 - Traffic signal,01 - Functioning,02 - Non-fatal injury,07 - SMV other,1
16-7597,CARLING AVE WB btwn CAMBRIDGE ST S & BRONSON AVE,367441.77945,5029331.82984,-75.69984328830,45.40112172470,2016-08-15,6:30:00 PM,01 - Clear,01 - Daylight,01 - Dry,10 - No control,,03 - P.D. only,04 - Sideswipe,0
16-7598,ARMSTRONG ST @ PARKDALE AVE,365090.69210,5029404.14462,-75.72986335390,45.40197882120,2016-08-15,7:00:00 PM,01 - Clear,01 - Daylight,01 - Dry,01 - Traffic signal,01 - Functioning,02 - Non-fatal injury,07 - SMV other,1
16-7599,MERIVALE RD @ 170 N OF HUNTCLUB RD/COSTCO/CANA,365547.84468,5022099.18511,-75.72492262320,45.33621061520,2016-08-15,9:30:00 PM,01 - Clear,07 - Dark,01 - Dry,01 - Traffic signal,01 - Functioning,03 - P.D. only,03 - Rear end,0
16-7600,DONALD ST @ VANIER PKWY,370311.05448,5032270.36586,-75.66280576330,45.42729890860,2016-08-15,9:48:00 PM,01 - Clear,07 - Dark,01 - Dry,01 - Traffic signal,01 - Functioning,02 - Non-fatal injury,05 - Turning movement,0
16-7601,KING EDWARD AVE btwn DALY AVE & STEWART ST,368622.14099,5032225.20289,-75.68439274620,45.42704869580,2016-08-16,5:51:00 AM,01 - Clear,07 - Dark,01 - Dry,10 - No control,,03 - P.D. only,06 - SMV unattended vehicle,0
16-7602,HOLLAND AVE @ WELLINGTON ST,364929.04278,5029152.89578,-75.73195866230,45.39973204230,2016-08-16,6:08:00 AM,01 - Clear,03 - Dawn,01 - Dry,01 - Traffic signal,01 - Functioning,03 - P.D. only,05 - Turning movement,0
16-7603,RUSSELL RD S @ ST. LAURENT BLVD,373569.06220,5029260.54223,-75.62159503160,45.39990524770,2016-08-16,6:11:00 AM,01 - Clear,03 - Dawn,01 - Dry,01 - Traffic signal,01 - Functioning,02 - Non-fatal injury,02 - Angle,0
16-7604,POULIN AVE @ REGINA ST,360166.13774,5025264.28938,-75.79322754650,45.36513548090,2016-08-16,7:42:00 AM,01 - Clear,01 - Daylight,01 - Dry,02 - Stop sign,01 - Functioning,03 - P.D. only,02 - Angle,0
16-7605,ALBION RD @ HIGH RD,374627.29068,5017745.66989,-75.60970541510,45.29619445520,2016-08-16,8:36:00 AM,01 - Clear,01 - Daylight,01 - Dry,02 - Stop sign,,03 - P.D. only,03 - Rear end,0
16-7606,ST. JOSEPH BLVD @ JEANNE D'ARC BLVD,379861.54143,5036471.31459,-75.54013120690,45.46413623340,2016-08-16,9:03:00 AM,01 - Clear,01 - Daylight,01 - Dry,11 - Roundabout,01 - Functioning,03 - P.D. only,04 - Sideswipe,0
16-7607,ST. JOSEPH BLVD btwn R.C.M.P. COMPLEX & YOUVILLE DR,378766.00089,5036063.24315,-75.55420017510,45.46058156520,2016-08-16,9:02:00 AM,01 - Clear,01 - Daylight,01 - Dry,10 - No control,,03 - P.D. only,03 - Rear end,0
16-7608,PRINCE OF WALES DR @ STRANDHERD DR,367174.75432,5014824.99421,-75.70508227000,45.27061559450,2016-08-16,10:27:00 AM,01 - Clear,01 - Daylight,01 - Dry,01 - Traffic signal,01 - Functioning,03 - P.D. only,03 - Rear end,0
16-7609,RUTGERS PRIV btwn GOTHAM PRIV & END,364780.51421,5026054.29066,-75.73423222540,45.37186412190,2016-08-15,2:45:00 PM,01 - Clear,01 - Daylight,01 - Dry,10 - No control,,03 - P.D. only,07 - SMV other,0
16-7610,GLADWIN CRES @ LANCASTER RD,373459.07488,5029474.89688,-75.62296992120,45.40184470680,2016-08-16,11:57:00 AM,01 - Clear,01 - Daylight,01 - Dry,02 - Stop sign,01 - Functioning,03 - P.D. only,02 - Angle,0
16-7611,AUGUSTA ST btwn BESSERER ST & DALY AVE,369056.02628,5032638.39988,-75.67879462020,45.43072676130,2016-08-15,11:30:00 PM,01 - Clear,07 - Dark,01 - Dry,10 - No control,,03 - P.D. only,06 - SMV unattended vehicle,0
16-7612,ALTA VISTA DR btwn EDGE HILL PL & AYERS AVE,370387.47634,5026310.72842,-75.66262176850,45.37366913930,2016-08-16,12:24:00 PM,02 - Rain,01 - Daylight,02 - Wet,10 - No control,,03 - P.D. only,02 - Angle,0
16-7613,SMYTH RD btwn GENERAL HOSPITAL & LYNDA LANE,371576.98441,5029186.48450,-75.64704750360,45.39943174650,2016-08-16,12:41:00 PM,01 - Clear,01 - Daylight,01 - Dry,10 - No control,,03 - P.D. only,04 - Sideswipe,0
16-7614,TENTH LINE RD btwn CANOTIA PL & AMIENS ST,383339.99464,5037596.32589,-75.49547652350,45.47387564900,2016-08-16,12:20:00 PM,01 - Clear,01 - Daylight,01 - Dry,10 - No control,,03 - P.D. only,04 - Sideswipe,0
16-7615,MERIVALE RD @ ROSSLAND AVE,364673.16152,5024152.85269,-75.73583304770,45.35476444910,2016-08-16,1:08:00 PM,02 - Rain,01 - Daylight,02 - Wet,02 - Stop sign,01 - Functioning,03 - P.D. only,03 - Rear end,0
16-7616,DALHOUSIE ST btwn YORK ST & GEORGE ST,368154.48611,5032321.60135,-75.69035608190,45.42795857110,2016-08-16,1:35:00 PM,01 - Clear,01 - Daylight,01 - Dry,10 - No control,,03 - P.D. only,06 - SMV unattended vehicle,0
16-7617,PINETRAIL CRES btwn WILDBRIAR WAY & WILDBRIAR WAY,362757.27921,5022142.86354,-75.76051907990,45.33683968440,2016-08-16,2:10:00 PM,02 - Rain,01 - Daylight,02 - Wet,10 - No control,,03 - P.D. only,01 - Approaching,0
16-7618,DALY AVE @ NICHOLAS ST,368226.04469,5032045.33146,-75.68947726220,45.42546630600,2016-08-16,3:21:00 PM,02 - Rain,01 - Daylight,02 - Wet,01 - Traffic signal,01 - Functioning,03 - P.D. only,03 - Rear end,0
16-7619,PRINCE OF WALES DR btwn MEADOWLANDS DR & NESBITT PL,367382.11914,5025608.45638,-75.70107734480,45.36762510990,2016-08-16,3:24:00 PM,02 - Rain,01 - Daylight,02 - Wet,10 - No control,,03 - P.D. only,02 - Angle,0
16-7620,FOREST VALLEY DR @ RIVERCREST DR,379760.51263,5035360.11915,-75.54159236300,45.45414939170,2016-08-16,3:36:00 PM,01 - Clear,01 - Daylight,01 - Dry,02 - Stop sign,01 - Functioning,03 - P.D. only,05 - Turning movement,0
16-7621,BLAIR RD @ INNES RD,375578.73490,5031439.82284,-75.59561524150,45.41931294370,2016-08-16,4:51:00 PM,02 - Rain,01 - Daylight,02 - Wet,01 - Traffic signal,01 - Functioning,03 - P.D. only,03 - Rear end,0
16-7622,CENTREPOINTE DR @ HEMMINGWOOD WAY E,362327.14702,5023204.33016,-75.76588328350,45.34642610270,2016-08-16,5:11:00 PM,02 - Rain,01 - Daylight,02 - Wet,02 - Stop sign,01 - Functioning,03 - P.D. only,02 - Angle,0
16-7623,BANK ST @ ECHO DR,368661.93837,5028760.45549,-75.68433310030,45.39587043960,2016-08-16,5:39:00 PM,02 - Rain,01 - Daylight,02 - Wet,02 - Stop sign,01 - Functioning,03 - P.D. only,02 - Angle,0
16-7624,FARLANE BLVD btwn SUNNYCREST DR & ENCORE PRIV,365410.50270,5025432.41637,-75.72626622940,45.36621440470,2016-08-16,5:46:00 PM,02 - Rain,01 - Daylight,02 - Wet,10 - No control,,02 - Non-fatal injury,07 - SMV other,1
16-7625,DONALD ST btwn 110 E OF ST. LAURENT BLVD & ELAINE DR,372232.94591,5032486.51315,-75.63821823750,45.42906105360,2016-08-16,5:53:00 PM,02 - Rain,01 - Daylight,02 - Wet,10 - No control,,02 - Non-fatal injury,07 - SMV other,2
16-7626,CHAPMAN MILLS DR/TRANSITWAY SOUTHWEST @ WOODROFFE AVE,366177.09010,5015219.37010,-75.71774677460,45.27425195100,2016-08-16,5:58:00 PM,02 - Rain,01 - Daylight,02 - Wet,01 - Traffic signal,00 - Unknown,03 - P.D. only,03 - Rear end,0
16-7627,BLOHM DR @ HUNT CLUB RD,375129.52646,5026189.73784,-75.60210280700,45.37212064370,2016-08-16,6:05:00 PM,02 - Rain,01 - Daylight,02 - Wet,01 - Traffic signal,01 - Functioning,03 - P.D. only,05 - Turning movement,0
16-7628,HENNESSY CRES E @ VALIN ST E,385265.98607,5037698.12485,-75.47083044680,45.47457226820,2016-08-16,6:55:00 PM,02 - Rain,01 - Daylight,02 - Wet,02 - Stop sign,01 - Functioning,03 - P.D. only,02 - Angle,0
16-7629,FALLOWFIELD RD @ WOODROFFE AVE,365085.36954,5017903.40954,-75.73133340460,45.29849728180,2016-08-16,12:00:00 PM,01 - Clear,01 - Daylight,01 - Dry,01 - Traffic signal,01 - Functioning,03 - P.D. only,02 - Angle,0
16-7630,FISHER AVE btwn TRENT ST & 220 S OF TRENT ST,365862.94973,5026747.28123,-75.72032842490,45.37800602920,2016-08-16,7:15:00 PM,02 - Rain,01 - Daylight,02 - Wet,10 - No control,,03 - P.D. only,03 - Rear end,0
16-7631,GLADSTONE AVE @ METCALFE ST,368230.49216,5030749.90998,-75.68958720420,45.41381014000,2016-08-16,7:42:00 PM,01 - Clear,05 - Dusk,01 - Dry,01 - Traffic signal,01 - Functioning,03 - P.D. only,05 - Turning movement,0
16-7632,HAZELDEAN RD @ TERRY FOX DR,352207.39146,5017242.23146,-75.89558641600,45.29353484600,2016-08-16,9:11:00 PM,02 - Rain,07 - Dark,02 - Wet,01 - Traffic signal,01 - Functioning,02 - Non-fatal injury,05 - Turning movement,0
16-7633,ALBERT ST @ BOOTH ST,366428.69320,5030628.63699,-75.71262063900,45.41287996360,2016-08-17,1:56:00 AM,01 - Clear,07 - Dark,01 - Dry,01 - Traffic signal,01 - Functioning,03 - P.D. only,07 - SMV other,0
16-7634,HUNTERSFIELD DR @ PIKE ST,373227.96857,5025207.51350,-75.62651316560,45.36347124250,2016-08-17,12:59:00 AM,02 - Rain,07 - Dark,02 - Wet,01 - Traffic signal,01 - Functioning,03 - P.D. only,03 - Rear end,0
16-7635,BASELINE RD @ CENTREPOINTE DR E/HIGHGATE RD,362061.00478,5023466.41439,-75.76924896110,45.34880609920,2016-08-17,6:00:00 AM,02 - Rain,03 - Dawn,02 - Wet,01 - Traffic signal,01 - Functioning,03 - P.D. only,07 - SMV other,0
16-7636,RICHMOND RD @ NORTHSIDE RD E,358328.47227,5021226.03445,-75.81712148600,45.32894186050,2016-08-17,4:58:00 AM,02 - Rain,07 - Dark,02 - Wet,01 - Traffic signal,01 - Functioning,03 - P.D. only,07 - SMV other,0
16-7637,BANK ST btwn LAWRENCE ST & MORNINGSIDE AVE,386426.40686,5002779.21331,-75.46174496890,45.16026390040,2016-08-17,5:59:00 AM,01 - Clear,03 - Dawn,02 - Wet,10 - No control,,02 - Non-fatal injury,03 - Rear end,0
16-7638,BANK ST @ CATHERINE ST,368040.16464,5030267.34238,-75.69208057330,45.40948537800,2016-08-17,7:53:00 AM,01 - Clear,01 - Daylight,01 - Dry,01 - Traffic signal,01 - Functioning,03 - P.D. only,04 - Sideswipe,0
16-7639,CUMBERLAND ST @ RIDEAU ST,368374.73054,5032329.31538,-75.68754073870,45.42800799450,2016-08-17,7:56:00 AM,01 - Clear,01 - Daylight,01 - Dry,01 - Traffic signal,01 - Functioning,03 - P.D. only,04 - Sideswipe,0
16-7640,BRONSON AVE btwn RENFREW AVE & POWELL AVE,367359.56561,5029543.43996,-75.70086650370,45.40303308410,2016-08-17,7:53:00 AM,01 - Clear,01 - Daylight,01 - Dry,10 - No control,,03 - P.D. only,02 - Angle,0
16-7641,MELFORT ST @ WALKLEY RD,374445.51806,5028373.31956,-75.61052643680,45.39183581130,2016-08-17,8:03:00 AM,01 - Clear,01 - Daylight,01 - Dry,01 - Traffic signal,01 - Functioning,02 - Non-fatal injury,07 - SMV other,1
16-7642,MAITLAND AVE btwn DUNCAN PL & LENESTER AVE,363018.51444,5026299.29999,-75.75669676370,45.37421728070,2016-08-17,9:34:00 AM,01 - Clear,01 - Daylight,01 - Dry,10 - No control,,03 - P.D. only,03 - Rear end,0
16-7643,MARCH RD @ SOLANDT RD,350490.14398,5022709.16371,-75.91697477070,45.34284146150,2016-08-17,10:51:00 AM,01 - Clear,01 - Daylight,01 - Dry,01 - Traffic signal,01 - Functioning,02 - Non-fatal injury,03 - Rear end,0
16-7644,JOCKVALE RD @ STRANDHERD DR,363560.26096,5014578.49582,-75.75117127060,45.26870889390,2016-08-17,11:32:00 AM,01 - Clear,01 - Daylight,01 - Dry,01 - Traffic signal,01 - Functioning,02 - Non-fatal injury,05 - Turning movement,0
16-7645,O'CONNOR ST @ SOMERSET ST,367855.67544,5031013.44914,-75.69434181370,45.41621525480,2016-08-17,11:32:00 AM,01 - Clear,01 - Daylight,01 - Dry,01 - Traffic signal,01 - Functioning,03 - P.D. only,03 - Rear end,0
16-7646,PRINCE OF WALES DR @ WEST HUNT CLUB RD,367458.02848,5021891.50330,-75.70057936770,45.33417395270,2016-08-17,11:30:00 AM,01 - Clear,01 - Daylight,01 - Dry,01 - Traffic signal,01 - Functioning,03 - P.D. only,03 - Rear end,0
16-7647,TERRY FOX DR @ TRANS CANADA TRAIL,353252.91095,5015999.00679,-75.88237890670,45.28227668840,2016-08-17,12:10:00 PM,01 - Clear,01 - Daylight,01 - Dry,01 - Traffic signal,01 - Functioning,03 - P.D. only,03 - Rear end,0
16-7648,EASTPARK DR btwn WEDGEWOOD CRES & INNES RD,378556.53992,5033186.90301,-75.55730938480,45.43472442140,2016-08-17,12:20:00 PM,01 - Clear,01 - Daylight,01 - Dry,10 - No control,,03 - P.D. only,02 - Angle,0
16-7649,MACLAREN ST @ METCALFE ST,368051.04808,5031032.35626,-75.69184337220,45.41636774200,2016-08-17,12:57:00 PM,01 - Clear,01 - Daylight,01 - Dry,01 - Traffic signal,01 - Functioning,03 - P.D. only,05 - Turning movement,0
16-7650,MONTREAL RD @ DEN HAAG DR/LANG'S RD,372386.71800,5034221.85144,-75.63601502230,45.44465993450,2016-08-17,1:15:00 PM,01 - Clear,01 - Daylight,01 - Dry,01 - Traffic signal,02 - Not functioning,02 - Non-fatal injury,03 - Rear end,0
16-7651,MARCH RD btwn SOLANDT RD & STATION RD,350499.88456,5022699.93633,-75.91685133550,45.34275779680,2016-08-17,1:21:00 PM,01 - Clear,01 - Daylight,01 - Dry,10 - No control,,03 - P.D. only,05 - Turning movement,0
16-7652,DUMAURIER AVE btwn SPLINTER CRES & ALENMEDE CRES,359898.18223,5023299.30431,-75.79686686540,45.34747569130,2016-08-17,1:34:00 PM,01 - Clear,01 - Daylight,01 - Dry,10 - No control,,02 - Non-fatal injury,07 - SMV other,0
16-7653,ST. LAURENT BLVD btwn INDUSTRIAL AVE & BOURASSA ST,373106.75265,5029987.56451,-75.62739883530,45.40649192020,2016-08-17,2:40:00 PM,01 - Clear,01 - Daylight,01 - Dry,10 - No control,,03 - P.D. only,04 - Sideswipe,0
16-7654,CARLING AVE EB btwn FOX CRES & WOODROFFE AVE,361593.58920,5025618.15894,-75.77496628820,45.36820536790,2016-08-17,2:52:00 PM,01 - Clear,01 - Daylight,01 - Dry,10 - No control,,03 - P.D. only,04 - Sideswipe,0
16-7655,MONTREAL RD @ DUCHARME BLVD/CANTIN ST,371017.32491,5033565.81054,-75.65360678860,45.43888823950,2016-08-17,3:05:00 PM,01 - Clear,01 - Daylight,01 - Dry,01 - Traffic signal,01 - Functioning,03 - P.D. only,04 - Sideswipe,0
16-7656,RIVERSIDE DR RAMP 42A @ RIVERSIDE DR,368442.19623,5027269.17616,-75.68733175800,45.38247235750,2016-08-17,3:11:00 PM,01 - Clear,01 - Daylight,01 - Dry,03 - Yield sign,01 - Functioning,02 - Non-fatal injury,07 - SMV other,1
16-7657,AVIATION PKWY @ OGILVIE RD,373111.78515,5032375.24691,-75.62700355520,45.42797464970,2016-08-17,4:03:00 PM,01 - Clear,01 - Daylight,01 - Dry,01 - Traffic signal,01 - Functioning,03 - P.D. only,03 - Rear end,0
16-7658,HOLLAND AVE btwn WELLINGTON ST W & BYRON AVE,364936.06803,5029139.28437,-75.73187059560,45.39960896640,2016-08-17,4:09:00 PM,01 - Clear,01 - Daylight,01 - Dry,10 - No control,,03 - P.D. only,02 - Angle,0
16-7659,ANDERSON RD @ INNES RD,376281.81205,5031840.76069,-75.58657454930,45.42284886900,2016-08-17,4:38:00 PM,01 - Clear,01 - Daylight,01 - Dry,01 - Traffic signal,01 - Functioning,03 - P.D. only,03 - Rear end,0
16-7660,COOPER ST @ LYON ST,367321.04708,5030791.90408,-75.70120015940,45.41426983550,2016-08-17,5:19:00 PM,01 - Clear,01 - Daylight,01 - Dry,02 - Stop sign,01 - Functioning,03 - P.D. only,05 - Turning movement,0
16-7661,BANKFIELD RD btwn HWY416 IC57 RAMP62 & KILREEN LANE,365388.74366,5008413.83815,-75.72862255520,45.21308398990,2016-08-17,5:21:00 PM,01 - Clear,01 - Daylight,01 - Dry,10 - No control,,03 - P.D. only,03 - Rear end,0
16-7662,BANK ST btwn VANCOUVER AVE & FOXBAR AVE,370458.81797,5025653.50877,-75.66179837910,45.36774900990,2016-08-17,5:22:00 PM,01 - Clear,01 - Daylight,01 - Dry,10 - No control,,02 - Non-fatal injury,02 - Angle,0
16-7663,MEADOWLANDS DR btwn INVERNESS AVE & DEER PARK RD,365971.45055,5024855.93631,-75.71917738040,45.36097861330,2016-08-17,5:23:00 PM,01 - Clear,01 - Daylight,01 - Dry,10 - No control,,03 - P.D. only,02 - Angle,0
16-7664,ECCLES ST @ PRESTON ST,366329.69690,5030076.29576,-75.71395425730,45.40791885870,2016-08-17,5:23:00 PM,01 - Clear,01 - Daylight,01 - Dry,02 - Stop sign,01 - Functioning,03 - P.D. only,03 - Rear end,0
16-7665,HERZBERG RD @ CARLING AVE,352037.39273,5022300.49280,-75.89727133390,45.33906168000,2016-08-17,5:40:00 PM,01 - Clear,01 - Daylight,01 - Dry,01 - Traffic signal,01 - Functioning,02 - Non-fatal injury,03 - Rear end,0
16-7666,MOODIE DR btwn 715 S OF CARLING AVE & 325 N OF CORKSTOWN RD/NORTEL S E,356189.08402,5023203.98318,-75.84420704160,45.34689955430,2016-08-17,5:53:00 PM,01 - Clear,01 - Daylight,01 - Dry,10 - No control,,03 - P.D. only,03 - Rear end,0
16-7667,DES PERDRIX CRES N @ SUNVIEW DR N,381963.83806,5036266.82541,-75.51328360230,45.46206735420,2016-08-17,6:03:00 PM,01 - Clear,01 - Daylight,01 - Dry,02 - Stop sign,01 - Functioning,02 - Non-fatal injury,03 - Rear end,0
16-7668,BASELINE RD @ FARLANE BLVD,365356.91164,5025517.75294,-75.72693983390,45.36698687970,2016-08-17,6:02:00 PM,01 - Clear,01 - Daylight,01 - Dry,01 - Traffic signal,01 - Functioning,03 - P.D. only,05 - Turning movement,0
16-7669,MAITLAND AVE/GLENMOUNT AVE @ ERINDALE DR,363698.11211,5025211.95458,-75.74815040470,45.36437670040,2016-08-17,6:11:00 PM,01 - Clear,01 - Daylight,01 - Dry,01 - Traffic signal,01 - Functioning,03 - P.D. only,02 - Angle,0
16-7670,FALLOWFIELD RD @ VIA PARK PL/275 W OF WOODROFFE AVE,364847.06009,5017766.56791,-75.73438825860,45.29728639600,2016-08-17,5:00:00 PM,01 - Clear,01 - Daylight,01 - Dry,01 - Traffic signal,01 - Functioning,03 - P.D. only,03 - Rear end,0
16-7671,BESSERER ST @ NICHOLAS ST,368185.48163,5032111.12545,-75.68998709980,45.42606197440,2016-08-16,3:30:00 PM,01 - Clear,01 - Daylight,02 - Wet,01 - Traffic signal,01 - Functioning,03 - P.D. only,03 - Rear end,0
16-7672,INNES RD @ STONEHENGE CRES E,375363.73681,5031313.38028,-75.59838017340,45.41819700100,2016-08-17,9:39:00 PM,01 - Clear,07 - Dark,01 - Dry,01 - Traffic signal,01 - Functioning,03 - P.D. only,02 - Angle,0
16-7673,AVIATION PKWY @ MONTREAL RD,372146.90285,5034108.32474,-75.63909585250,45.44366162320,2016-08-18,12:08:00 AM,01 - Clear,07 - Dark,01 - Dry,01 - Traffic signal,01 - Functioning,02 - Non-fatal injury,05 - Turning movement,0
16-7674,MIDSUMMER TER E @ WILDFLOWER DR E,382685.50139,5036128.94485,-75.50407872400,45.46074674240,2016-08-18,12:21:00 AM,01 - Clear,07 - Dark,01 - Dry,02 - Stop sign,01 - Functioning,02 - Non-fatal injury,07 - SMV other,0
16-7675,REGIONAL ROAD 174 btwn TRANSIT & OR174 IC109 RAMP56,376298.59656,5034636.43015,-75.58595407410,45.44800088490,2016-08-18,7:18:00 AM,01 - Clear,01 - Daylight,01 - Dry,10 - No control,,02 - Non-fatal injury,03 - Rear end,0
16-7676,DEVINE RD @ FRANK KENNY RD,393674.38733,5023505.18073,-75.36586499960,45.34586157880,2016-08-18,7:47:00 AM,01 - Clear,01 - Daylight,01 - Dry,02 - Stop sign,01 - Functioning,03 - P.D. only,05 - Turning movement,0
16-7677,BAYVIEW RD @ SCOTT ST/ALBERT ST,365518.11852,5030071.79372,-75.72432181480,45.40794922580,2016-08-18,7:50:00 AM,01 - Clear,01 - Daylight,01 - Dry,01 - Traffic signal,01 - Functioning,03 - P.D. only,04 - Sideswipe,0
16-7678,HUNT CLUB RD btwn RIVERSIDE DR & LINDBERGH PRIV,368321.12649,5022109.67572,-75.68954065380,45.33605942310,2016-08-18,9:07:00 AM,01 - Clear,01 - Daylight,01 - Dry,10 - No control,,03 - P.D. only,03 - Rear end,0
16-7679,ORLEANS BLVD @ ST. JOSEPH BLVD,380632.27318,5036979.78689,-75.53019823930,45.46862781750,2016-08-18,9:15:00 AM,01 - Clear,01 - Daylight,01 - Dry,01 - Traffic signal,01 - Functioning,03 - P.D. only,03 - Rear end,0
16-7680,HWY417 IC118 RAMP45 btwn HWY417 IC118 RAMP35 & LEES AVE,369517.33598,5030998.29660,-75.67311507170,45.41592720270,2016-08-18,10:11:00 AM,01 - Clear,01 - Daylight,01 - Dry,10 - No control,00 - Unknown,03 - P.D. only,03 - Rear end,0
16-7681,VANIER PKWY NB btwn VANIER PKWY & DONALD ST,370308.85909,5032287.48990,-75.66283153860,45.42745318890,2016-08-18,10:35:00 AM,01 - Clear,01 - Daylight,01 - Dry,10 - No control,,03 - P.D. only,04 - Sideswipe,0
16-7682,WALKLEY RD btwn 152 E OF HEATHERINGTON RD & HOLLY LANE,371926.68347,5026883.27094,-75.64289453210,45.37867490640,2016-08-18,11:35:00 AM,01 - Clear,01 - Daylight,01 - Dry,10 - No control,,03 - P.D. only,02 - Angle,0
16-7683,KIRKWOOD AVE btwn LYMAN ST & MULVIHILL AVE,363814.91363,5028550.44633,-75.74626050100,45.39440611220,2016-08-18,12:03:00 PM,01 - Clear,01 - Daylight,01 - Dry,10 - No control,,02 - Non-fatal injury,04 - Sideswipe,0
16-7684,BANK ST @ CECIL AVE,369944.93194,5026988.88688,-75.66818182360,45.37981227350,2016-08-18,12:04:00 PM,01 - Clear,01 - Daylight,01 - Dry,02 - Stop sign,01 - Functioning,02 - Non-fatal injury,02 - Angle,0
16-7685,ISABELLA ST btwn CHAMBERLAIN AVE & O'CONNOR ST,368126.83943,5030205.85968,-75.69098127550,45.40892433910,2016-08-18,12:05:00 PM,01 - Clear,01 - Daylight,01 - Dry,10 - No control,,03 - P.D. only,04 - Sideswipe,0