Record,Location,X,Y,Longitude,Latitude,Date,Time,Environment,Light,Road_Surface,Traffic_Control,Collision_Location,Collision_Classification,Impact_type,Pedestrian
16-8108,CLEMENTINE BLVD @ HERON RD,369546.06449,5026785.29366,-75.67330101660,45.37801738040,2016-09-02,12:09:00 PM,01 - Clear,01 - Daylight,01 - Dry,01 - Traffic signal,01 - Functioning,03 - P.D. only,07 - SMV other,0
16-8109,PARKDALE AVE btwn BULLMAN ST & OXFORD ST,365037.65218,5029526.68185,-75.73052584160,45.40308595040,2016-09-02,10:30:00 AM,01 - Clear,01 - Daylight,01 - Dry,10 - No control,,03 - P.D. only,01 - Approaching,0
16-8110,WEST HUNT CLUB RD @ WOODROFFE AVE,363671.76195,5021245.15031,-75.74895890750,45.32868599340,2016-09-02,12:42:00 PM,01 - Clear,01 - Daylight,01 - Dry,01 - Traffic signal,01 - Functioning,03 - P.D. only,03 - Rear end,0
16-8111,TENTH LINE RD @ TENTH LINE RD,383530.72079,5037156.66037,-75.49310796850,45.46989846320,2016-09-02,10:50:00 AM,01 - Clear,01 - Daylight,01 - Dry,01 - Traffic signal,01 - Functioning,03 - P.D. only,03 - Rear end,0
16-8112,METCALFE ST @ SOMERSET ST,368010.26522,5031104.13372,-75.69235519490,45.41701725690,2016-09-02,1:51:00 PM,01 - Clear,01 - Daylight,01 - Dry,01 - Traffic signal,01 - Functioning,03 - P.D. only,04 - Sideswipe,0
16-8113,RIVERSIDE DR @ TREMBLAY RD/HWY417 IC117 RAMP52,370802.42219,5031016.72365,-75.65669499720,45.41597296460,2016-09-06,2:13:00 PM,01 - Clear,01 - Daylight,01 - Dry,01 - Traffic signal,01 - Functioning,03 - P.D. only,04 - Sideswipe,0
16-8114,MONTREAL RD @ ST. LAURENT BLVD,371546.53106,5033818.00878,-75.64680899820,45.44110708050,2016-09-02,2:23:00 PM,01 - Clear,01 - Daylight,01 - Dry,01 - Traffic signal,01 - Functioning,03 - P.D. only,03 - Rear end,0
16-8115,BANK ST @ HUNT CLUB RD,371608.95604,5024096.28666,-75.64732781760,45.35362897210,2016-09-02,2:38:00 PM,01 - Clear,01 - Daylight,01 - Dry,01 - Traffic signal,01 - Functioning,03 - P.D. only,99 - Other,0
16-8116,ROBERTSON RD btwn HAANEL DR & MILL HILL RD,356206.67621,5019940.97513,-75.84432144860,45.31753735920,2016-09-02,3:02:00 PM,01 - Clear,01 - Daylight,01 - Dry,10 - No control,,03 - P.D. only,03 - Rear end,0
16-8117,BRONSON AVE @ CATHERINE ST/RAYMOND ST,367252.48896,5029796.34696,-75.70220213170,45.40531822960,2016-09-02,3:03:00 PM,01 - Clear,01 - Daylight,01 - Dry,01 - Traffic signal,01 - Functioning,02 - Non-fatal injury,02 - Angle,0
16-8118,MURRAY ST btwn DALHOUSIE ST & CUMBERLAND ST,368135.09690,5032657.48016,-75.69056064500,45.43098244610,2016-09-02,3:47:00 PM,01 - Clear,01 - Daylight,01 - Dry,10 - No control,,02 - Non-fatal injury,02 - Angle,0
16-8119,210 W OF MERIVALE RD @ WEST HUNT CLUB RD,365432.23417,5021829.65517,-75.72643057520,45.33379541870,2016-09-02,4:02:00 PM,01 - Clear,01 - Daylight,01 - Dry,01 - Traffic signal,01 - Functioning,03 - P.D. only,05 - Turning movement,0
16-8120,ORLEANS BLVD @ MAPLE RUN AVE/BEAUSEJOUR DR S,380572.53436,5035316.22792,-75.53121850580,45.45366691480,2016-09-02,4:07:00 PM,01 - Clear,01 - Daylight,01 - Dry,01 - Traffic signal,01 - Functioning,02 - Non-fatal injury,02 - Angle,0
16-8121,HWY 417 MAITLAND IC126R63 @ MAITLAND AVE,363167.07704,5025928.56906,-75.75484396530,45.37086913190,2016-09-02,4:10:00 PM,01 - Clear,01 - Daylight,01 - Dry,03 - Yield sign,01 - Functioning,02 - Non-fatal injury,05 - Turning movement,0
16-8122,RIVERSIDE DR @ SMYTH RD SOUTH SIDE RAMP,369788.49904,5028998.45730,-75.66991442660,45.39790824380,2016-09-02,4:22:00 PM,01 - Clear,01 - Daylight,01 - Dry,01 - Traffic signal,01 - Functioning,03 - P.D. only,05 - Turning movement,0
16-8123,FRANK KENNY RD btwn MCFADDEN RD & RUSSELL RD,392505.32949,5026506.41932,-75.38024804160,45.37301068140,2016-08-12,3:00:00 AM,01 - Clear,07 - Dark,01 - Dry,10 - No control,,03 - P.D. only,07 - SMV other,0
16-8124,MCARTHUR AVE btwn BRANT ST & BELISLE ST,371319.76283,5032811.67556,-75.64984333850,45.43207416780,2016-09-02,4:30:00 PM,01 - Clear,01 - Daylight,01 - Dry,10 - No control,,02 - Non-fatal injury,04 - Sideswipe,0
16-8125,PRINCE OF WALES DR @ STRANDHERD DR,367175.28980,5014823.96138,-75.70507557590,45.27060625390,2016-09-02,4:46:00 PM,01 - Clear,01 - Daylight,01 - Dry,01 - Traffic signal,01 - Functioning,03 - P.D. only,03 - Rear end,0
16-8126,WELLINGTON ST btwn ELGIN ST & ELGIN ST,367682.28193,5031890.07740,-75.69644514760,45.42411847560,2016-09-02,4:50:00 PM,01 - Clear,01 - Daylight,01 - Dry,10 - No control,,03 - P.D. only,04 - Sideswipe,0
16-8127,BLAIR RD btwn OR174 IC112 RAMP15 & MEADOWBROOK RD,375186.61156,5032321.88763,-75.60049899430,45.42728883290,2016-09-02,5:10:00 PM,01 - Clear,01 - Daylight,01 - Dry,10 - No control,,02 - Non-fatal injury,07 - SMV other,0
16-8128,EAGLESON RD btwn HWY417 IC138 RAMP51 & KATIMAVIK RD,353043.16678,5019997.23222,-75.88466328000,45.31826807230,2016-09-02,1:30:00 PM,01 - Clear,01 - Daylight,01 - Dry,10 - No control,,03 - P.D. only,04 - Sideswipe,0
16-8129,MCARTHUR AVE btwn LACASSE AVE & CARMEN AVE,370836.11666,5032758.04375,-75.65603109910,45.43163744910,2016-09-02,5:15:00 PM,01 - Clear,01 - Daylight,01 - Dry,10 - No control,,02 - Non-fatal injury,02 - Angle,0
16-8130,BRONSON AVE btwn FOURTH AVE & MADAWASKA DR,367590.15179,5028996.11729,-75.69799097470,45.39808778880,2016-09-02,5:19:00 PM,01 - Clear,01 - Daylight,01 - Dry,10 - No control,,03 - P.D. only,03 - Rear end,0
16-8131,AMBERWOOD CRES @ PRINCE OF WALES DR,367436.77665,5020647.76094,-75.70100784240,45.32298486770,2016-09-02,5:18:00 PM,01 - Clear,01 - Daylight,01 - Dry,02 - Stop sign,00 - Unknown,02 - Non-fatal injury,03 - Rear end,0
16-8132,HIGHWAY 417 @ HWY 417 INNES IC112R66,374256.82778,5031106.44506,-75.61255102030,45.41644586430,2016-09-02,3:55:00 PM,01 - Clear,01 - Daylight,01 - Dry,01 - Traffic signal,01 - Functioning,03 - P.D. only,03 - Rear end,0
16-8133,HAWTHORNE RD @ HUNT CLUB RD,375506.14347,5026407.86789,-75.59726390940,45.37404537540,2016-09-02,5:54:00 PM,01 - Clear,01 - Daylight,01 - Dry,01 - Traffic signal,01 - Functioning,02 - Non-fatal injury,03 - Rear end,0
16-8134,RIVERSIDE DR btwn HERON RD & HOG'S BACK RD,368135.50817,5026532.47212,-75.69134206470,45.37587148900,2016-09-02,7:40:00 PM,01 - Clear,07 - Dark,01 - Dry,10 - No control,,03 - P.D. only,04 - Sideswipe,0
16-8135,BASELINE RD btwn ST. HELEN'S PL & CLYDE AVE,364197.78124,5024791.50083,-75.74182309450,45.36055135230,2016-09-02,8:19:00 PM,01 - Clear,07 - Dark,01 - Dry,10 - No control,,02 - Non-fatal injury,99 - Other,0
16-8136,DONALD ST @ ST. LAURENT BLVD,372093.49336,5032471.92628,-75.64000220810,45.42894323890,2016-09-02,8:52:00 PM,01 - Clear,07 - Dark,01 - Dry,01 - Traffic signal,01 - Functioning,03 - P.D. only,99 - Other,0
16-8137,HUNT CLUB RD btwn CAHILL DR & LORRY GREENBERG DR,372451.42295,5024569.51259,-75.63651200630,45.35780611790,2016-09-03,1:23:00 AM,01 - Clear,07 - Dark,01 - Dry,10 - No control,,03 - P.D. only,07 - SMV other,0
16-8138,RIVERSIDE DR btwn HOG'S BACK RD & RIDGEWOOD AVE,368173.63975,5026170.54989,-75.69090169600,45.37261156110,2016-09-03,7:58:00 AM,01 - Clear,01 - Daylight,01 - Dry,10 - No control,,03 - P.D. only,04 - Sideswipe,0
16-8139,SOUTHVALE CRES btwn RUSSELL RD & ERINBROOK CRES,373839.18497,5029153.41851,-75.61816008800,45.39891481430,2016-09-03,12:00:00 AM,01 - Clear,00 - Unknown,01 - Dry,10 - No control,,03 - P.D. only,06 - SMV unattended vehicle,0
16-8140,NAVAHO DR @ WOODROFFE AVE/TRANSITWAY N BASELIN,362707.89821,5023492.38702,-75.76099110970,45.34898668520,2016-09-03,10:04:00 AM,01 - Clear,01 - Daylight,01 - Dry,01 - Traffic signal,01 - Functioning,03 - P.D. only,03 - Rear end,0
16-8141,STRASBOURG ST btwn ROCHEFORT CIRC & BLACKBURN BYPS,384041.74711,5034859.45573,-75.48694367280,45.44917251320,2016-09-03,11:35:00 AM,01 - Clear,01 - Daylight,01 - Dry,10 - No control,,03 - P.D. only,02 - Angle,0
16-8142,KARSH DR btwn LORRY GREENBERG DR & WALLACK PRIV,373683.85006,5025963.46673,-75.62058910520,45.37022834600,2016-09-03,12:00:00 AM,01 - Clear,00 - Unknown,01 - Dry,10 - No control,,03 - P.D. only,06 - SMV unattended vehicle,0
16-8143,BASELINE RD @ CLYDE AVE,364357.63235,5024890.24516,-75.73977097110,45.36142627910,2016-09-03,11:50:00 AM,01 - Clear,01 - Daylight,01 - Dry,01 - Traffic signal,01 - Functioning,03 - P.D. only,03 - Rear end,0
16-8144,OGILVIE RD btwn AVIATION PKWY & MATHESON RD,373365.29988,5032527.76282,-75.62374288830,45.42932210450,2016-09-03,11:56:00 AM,01 - Clear,01 - Daylight,01 - Dry,10 - No control,,03 - P.D. only,04 - Sideswipe,0
16-8145,COUNTY RD 29 @ MADAWASKA BLVD,318895.78943,5031714.63709,-76.31987046100,45.42522427080,2016-09-02,4:30:00 PM,01 - Clear,01 - Daylight,01 - Dry,02 - Stop sign,01 - Functioning,03 - P.D. only,05 - Turning movement,0
16-8146,TRIM RD @ SPRINGRIDGE DR N,385392.77138,5038357.80921,-75.46910087980,45.48049283490,2016-09-03,12:23:00 PM,01 - Clear,01 - Daylight,01 - Dry,02 - Stop sign,01 - Functioning,02 - Non-fatal injury,03 - Rear end,0
16-8147,MERIVALE RD @ WEST HUNT CLUB RD,365612.47566,5021941.83958,-75.72411741170,45.33478924240,2016-09-03,12:44:00 PM,01 - Clear,01 - Daylight,01 - Dry,01 - Traffic signal,01 - Functioning,02 - Non-fatal injury,07 - SMV other,0
16-8148,ST. JOSEPH BLVD/OLD MONTREAL RD @ TRIM RD,384681.42244,5039286.38083,-75.47804754820,45.48892896940,2016-09-03,1:08:00 PM,01 - Clear,01 - Daylight,01 - Dry,11 - Roundabout,01 - Functioning,03 - P.D. only,03 - Rear end,0
16-8149,CARP RD @ DONALD B. MUNRO DR,341193.07588,5022822.32631,-76.03559648160,45.34440369070,2016-09-03,1:36:00 PM,01 - Clear,01 - Daylight,01 - Dry,02 - Stop sign,01 - Functioning,03 - P.D. only,03 - Rear end,0
16-8150,TANDALEE CRES btwn Continuation of TANDALEE CRES & STONEHAVEN DR,356082.45272,5016085.58223,-75.84630456150,45.28285498520,2016-09-03,1:35:00 PM,01 - Clear,01 - Daylight,01 - Dry,10 - No control,,03 - P.D. only,06 - SMV unattended vehicle,0
16-8151,MERIVALE RD btwn VIEWMOUNT DR & COLONNADE RD,365325.98427,5022638.24372,-75.72768712580,45.34108016840,2016-09-03,2:38:00 PM,01 - Clear,01 - Daylight,01 - Dry,10 - No control,,03 - P.D. only,03 - Rear end,0
16-8152,CAVAN ST @ LAPERRIERE AVE,364392.36342,5026880.76454,-75.73908755300,45.37933371290,2016-09-03,2:45:00 PM,01 - Clear,01 - Daylight,01 - Dry,02 - Stop sign,01 - Functioning,03 - P.D. only,02 - Angle,0
16-8153,CARLING AVE @ PINECREST  RD/GREENVIEW AVE,360006.89524,5024631.86938,-75.79533083950,45.35945754400,2016-09-03,3:35:00 PM,01 - Clear,01 - Daylight,01 - Dry,01 - Traffic signal,01 - Functioning,02 - Non-fatal injury,02 - Angle,0
16-8154,ELGIN ST NB @ WELLINGTON ST/RIDEAU ST,367804.15693,5031965.85865,-75.69487820320,45.42478936390,2016-09-03,3:37:00 PM,01 - Clear,01 - Daylight,01 - Dry,01 - Traffic signal,01 - Functioning,02 - Non-fatal injury,05 - Turning movement,0
16-8155,BASIL MACDONALD WAY btwn MERIVALE RD & GRANT CARMAN DR,365182.85674,5023222.99162,-75.72944189290,45.34635398630,2016-09-03,3:30:00 PM,01 - Clear,01 - Daylight,01 - Dry,10 - No control,,03 - P.D. only,02 - Angle,0
16-8156,BARRETTE ST btwn LOYER ST & ST. CHARLES ST,369422.90737,5033685.41839,-75.67396885280,45.44011361120,2016-09-03,4:17:00 PM,01 - Clear,01 - Daylight,01 - Dry,10 - No control,,03 - P.D. only,07 - SMV other,0
16-8157,GARFIELD AVE @ MAITLAND AVE,363342.47226,5025562.74724,-75.75264828570,45.36756288230,2016-09-03,4:28:00 PM,01 - Clear,01 - Daylight,01 - Dry,01 - Traffic signal,01 - Functioning,03 - P.D. only,04 - Sideswipe,0
16-8158,CARP RD @ RICHARDSON SIDE RD,346209.77524,5017160.67614,-75.97205545750,45.29318002240,2016-09-03,5:03:00 PM,01 - Clear,01 - Daylight,01 - Dry,01 - Traffic signal,01 - Functioning,03 - P.D. only,07 - SMV other,0
16-8159,KNOXDALE RD @ WEST HUNT CLUB RD,361864.32045,5020584.59300,-75.77209109870,45.32289159570,2016-09-03,5:42:00 PM,01 - Clear,01 - Daylight,01 - Dry,01 - Traffic signal,01 - Functioning,03 - P.D. only,03 - Rear end,0
16-8160,NORICE ST @ WOODROFFE AVE,363195.70092,5022396.76785,-75.75489573660,45.33908794650,2016-09-03,5:30:00 PM,01 - Clear,01 - Daylight,01 - Dry,01 - Traffic signal,01 - Functioning,03 - P.D. only,03 - Rear end,0
16-8161,ALBERT ST @ BRONSON AVE,366739.04568,5031016.35476,-75.70860717080,45.41634113550,2016-09-03,9:47:00 PM,01 - Clear,07 - Dark,01 - Dry,01 - Traffic signal,01 - Functioning,03 - P.D. only,02 - Angle,0
16-8162,BANK ST @ EXHIBITION WAY,368529.14276,5029086.03746,-75.68598697650,45.39881202370,2016-09-03,9:58:00 PM,01 - Clear,07 - Dark,01 - Dry,01 - Traffic signal,01 - Functioning,02 - Non-fatal injury,05 - Turning movement,0
16-8164,BLEEKS RD @ CONLEY RD,351249.34776,5004816.68628,-75.90896048910,45.18178918010,2016-09-04,5:31:00 AM,01 - Clear,07 - Dark,01 - Dry,02 - Stop sign,01 - Functioning,03 - P.D. only,07 - SMV other,0
16-8165,MONTREAL RD @ VANIER PKWY,370072.05118,5033065.37256,-75.66575438240,45.43447439680,2016-09-04,3:25:00 AM,01 - Clear,07 - Dark,01 - Dry,01 - Traffic signal,01 - Functioning,03 - P.D. only,03 - Rear end,0
16-8166,ALBERT ST @ O'CONNOR ST,367538.92204,5031520.35346,-75.69832400840,45.42080469230,2016-09-04,3:38:00 AM,01 - Clear,07 - Dark,01 - Dry,01 - Traffic signal,01 - Functioning,03 - P.D. only,05 - Turning movement,0
16-8167,OWLSHEAD RD btwn CADE CRT & COOLBROOK CRES,348421.46379,5003131.97791,-75.94508908420,45.16680982560,2016-09-04,2:15:00 AM,01 - Clear,07 - Dark,01 - Dry,10 - No control,,03 - P.D. only,07 - SMV other,0
16-8168,MACKENZIE KING BR btwn ALBERT ST & N.D.H.Q./RIDEAU CENTRE SC,368083.50640,5031816.27245,-75.69132800720,45.42341822190,2016-09-04,7:03:00 AM,01 - Clear,01 - Daylight,01 - Dry,10 - No control,,02 - Non-fatal injury,07 - SMV other,0
16-8169,PERCY ST btwn FLORENCE ST & GLADSTONE AVE,367296.39626,5030263.61010,-75.70158206260,45.40951860700,2016-09-04,9:42:00 AM,01 - Clear,01 - Daylight,01 - Dry,10 - No control,,03 - P.D. only,06 - SMV unattended vehicle,0
16-8170,BOOTH ST @ OTTAWA RIVER PKWY/WELLINGTON ST,366264.81207,5031006.82140,-75.71466704970,45.41629717560,2016-09-04,1:30:00 PM,01 - Clear,01 - Daylight,01 - Dry,01 - Traffic signal,01 - Functioning,03 - P.D. only,05 - Turning movement,0
16-8171,MOODIE DR @ ROBERTSON RD,357067.11134,5020454.32999,-75.83329339340,45.32209305650,2016-09-04,2:01:00 PM,01 - Clear,01 - Daylight,01 - Dry,01 - Traffic signal,01 - Functioning,03 - P.D. only,03 - Rear end,0
16-8172,MONTREAL RD btwn MONTGOMERY ST & PALACE ST,369856.87578,5032944.74785,-75.66852019820,45.43340911710,2016-09-04,2:00:00 PM,01 - Clear,01 - Daylight,01 - Dry,10 - No control,,03 - P.D. only,99 - Other,0
16-8173,BELFAST RD @ ST. LAURENT BLVD,372859.89594,5030577.31976,-75.63047058100,45.41182231430,2016-09-04,2:18:00 PM,01 - Clear,01 - Daylight,01 - Dry,01 - Traffic signal,01 - Functioning,03 - P.D. only,03 - Rear end,0
16-8174,CHAPEL ST btwn LAURIER AVE E & OSGOODE ST,369191.92595,5032145.14581,-75.67712246710,45.42627614960,2016-09-03,8:00:00 PM,01 - Clear,05 - Dusk,01 - Dry,10 - No control,,03 - P.D. only,06 - SMV unattended vehicle,0
16-8175,ELGIN ST @ SLATER ST,367890.48816,5031646.35556,-75.69381601670,45.42190680120,2016-09-04,3:30:00 PM,01 - Clear,01 - Daylight,01 - Dry,01 - Traffic signal,01 - Functioning,03 - P.D. only,04 - Sideswipe,0
16-8176,LACASSE AVE @ MCARTHUR AVE,370824.78195,5032755.76909,-75.65617625040,45.43161805250,2016-09-04,5:25:00 PM,01 - Clear,01 - Daylight,01 - Dry,02 - Stop sign,00 - Unknown,03 - P.D. only,03 - Rear end,0
16-8177,RICHMOND RD @ 140 E OF POULIN AVE,360400.50624,5025022.15648,-75.79026320710,45.36293822770,2016-09-04,5:43:00 PM,01 - Clear,01 - Daylight,01 - Dry,01 - Traffic signal,00 - Unknown,03 - P.D. only,03 - Rear end,0
16-8178,EUCALYPTUS CIR/SANTOLINA ST @ ROSEHILL AVE,349971.52330,5015962.41580,-75.92420733510,45.28216594910,2016-09-04,5:56:00 PM,01 - Clear,01 - Daylight,01 - Dry,02 - Stop sign,03 - Obscured,03 - P.D. only,02 - Angle,0
16-8179,TERRY FOX DR S @ DIDSBURY RD/CENTRUM KANATA SC,350624.80730,5018915.38842,-75.91560761710,45.30869537060,2016-09-04,6:36:00 PM,01 - Clear,01 - Daylight,01 - Dry,01 - Traffic signal,01 - Functioning,02 - Non-fatal injury,07 - SMV other,0
16-8180,COLONEL BY DR btwn BRONSON PL & SENECA ST,367861.34394,5028519.05319,-75.69458840610,45.39377093160,2016-09-04,11:05:00 PM,01 - Clear,07 - Dark,01 - Dry,10 - No control,,03 - P.D. only,03 - Rear end,0
16-8181,BRONSON AVE @ CATHERINE ST/RAYMOND ST,367252.43793,5029796.75181,-75.70220273310,45.40532187640,2016-09-05,8:23:00 AM,01 - Clear,01 - Daylight,01 - Dry,01 - Traffic signal,01 - Functioning,02 - Non-fatal injury,07 - SMV other,1
16-8182,REGIONAL ROAD 174 btwn OR174 IC105 RAMP25 & OR174 IC102 RAMP51,379836.20062,5037242.83733,-75.54033742030,45.47108051700,2016-09-05,8:27:00 AM,"07 - Fog, mist, smoke, dust",01 - Daylight,01 - Dry,10 - No control,,03 - P.D. only,04 - Sideswipe,0
16-8183,REGIONAL ROAD 174 btwn OR174 IC112 RAMP51 & OR174 IC112 RAMP15,375109.23229,5033059.55299,-75.60138241080,45.43393371300,2016-09-05,8:41:00 AM,01 - Clear,01 - Daylight,01 - Dry,10 - No control,,03 - P.D. only,04 - Sideswipe,0
16-8184,KING EDWARD AVE btwn LAURIER AVE E & THOMAS MORE PRIV,368748.28145,5032020.65026,-75.68280747180,45.42519668490,2016-09-05,11:38:00 AM,01 - Clear,01 - Daylight,01 - Dry,10 - No control,,03 - P.D. only,03 - Rear end,0
16-8185,CHESTERTON DR btwn MULVAGH AVE & SOUTHVIEW CRES,365279.64865,5023857.26281,-75.72812925320,45.35205272790,2016-09-05,12:00:00 AM,01 - Clear,00 - Unknown,01 - Dry,10 - No control,,03 - P.D. only,06 - SMV unattended vehicle,0
16-8186,CATHERINE ST @ LYON ST/HWY 417 LYON IC120BR36,367747.24736,5030091.87624,-75.69584474520,45.40793299370,2016-09-05,12:27:00 PM,01 - Clear,01 - Daylight,01 - Dry,01 - Traffic signal,01 - Functioning,03 - P.D. only,02 - Angle,0
16-8187,MONTREAL RD @ VANIER PKWY,370071.10337,5033066.39531,-75.66576635940,45.43448368710,2016-09-05,12:32:00 PM,01 - Clear,01 - Daylight,01 - Dry,01 - Traffic signal,01 - Functioning,03 - P.D. only,03 - Rear end,0
16-8188,CARLING AVE @ KIRKWOOD AVE N,364274.64232,5027493.64131,-75.74051672150,45.38485827740,2016-09-05,1:20:00 PM,01 - Clear,01 - Daylight,01 - Dry,01 - Traffic signal,01 - Functioning,03 - P.D. only,05 - Turning movement,0
16-8189,WEST HUNT CLUB RD @ WOODROFFE AVE,363670.19670,5021247.02455,-75.74897865180,45.32870298960,2016-09-05,1:46:00 PM,01 - Clear,01 - Daylight,01 - Dry,01 - Traffic signal,01 - Functioning,03 - P.D. only,03 - Rear end,0
16-8190,ALLANFORD AVE @ JOHNSTON RD N,373230.30650,5026228.08608,-75.62634196600,45.37265371440,2016-09-05,2:40:00 PM,01 - Clear,01 - Daylight,01 - Dry,02 - Stop sign,01 - Functioning,02 - Non-fatal injury,07 - SMV other,1
16-8191,BANK ST btwn FOURTH AVE & FIFTH AVE,368370.13123,5029469.75989,-75.68796836890,45.40227909370,2016-09-05,3:14:00 PM,01 - Clear,01 - Daylight,01 - Dry,10 - No control,,03 - P.D. only,04 - Sideswipe,0
16-8192,BRIGHTON AVE btwn BRISTOL AVE & RIDEAU RIVER DR,369456.89249,5028945.85595,-75.67415642370,45.39746565630,2016-09-01,12:00:00 AM,01 - Clear,00 - Unknown,01 - Dry,10 - No control,,03 - P.D. only,06 - SMV unattended vehicle,0
16-8193,GREENBANK RD @ BERRIGAN DR/WESSEX RD,363722.61075,5015276.15696,-75.74901970720,45.27497288170,2016-09-05,4:13:00 PM,01 - Clear,01 - Daylight,01 - Dry,01 - Traffic signal,01 - Functioning,03 - P.D. only,03 - Rear end,0
16-8194,NORTH SERVICE RD btwn ROSSIGNOL CRES & TRIM RD,384077.32327,5040127.79341,-75.48563888350,45.49656806470,2016-09-05,6:00:00 PM,01 - Clear,01 - Daylight,01 - Dry,10 - No control,,03 - P.D. only,01 - Approaching,0
16-8195,QUEEN MARY ST @ VANIER PKWY,370363.71050,5031957.17102,-75.66217461170,45.42447597590,2016-09-05,6:35:00 PM,01 - Clear,01 - Daylight,01 - Dry,01 - Traffic signal,01 - Functioning,02 - Non-fatal injury,99 - Other,0
16-8196,MARCH RD btwn MARCHURST RD & SECOND LINE RD,345574.95819,5024868.99051,-75.97951370980,45.36257914800,2016-09-05,10:58:00 PM,01 - Clear,07 - Dark,01 - Dry,10 - No control,,03 - P.D. only,07 - SMV other,0
16-8197,REGIONAL ROAD 174 btwn CAMERON ST & WEST ST,389990.32015,5042637.36067,-75.40955891670,45.51844927960,2016-09-06,7:16:00 AM,01 - Clear,01 - Daylight,01 - Dry,10 - No control,,03 - P.D. only,03 - Rear end,0
16-8198,2ND LINE RD N @ DALMENY RD N,377277.30278,4998872.02754,-75.57866831550,45.12610628790,2016-09-06,7:39:00 AM,01 - Clear,01 - Daylight,01 - Dry,02 - Stop sign,01 - Functioning,02 - Non-fatal injury,02 - Angle,0
16-8199,CUMBERLAND ST @ RIDEAU ST,368372.85469,5032332.04439,-75.68756435600,45.42803271950,2016-09-06,9:30:00 AM,01 - Clear,01 - Daylight,01 - Dry,01 - Traffic signal,01 - Functioning,03 - P.D. only,99 - Other,0
16-8200,ALADDIN LANE @ LESTER RD,372868.96104,5022436.27636,-75.63147686340,45.33857161590,2016-09-06,11:08:00 AM,01 - Clear,01 - Daylight,01 - Dry,02 - Stop sign,01 - Functioning,03 - P.D. only,99 - Other,0
16-8201,CUMMINGS AVE @ OGILVIE RD,372747.62251,5032170.36616,-75.63168513060,45.42616670460,2016-09-06,11:08:00 AM,01 - Clear,01 - Daylight,01 - Dry,01 - Traffic signal,01 - Functioning,03 - P.D. only,05 - Turning movement,0
16-8202,LEES AVE btwn HWY417 IC118 RAMP25 & ROBINSON AVE,369522.75304,5031225.47669,-75.67301602820,45.41797078360,2016-09-06,11:17:00 AM,01 - Clear,01 - Daylight,01 - Dry,10 - No control,,03 - P.D. only,04 - Sideswipe,0
16-8203,JEANNE D'ARC BLVD @ ORLEANS BLVD N,380028.87990,5038105.59866,-75.53774141880,45.47882222890,2016-09-06,11:42:00 AM,01 - Clear,01 - Daylight,01 - Dry,01 - Traffic signal,01 - Functioning,03 - P.D. only,03 - Rear end,0
16-8204,BELFAST RD @ ST. LAURENT BLVD,372860.72410,5030579.87923,-75.63045964780,45.41184526210,2016-09-06,11:58:00 AM,01 - Clear,01 - Daylight,01 - Dry,01 - Traffic signal,01 - Functioning,03 - P.D. only,04 - Sideswipe,0
16-8205,BANK ST @ JOHNSTON RD,370852.26598,5024840.86659,-75.65688478540,45.36040015200,2016-09-06,12:44:00 PM,01 - Clear,01 - Daylight,01 - Dry,01 - Traffic signal,01 - Functioning,03 - P.D. only,03 - Rear end,0
16-8206,WOODROFFE AVE btwn CARLING AVE & FOX CRES,361773.15376,5025711.07359,-75.77266341520,45.36902683310,2016-09-06,12:49:00 PM,01 - Clear,01 - Daylight,01 - Dry,10 - No control,,03 - P.D. only,02 - Angle,0
16-8207,VACHON AVE btwn ALICE ST & DAGMAR AVE,369815.55959,5033716.58235,-75.66894625680,45.44035760770,2016-09-05,12:00:00 AM,01 - Clear,00 - Unknown,01 - Dry,10 - No control,,03 - P.D. only,06 - SMV unattended vehicle,0
16-8208,HERON RD WB btwn BRONSON AVE RAMP 62 & HERON RD SPLIT,368868.39899,5026732.54070,-75.68195962510,45.37760501950,2016-09-06,1:53:00 PM,01 - Clear,01 - Daylight,01 - Dry,10 - No control,,03 - P.D. only,04 - Sideswipe,0
16-8209,FALLOWFIELD RD @ HWY 416 FALLOWFI IC66R24,360278.55863,5014852.25400,-75.79295873720,45.27143873110,2016-09-06,1:56:00 PM,01 - Clear,01 - Daylight,01 - Dry,02 - Stop sign,01 - Functioning,02 - Non-fatal injury,02 - Angle,0
16-8210,BASELINE RD btwn ST. HELEN'S PL & CLYDE AVE,364232.82338,5024812.25203,-75.74137334600,45.36073509900,2016-09-06,2:10:00 PM,01 - Clear,01 - Daylight,01 - Dry,10 - No control,,03 - P.D. only,03 - Rear end,0
16-8211,LAURIER AVE   E btwn LAURIER AVE W & NICHOLAS ST,368355.41527,5031786.19526,-75.68785763430,45.42312294670,2016-09-06,2:16:00 PM,01 - Clear,01 - Daylight,01 - Dry,10 - No control,,03 - P.D. only,04 - Sideswipe,0
16-8212,COBOURG ST btwn HENEY ST & BEAUSOLEIL DR,368999.04070,5032980.84095,-75.67947818370,45.43381314890,2016-09-06,2:19:00 PM,01 - Clear,01 - Daylight,01 - Dry,10 - No control,,03 - P.D. only,04 - Sideswipe,0
16-8213,KING EDWARD AVE NB btwn BRUYERE ST & ST. ANDREW ST,368147.94779,5033026.20022,-75.69034898450,45.43429889270,2016-09-06,3:00:00 PM,01 - Clear,01 - Daylight,01 - Dry,10 - No control,,03 - P.D. only,99 - Other,0