Record,Location,X,Y,Longitude,Latitude,Date,Time,Environment,Light,Road_Surface,Traffic_Control,Collision_Location,Collision_Classification,Impact_type,Pedestrian
16-8318,ALBION RD @ BRIDLE PATH DR,372106.07018,5023740.28226,-75.64103240070,45.35037822900,2016-09-09,2:39:00 PM,01 - Clear,01 - Daylight,01 - Dry,01 - Traffic signal,01 - Functioning,03 - P.D. only,02 - Angle,0
16-8319,MITCH OWENS RD btwn RIVER RD & SPRATT RD,369566.69709,5010809.16881,-75.67512520770,45.23426541130,2016-09-09,2:47:00 PM,01 - Clear,01 - Daylight,01 - Dry,10 - No control,,03 - P.D. only,02 - Angle,0
16-8320,ALTA VISTA DR btwn 75 S OF CALEDON ST & CALEDON ST,370772.53955,5030385.88115,-75.65716120160,45.41029971590,2016-09-09,2:49:00 PM,01 - Clear,01 - Daylight,01 - Dry,10 - No control,,03 - P.D. only,04 - Sideswipe,0
16-8321,SOUTHMORE DR @ WALKLEY RD,369710.50456,5025573.87028,-75.67136081390,45.36710214830,2016-09-09,2:50:00 PM,01 - Clear,01 - Daylight,01 - Dry,02 - Stop sign,01 - Functioning,02 - Non-fatal injury,07 - SMV other,1
16-8322,RUSSELL RD S @ ST. LAURENT BLVD,373569.94036,5029260.98130,-75.62158375420,45.39990911230,2016-09-09,2:57:00 PM,01 - Clear,01 - Daylight,01 - Dry,01 - Traffic signal,01 - Functioning,03 - P.D. only,05 - Turning movement,0
16-8323,BASELINE RD/HWY 416 RICHMOND IC75R53 @ RICHMON,358637.13951,5021819.71763,-75.81311943880,45.33426024300,2016-09-09,3:04:00 PM,01 - Clear,01 - Daylight,01 - Dry,01 - Traffic signal,01 - Functioning,02 - Non-fatal injury,03 - Rear end,0
16-8324,MCARTHUR AVE btwn IRWIN MILLER ST & BRANT ST,371103.60536,5032787.44392,-75.65260889930,45.43187666900,2016-09-09,3:24:00 PM,01 - Clear,01 - Daylight,01 - Dry,10 - No control,,02 - Non-fatal injury,04 - Sideswipe,0
16-8325,LAURIER AVE @ O'CONNOR ST,367636.14869,5031359.29051,-75.69710231250,45.41934677370,2016-09-09,3:34:00 PM,01 - Clear,01 - Daylight,01 - Dry,01 - Traffic signal,01 - Functioning,03 - P.D. only,04 - Sideswipe,0
16-8326,FIELD ST @ WOODROFFE AVE,362418.52046,5024106.50720,-75.76461222100,45.35453632750,2016-09-09,3:34:00 PM,01 - Clear,01 - Daylight,01 - Dry,02 - Stop sign,01 - Functioning,03 - P.D. only,03 - Rear end,0
16-8327,GREENBANK RD @ BERRIGAN DR/WESSEX RD,363723.14622,5015276.15696,-75.74901288410,45.27497283690,2016-09-09,3:39:00 PM,01 - Clear,01 - Daylight,01 - Dry,01 - Traffic signal,01 - Functioning,03 - P.D. only,03 - Rear end,0
16-8328,BANK ST btwn RIDEAU RD & TURN LANE,377549.11909,5016410.12028,-75.57265290590,45.28388129040,2016-09-09,3:52:00 PM,01 - Clear,01 - Daylight,01 - Dry,10 - No control,,03 - P.D. only,02 - Angle,0
16-8329,CARLING AVE @ REC PATH/525M E OF HOLLY ACRES,358675.96850,5023773.63860,-75.81241127520,45.35183871160,2016-09-09,3:57:00 PM,01 - Clear,01 - Daylight,01 - Dry,01 - Traffic signal,01 - Functioning,02 - Non-fatal injury,02 - Angle,0
16-8330,ALTA VISTA DR @ RANDALL AVE,370408.72160,5027367.78414,-75.66221009880,45.38317818250,2016-09-09,3:59:00 PM,01 - Clear,01 - Daylight,01 - Dry,01 - Traffic signal,01 - Functioning,03 - P.D. only,03 - Rear end,0
16-8331,BANK ST btwn RIDEAU RD & TURN LANE,377534.25616,5016458.28726,-75.57283528120,45.28431621570,2016-09-09,4:16:00 PM,01 - Clear,01 - Daylight,01 - Dry,10 - No control,,02 - Non-fatal injury,02 - Angle,0
16-8332,BELANGER AVE @ CLEMENTINE BLVD,369465.49646,5027401.87678,-75.67424886910,45.38357264320,2016-09-09,9:45:00 AM,01 - Clear,01 - Daylight,01 - Dry,02 - Stop sign,01 - Functioning,03 - P.D. only,99 - Other,0
16-8333,CARLING AVE @ WOODROFFE AVE W,361767.46406,5025725.29396,-75.77273440590,45.36915524950,2016-09-09,4:27:00 PM,01 - Clear,01 - Daylight,01 - Dry,01 - Traffic signal,01 - Functioning,02 - Non-fatal injury,05 - Turning movement,0
16-8334,WALKLEY RD btwn RUSSELL RD & LANCASTER RD,374768.04796,5028541.47324,-75.60638392320,45.39331662510,2016-09-09,4:48:00 PM,01 - Clear,01 - Daylight,01 - Dry,10 - No control,,03 - P.D. only,05 - Turning movement,0
16-8335,CARLING AVE @ FAIRMONT AVE,366114.03789,5028486.96408,-75.71690664150,45.39363737490,2016-09-09,5:43:00 PM,01 - Clear,01 - Daylight,01 - Dry,02 - Stop sign,01 - Functioning,03 - P.D. only,02 - Angle,0
16-8336,HUNT CLUB RD EB btwn 275 E OF HAWTHORNE RD/OC TRANSPO TURNAROUND & HAWTHORNE RD,375838.16800,5026590.83900,-75.59299902240,45.37565807810,2016-09-09,5:57:00 PM,01 - Clear,01 - Daylight,01 - Dry,10 - No control,,03 - P.D. only,03 - Rear end,0
16-8337,INVERKIP AVE btwn PENNARD WAY & PENNARD WAY,372513.97184,5025751.84679,-75.63555172800,45.36843828080,2016-09-09,4:45:00 PM,01 - Clear,01 - Daylight,01 - Dry,10 - No control,,03 - P.D. only,06 - SMV unattended vehicle,0
16-8338,LESTER RD btwn ALBION RD & UPLANDS DR,371473.22220,5021417.04444,-75.64942104680,45.32953489340,2016-09-09,6:30:00 PM,01 - Clear,01 - Daylight,01 - Dry,10 - No control,,03 - P.D. only,04 - Sideswipe,0
16-8339,CARLING AVE @ BAYSHORE DR/BIRCHDALE AVE,359005.69916,5023988.54171,-75.80817985470,45.35374700250,2016-09-09,7:36:00 PM,01 - Clear,07 - Dark,01 - Dry,01 - Traffic signal,01 - Functioning,03 - P.D. only,03 - Rear end,0
16-8340,EQUINE WAY btwn CAVESSON ST & TAPADERO AVE,353011.57800,5015078.63100,-75.88554435400,45.27401149350,2016-09-09,12:00:00 AM,01 - Clear,00 - Unknown,01 - Dry,10 - No control,,03 - P.D. only,06 - SMV unattended vehicle,0
16-8341,ELGIN ST @ LAURIER AVE,367947.88174,5031549.98988,-75.69309505510,45.42103455650,2016-09-08,8:35:00 PM,01 - Clear,07 - Dark,01 - Dry,01 - Traffic signal,01 - Functioning,02 - Non-fatal injury,05 - Turning movement,0
16-8342,RICHMOND RD @ WEST HUNT CLUB RD,357142.62412,5018150.56027,-75.83257359720,45.30135783110,2016-09-09,8:35:00 PM,01 - Clear,07 - Dark,01 - Dry,01 - Traffic signal,01 - Functioning,03 - P.D. only,04 - Sideswipe,0
16-8343,METCALFE ST @ LAURIER AVE,367792.71543,5031451.52460,-75.69509016570,45.42016258680,2016-09-09,9:12:00 PM,01 - Clear,07 - Dark,01 - Dry,01 - Traffic signal,01 - Functioning,02 - Non-fatal injury,05 - Turning movement,0
16-8344,RIVERSIDE DR @ BROOKFIELD RD/HOG'S BACK RD,368167.92457,5026223.25649,-75.69096789320,45.37308631810,2016-09-09,10:37:00 PM,01 - Clear,07 - Dark,01 - Dry,01 - Traffic signal,01 - Functioning,03 - P.D. only,05 - Turning movement,0
16-8345,LEBRETON ST    N btwn ECCLES ST & WILLOW ST,366733.19147,5030201.17502,-75.70878439310,45.40900689920,2016-09-10,12:00:00 AM,01 - Clear,00 - Unknown,01 - Dry,10 - No control,,03 - P.D. only,06 - SMV unattended vehicle,0
16-8346,STRANDHERD DR @ WOODROFFE AVE,366106.98216,5015393.90676,-75.71861866550,45.27582854000,2016-09-09,5:35:00 PM,01 - Clear,01 - Daylight,01 - Dry,01 - Traffic signal,01 - Functioning,03 - P.D. only,03 - Rear end,0
16-8347,FALLOWFIELD RD btwn WOODROFFE AVE & VIA PARK PL/275 W OF WOODROFFE AVE,364911.65602,5017802.78839,-75.73356033150,45.29760678260,2016-09-09,4:15:00 PM,01 - Clear,01 - Daylight,01 - Dry,10 - No control,,03 - P.D. only,03 - Rear end,0
16-8348,LISGAR ST btwn O'CONNOR ST & METCALFE ST,367912.19577,5031249.39161,-75.69358950940,45.41833309260,2016-09-10,9:59:00 AM,01 - Clear,01 - Daylight,01 - Dry,10 - No control,,03 - P.D. only,04 - Sideswipe,0
16-8349,ST. JOSEPH BLVD @ TENTH LINE RD,382890.80380,5038664.79648,-75.50105090620,45.48353916040,2016-09-10,11:03:00 AM,01 - Clear,01 - Daylight,01 - Dry,01 - Traffic signal,00 - Unknown,02 - Non-fatal injury,03 - Rear end,0
16-8350,KANATA AVE/CASTLEFRANK RD @ AIRD PL,351811.33509,5019070.52437,-75.90046222760,45.31001290110,2016-09-10,11:20:00 AM,01 - Clear,01 - Daylight,01 - Dry,01 - Traffic signal,01 - Functioning,03 - P.D. only,03 - Rear end,0
16-8351,COLONIAL RD btwn LAFLEUR RD & BIRCHGROVE RD,397574.59646,5035159.12639,-75.31391270020,45.45020327130,2016-09-10,11:27:00 AM,01 - Clear,01 - Daylight,01 - Dry,10 - No control,,02 - Non-fatal injury,07 - SMV other,0
16-8352,HERON RD btwn RIVERSIDE DR & TURN LANE (2),368163.39702,5026652.57738,-75.69097060970,45.37694964290,2016-09-09,2:10:00 PM,01 - Clear,01 - Daylight,01 - Dry,10 - No control,,03 - P.D. only,04 - Sideswipe,0
16-8353,DUNNING RD btwn MARKET ST & LOOKOUT DR,390451.15604,5042136.47466,-75.40374878920,45.51388647170,2016-09-10,12:00:00 AM,01 - Clear,00 - Unknown,01 - Dry,10 - No control,,03 - P.D. only,06 - SMV unattended vehicle,0
16-8354,HARRY DOUGLAS DR btwn QUARTZ CRES & IBER RD,351572.63313,5015117.84175,-75.90387897320,45.27446151190,2016-09-09,7:30:00 PM,01 - Clear,05 - Dusk,01 - Dry,10 - No control,,03 - P.D. only,07 - SMV other,0
16-8355,PRINCE OF WALES DR btwn BLAZER AVE & DEAKIN ST,367379.71825,5021476.91722,-75.70163080530,45.33045056770,2016-09-10,1:41:00 PM,01 - Clear,01 - Daylight,01 - Dry,10 - No control,,03 - P.D. only,03 - Rear end,0
16-8356,KLONDIKE RD @ MARCH RD,349263.19054,5024061.84064,-75.93250880570,45.35509200490,2016-09-10,2:55:00 PM,01 - Clear,01 - Daylight,01 - Dry,01 - Traffic signal,01 - Functioning,03 - P.D. only,02 - Angle,0
16-8357,CLYDE AVE btwn MAITLAND AVE & BASELINE RD,364337.84710,5024939.90917,-75.74001751700,45.36187482950,2016-09-10,3:00:00 PM,01 - Clear,01 - Daylight,02 - Wet,10 - No control,,03 - P.D. only,07 - SMV other,0
16-8358,BANK ST @ ST. BERNARD ST,373003.13337,5023708.23096,-75.62958971950,45.35000317740,2016-09-10,3:34:00 PM,02 - Rain,01 - Daylight,02 - Wet,01 - Traffic signal,01 - Functioning,02 - Non-fatal injury,03 - Rear end,0
16-8359,INNES RD @ STONEHENGE CRES E,375363.08388,5031313.33346,-75.59838852150,45.41819664580,2016-09-10,3:38:00 PM,01 - Clear,01 - Daylight,01 - Dry,01 - Traffic signal,01 - Functioning,03 - P.D. only,04 - Sideswipe,0
16-8360,GORE PRIV btwn GABLE PRIV & GATEVILLE PRIV,372132.61607,5026422.37200,-75.64032822710,45.37450815470,2016-09-10,3:38:00 PM,01 - Clear,01 - Daylight,01 - Dry,10 - No control,,03 - P.D. only,02 - Angle,0
16-8361,CARLING AVE WB btwn KIRKWOOD AVE & HWY417 IC124 RAMP67,364322.50182,5027518.66875,-75.73990259810,45.38507940520,2016-09-10,3:41:00 PM,01 - Clear,01 - Daylight,01 - Dry,10 - No control,,03 - P.D. only,04 - Sideswipe,0
16-8362,INNES RD btwn VISENEAU DR & BELCOURT BLVD,382031.78746,5035211.94490,-75.51258052080,45.45256891290,2016-09-10,3:45:00 PM,01 - Clear,01 - Daylight,01 - Dry,10 - No control,,02 - Non-fatal injury,04 - Sideswipe,0
16-8363,JEANNE D'ARC BLVD @ GREY NUNS DR/YOUVILLE DR,379670.74250,5036700.16902,-75.54253589460,45.46621576510,2016-09-10,4:21:00 PM,01 - Clear,01 - Daylight,02 - Wet,01 - Traffic signal,01 - Functioning,03 - P.D. only,03 - Rear end,0
16-8364,CATHERINE ST @ KENT ST,367907.04888,5030189.66209,-75.69379095620,45.40879845060,2016-09-10,4:49:00 PM,01 - Clear,01 - Daylight,01 - Dry,01 - Traffic signal,01 - Functioning,02 - Non-fatal injury,05 - Turning movement,0
16-8365,BLAIR RD @ OGILVIE RD,374506.06739,5033196.50461,-75.60907108890,45.43522631250,2016-09-10,5:02:00 PM,01 - Clear,01 - Daylight,01 - Dry,01 - Traffic signal,01 - Functioning,03 - P.D. only,03 - Rear end,0
16-8366,WEST HUNT CLUB RD @ ROYDON PL/SUNDERLAND ST,365974.33771,5022170.04014,-75.71947277630,45.33681110390,2016-09-10,5:38:00 PM,01 - Clear,01 - Daylight,01 - Dry,01 - Traffic signal,01 - Functioning,03 - P.D. only,02 - Angle,0
16-8367,SMYTH RD @ GENERAL HOSPITAL E,371516.22295,5029181.66885,-75.64782418310,45.39939421040,2016-09-10,7:54:00 PM,01 - Clear,07 - Dark,01 - Dry,01 - Traffic signal,01 - Functioning,03 - P.D. only,05 - Turning movement,0
16-8368,BRIAN COBURN BLVD @ ESPRIT DR,385141.64091,5035342.87194,-75.47280551850,45.45339627270,2016-09-10,8:10:00 PM,01 - Clear,07 - Dark,01 - Dry,02 - Stop sign,01 - Functioning,03 - P.D. only,02 - Angle,0
16-8369,ELGIN ST @ LAURIER AVE,367948.49036,5031550.23442,-75.69308724660,45.42103670150,2016-09-10,9:15:00 PM,01 - Clear,07 - Dark,01 - Dry,01 - Traffic signal,01 - Functioning,02 - Non-fatal injury,07 - SMV other,1
16-8370,TERRY FOX DR btwn COPE DR & TRANS CANADA TRAIL,353587.96165,5015610.77422,-75.87814648750,45.27876010000,2016-09-10,10:52:00 PM,02 - Rain,07 - Dark,02 - Wet,10 - No control,,03 - P.D. only,07 - SMV other,0
16-8371,BLAIR RD @ REGIONAL RD 174 N/OR174 IC112 RAMP61,374634.39768,5032992.29619,-75.60746003630,45.43337615410,2016-09-10,11:18:00 PM,02 - Rain,07 - Dark,02 - Wet,01 - Traffic signal,01 - Functioning,03 - P.D. only,05 - Turning movement,0
16-8372,ST. JOSEPH BLVD @ JEANNE D'ARC BLVD,379860.47619,5036470.78197,-75.54014490780,45.46413155590,2016-09-11,4:00:00 AM,02 - Rain,07 - Dark,02 - Wet,11 - Roundabout,01 - Functioning,03 - P.D. only,02 - Angle,0
16-8373,WEST HUNT CLUB RD @ 545 E OF ROYDON PL/SUNDERLAND ST,366353.05865,5022407.62803,-75.71461155170,45.33891576100,2016-09-11,9:51:00 AM,01 - Clear,01 - Daylight,01 - Dry,01 - Traffic signal,01 - Functioning,02 - Non-fatal injury,05 - Turning movement,0
16-8374,CANAAN RD btwn REGIONAL ROAD 174 & WILHAVEN DR,396499.01291,5041777.01811,-75.32642515830,45.50988359630,2016-09-11,10:11:00 AM,01 - Clear,01 - Daylight,01 - Dry,10 - No control,,03 - P.D. only,04 - Sideswipe,0
16-8375,GREENBANK RD @ STRANDHERD DR,363933.90344,5014784.63674,-75.74638551390,45.27053243700,2016-09-11,10:15:00 AM,01 - Clear,01 - Daylight,01 - Dry,01 - Traffic signal,01 - Functioning,03 - P.D. only,05 - Turning movement,0
16-8376,MONTREAL RD @ OGILVIE RD,375655.80595,5034555.78289,-75.59418215660,45.44734072810,2016-09-11,11:17:00 AM,01 - Clear,01 - Daylight,01 - Dry,01 - Traffic signal,01 - Functioning,03 - P.D. only,03 - Rear end,0
16-8377,CHAPEL ST @ RIDEAU ST,368891.74968,5032643.05176,-75.68089328770,45.43078369150,2016-09-11,12:47:00 PM,01 - Clear,01 - Daylight,01 - Dry,01 - Traffic signal,01 - Functioning,02 - Non-fatal injury,07 - SMV other,1
16-8378,LANCASTER RD @ WALKLEY RD,374908.52096,5028603.63889,-75.60458122030,45.39386191170,2016-09-11,11:00:00 AM,01 - Clear,01 - Daylight,01 - Dry,01 - Traffic signal,01 - Functioning,03 - P.D. only,04 - Sideswipe,0
16-8379,LEMIEUX ST @ ST. LAURENT BLVD,372390.62701,5031741.46671,-75.63630556870,45.42234225590,2016-09-11,1:18:00 PM,01 - Clear,01 - Daylight,01 - Dry,01 - Traffic signal,01 - Functioning,03 - P.D. only,05 - Turning movement,0
16-8380,BASELINE RD @ MONTEREY DR,359793.01248,5022154.84018,-75.79833610490,45.33718604750,2016-09-11,2:50:00 PM,01 - Clear,01 - Daylight,01 - Dry,01 - Traffic signal,01 - Functioning,03 - P.D. only,07 - SMV other,0
16-8381,SILVER SEVEN RD btwn FRANK NIGHBOR PL & 280 N OF PALLADIUM DR/COSTCO S,350824.62025,5018144.52804,-75.91313116310,45.30174589440,2016-09-11,4:12:00 PM,01 - Clear,01 - Daylight,01 - Dry,10 - No control,,03 - P.D. only,02 - Angle,0
16-8382,HWY 417 RIVERSID IC117R25 @ RIVERSIDE DR,370817.87019,5031035.86873,-75.65649507670,45.41614376610,2016-09-11,4:11:00 PM,01 - Clear,01 - Daylight,01 - Dry,10 - No control,00 - Unknown,03 - P.D. only,03 - Rear end,0
16-8383,JEANNE D'ARC BLVD @ ORLEANS BLVD S,380940.74450,5036249.33736,-75.52636699180,45.46202226620,2016-09-11,4:33:00 PM,01 - Clear,01 - Daylight,01 - Dry,01 - Traffic signal,01 - Functioning,03 - P.D. only,04 - Sideswipe,0
16-8384,KANATA AVE @ TERRY FOX DR,349314.83801,5019207.73467,-75.93228623240,45.31141023990,2016-09-11,4:35:00 PM,01 - Clear,01 - Daylight,01 - Dry,01 - Traffic signal,01 - Functioning,02 - Non-fatal injury,05 - Turning movement,0
16-8385,VANIER PKWY/CRICHTON ST @ BEECHWOOD AVE/ST. PA,369127.87081,5033486.98598,-75.67776564950,45.43835540400,2016-09-11,5:00:00 PM,01 - Clear,01 - Daylight,01 - Dry,01 - Traffic signal,01 - Functioning,03 - P.D. only,03 - Rear end,0
16-8386,WALDEN DR btwn BURGER GT & SLADE CRES,350405.93821,5021108.13622,-75.91819676080,45.32844052690,2016-09-11,5:57:00 PM,01 - Clear,01 - Daylight,01 - Dry,10 - No control,,02 - Non-fatal injury,03 - Rear end,0
16-8387,CARILLON ST @ HANNAH ST,370155.04578,5033390.81304,-75.66465053250,45.43739482050,2016-09-11,7:13:00 PM,01 - Clear,05 - Dusk,01 - Dry,02 - Stop sign,01 - Functioning,03 - P.D. only,02 - Angle,0
16-8388,INNES RD @ JEANNE D'ARC BLVD/MER BLEUE RD,382638.58145,5035567.98512,-75.50476739680,45.45570493680,2016-09-11,7:30:00 PM,01 - Clear,07 - Dark,01 - Dry,01 - Traffic signal,01 - Functioning,02 - Non-fatal injury,05 - Turning movement,0
16-8389,EAGLESON RD @ FALLOWFIELD RD,355960.53641,5012594.18616,-75.84821816980,45.25144751960,2016-09-11,10:30:00 PM,01 - Clear,07 - Dark,01 - Dry,01 - Traffic signal,01 - Functioning,03 - P.D. only,02 - Angle,0
16-8390,BANK ST btwn MACLAREN ST & GILMOUR ST,367748.95489,5030833.05408,-75.69572828160,45.41460172730,2016-09-12,12:35:00 AM,01 - Clear,07 - Dark,01 - Dry,10 - No control,,03 - P.D. only,06 - SMV unattended vehicle,0
16-8391,IRVING AVE @ WELLINGTON ST,365625.91414,5029803.34766,-75.72297796370,45.40552445510,2016-09-12,6:01:00 AM,01 - Clear,03 - Dawn,01 - Dry,02 - Stop sign,01 - Functioning,02 - Non-fatal injury,05 - Turning movement,0
16-8392,HERITAGE GLEN DR @ WOODROFFE AVE,366010.99494,5015621.07586,-75.71981393540,45.27788095950,2016-09-12,7:26:00 AM,01 - Clear,01 - Daylight,01 - Dry,02 - Stop sign,00 - Unknown,02 - Non-fatal injury,03 - Rear end,0
16-8393,REGIONAL ROAD 174 btwn QUIGLEY HILL RD & REGIONAL ROAD 174 DIVIDED,386417.30076,5042162.04504,-75.45536508720,45.51460030610,2016-09-12,7:29:00 AM,01 - Clear,01 - Daylight,01 - Dry,10 - No control,,02 - Non-fatal injury,03 - Rear end,0
16-8394,CALDWELL AVE btwn MEDFORD ST & MERIVALE RD,364702.67915,5026135.63069,-75.73521598670,45.37260266330,2016-09-12,7:36:00 AM,01 - Clear,01 - Daylight,01 - Dry,10 - No control,,03 - P.D. only,06 - SMV unattended vehicle,0
16-8395,CARLING AVE btwn ULLSWATER DR & SUNNY BRAE AVE,356722.41633,5023824.72058,-75.83733629280,45.35244571430,2016-09-12,7:40:00 AM,01 - Clear,01 - Daylight,01 - Dry,10 - No control,,02 - Non-fatal injury,03 - Rear end,0
16-8396,BLACKBURN BYPASS @ INNES RD E,379788.90865,5033782.46427,-75.54146981400,45.43995177800,2016-09-12,7:50:00 AM,01 - Clear,01 - Daylight,01 - Dry,01 - Traffic signal,01 - Functioning,03 - P.D. only,03 - Rear end,0
16-8397,DUNROBIN RD btwn GALETTA SIDE RD & BAIRD'S GRANT LANE,333790.44503,5040230.13445,-76.12903301460,45.50139057530,2016-09-12,7:59:00 AM,01 - Clear,01 - Daylight,01 - Dry,10 - No control,,03 - P.D. only,07 - SMV other,0
16-8398,ST. JOSEPH BLVD/OLD MONTREAL RD @ TRIM RD,384681.95507,5039285.31559,-75.47804090760,45.48891932480,2016-09-12,8:48:00 AM,01 - Clear,01 - Daylight,01 - Dry,11 - Roundabout,01 - Functioning,03 - P.D. only,02 - Angle,0
16-8399,REGIONAL ROAD 174 btwn Continuation of REGIONAL ROAD 174 & OR174 IC112,374507.74866,5032626.23189,-75.60913033870,45.43009514370,2016-09-12,8:59:00 AM,01 - Clear,01 - Daylight,01 - Dry,10 - No control,,03 - P.D. only,03 - Rear end,0
16-8400,HWY 417 VANIER IC117R63 @ VANIER PKWY,370799.38145,5031397.44501,-75.65668285040,45.41939882520,2016-09-12,11:53:00 AM,01 - Clear,01 - Daylight,01 - Dry,01 - Traffic signal,01 - Functioning,03 - P.D. only,02 - Angle,0
16-8401,BANK ST @ CAHILL DR/DAZE ST,371305.74405,5024315.38881,-75.65116776180,45.35562920420,2016-09-09,12:10:00 PM,01 - Clear,01 - Daylight,01 - Dry,01 - Traffic signal,01 - Functioning,03 - P.D. only,03 - Rear end,0
16-8402,THOMAS A. DOLAN PKWY btwn CARP RD & STONECREST RD,336562.06280,5026094.85180,-76.09447986060,45.37407627460,2016-09-11,7:50:00 AM,01 - Clear,01 - Daylight,01 - Dry,10 - No control,,03 - P.D. only,07 - SMV other,0
16-8403,ANDERSON RD @ RUSSELL RD,379788.24307,5026706.28151,-75.54255462560,45.37628516410,2016-09-12,12:15:00 PM,01 - Clear,01 - Daylight,01 - Dry,02 - Stop sign,01 - Functioning,02 - Non-fatal injury,02 - Angle,0
16-8404,"MCARTHUR AVE @ EGLISE, RUE DE L/MOORVALE ST",371445.08671,5032825.06889,-75.64823999990,45.43218274270,2016-09-12,1:26:00 PM,01 - Clear,01 - Daylight,01 - Dry,01 - Traffic signal,01 - Functioning,03 - P.D. only,04 - Sideswipe,0
16-8405,WOODROFFE AVE btwn NAVAHO DR & Continuation of WOODROFFE AVE,362720.73147,5023471.72536,-75.76082976730,45.34879971390,2016-09-12,7:45:00 AM,01 - Clear,01 - Daylight,01 - Dry,10 - No control,,03 - P.D. only,04 - Sideswipe,0
16-8406,MAITLAND AVE @ WOODWARD DR,363273.47506,5025663.18602,-75.75351713930,45.36847237820,2016-09-12,2:27:00 PM,01 - Clear,01 - Daylight,01 - Dry,01 - Traffic signal,01 - Functioning,03 - P.D. only,05 - Turning movement,0
16-8407,BANK ST @ MITCH OWENS RD,377758.98524,5015947.23996,-75.57004610320,45.27969473080,2016-09-12,2:36:00 PM,01 - Clear,01 - Daylight,01 - Dry,01 - Traffic signal,01 - Functioning,02 - Non-fatal injury,07 - SMV other,0
16-8408,WOODROFFE AVE btwn GEORGINA DR & HWY417 IC127 RAMP36,362008.01304,5025126.77153,-75.76973302980,45.36375020150,2016-09-12,2:54:00 PM,01 - Clear,01 - Daylight,01 - Dry,10 - No control,,03 - P.D. only,04 - Sideswipe,0
16-8409,SMYTH RD @ RIVERSIDE HOSPITAL,369988.71858,5029119.37937,-75.66734135040,45.39897764490,2016-09-12,3:03:00 PM,01 - Clear,01 - Daylight,01 - Dry,01 - Traffic signal,01 - Functioning,02 - Non-fatal injury,05 - Turning movement,0
16-8410,RICHMOND RD btwn FRASER AVE & BROADVIEW AVE,362550.97554,5027748.27208,-75.76249606320,45.38729364230,2016-09-12,3:24:00 PM,01 - Clear,01 - Daylight,01 - Dry,10 - No control,,02 - Non-fatal injury,03 - Rear end,0
16-8411,VANIER PKWY SB btwn DONALD ST & QUEEN MARY ST,370349.44047,5031970.09882,-75.66235522520,45.42459363230,2016-09-12,5:40:00 PM,01 - Clear,01 - Daylight,01 - Dry,10 - No control,,03 - P.D. only,04 - Sideswipe,0
16-8412,RAMSAYVILLE RD btwn WHYTE SIDE RD & LEITRIM RD,378707.61072,5023922.08005,-75.55676659330,45.35134932750,2016-09-12,5:41:00 PM,01 - Clear,01 - Daylight,01 - Dry,10 - No control,,03 - P.D. only,01 - Approaching,0
16-8413,BRONSON AVE @ SOMERSET ST,366967.69610,5030476.83994,-75.70575404850,45.41146646170,2016-09-12,5:45:00 PM,01 - Clear,01 - Daylight,01 - Dry,01 - Traffic signal,01 - Functioning,03 - P.D. only,03 - Rear end,0
16-8414,MEADOWLANDS DR @ MERIVALE RD,364859.23538,5023724.70719,-75.73351038870,45.35089614240,2016-09-12,6:07:00 PM,01 - Clear,01 - Daylight,01 - Dry,01 - Traffic signal,01 - Functioning,03 - P.D. only,03 - Rear end,0
16-8415,CAMPEAU DR @ HUNTMAR DR,349053.60820,5018056.46440,-75.93572041960,45.30106726970,2016-09-12,6:14:00 PM,01 - Clear,01 - Daylight,01 - Dry,11 - Roundabout,01 - Functioning,03 - P.D. only,02 - Angle,0
16-8416,HOPEWELL AVE @ SENECA ST,368264.16231,5028203.66456,-75.68948474200,45.39089676700,2016-09-12,6:54:00 PM,01 - Clear,01 - Daylight,01 - Dry,02 - Stop sign,01 - Functioning,03 - P.D. only,02 - Angle,0
16-8417,TERRY FOX DR @ PALLADIUM DR/KATIMAVIK RD,351269.18252,5018182.04294,-75.90745925110,45.30205419650,2016-09-12,6:57:00 PM,01 - Clear,01 - Daylight,01 - Dry,01 - Traffic signal,01 - Functioning,02 - Non-fatal injury,03 - Rear end,0
16-8418,HAWTHORNE RD/RUSSELL RD @ WALKLEY RD,374674.55044,5028499.43415,-75.60758386110,45.39294771440,2016-09-11,8:10:00 PM,01 - Clear,07 - Dark,01 - Dry,01 - Traffic signal,01 - Functioning,03 - P.D. only,03 - Rear end,0
16-8419,BRONSON AVE @ POWELL AVE,367387.22028,5029476.99446,-75.70052171110,45.40243275470,2016-09-12,7:36:00 PM,01 - Clear,05 - Dusk,01 - Dry,01 - Traffic signal,01 - Functioning,03 - P.D. only,05 - Turning movement,0
16-8420,OR174 IC101 RAMP36 btwn TENTH LINE RD & REGIONAL ROAD 174,382639.68117,5039181.01088,-75.50418097800,45.48821163720,2016-09-12,8:03:00 PM,01 - Clear,07 - Dark,01 - Dry,10 - No control,,03 - P.D. only,03 - Rear end,0
16-8421,MITCH OWENS RD btwn OLD PRESCOTT RD & TURN LANE,377114.31355,5015564.73208,-75.57831790410,45.27631967630,2016-09-12,8:08:00 PM,01 - Clear,07 - Dark,01 - Dry,10 - No control,,03 - P.D. only,99 - Other,0
16-8422,BANK ST btwn ORVILLE KEMP ST & LEITRIM RD,375278.28109,5021814.00862,-75.60082760040,45.33273482240,2016-09-13,3:17:00 AM,01 - Clear,07 - Dark,01 - Dry,10 - No control,,03 - P.D. only,07 - SMV other,0