Record,Location,X,Y,Longitude,Latitude,Date,Time,Environment,Light,Road_Surface,Traffic_Control,Collision_Location,Collision_Classification,Impact_type,Pedestrian
16-8527,YELLOWTHROAT CRES btwn SWALLOWTAIL CRES & SWALLOWTAIL CRES,385883.20229,5036587.56461,-75.46312071150,45.46450915520,2016-08-26,12:00:00 AM,01 - Clear,00 - Unknown,01 - Dry,10 - No control,,03 - P.D. only,06 - SMV unattended vehicle,0
16-8528,PRESLAND RD @ VANIER PKWY,370434.48671,5031753.68929,-75.66129738610,45.42263849360,2016-09-16,1:17:00 PM,01 - Clear,01 - Daylight,01 - Dry,01 - Traffic signal,00 - Unknown,03 - P.D. only,03 - Rear end,0
16-8529,ProposedCANYON WALK DR @ EARL ARMSTRONG RD,369396.14835,5015633.74191,-75.67666999040,45.27769206180,2016-09-16,2:54:00 PM,01 - Clear,01 - Daylight,01 - Dry,01 - Traffic signal,01 - Functioning,03 - P.D. only,02 - Angle,0
16-8530,INNES RD @ TENTH LINE RD,383951.54076,5036158.90218,-75.48788758730,45.46087398520,2016-09-16,3:49:00 PM,01 - Clear,01 - Daylight,01 - Dry,01 - Traffic signal,01 - Functioning,03 - P.D. only,04 - Sideswipe,0
16-8531,BRONSON AVE @ CARLING AVE/GLEBE AVE,367446.60931,5029334.90338,-75.69978121040,45.40114894780,2016-09-16,3:58:00 PM,01 - Clear,01 - Daylight,01 - Dry,01 - Traffic signal,01 - Functioning,03 - P.D. only,05 - Turning movement,0
16-8532,BLAIR RD btwn NICOL ST & MONTREAL RD,373933.44139,5034652.84495,-75.61618448990,45.44838651820,2016-09-16,4:22:00 PM,01 - Clear,01 - Daylight,01 - Dry,10 - No control,,02 - Non-fatal injury,07 - SMV other,0
16-8533,RIDEAU ST btwn KING EDWARD AVE & NELSON ST,368559.62908,5032440.83260,-75.68516361190,45.42899455480,2016-09-16,4:21:00 PM,01 - Clear,01 - Daylight,01 - Dry,10 - No control,,03 - P.D. only,02 - Angle,0
16-8534,ALPINE AVE @ CARLING AVE,360496.20363,5024942.75559,-75.78905067930,45.36221618480,2016-09-16,4:27:00 PM,01 - Clear,01 - Daylight,01 - Dry,01 - Traffic signal,01 - Functioning,02 - Non-fatal injury,02 - Angle,0
16-8535,SOMERSET ST    W btwn BECKINGTON PRIV & BANK ST,367667.69961,5030900.41631,-75.69675774980,45.41521513600,2016-09-16,4:53:00 PM,01 - Clear,01 - Daylight,01 - Dry,10 - No control,,03 - P.D. only,02 - Angle,0
16-8536,CYR AVE @ MCARTHUR AVE,370354.93114,5032708.36816,-75.66218679970,45.43123575990,2016-09-16,5:55:00 PM,01 - Clear,01 - Daylight,01 - Dry,02 - Stop sign,01 - Functioning,03 - P.D. only,02 - Angle,0
16-8537,MOODIE DR btwn WEST HUNT CLUB RD & ALTI PL,359132.90143,5015491.85257,-75.80748837880,45.27728337410,2016-09-16,5:55:00 PM,01 - Clear,01 - Daylight,01 - Dry,10 - No control,,03 - P.D. only,07 - SMV other,0
16-8538,CARLING AVE WB btwn MERIVALE RD & HARMER AVE S,365077.24755,5027835.34153,-75.73022675330,45.38786422180,2016-09-16,6:11:00 PM,01 - Clear,01 - Daylight,01 - Dry,10 - No control,,02 - Non-fatal injury,04 - Sideswipe,0
16-8539,GEORGE ST btwn DALHOUSIE ST & CUMBERLAND ST,368246.24234,5032369.11012,-75.68917747350,45.42837772030,2016-09-16,6:46:00 PM,01 - Clear,01 - Daylight,01 - Dry,10 - No control,,01 - Fatal injury,02 - Angle,0
16-8540,MOODIE DR btwn WEST HUNT CLUB RD & ALTI PL,358781.96174,5016322.70177,-75.81187066000,45.28478649670,2016-09-16,7:48:00 PM,01 - Clear,05 - Dusk,01 - Dry,10 - No control,,03 - P.D. only,07 - SMV other,0
16-8541,MOODIE DR btwn WEST HUNT CLUB RD & ALTI PL,358801.42467,5016302.03661,-75.81162482440,45.28459905370,2016-09-16,7:52:00 PM,01 - Clear,07 - Dark,01 - Dry,10 - No control,,03 - P.D. only,07 - SMV other,0
16-8542,OSGOODE MAIN ST btwn BOYD ST & WILSON LANE,374547.26098,5000642.78899,-75.61312142180,45.14231416110,2016-09-16,8:00:00 PM,01 - Clear,07 - Dark,01 - Dry,10 - No control,,03 - P.D. only,03 - Rear end,0
16-8543,LANCASTER RD btwn BARBERRY LANE & WALKLEY RD,374883.49352,5028674.33044,-75.60489078800,45.39450046390,2016-09-16,8:45:00 PM,01 - Clear,07 - Dark,01 - Dry,10 - No control,,03 - P.D. only,05 - Turning movement,0
16-8544,BANK ST btwn CLAREY AVE & HOLMWOOD AVE,368479.51261,5029200.63225,-75.68660604440,45.39984762760,2016-09-16,11:13:00 PM,01 - Clear,07 - Dark,01 - Dry,10 - No control,,03 - P.D. only,04 - Sideswipe,0
16-8545,KING EDWARD AVE btwn BESSERER ST & DALY AVE,368560.14538,5032326.31207,-75.68517184110,45.42796409390,2016-09-17,12:08:00 AM,01 - Clear,07 - Dark,01 - Dry,10 - No control,,02 - Non-fatal injury,07 - SMV other,1
16-8546,VANIER PKWY/CRICHTON ST @ BEECHWOOD AVE/ST. PA,369127.79700,5033487.13400,-75.67776657340,45.43835674240,2016-09-17,2:58:00 AM,01 - Clear,07 - Dark,01 - Dry,01 - Traffic signal,00 - Unknown,02 - Non-fatal injury,07 - SMV other,0
16-8547,DOWNPATRICK RD @ SHANEGAL CRES N,370426.15172,5023022.80254,-75.66256457930,45.34408176350,2016-09-17,7:25:00 AM,01 - Clear,01 - Daylight,01 - Dry,02 - Stop sign,01 - Functioning,02 - Non-fatal injury,02 - Angle,0
16-8548,REGIONAL ROAD 174 btwn OR174 IC109 RAMP64 & OR174 IC105 RAMP16,376902.02510,5035608.08256,-75.57809834520,45.45668118800,2016-09-17,8:46:00 AM,01 - Clear,01 - Daylight,01 - Dry,10 - No control,,03 - P.D. only,07 - SMV other,0
16-8549,HUNT CLUB RD @ BRIDLE PATH DR/DAZE ST,371291.73863,5023864.22832,-75.65140717250,45.35157113550,2016-09-17,9:08:00 AM,01 - Clear,01 - Daylight,01 - Dry,01 - Traffic signal,01 - Functioning,03 - P.D. only,99 - Other,0
16-8550,TERRY FOX DR btwn FLAMBOROUGH WAY/INNOVATION DR & STATEWOOD DR,349162.40800,5022748.51100,-75.93391286180,45.34328074180,2016-09-16,8:20:00 PM,01 - Clear,07 - Dark,08 - Loose sand or gravel,10 - No control,,02 - Non-fatal injury,07 - SMV other,0
16-8551,LARGO CRES btwn DALLAS PL & SPRING GARDEN AVE,364746.68600,5022927.33241,-75.73504328870,45.34373109480,2016-09-17,1:55:00 AM,00 - Unknown,07 - Dark,01 - Dry,10 - No control,,03 - P.D. only,07 - SMV other,0
16-8552,MCCARTHY RD btwn CAHILL DR W & PLANTE DR,370412.40713,5023619.08136,-75.66266084960,45.34944819690,2016-09-17,11:48:00 AM,02 - Rain,01 - Daylight,02 - Wet,10 - No control,,03 - P.D. only,04 - Sideswipe,0
16-8553,SILVER ST @ SUMMERVILLE AVE,365209.04028,5026652.20152,-75.72868861940,45.37720720520,2016-09-17,11:51:00 AM,01 - Clear,01 - Daylight,02 - Wet,02 - Stop sign,01 - Functioning,03 - P.D. only,02 - Angle,0
16-8554,WOODROFFE AVE @ SPORTSPLEX N,363764.15600,5021067.42532,-75.74780148420,45.32707907990,2016-09-17,12:50:00 PM,02 - Rain,01 - Daylight,02 - Wet,01 - Traffic signal,01 - Functioning,03 - P.D. only,03 - Rear end,0
16-8555,GREENBANK RD btwn MONTEREY DR & MEADOWBANK DR,360677.78561,5022398.10660,-75.78702055550,45.33930505130,2016-09-17,12:56:00 PM,02 - Rain,01 - Daylight,02 - Wet,10 - No control,,03 - P.D. only,03 - Rear end,0
16-8556,PORTOBELLO BLVD @ VALIN ST,385350.54646,5037697.34976,-75.46974921220,45.47455554570,2016-09-17,1:29:00 PM,02 - Rain,01 - Daylight,02 - Wet,02 - Stop sign,01 - Functioning,03 - P.D. only,02 - Angle,0
16-8557,GREENBANK RD btwn MONTEREY DR & MEADOWBANK DR,360760.18933,5022200.33276,-75.78599156460,45.33751891650,2016-09-17,12:30:00 PM,02 - Rain,01 - Daylight,02 - Wet,10 - No control,,03 - P.D. only,01 - Approaching,0
16-8558,WEST HUNT CLUB RD @ WOODROFFE AVE,363670.69100,5021246.07492,-75.74897245940,45.32869440280,2016-09-17,1:58:00 PM,02 - Rain,01 - Daylight,02 - Wet,01 - Traffic signal,01 - Functioning,03 - P.D. only,03 - Rear end,0
16-8559,KENT ST btwn COOPER ST & SOMERSET ST W,367511.11393,5030842.56819,-75.69876556360,45.41470868770,2016-09-17,2:37:00 PM,01 - Clear,01 - Daylight,02 - Wet,10 - No control,,03 - P.D. only,07 - SMV other,0
16-8560,KITCHENER AVE @ BANK ST,370541.09564,5025499.75216,-75.66076859400,45.36635784500,2016-09-17,3:25:00 PM,01 - Clear,01 - Daylight,02 - Wet,01 - Traffic signal,01 - Functioning,02 - Non-fatal injury,02 - Angle,0
16-8561,WEST HUNT CLUB RD @ CLEOPATRA DR/LANCELOT DR,365241.14663,5021733.73014,-75.72888003640,45.33294878110,2016-09-17,3:33:00 PM,02 - Rain,01 - Daylight,02 - Wet,01 - Traffic signal,01 - Functioning,03 - P.D. only,03 - Rear end,0
16-8562,SMYTH RD @ SOUTH HAVEN PL/GENERAL HOSPITAL ENTRANCE W,371121.55286,5029134.48241,-75.65287114950,45.39900714240,2016-09-17,3:43:00 PM,02 - Rain,01 - Daylight,02 - Wet,01 - Traffic signal,01 - Functioning,02 - Non-fatal injury,03 - Rear end,0
16-8563,MERIVALE RD/LOTTA AVE @ CLYDE AVE,364523.05834,5024509.46411,-75.73770557550,45.35798599090,2016-09-17,3:50:00 PM,02 - Rain,01 - Daylight,02 - Wet,01 - Traffic signal,01 - Functioning,03 - P.D. only,03 - Rear end,0
16-8564,REGIONAL ROAD 174 btwn OR174 IC109 RAMP86 & OR174 IC109 RAMP64,376547.37981,5035196.49208,-75.58269232470,45.45301446910,2016-09-17,3:00:00 PM,02 - Rain,01 - Daylight,02 - Wet,10 - No control,,02 - Non-fatal injury,07 - SMV other,0
16-8565,BRONSON AVE @ BRONSON AVE SB ON RAMP 43,367797.28863,5028320.05500,-75.69543183930,45.39198616790,2016-09-17,4:39:00 PM,01 - Clear,01 - Daylight,01 - Dry,03 - Yield sign,01 - Functioning,03 - P.D. only,03 - Rear end,0
16-8566,NERTA ST @ ST. LAURENT BLVD,373675.63261,5028604.33186,-75.62032556370,45.39399049600,2016-09-17,5:01:00 PM,02 - Rain,01 - Daylight,02 - Wet,02 - Stop sign,01 - Functioning,02 - Non-fatal injury,01 - Approaching,0
16-8567,STAGECOACH RD btwn SNAKE ISLAND RD & HERBERTS CORNERS RD,377997.31409,5007165.66340,-75.56830107470,45.20065637990,2016-09-17,5:01:00 PM,01 - Clear,01 - Daylight,01 - Dry,10 - No control,,03 - P.D. only,07 - SMV other,0
16-8568,HUNT CLUB RD EB btwn ALBION RD & DUNSTON TER,371967.11258,5024335.83871,-75.64272468920,45.35575016440,2016-09-17,5:11:00 PM,02 - Rain,01 - Daylight,02 - Wet,10 - No control,,03 - P.D. only,03 - Rear end,0
16-8569,IRIS ST @ WOODROFFE AVE,362282.03348,5024441.29996,-75.76631513810,45.35755996950,2016-09-17,5:22:00 PM,02 - Rain,01 - Daylight,02 - Wet,01 - Traffic signal,01 - Functioning,03 - P.D. only,05 - Turning movement,0
16-8570,ANDERSON RD btwn INNES RD & DESJARDINS ST,376320.49265,5031816.30510,-75.58608388570,45.42262487850,2016-09-17,5:49:00 PM,02 - Rain,01 - Daylight,02 - Wet,10 - No control,,03 - P.D. only,03 - Rear end,0
16-8571,BLAIR RD @ INNES RD,375578.73490,5031438.75189,-75.59561539530,45.41930330840,2016-09-17,5:56:00 PM,02 - Rain,01 - Daylight,02 - Wet,01 - Traffic signal,00 - Unknown,03 - P.D. only,03 - Rear end,0
16-8572,ANDERSON RD @ INNES RD,376281.56926,5031841.14982,-75.58657759510,45.42285239470,2016-09-17,5:56:00 PM,02 - Rain,01 - Daylight,02 - Wet,01 - Traffic signal,00 - Unknown,03 - P.D. only,03 - Rear end,0
16-8573,ST. LAURENT BLVD btwn PLEASANT PARK RD & CONNERY AVE,373615.94736,5028752.07164,-75.62106716080,45.39532565800,2016-09-17,6:07:00 PM,02 - Rain,01 - Daylight,02 - Wet,10 - No control,,03 - P.D. only,03 - Rear end,0
16-8574,WEST HUNT CLUB RD @ WOODROFFE AVE,363670.15552,5021246.22126,-75.74897927290,45.32869576500,2016-09-17,7:27:00 PM,02 - Rain,07 - Dark,02 - Wet,01 - Traffic signal,01 - Functioning,03 - P.D. only,03 - Rear end,0
16-8575,GENEST ST btwn MARIER AVE & STE. CECILE ST,369796.44609,5033874.47387,-75.66916969500,45.44178002640,2016-09-17,9:47:00 PM,01 - Clear,07 - Dark,01 - Dry,10 - No control,,03 - P.D. only,06 - SMV unattended vehicle,0
16-8576,AVIATION PKWY @ OGILVIE RD,373110.71420,5032376.17152,-75.62701711230,45.42798307340,2016-09-17,7:49:00 PM,02 - Rain,07 - Dark,02 - Wet,01 - Traffic signal,01 - Functioning,03 - P.D. only,03 - Rear end,0
16-8577,STRANDHERD DR btwn ANDORA AVE & JOCKVALE RD,363385.94702,5014467.40910,-75.75340560730,45.26772387400,2016-09-17,8:30:00 PM,02 - Rain,07 - Dark,02 - Wet,10 - No control,,03 - P.D. only,07 - SMV other,0
16-8578,ST. JOSEPH BLVD @ JEANNE D'ARC BLVD,379860.08388,5036470.48321,-75.54014996940,45.46412890970,2016-09-17,8:44:00 PM,02 - Rain,07 - Dark,02 - Wet,11 - Roundabout,01 - Functioning,03 - P.D. only,02 - Angle,0
16-8579,BASELINE RD btwn BARBARA ANN PRIV & HIGHGATE RD,361974.73008,5023414.57362,-75.77035588140,45.34834667710,2016-09-17,10:40:00 PM,02 - Rain,07 - Dark,02 - Wet,10 - No control,,03 - P.D. only,03 - Rear end,0
16-8580,CAHILL DR @ HUNT CLUB RD,372409.39101,5024540.43891,-75.63705240770,45.35754857760,2016-09-17,11:09:00 PM,02 - Rain,07 - Dark,02 - Wet,01 - Traffic signal,01 - Functioning,02 - Non-fatal injury,03 - Rear end,0
16-8581,BANK ST btwn THORNTON AVE & CLAREY AVE,368434.12993,5029313.31581,-75.68717113140,45.40086564470,2016-09-18,12:23:00 AM,02 - Rain,07 - Dark,02 - Wet,10 - No control,,02 - Non-fatal injury,99 - Other,1
16-8582,BASELINE RD btwn CORNELL ST & GREENBANK RD,360592.19583,5022581.64619,-75.78809186740,45.34096335090,2016-09-18,9:36:00 AM,02 - Rain,01 - Daylight,02 - Wet,10 - No control,,03 - P.D. only,04 - Sideswipe,0
16-8583,BRONSON AVE RAMP 52 btwn HERON RD EB & BRONSON AVE RAMP 62,368712.74688,5026694.14028,-75.68395179500,45.37727371940,2016-09-18,10:16:00 AM,01 - Clear,01 - Daylight,01 - Dry,10 - No control,,02 - Non-fatal injury,02 - Angle,0
16-8584,TERRY FOX DR btwn CASTLEFRANK RD & TRANS CANADA TRAIL,353071.02763,5016215.78098,-75.88467612270,45.28423979180,2016-09-17,3:00:00 PM,02 - Rain,01 - Daylight,02 - Wet,10 - No control,,03 - P.D. only,03 - Rear end,0
16-8585,ALBERT ST @ BOOTH ST,366429.25719,5030626.91129,-75.71261364960,45.41286438660,2016-09-18,10:29:00 AM,01 - Clear,01 - Daylight,01 - Dry,01 - Traffic signal,01 - Functioning,03 - P.D. only,05 - Turning movement,0
16-8586,CHARLOTTE ST btwn STEWART ST & WILBROD ST,369387.30094,5032638.02667,-75.67456135170,45.43069288810,2016-09-18,1:30:00 AM,01 - Clear,07 - Dark,02 - Wet,10 - No control,,03 - P.D. only,06 - SMV unattended vehicle,0
16-8587,BRONSON AVE @ COMMISSIONER ST/SLATER ST,366767.60771,5030947.90908,-75.70825087700,45.41572275220,2016-09-18,11:44:00 AM,01 - Clear,01 - Daylight,01 - Dry,01 - Traffic signal,01 - Functioning,03 - P.D. only,05 - Turning movement,0
16-8588,THIRD AVE btwn LYON ST S & BANK ST,368207.84143,5029476.26103,-75.69004038060,45.40235230700,2016-09-18,11:58:00 AM,01 - Clear,01 - Daylight,01 - Dry,10 - No control,,03 - P.D. only,04 - Sideswipe,0
16-8589,THOMAS A. DOLAN PKWY btwn CONSTANCE CREEK DR & GREENLAND RD,344162.94559,5033042.80027,-75.99688479520,45.43620981890,2016-09-18,12:06:00 PM,01 - Clear,01 - Daylight,01 - Dry,10 - No control,,03 - P.D. only,07 - SMV other,0
16-8590,LEWIS ST @ METCALFE ST,368120.49256,5030922.91668,-75.69097023290,45.41537675970,2016-09-18,12:28:00 PM,01 - Clear,01 - Daylight,01 - Dry,02 - Stop sign,01 - Functioning,03 - P.D. only,04 - Sideswipe,0
16-8591,GOULBOURN FORCED RD btwn TERRY FOX DR & KANATA ROCKERIES PRIV,349351.49102,5022711.20294,-75.93150354460,45.34293305110,2016-09-18,12:33:00 PM,01 - Clear,01 - Daylight,01 - Dry,10 - No control,,02 - Non-fatal injury,04 - Sideswipe,0
16-8592,LEVECHE WAY @ MAPLE GROVE RD,350151.08190,5016607.12900,-75.92185972730,45.28795572130,2016-09-17,11:30:00 PM,02 - Rain,07 - Dark,02 - Wet,02 - Stop sign,01 - Functioning,03 - P.D. only,02 - Angle,0
16-8593,NICHOLAS ST/NICHOLAS ST SB @ SB RAMP FROM WALL,368322.08838,5031893.86847,-75.68826957420,45.42409477970,2016-09-18,2:02:00 PM,01 - Clear,01 - Daylight,01 - Dry,01 - Traffic signal,01 - Functioning,03 - P.D. only,03 - Rear end,0
16-8594,COOKS MILL CRES btwn BOOTHFIELD ST & WATCHHORN GROVE N,370119.00200,5016662.67600,-75.66732218200,45.28688344970,2016-09-18,2:09:00 PM,01 - Clear,01 - Daylight,01 - Dry,10 - No control,,03 - P.D. only,99 - Other,0
16-8595,COBOURG ST @ RIDEAU ST,369127.60851,5032787.35576,-75.67786041990,45.43206042870,2016-09-18,3:02:00 PM,01 - Clear,01 - Daylight,01 - Dry,01 - Traffic signal,01 - Functioning,03 - P.D. only,04 - Sideswipe,0
16-8596,ST. PATRICK ST EB btwn BEAUSOLEIL DR & COBOURG ST,368763.38396,5033234.26110,-75.68245685490,45.43611492190,2016-09-18,3:20:00 PM,01 - Clear,01 - Daylight,01 - Dry,10 - No control,,03 - P.D. only,04 - Sideswipe,0
16-8597,RIDEAU ST @ WALLER ST,368281.91974,5032274.17002,-75.68873381150,45.42752024560,2016-09-18,4:40:00 PM,01 - Clear,01 - Daylight,01 - Dry,01 - Traffic signal,01 - Functioning,02 - Non-fatal injury,07 - SMV other,1
16-8598,FERNBANK RD @ FERNBANK RD,353438.30594,5014345.66098,-75.88017782730,45.26738664360,2016-09-18,5:04:00 PM,01 - Clear,01 - Daylight,01 - Dry,01 - Traffic signal,01 - Functioning,02 - Non-fatal injury,02 - Angle,0
16-8599,NICHOLAS ST btwn RIDEAU ST & BESSERER ST,368146.01665,5032175.84864,-75.69048305300,45.42664790550,2016-09-18,12:00:00 AM,01 - Clear,00 - Unknown,01 - Dry,10 - No control,,03 - P.D. only,06 - SMV unattended vehicle,0
16-8600,JEANNE D'ARC BLVD @ GREY NUNS DR/YOUVILLE DR,379671.27798,5036700.31536,-75.54252902520,45.46621702490,2016-09-18,5:30:00 PM,01 - Clear,01 - Daylight,01 - Dry,01 - Traffic signal,01 - Functioning,03 - P.D. only,03 - Rear end,0
16-8601,HOLLY ACRES RD @ TRANSITWAY - BAYSHORE/278 N O,358495.84694,5022986.04182,-75.81479541390,45.34476570650,2016-09-18,9:37:00 PM,01 - Clear,07 - Dark,01 - Dry,01 - Traffic signal,01 - Functioning,03 - P.D. only,03 - Rear end,0
16-8602,INDUSTRIAL AVE @ NEIGHBORHOOD WAY,371092.46351,5030527.39396,-75.65305539840,45.41154275940,2016-09-18,10:48:00 PM,01 - Clear,07 - Dark,01 - Dry,02 - Stop sign,01 - Functioning,02 - Non-fatal injury,05 - Turning movement,0
16-8603,AIRPORT PKWY btwn AIRPORT PKWY/WALKLEY RD SOUTHBOUND ON RAMP,370162.99003,5025384.96451,-75.66561004720,45.36536038190,2016-09-18,10:56:00 PM,01 - Clear,07 - Dark,01 - Dry,10 - No control,,03 - P.D. only,07 - SMV other,0
16-8604,BLAIR RD @ OGILVIE RD,374508.25918,5033198.30726,-75.60904282320,45.43524231380,2016-09-19,7:32:00 AM,01 - Clear,01 - Daylight,01 - Dry,01 - Traffic signal,01 - Functioning,03 - P.D. only,03 - Rear end,0
16-8605,PRINCE OF WALES DR btwn SECOND LINE RD S & BANKFIELD RD,366418.54830,5008858.37213,-75.71545795880,45.21699462590,2016-09-19,7:50:00 AM,"07 - Fog, mist, smoke, dust",01 - Daylight,01 - Dry,10 - No control,,03 - P.D. only,07 - SMV other,0
16-8606,BASELINE RD @ WOODROFFE AVE,362548.59251,5023770.72424,-75.76299146300,45.35150427810,2016-09-19,7:50:00 AM,01 - Clear,01 - Daylight,01 - Dry,01 - Traffic signal,01 - Functioning,03 - P.D. only,04 - Sideswipe,0
16-8607,REGIONAL ROAD 174 btwn OR174 IC102 RAMP36 & OR174 IC102 RAMP26,381131.57877,5038006.18791,-75.52365420440,45.47780813190,2016-09-19,8:21:00 AM,01 - Clear,01 - Daylight,01 - Dry,10 - No control,,03 - P.D. only,07 - SMV other,0
16-8608,TWYFORD ST btwn MCCARTHY RD & CAHILL DR W,369849.21670,5023498.71545,-75.66986330140,45.34841763960,2016-09-19,8:22:00 AM,01 - Clear,01 - Daylight,01 - Dry,10 - No control,,03 - P.D. only,06 - SMV unattended vehicle,0
16-8609,SUSSEX DR btwn BRUYERE ST & ST. ANDREW ST,367560.74264,5032627.78692,-75.69790410310,45.43076705490,2016-09-19,8:31:00 AM,01 - Clear,01 - Daylight,01 - Dry,10 - No control,,03 - P.D. only,04 - Sideswipe,0
16-8610,ST. LAURENT BLVD btwn SHORE ST & BELFAST RD,372851.28392,5030603.80898,-75.63057693760,45.41206148940,2016-09-19,8:40:00 AM,01 - Clear,01 - Daylight,01 - Dry,10 - No control,,03 - P.D. only,04 - Sideswipe,0
16-8611,GREENBANK RD @ CANFIELD RD/CRAIG HENRY DR,361106.02118,5021364.71194,-75.78167443140,45.32997234000,2016-09-19,8:59:00 AM,01 - Clear,01 - Daylight,01 - Dry,01 - Traffic signal,01 - Functioning,02 - Non-fatal injury,05 - Turning movement,0
16-8612,BANK ST btwn BANK ST & TURN LANE,377781.32073,5015904.31580,-75.56976775830,45.27930619800,2016-09-19,9:19:00 AM,01 - Clear,01 - Daylight,01 - Dry,10 - No control,,03 - P.D. only,03 - Rear end,0
16-8613,FIFTH AVE btwn BRONSON AVE & MURIEL ST,367623.45550,5028941.62874,-75.69757257320,45.39759452860,2016-09-19,9:21:00 AM,01 - Clear,01 - Daylight,01 - Dry,10 - No control,,03 - P.D. only,04 - Sideswipe,0
16-8614,RICHMOND RD @ HOLLY ACRES RD/NANAIMO DR,359058.60793,5022748.98395,-75.80764063200,45.34258934920,2016-09-19,10:50:00 AM,01 - Clear,01 - Daylight,01 - Dry,01 - Traffic signal,01 - Functioning,03 - P.D. only,04 - Sideswipe,0
16-8615,DOMALATCHY PL @ WOODROFFE AVE,362403.91444,5024138.41271,-75.76479490640,45.35482461070,2016-09-19,11:01:00 AM,01 - Clear,01 - Daylight,01 - Dry,02 - Stop sign,01 - Functioning,03 - P.D. only,02 - Angle,0
16-8616,CHAPEL ST @ LAURIER AVE,369118.05058,5032263.92618,-75.67805092670,45.42735168790,2016-09-17,6:00:00 PM,02 - Rain,01 - Daylight,02 - Wet,01 - Traffic signal,01 - Functioning,03 - P.D. only,02 - Angle,0
16-8617,ST. LAURENT BLVD btwn GUY ST & MUTUAL ST,371873.51750,5033006.81605,-75.64274027990,45.43377705890,2016-09-19,11:54:00 AM,01 - Clear,01 - Daylight,01 - Dry,10 - No control,,03 - P.D. only,03 - Rear end,0
16-8618,GILMOUR ST @ O'CONNOR ST,367943.49186,5030868.78954,-75.69323843490,45.41490573550,2016-09-19,12:01:00 PM,01 - Clear,01 - Daylight,01 - Dry,01 - Traffic signal,01 - Functioning,03 - P.D. only,05 - Turning movement,0
16-8619,BANK ST @ WALKLEY RD,370336.78105,5025948.00264,-75.66331706940,45.37041019290,2016-09-19,1:23:00 PM,01 - Clear,01 - Daylight,01 - Dry,01 - Traffic signal,01 - Functioning,03 - P.D. only,03 - Rear end,0
16-8620,BASELINE RD @ MERIVALE RD,365053.86824,5025324.27266,-75.73083168240,45.36527209370,2016-09-19,1:43:00 PM,01 - Clear,01 - Daylight,01 - Dry,01 - Traffic signal,01 - Functioning,02 - Non-fatal injury,03 - Rear end,0
16-8621,DONNELLY DR btwn HARNETT RD & MALAKOFF RD,366856.57716,4988747.45811,-75.71237576810,45.03599472320,2016-09-18,7:15:00 PM,01 - Clear,05 - Dusk,01 - Dry,10 - No control,,03 - P.D. only,07 - SMV other,0
16-8622,BERTONA ST @ CRAIG HENRY DR,362580.46786,5021848.26966,-75.76280923500,45.33420352720,2016-09-19,3:10:00 PM,01 - Clear,01 - Daylight,01 - Dry,02 - Stop sign,01 - Functioning,03 - P.D. only,05 - Turning movement,0
16-8623,MONTREAL RD btwn SAVARD AVE & EMOND ST,370180.26690,5033125.99018,-75.66436336950,45.43500969890,2016-09-19,3:23:00 PM,01 - Clear,01 - Daylight,01 - Dry,10 - No control,,03 - P.D. only,03 - Rear end,0
16-8624,NORTH RIVER RD btwn MONTREAL RD & SELKIRK ST,369757.93043,5032832.04154,-75.66979953670,45.43240422870,2016-09-19,3:36:00 PM,01 - Clear,01 - Daylight,01 - Dry,10 - No control,,03 - P.D. only,07 - SMV other,0
16-8625,HAZELDEAN RD @ EDGEWATER ST,352320.99024,5017350.74259,-75.89412779010,45.29450358350,2016-09-19,3:40:00 PM,01 - Clear,01 - Daylight,01 - Dry,01 - Traffic signal,01 - Functioning,02 - Non-fatal injury,05 - Turning movement,0
16-8626,WALKLEY RD @ DON REID DR/RYDER ST,372600.58848,5027283.46207,-75.63423581870,45.38221077450,2016-09-19,3:35:00 PM,01 - Clear,01 - Daylight,01 - Dry,01 - Traffic signal,01 - Functioning,02 - Non-fatal injury,02 - Angle,0
16-8627,WELLINGTON ST @ LETT ST,366355.22490,5031111.58118,-75.71349887320,45.41723182670,2016-09-19,3:51:00 PM,01 - Clear,01 - Daylight,01 - Dry,01 - Traffic signal,01 - Functioning,03 - P.D. only,03 - Rear end,0
16-8628,ALTA VISTA DR @ BILLINGS AVE,370350.18392,5028611.81984,-75.66279227570,45.39437705920,2016-09-19,3:54:00 PM,01 - Clear,01 - Daylight,01 - Dry,02 - Stop sign,00 - Unknown,03 - P.D. only,03 - Rear end,0
16-8629,MITCH OWENS RD/BRIDGE ST @ RIVER RD,369500.39060,5010771.03081,-75.67597456550,45.23392834420,2016-09-19,4:16:00 PM,01 - Clear,01 - Daylight,01 - Dry,01 - Traffic signal,00 - Unknown,03 - P.D. only,03 - Rear end,0
16-8630,NIXON DR/ROGER STEVENS DR @ RIVER RD,373169.53021,5002765.85034,-75.63034756240,45.16155204550,2016-09-19,4:38:00 PM,01 - Clear,01 - Daylight,01 - Dry,02 - Stop sign,00 - Unknown,02 - Non-fatal injury,03 - Rear end,0
16-8631,ARGYLE AVE E @ METCALFE ST,368442.48453,5030641.63486,-75.68689296260,45.41281666890,2016-09-19,3:30:00 PM,01 - Clear,01 - Daylight,01 - Dry,10 - No control,,03 - P.D. only,04 - Sideswipe,0
16-8632,ROCKDALE RD @ RUSSELL RD,393759.64166,5026972.25436,-75.36415321300,45.37704363220,2016-09-19,4:42:00 PM,01 - Clear,01 - Daylight,01 - Dry,02 - Stop sign,01 - Functioning,02 - Non-fatal injury,02 - Angle,0