Record,Location,X,Y,Longitude,Latitude,Date,Time,Environment,Light,Road_Surface,Traffic_Control,Collision_Location,Collision_Classification,Impact_type,Pedestrian
16-8633,LANCASTER RD btwn SHELBOURN LANE & DELRIDGE LANE,374012.61872,5029500.35299,-75.61589639220,45.40201924080,2016-09-19,4:41:00 PM,01 - Clear,01 - Daylight,01 - Dry,10 - No control,,03 - P.D. only,03 - Rear end,0
16-8634,CUMMINGS AVE @ OGILVIE RD,372748.50066,5032169.92708,-75.63167396980,45.42616266850,2016-09-19,5:50:00 PM,01 - Clear,01 - Daylight,01 - Dry,01 - Traffic signal,01 - Functioning,03 - P.D. only,05 - Turning movement,0
16-8635,KING EDWARD AVE @ SUSSEX DR,367663.49204,5033503.44746,-75.69647926110,45.43863671610,2016-09-19,6:53:00 PM,01 - Clear,01 - Daylight,01 - Dry,01 - Traffic signal,01 - Functioning,03 - P.D. only,03 - Rear end,0
16-8636,CARLING AVE @ MERIVALE RD,364894.48426,5027700.32466,-75.73257696770,45.38666507200,2016-09-09,1:35:00 PM,01 - Clear,01 - Daylight,01 - Dry,01 - Traffic signal,01 - Functioning,03 - P.D. only,04 - Sideswipe,0
16-8637,CAHILL DR @ CUTTS PRIV,372000.11883,5024835.36522,-75.64223555810,45.36024156650,2016-09-19,1:30:00 PM,01 - Clear,01 - Daylight,01 - Dry,10 - No control,,03 - P.D. only,05 - Turning movement,0
16-8638,MURIEL ST btwn FIFTH AVE & HOLMWOOD AVE,367728.56583,5028877.73761,-75.69623831050,45.39701021590,2016-09-16,4:00:00 PM,01 - Clear,01 - Daylight,01 - Dry,10 - No control,,03 - P.D. only,02 - Angle,0
16-8639,BLAIR RD @ REGIONAL RD 174 N/OR174 IC112 RAMP61,374633.88276,5032991.20848,-75.60746677070,45.43336641900,2016-09-19,7:42:00 PM,01 - Clear,05 - Dusk,01 - Dry,01 - Traffic signal,01 - Functioning,03 - P.D. only,04 - Sideswipe,0
16-8640,CARP RD btwn BAIRD SIDE RD & THOMAS A. DOLAN PKWY,335552.46321,5026805.08112,-76.10732531880,45.38051225000,2016-09-19,8:37:00 PM,01 - Clear,07 - Dark,01 - Dry,10 - No control,,02 - Non-fatal injury,07 - SMV other,0
16-8641,GALLANTRY WAY btwn KHAMSIN ST & KHAMSIN ST,350939.67200,5016538.61100,-75.91181359900,45.28728784810,2016-09-19,8:44:00 PM,01 - Clear,07 - Dark,01 - Dry,10 - No control,,02 - Non-fatal injury,07 - SMV other,0
16-8642,BRONSON AVE @ CARLING AVE/GLEBE AVE,367446.60931,5029335.34246,-75.69978115460,45.40115289870,2016-09-19,10:29:00 PM,01 - Clear,07 - Dark,01 - Dry,01 - Traffic signal,01 - Functioning,03 - P.D. only,02 - Angle,0
16-8643,STRANDHERD DR @ TARTAN DR,362489.68370,5013841.34591,-75.76489896620,45.26216460350,2016-09-19,10:30:00 PM,01 - Clear,07 - Dark,01 - Dry,02 - Stop sign,01 - Functioning,02 - Non-fatal injury,03 - Rear end,0
16-8644,INNES RD btwn HWY417 IC112 RAMP66 & 215 W OF CYRVILLE RD/HOME DEPOT W,374830.16706,5030986.42693,-75.60524342150,45.41530885700,2016-09-19,10:37:00 PM,01 - Clear,07 - Dark,01 - Dry,10 - No control,,03 - P.D. only,04 - Sideswipe,0
16-8645,GREENBANK RD btwn WEST HUNT CLUB RD & FALLOWFIELD RD,362250.99522,5018663.44483,-75.76738188120,45.30557358000,2016-09-19,11:10:00 PM,01 - Clear,07 - Dark,01 - Dry,10 - No control,,02 - Non-fatal injury,07 - SMV other,0
16-8646,BANK ST @ HUNT CLUB RD,371609.39512,5024096.72574,-75.64732215470,45.35363288020,2016-09-20,12:25:00 AM,01 - Clear,07 - Dark,01 - Dry,01 - Traffic signal,01 - Functioning,03 - P.D. only,02 - Angle,0
16-8647,HIGHBURY PARK DR @ VIA VERONA AVE/COLINDALE AVE,364016.74600,5015829.32300,-75.74520523270,45.27992556260,2016-09-20,3:30:00 AM,01 - Clear,07 - Dark,01 - Dry,02 - Stop sign,01 - Functioning,03 - P.D. only,07 - SMV other,0
16-8648,BOTELER ST @ SUSSEX DR,367452.13966,5032951.14294,-75.69925079040,45.43368624050,2016-09-20,6:27:00 AM,01 - Clear,07 - Dark,01 - Dry,01 - Traffic signal,01 - Functioning,03 - P.D. only,03 - Rear end,0
16-8649,BAY ST @ GILMOUR ST,367332.61751,5030502.22322,-75.70108909710,45.41166234080,2016-09-19,12:52:00 PM,01 - Clear,01 - Daylight,01 - Dry,02 - Stop sign,01 - Functioning,03 - P.D. only,02 - Angle,0
16-8650,WALKLEY RD btwn THORNDALE DR & AVONCOURT WAY,369506.54876,5025460.30368,-75.67397908820,45.36609916760,2016-09-20,8:00:00 AM,01 - Clear,01 - Daylight,01 - Dry,10 - No control,,02 - Non-fatal injury,03 - Rear end,0
16-8651,HARDING RD @ WALKLEY RD,373149.67745,5027609.24536,-75.62718005840,45.38508867600,2016-09-20,8:48:00 AM,01 - Clear,01 - Daylight,01 - Dry,01 - Traffic signal,01 - Functioning,02 - Non-fatal injury,02 - Angle,0
16-8652,CARLING AVE @ CORKSTOWN RD,358000.13507,5023425.22136,-75.82107342880,45.34875523610,2016-09-20,9:03:00 AM,01 - Clear,01 - Daylight,01 - Dry,01 - Traffic signal,01 - Functioning,03 - P.D. only,03 - Rear end,0
16-8653,BANK ST btwn RIDEAU RD & TURN LANE,377675.12135,5016125.06653,-75.57108880110,45.28130344030,2016-09-20,9:40:00 AM,01 - Clear,01 - Daylight,01 - Dry,10 - No control,,03 - P.D. only,07 - SMV other,0
16-8654,CARLING AVE WB btwn FOREST ST & CROYDON AVE,360565.97588,5024985.91268,-75.78815525090,45.36259896360,2016-09-20,10:01:00 AM,02 - Rain,01 - Daylight,02 - Wet,10 - No control,,03 - P.D. only,04 - Sideswipe,0
16-8655,TENTH LINE RD btwn DES EPINETTES AVE & INNES RD,383645.56816,5036889.73023,-75.49168223170,45.46748391270,2016-09-20,10:20:00 AM,01 - Clear,01 - Daylight,01 - Dry,10 - No control,,02 - Non-fatal injury,02 - Angle,0
16-8656,GREENBANK RD @ BELLMAN DR/BATEMAN DR,361255.89130,5021017.41086,-75.77980221620,45.32683528740,2016-09-20,10:50:00 AM,01 - Clear,01 - Daylight,01 - Dry,01 - Traffic signal,01 - Functioning,02 - Non-fatal injury,07 - SMV other,1
16-8657,NEPEAN ST btwn O'CONNOR ST & METCALFE ST,367768.75678,5031253.92835,-75.69542152670,45.41838683740,2016-09-20,11:12:00 AM,01 - Clear,01 - Daylight,01 - Dry,10 - No control,,03 - P.D. only,06 - SMV unattended vehicle,0
16-8658,DONALD ST @ VANIER PKWY,370311.49356,5032270.36586,-75.66280015250,45.42729886750,2016-09-20,11:20:00 AM,01 - Clear,01 - Daylight,01 - Dry,01 - Traffic signal,01 - Functioning,03 - P.D. only,05 - Turning movement,0
16-8659,COBOURG ST @ ST. PATRICK ST,368803.36594,5033233.80791,-75.68194594060,45.43610718560,2016-09-20,11:45:00 AM,01 - Clear,01 - Daylight,01 - Dry,01 - Traffic signal,01 - Functioning,02 - Non-fatal injury,05 - Turning movement,0
16-8660,CARLING AVE @ MAITLAND AVE/SHERBOURNE RD,362942.47836,5026488.30756,-75.75764521710,45.37592426090,2016-09-20,11:59:00 AM,01 - Clear,01 - Daylight,01 - Dry,01 - Traffic signal,01 - Functioning,03 - P.D. only,04 - Sideswipe,0
16-8661,ELGIN ST NB @ WELLINGTON ST/RIDEAU ST,367802.59443,5031964.29615,-75.69489836810,45.42477544580,2016-09-20,1:07:00 PM,01 - Clear,01 - Daylight,01 - Dry,01 - Traffic signal,00 - Unknown,03 - P.D. only,04 - Sideswipe,0
16-8662,PARKGLEN DR @ WOODROFFE AVE,362888.46836,5023127.17122,-75.75872979770,45.34568556940,2016-09-20,1:14:00 PM,01 - Clear,01 - Daylight,01 - Dry,02 - Stop sign,01 - Functioning,03 - P.D. only,04 - Sideswipe,0
16-8663,RICHMOND RD @ HOLLY ACRES RD/NANAIMO DR,359057.57391,5022749.15472,-75.80765380660,45.34259096520,2016-09-20,1:28:00 PM,01 - Clear,01 - Daylight,01 - Dry,01 - Traffic signal,01 - Functioning,03 - P.D. only,04 - Sideswipe,0
16-8664,EARL ARMSTRONG RD @ LIMEBANK RD,370155.06228,5015960.23116,-75.66695505250,45.28055962250,2016-09-20,1:32:00 PM,01 - Clear,01 - Daylight,01 - Dry,01 - Traffic signal,01 - Functioning,02 - Non-fatal injury,04 - Sideswipe,0
16-8665,VANIER PKWY SB btwn DESCHAMPS AVE & MONTREAL RD,370032.09509,5033081.61844,-75.66626285660,45.43462429820,2016-09-20,1:39:00 PM,01 - Clear,01 - Daylight,01 - Dry,10 - No control,,03 - P.D. only,04 - Sideswipe,0
16-8666,RUSKIN ST btwn PARKDALE AVE & MACFARLANE AVE,365652.00053,5028515.03169,-75.72280370150,45.39393022400,2016-09-20,1:41:00 PM,01 - Clear,01 - Daylight,01 - Dry,10 - No control,,03 - P.D. only,02 - Angle,0
16-8667,WOODROFFE AVE @ ALGONQUIN COLLEGE/TRANSITWAY S,362823.68790,5023270.09192,-75.75953962940,45.34697692100,2016-09-20,1:38:00 PM,01 - Clear,01 - Daylight,01 - Dry,01 - Traffic signal,00 - Unknown,03 - P.D. only,07 - SMV other,0
16-8668,BANKFIELD RD btwn FIRST LINE RD & LOCKMASTER CRES,367374.23114,5009551.81720,-75.70320399810,45.22315002070,2016-09-20,2:04:00 PM,01 - Clear,01 - Daylight,01 - Dry,10 - No control,,03 - P.D. only,07 - SMV other,0
16-8669,ARGYLE AVE btwn BANK ST & O'CONNOR ST,368119.94680,5030447.15368,-75.69103832760,45.41109604870,2016-09-19,12:00:00 AM,01 - Clear,00 - Unknown,01 - Dry,10 - No control,,03 - P.D. only,06 - SMV unattended vehicle,0
16-8670,REGIONAL ROAD 174 EB btwn HWY417 IC113 RAMP65 & OR174 BLAIR IC112 RAMP51,374746.39932,5032777.89611,-75.60605919780,45.43143590720,2016-09-20,2:27:00 PM,01 - Clear,01 - Daylight,01 - Dry,10 - No control,,03 - P.D. only,03 - Rear end,0
16-8671,LEGGET DR btwn TERRY FOX DR & SOLANDT RD,350287.91108,5023231.17578,-75.91950720690,45.34755178280,2016-09-20,2:39:00 PM,01 - Clear,01 - Daylight,01 - Dry,10 - No control,,03 - P.D. only,06 - SMV unattended vehicle,0
16-8672,RIVERSIDE DR SB btwn SAN REMO PRIV & TERMINAL AVE,370408.29995,5030406.33579,-75.66181135650,45.41051799900,2016-09-20,3:15:00 PM,01 - Clear,01 - Daylight,01 - Dry,10 - No control,,03 - P.D. only,03 - Rear end,0
16-8673,KING EDWARD AVE @ ST. PATRICK ST,368248.16582,5032823.32106,-75.68909437030,45.43246437400,2016-09-20,3:29:00 PM,01 - Clear,01 - Daylight,01 - Dry,01 - Traffic signal,01 - Functioning,03 - P.D. only,03 - Rear end,0
16-8674,WALKLEY RD btwn MELFORT ST & RUSSELL RD,374635.44642,5028477.80694,-75.60808628550,45.39275702320,2016-09-20,3:42:00 PM,01 - Clear,01 - Daylight,01 - Dry,10 - No control,,03 - P.D. only,02 - Angle,0
16-8675,MOODIE DR @ RICHMOND RD S,357429.03962,5019538.41558,-75.82877435580,45.31382452220,2016-09-20,4:11:00 PM,01 - Clear,01 - Daylight,01 - Dry,03 - Yield sign,01 - Functioning,03 - P.D. only,03 - Rear end,0
16-8676,WAVERLEY ST @ O'CONNOR ST,368009.24368,5030766.37331,-75.69241156720,45.41397829140,2016-09-20,4:38:00 PM,01 - Clear,01 - Daylight,01 - Dry,02 - Stop sign,01 - Functioning,03 - P.D. only,03 - Rear end,0
16-8677,LONGFIELDS DR btwn STRANDHERD DR & MARKETPLACE AVE,364610.77371,5015031.40248,-75.73773037960,45.27269559420,2016-09-20,4:39:00 PM,01 - Clear,01 - Daylight,01 - Dry,10 - No control,,03 - P.D. only,02 - Angle,0
16-8678,LAURIER AVE @ NICHOLAS ST,368372.80884,5031796.19951,-75.68763410300,45.42321138060,2016-09-20,4:52:00 PM,01 - Clear,01 - Daylight,01 - Dry,01 - Traffic signal,01 - Functioning,03 - P.D. only,04 - Sideswipe,0
16-8679,BASELINE RD @ FISHER AVE,366166.69360,5026029.77494,-75.71653964320,45.37152351980,2016-09-20,5:20:00 PM,01 - Clear,01 - Daylight,01 - Dry,01 - Traffic signal,01 - Functioning,03 - P.D. only,03 - Rear end,0
16-8680,RIOCAN AVE btwn MARKETPLACE AVE & END,364343.29200,5014663.37400,-75.74118318020,45.26940677110,2016-09-20,5:24:00 PM,01 - Clear,01 - Daylight,01 - Dry,10 - No control,,03 - P.D. only,02 - Angle,0
16-8681,BANK ST @ RIVERSIDE DR N,369225.10251,5027981.92350,-75.67724256800,45.38881387140,2016-09-20,5:27:00 PM,01 - Clear,01 - Daylight,01 - Dry,01 - Traffic signal,01 - Functioning,03 - P.D. only,03 - Rear end,0
16-8682,BRONSON PL @ COLONEL BY DR,367809.53936,5028521.13932,-75.69524971460,45.39379436510,2016-09-20,5:36:00 PM,01 - Clear,01 - Daylight,01 - Dry,02 - Stop sign,01 - Functioning,03 - P.D. only,03 - Rear end,0
16-8683,SOMERSET ST    W btwn METCALFE ST & ELGIN ST,368144.29148,5031187.81449,-75.69063214020,45.41775806810,2016-09-20,12:00:00 AM,01 - Clear,00 - Unknown,01 - Dry,10 - No control,,03 - P.D. only,06 - SMV unattended vehicle,0
16-8684,BANK ST btwn HERON RD & ANOKA ST,370009.11188,5026813.56196,-75.66738556790,45.37822878640,2016-09-20,6:28:00 PM,01 - Clear,05 - Dusk,01 - Dry,10 - No control,,03 - P.D. only,02 - Angle,0
16-8685,BANK ST @ CHAMBERLAIN AVE N/ISABELLA ST,368082.49256,5030166.34266,-75.69155283460,45.40857278890,2016-09-20,6:46:00 PM,01 - Clear,01 - Daylight,01 - Dry,01 - Traffic signal,01 - Functioning,03 - P.D. only,04 - Sideswipe,0
16-8686,FALLOWFIELD RD @ GREENBANK RD,363080.01708,5016732.23576,-75.75703800500,45.28812826730,2016-09-20,6:52:00 PM,01 - Clear,05 - Dusk,01 - Dry,01 - Traffic signal,01 - Functioning,03 - P.D. only,05 - Turning movement,0
16-8687,RIDEAU RIVER DR btwn BRIGHTON AVE & SUNNYSIDE AVE,369468.63337,5028955.35337,-75.67400523120,45.39755002630,2016-09-19,12:00:00 AM,01 - Clear,00 - Unknown,01 - Dry,10 - No control,,03 - P.D. only,06 - SMV unattended vehicle,0
16-8688,REGIONAL ROAD 174 btwn OR174 IC105 RAMP25 & OR174 IC102 RAMP51,380150.09668,5037423.91952,-75.53629570170,45.47267595470,2016-09-20,8:07:00 PM,01 - Clear,07 - Dark,01 - Dry,10 - No control,,03 - P.D. only,04 - Sideswipe,0
16-8689,HATHAWAY DR @ OLDFIELD ST,366564.22258,5015793.00506,-75.71274185070,45.27937958470,2016-09-20,8:30:00 PM,01 - Clear,07 - Dark,01 - Dry,02 - Stop sign,01 - Functioning,03 - P.D. only,02 - Angle,0
16-8690,CENTURY RD S @ MCCORDICK RD S,360473.83377,5003126.89352,-75.79178130060,45.16591627270,2016-09-20,8:30:00 PM,01 - Clear,07 - Dark,01 - Dry,02 - Stop sign,01 - Functioning,03 - P.D. only,02 - Angle,0
16-8691,ALBION RD btwn QUINN RD & DEL ZOTTO AVE,373649.78532,5020061.42661,-75.62184539680,45.31712736290,2016-09-21,3:21:00 AM,01 - Clear,07 - Dark,01 - Dry,10 - No control,,02 - Non-fatal injury,07 - SMV other,0
16-8692,BANK ST @ SOMERSET ST,367695.36152,5030914.46681,-75.69640256360,45.41533907210,2016-09-21,7:22:00 AM,01 - Clear,01 - Daylight,01 - Dry,01 - Traffic signal,01 - Functioning,02 - Non-fatal injury,05 - Turning movement,0
16-8693,MARCH RD btwn HWY417 IC155 RAMP61 & HWY417 IC155 RAMP36,339769.08116,5019526.78900,-76.05399997810,45.31482146050,2016-09-21,8:40:00 AM,01 - Clear,01 - Daylight,01 - Dry,10 - No control,,03 - P.D. only,04 - Sideswipe,0
16-8694,GREENBANK RD @ HARRISON ST/ASHGROVE CRES,360839.46216,5022007.27496,-75.78500204590,45.33577545690,2016-09-21,10:35:00 AM,01 - Clear,01 - Daylight,01 - Dry,01 - Traffic signal,01 - Functioning,02 - Non-fatal injury,07 - SMV other,1
16-8695,CARLING AVE WB btwn CONNAUGHT AVE & OTTAWA RIVER PKWY WB RAMP/CARLING,360779.01868,5025123.66189,-75.78542039790,45.36382144400,2016-09-21,10:52:00 AM,01 - Clear,01 - Daylight,01 - Dry,10 - No control,,03 - P.D. only,04 - Sideswipe,0
16-8696,GREENBANK RD btwn HARRISON ST & BANNER RD,360870.32352,5021930.47587,-75.78461702400,45.33508195360,2016-09-21,11:58:00 AM,01 - Clear,01 - Daylight,01 - Dry,10 - No control,,03 - P.D. only,03 - Rear end,0
16-8697,CUMMINGS AVE @ OGILVIE RD,372748.50066,5032170.36616,-75.63167390920,45.42616661930,2016-09-21,12:18:00 PM,01 - Clear,01 - Daylight,01 - Dry,01 - Traffic signal,01 - Functioning,03 - P.D. only,05 - Turning movement,0
16-8698,INDUSTRIAL AVE @ RIVERSIDE DR,370683.89044,5030592.13932,-75.65826605710,45.41216389540,2016-09-21,9:30:00 AM,01 - Clear,01 - Daylight,01 - Dry,01 - Traffic signal,00 - Unknown,03 - P.D. only,03 - Rear end,0
16-8699,HWY 417 VANIER IC117R63 @ VANIER PKWY,370801.26637,5031397.51039,-75.65665875970,45.41939923580,2016-09-20,3:30:00 PM,01 - Clear,01 - Daylight,01 - Dry,01 - Traffic signal,01 - Functioning,02 - Non-fatal injury,03 - Rear end,0
16-8700,MONTREAL RD btwn DUROCHER ST & SAVARD AVE,370148.88982,5033107.96312,-75.66476675570,45.43485043170,2016-09-21,12:35:00 PM,01 - Clear,01 - Daylight,01 - Dry,10 - No control,,03 - P.D. only,02 - Angle,0
16-8701,BY WARD MARKET SQ btwn YORK ST & GEORGE ST,367947.06445,5032323.06236,-75.69300639120,45.42799047430,2016-09-21,10:20:00 AM,01 - Clear,01 - Daylight,01 - Dry,10 - No control,,03 - P.D. only,06 - SMV unattended vehicle,0
16-8702,NORMAN ST @ PRESTON ST,366716.92754,5029193.77784,-75.70911864670,45.39994405280,2016-09-21,1:39:00 PM,01 - Clear,01 - Daylight,01 - Dry,02 - Stop sign,01 - Functioning,02 - Non-fatal injury,07 - SMV other,1
16-8703,ST. LAURENT BLVD btwn GUY ST & MUTUAL ST,371861.28352,5033040.24798,-75.64289207000,45.43407903680,2016-09-21,1:52:00 PM,01 - Clear,01 - Daylight,01 - Dry,10 - No control,,03 - P.D. only,07 - SMV other,0
16-8704,COLONEL BY DR/SUSSEX DR @ RIDEAU ST,367921.66770,5032044.04705,-75.69336667810,45.42548228260,2016-09-21,12:02:00 PM,01 - Clear,01 - Daylight,01 - Dry,01 - Traffic signal,01 - Functioning,03 - P.D. only,03 - Rear end,0
16-8705,CAMPEAU DR btwn TERRY FOX DR & HERLIHEY WAY,350476.89598,5019090.58692,-75.91747764650,45.31028148950,2016-09-21,2:54:00 PM,01 - Clear,01 - Daylight,01 - Dry,10 - No control,,02 - Non-fatal injury,02 - Angle,0
16-8706,EAGLESON RD @ HWY 417 EAGLESO IC138R51/PARK AN,353037.23923,5020012.81949,-75.88473736360,45.31840873730,2016-09-21,2:59:00 PM,01 - Clear,01 - Daylight,01 - Dry,01 - Traffic signal,01 - Functioning,03 - P.D. only,02 - Angle,0
16-8707,HALIFAX DR @ WALKLEY RD,373642.63931,5027898.88478,-75.62084531950,45.38764644720,2016-09-21,2:50:00 PM,01 - Clear,01 - Daylight,01 - Dry,01 - Traffic signal,01 - Functioning,03 - P.D. only,04 - Sideswipe,0
16-8708,BARRETTE ST btwn ST. CHARLES ST & MARIER AVE,369548.65083,5033807.66448,-75.67234564550,45.44120189720,2016-09-18,12:00:00 AM,02 - Rain,00 - Unknown,02 - Wet,10 - No control,,03 - P.D. only,06 - SMV unattended vehicle,0
16-8709,STRANDHERD DR @ LONGFIELDS DR,364551.06426,5015176.37210,-75.73847384350,45.27400510640,2016-09-21,3:53:00 PM,01 - Clear,01 - Daylight,01 - Dry,01 - Traffic signal,01 - Functioning,02 - Non-fatal injury,03 - Rear end,0
16-8710,ORLEANS BLVD btwn JEANNE D'ARC BLVD S & BEAUSEJOUR DR,381000.00298,5036070.76278,-75.52563702460,45.46040913510,2016-09-21,4:04:00 PM,01 - Clear,01 - Daylight,01 - Dry,10 - No control,,03 - P.D. only,02 - Angle,0
16-8711,8TH LINE RD @ VICTORIA ST,385452.71843,5011165.67057,-75.47277096730,45.23583267560,2016-09-21,4:26:00 PM,01 - Clear,01 - Daylight,01 - Dry,02 - Stop sign,01 - Functioning,03 - P.D. only,02 - Angle,0
16-8712,ISLAND PARK DR @ SCOTT ST,363833.68950,5029040.13942,-75.74596211380,45.39881069900,2016-09-21,4:00:00 PM,01 - Clear,01 - Daylight,01 - Dry,01 - Traffic signal,01 - Functioning,03 - P.D. only,03 - Rear end,0
16-8713,HWY 417 PALLADI IC142R36 @ PALLADIUM DR,348773.46748,5017374.75464,-75.93935278860,45.29495061610,2016-09-21,5:30:00 PM,01 - Clear,01 - Daylight,01 - Dry,01 - Traffic signal,01 - Functioning,03 - P.D. only,04 - Sideswipe,0
16-8714,BANK ST btwn CATHERINE ST & CHAMBERLAIN AVE N/ISABELLA ST,368051.99958,5030237.71470,-75.69193319280,45.40921772790,2016-09-21,5:51:00 PM,01 - Clear,01 - Daylight,01 - Dry,10 - No control,,03 - P.D. only,04 - Sideswipe,0
16-8715,PRINCE OF WALES DR @ FAIRPARK DR,367268.81750,5015413.84564,-75.70380953620,45.27590568520,2016-09-21,6:39:00 PM,01 - Clear,01 - Daylight,01 - Dry,02 - Stop sign,00 - Unknown,03 - P.D. only,03 - Rear end,0
16-8716,VANIER PKWY/CRICHTON ST @ BEECHWOOD AVE/ST. PA,369127.20924,5033487.94247,-75.67777398010,45.43836407110,2016-09-21,7:25:00 PM,01 - Clear,07 - Dark,01 - Dry,01 - Traffic signal,01 - Functioning,03 - P.D. only,04 - Sideswipe,0
16-8717,RICHMOND RD btwn 140 E OF POULIN AVE & FOREST ST,360436.86254,5025088.41328,-75.78979169740,45.36353151910,2016-09-21,7:40:00 PM,01 - Clear,07 - Dark,01 - Dry,10 - No control,,02 - Non-fatal injury,03 - Rear end,0
16-8718,MCARTHUR AVE @ VANIER PKWY,370217.04869,5032690.99998,-75.66395109980,45.43109239920,2016-09-21,10:43:00 PM,01 - Clear,07 - Dark,01 - Dry,01 - Traffic signal,01 - Functioning,03 - P.D. only,03 - Rear end,0
16-8719,TRACY AVE btwn ASH ST & END,357250.17547,5020801.36840,-75.83092167250,45.32520208860,2016-09-21,11:01:00 PM,01 - Clear,07 - Dark,01 - Dry,10 - No control,,03 - P.D. only,06 - SMV unattended vehicle,0
16-8720,DEN HAAG DR @ MERGANSER ST,372661.42744,5033670.05256,-75.63257980860,45.43966851360,2016-09-22,7:45:00 AM,01 - Clear,01 - Daylight,01 - Dry,02 - Stop sign,01 - Functioning,03 - P.D. only,02 - Angle,0
16-8721,INNES RD btwn ANDERSON RD & INNES RD,376326.28975,5031865.99454,-75.58600260300,45.42307136170,2016-09-22,8:20:00 AM,01 - Clear,01 - Daylight,01 - Dry,10 - No control,,02 - Non-fatal injury,03 - Rear end,0
16-8722,CONROY RD @ HUNT CLUB RD,373763.64312,5025402.99161,-75.61964877770,45.36517757890,2016-09-22,8:36:00 AM,01 - Clear,01 - Daylight,01 - Dry,01 - Traffic signal,01 - Functioning,03 - P.D. only,03 - Rear end,0
16-8723,PRINCE OF WALES DR @ FALLOWFIELD RD,367398.88184,5019164.39981,-75.70167862450,45.30964118650,2016-09-22,9:00:00 AM,01 - Clear,01 - Daylight,01 - Dry,01 - Traffic signal,01 - Functioning,03 - P.D. only,03 - Rear end,0
16-8724,KANATA RD @ LORD BYNG WAY/MARITIME WAY,351430.59343,5019331.19208,-75.90529305020,45.31238383770,2016-09-22,9:19:00 AM,01 - Clear,01 - Daylight,01 - Dry,01 - Traffic signal,01 - Functioning,02 - Non-fatal injury,07 - SMV other,1
16-8725,WOODROFFE AVE btwn KNOXDALE RD/MEDHURST DR & NORICE ST,363230.29477,5022306.80897,-75.75446499380,45.33827562260,2016-09-22,9:43:00 AM,01 - Clear,01 - Daylight,01 - Dry,10 - No control,,03 - P.D. only,03 - Rear end,0
16-8726,BELFAST RD @ ST. LAURENT BLVD,372859.62641,5030578.78154,-75.63047382190,45.41183549230,2016-09-22,10:18:00 AM,01 - Clear,01 - Daylight,01 - Dry,01 - Traffic signal,01 - Functioning,03 - P.D. only,04 - Sideswipe,0
16-8727,BANK ST @ LEITRIM RD,375357.36358,5021619.49710,-75.59984650560,45.33097674100,2016-09-22,10:44:00 AM,01 - Clear,01 - Daylight,01 - Dry,01 - Traffic signal,01 - Functioning,02 - Non-fatal injury,02 - Angle,0
16-8728,RIDEAU ST @ WALLER ST,368281.57603,5032273.80285,-75.68873825070,45.42751697380,2016-09-22,11:12:00 AM,01 - Clear,01 - Daylight,01 - Dry,01 - Traffic signal,01 - Functioning,03 - P.D. only,04 - Sideswipe,0
16-8729,UPLANDS DR btwn ROYALTON PRIV & PAUL ANKA DR,369361.65389,5023615.92388,-75.67606946690,45.34951730120,2016-09-22,11:53:00 AM,01 - Clear,01 - Daylight,01 - Dry,10 - No control,,03 - P.D. only,06 - SMV unattended vehicle,0
16-8730,KALADAR AVE btwn GREGG ST & BROOKFIELD RD,369733.62071,5026409.87148,-75.67095585350,45.37462209180,2016-09-22,11:55:00 AM,01 - Clear,01 - Daylight,01 - Dry,10 - No control,,03 - P.D. only,99 - Other,0
16-8731,GOULBOURN FORCED RD @ KANATA AVE,349777.78352,5020352.46231,-75.92627848070,45.32168131380,2016-09-22,12:26:00 PM,01 - Clear,01 - Daylight,01 - Dry,01 - Traffic signal,01 - Functioning,03 - P.D. only,05 - Turning movement,0
16-8732,CARLING AVE @ KIRKWOOD AVE N,364276.17909,5027494.29992,-75.74049701910,45.38486407290,2016-09-22,12:47:00 PM,01 - Clear,01 - Daylight,01 - Dry,01 - Traffic signal,01 - Functioning,03 - P.D. only,04 - Sideswipe,0
16-8733,CYRVILLE RD @ INNES RD,375047.06608,5031119.34466,-75.60245355620,45.41648303900,2016-09-22,1:30:00 PM,01 - Clear,01 - Daylight,01 - Dry,01 - Traffic signal,01 - Functioning,02 - Non-fatal injury,02 - Angle,0
16-8734,DUNROBIN RD btwn VANCES SIDE RD & PORCUPINE TR,340597.25176,5033240.65689,-76.04244357990,45.43818182480,2016-09-22,2:36:00 PM,01 - Clear,01 - Daylight,01 - Dry,10 - No control,,03 - P.D. only,07 - SMV other,0
16-8735,RICHMOND RD @ STONEHAVEN DR,356780.98248,5015890.77838,-75.83742142740,45.28105079890,2016-09-22,2:43:00 PM,01 - Clear,01 - Daylight,01 - Dry,01 - Traffic signal,01 - Functioning,03 - P.D. only,02 - Angle,0
16-8736,VANIER PKWY/CRICHTON ST @ BEECHWOOD AVE/ST. PA,369128.24870,5033487.24950,-75.67776078530,45.43835774010,2016-09-22,2:47:00 PM,01 - Clear,01 - Daylight,01 - Dry,01 - Traffic signal,01 - Functioning,03 - P.D. only,04 - Sideswipe,0
16-8737,DONALD ST btwn BARNABY PRIV & TELFORD AVE,371687.27292,5032426.91188,-75.64519915810,45.42857718640,2016-09-22,3:13:00 PM,01 - Clear,01 - Daylight,01 - Dry,10 - No control,,03 - P.D. only,02 - Angle,0
16-8738,EARL ARMSTRONG RD @ RIVER RD,367571.97717,5014684.23241,-75.70003826020,45.26931368730,2016-09-22,3:14:00 PM,01 - Clear,01 - Daylight,01 - Dry,01 - Traffic signal,01 - Functioning,03 - P.D. only,03 - Rear end,0