Record,Location,X,Y,Longitude,Latitude,Date,Time,Environment,Light,Road_Surface,Traffic_Control,Collision_Location,Collision_Classification,Impact_type,Pedestrian
16-8844,ST. JOSEPH BLVD @ JEANNE D'ARC BLVD,379860.96204,5036472.23952,-75.54013847390,45.46414461710,2016-09-26,10:20:00 AM,01 - Clear,01 - Daylight,01 - Dry,11 - Roundabout,01 - Functioning,03 - P.D. only,04 - Sideswipe,0
16-8845,LEEDS AVE @ SHEFFIELD RD,374866.03519,5029544.67408,-75.60499010910,45.40233312520,2016-09-26,12:39:00 PM,01 - Clear,01 - Daylight,01 - Dry,03 - Yield sign,01 - Functioning,03 - P.D. only,03 - Rear end,0
16-8846,PRESTON ST btwn BALSAM ST & GLADSTONE AVE,366485.51045,5029719.77740,-75.71200852190,45.40469728710,2016-09-26,12:00:00 AM,01 - Clear,00 - Unknown,01 - Dry,10 - No control,,03 - P.D. only,06 - SMV unattended vehicle,0
16-8847,LAURIER AVE   W btwn KENT ST & BANK ST,367404.19751,5031219.43320,-75.70008358000,45.41810917540,2016-09-26,1:27:00 PM,01 - Clear,01 - Daylight,01 - Dry,10 - No control,,03 - P.D. only,06 - SMV unattended vehicle,0
16-8848,LENESTER AVE btwn HARE AVE & MUSKOKA AVE,362553.11451,5025825.69445,-75.76269362310,45.36999434220,2016-09-26,1:46:00 PM,01 - Clear,01 - Daylight,01 - Dry,10 - No control,,03 - P.D. only,02 - Angle,0
16-8849,DONALD ST btwn BELGATE WAY & CUMMINGS AVE,372629.86570,5032408.28592,-75.63315702560,45.42831882060,2016-09-26,12:00:00 AM,01 - Clear,00 - Unknown,01 - Dry,10 - No control,,03 - P.D. only,06 - SMV unattended vehicle,0
16-8850,LAURIER AVE @ NICHOLAS ST,368372.53931,5031797.61128,-75.68763736430,45.42322410800,2016-09-26,9:00:00 AM,01 - Clear,01 - Daylight,01 - Dry,01 - Traffic signal,01 - Functioning,03 - P.D. only,03 - Rear end,0
16-8851,CONROY RD @ WALKLEY RD,372905.28296,5027464.21034,-75.63032060520,45.38380751570,2016-09-26,3:48:00 PM,01 - Clear,01 - Daylight,01 - Dry,01 - Traffic signal,01 - Functioning,03 - P.D. only,03 - Rear end,0
16-8852,BANK ST @ WALKLEY RD,370339.50831,5025947.32082,-75.66328234650,45.37040380330,2016-09-26,4:03:00 PM,01 - Clear,01 - Daylight,01 - Dry,01 - Traffic signal,01 - Functioning,03 - P.D. only,03 - Rear end,0
16-8853,REGIONAL ROAD 174 btwn TRANSIT & OR174 IC109 RAMP54,376384.39865,5034794.26627,-75.58483434490,45.44941221180,2016-09-26,4:32:00 PM,02 - Rain,01 - Daylight,02 - Wet,10 - No control,,03 - P.D. only,04 - Sideswipe,0
16-8854,BANK ST @ QUEENSDALE AVE,373336.96244,5023445.73294,-75.62536626080,45.34760877420,2016-09-26,6:54:00 PM,01 - Clear,05 - Dusk,01 - Dry,01 - Traffic signal,01 - Functioning,03 - P.D. only,05 - Turning movement,0
16-8855,PARKDALE AVE @ WELLINGTON ST,365149.48106,5029270.33616,-75.72912884170,45.40076977780,2016-09-26,7:26:00 PM,01 - Clear,07 - Dark,01 - Dry,01 - Traffic signal,01 - Functioning,02 - Non-fatal injury,05 - Turning movement,0
16-8856,CARLING AVE @ WOODROFFE AVE W,361767.68360,5025725.09942,-75.77273162640,45.36915348070,2016-09-26,7:28:00 PM,01 - Clear,05 - Dusk,01 - Dry,01 - Traffic signal,01 - Functioning,03 - P.D. only,03 - Rear end,0
16-8857,SHIRLEY'S BROOK DR btwn MORGAN'S GRANT WAY & INVERARY DR,349684.53494,5023638.38773,-75.92716982690,45.35125483920,2016-09-26,10:01:00 PM,02 - Rain,07 - Dark,02 - Wet,10 - No control,,03 - P.D. only,03 - Rear end,0
16-8858,DONALD ST @ ST. LAURENT BLVD,372093.71290,5032472.17082,-75.63999936990,45.42894541770,2016-09-27,1:32:00 AM,02 - Rain,07 - Dark,02 - Wet,01 - Traffic signal,01 - Functioning,03 - P.D. only,03 - Rear end,0
16-8859,QUEENSTON DR btwn MOORE ST & REGAL CRES,357158.83666,5007032.42915,-75.83353801060,45.20131325910,2016-09-27,2:00:00 AM,02 - Rain,07 - Dark,02 - Wet,10 - No control,,03 - P.D. only,07 - SMV other,0
16-8860,PARKDALE AVE @ HWY 417 PARKDAL IC122R15/HWY 41,365336.69820,5028843.48431,-75.72679004010,45.39691289700,2016-09-27,6:28:00 AM,01 - Clear,07 - Dark,01 - Dry,01 - Traffic signal,01 - Functioning,02 - Non-fatal injury,03 - Rear end,0
16-8861,MAITLAND AVE btwn CAMEO DR & CLYDE AVE,364246.61995,5025142.71239,-75.74115750440,45.36370736650,2016-09-27,5:30:00 AM,02 - Rain,07 - Dark,02 - Wet,10 - No control,,03 - P.D. only,07 - SMV other,0
16-8862,"EGLISE, RUE DE L btwn MONTREAL RD & COLLEGE CIRC",371223.82992,5033498.37963,-75.65097662200,45.43826193870,2016-09-27,12:00:00 AM,01 - Clear,00 - Unknown,01 - Dry,10 - No control,,03 - P.D. only,06 - SMV unattended vehicle,0
16-8863,EVANSHEN CRES @ ROBSON CRT E,350501.38196,5019648.68634,-75.91711391180,45.31530182270,2016-09-27,8:32:00 AM,01 - Clear,01 - Daylight,01 - Dry,02 - Stop sign,01 - Functioning,02 - Non-fatal injury,07 - SMV other,1
16-8864,MACDONALD-CARTIER BR RAMP NB-3 btwn MACDONALD-CARTIER BR RAMP NB-1/NB-,367835.65755,5033260.20707,-75.69431000890,45.43643262490,2016-09-27,8:49:00 AM,01 - Clear,01 - Daylight,01 - Dry,10 - No control,,03 - P.D. only,03 - Rear end,0
16-8865,BANK ST @ WALKLEY RD,370338.67904,5025947.73510,-75.66329287770,45.37040760860,2016-09-27,8:59:00 AM,01 - Clear,01 - Daylight,01 - Dry,01 - Traffic signal,01 - Functioning,02 - Non-fatal injury,03 - Rear end,0
16-8866,GREENBANK RD @ HWY 417 IC129 RAMP57/IRIS ST,360531.34166,5023312.41807,-75.78878597150,45.34754366410,2016-09-27,9:06:00 AM,01 - Clear,01 - Daylight,01 - Dry,01 - Traffic signal,01 - Functioning,03 - P.D. only,05 - Turning movement,0
16-8867,AMESBROOKE DR @ MAITLAND AVE,363769.97107,5025177.67969,-75.74723727590,45.36406225770,2016-09-27,9:07:00 AM,01 - Clear,01 - Daylight,01 - Dry,02 - Stop sign,01 - Functioning,03 - P.D. only,03 - Rear end,0
16-8868,BALSAM ST @ ROCHESTER ST,366632.47936,5029861.78234,-75.71011346330,45.40596204180,2016-09-27,9:30:00 AM,01 - Clear,01 - Daylight,01 - Dry,02 - Stop sign,01 - Functioning,03 - P.D. only,02 - Angle,0
16-8869,KIRKWOOD AVE @ LAPERRIERE AVE,364519.03538,5026958.32296,-75.73746088890,45.38002078500,2016-09-27,10:27:00 AM,01 - Clear,01 - Daylight,01 - Dry,01 - Traffic signal,01 - Functioning,03 - P.D. only,05 - Turning movement,0
16-8870,AERO DR @ HOLLY ACRES RD,358342.72762,5023227.20975,-75.81672309940,45.34694745000,2016-09-27,11:20:00 AM,01 - Clear,01 - Daylight,01 - Dry,01 - Traffic signal,01 - Functioning,02 - Non-fatal injury,03 - Rear end,0
16-8871,ALBERT ST btwn LYON ST N & KENT ST,367066.65191,5031222.65745,-75.70439569510,45.41816830790,2016-09-27,11:55:00 AM,01 - Clear,01 - Daylight,01 - Dry,10 - No control,,03 - P.D. only,99 - Other,0
16-8872,REGIONAL ROAD 174 btwn OR174 IC112 RAMP15 & TRANSIT,375583.28826,5033422.68683,-75.59527207860,45.43715315380,2016-09-27,11:58:00 AM,01 - Clear,01 - Daylight,01 - Dry,10 - No control,,03 - P.D. only,99 - Other,0
16-8873,CARLING AVE WB @ SAIGON CRT,364064.63740,5027195.72332,-75.74323398750,45.38219546030,2016-09-27,12:13:00 PM,01 - Clear,01 - Daylight,01 - Dry,01 - Traffic signal,01 - Functioning,02 - Non-fatal injury,02 - Angle,0
16-8874,MERIVALE RD/LOTTA AVE @ CLYDE AVE,364521.81547,5024507.53739,-75.73772166970,45.35796876060,2016-09-27,12:12:00 PM,01 - Clear,01 - Daylight,01 - Dry,01 - Traffic signal,01 - Functioning,03 - P.D. only,03 - Rear end,0
16-8875,ST. JOSEPH BLVD @ OR174 IC101 RAMP25,383346.25993,5038947.79298,-75.49518027530,45.48603420340,2016-09-27,7:40:00 AM,01 - Clear,01 - Daylight,01 - Dry,01 - Traffic signal,01 - Functioning,03 - P.D. only,03 - Rear end,0
16-8876,FALLOWFIELD RD @ RICHMOND RD,357720.53791,5013530.07462,-75.82569773940,45.25973867460,2016-09-27,1:35:00 PM,01 - Clear,01 - Daylight,01 - Dry,01 - Traffic signal,01 - Functioning,02 - Non-fatal injury,02 - Angle,0
16-8877,SANDCASTLE DR btwn BROOKHAVEN CRT & VALLEY STREAM DR,359683.66979,5021857.17128,-75.79976413240,45.33451617800,2016-09-27,12:00:00 AM,01 - Clear,00 - Unknown,01 - Dry,10 - No control,,03 - P.D. only,06 - SMV unattended vehicle,0
16-8878,CRESTHAVEN DR @ STRANDHERD DR,366813.68666,5015027.41208,-75.70965807500,45.27246887050,2016-09-27,8:48:00 AM,01 - Clear,01 - Daylight,01 - Dry,01 - Traffic signal,01 - Functioning,03 - P.D. only,04 - Sideswipe,0
16-8879,HUNT CLUB RD @ UPLANDS DR,370156.50766,5023121.27256,-75.66599204700,45.34499294540,2016-09-27,3:15:00 PM,01 - Clear,01 - Daylight,01 - Dry,01 - Traffic signal,01 - Functioning,02 - Non-fatal injury,05 - Turning movement,0
16-8880,REGIONAL ROAD 174 btwn OR174 IC112 RAMP51 & OR174 IC112 RAMP15,374873.10739,5032877.27499,-75.60442587770,45.43231737870,2016-09-27,3:51:00 PM,01 - Clear,01 - Daylight,01 - Dry,10 - No control,,02 - Non-fatal injury,07 - SMV other,0
16-8881,ELGIN ST btwn SOMERSET ST W & MACLAREN ST,368197.95599,5031144.35756,-75.68995211370,45.41736219690,2016-09-26,10:00:00 PM,01 - Clear,07 - Dark,01 - Dry,10 - No control,,03 - P.D. only,06 - SMV unattended vehicle,0
16-8882,HAWTHORNE RD/RUSSELL RD @ WALKLEY RD,374675.10227,5028500.88358,-75.60757660800,45.39296070030,2016-09-27,3:45:00 PM,01 - Clear,01 - Daylight,01 - Dry,01 - Traffic signal,01 - Functioning,02 - Non-fatal injury,03 - Rear end,0
16-8883,ANALDEA DR/ WHITE ALDER AVE @ BANK ST,375697.74990,5020813.22156,-75.59561994020,45.32368790370,2016-09-27,3:30:00 PM,01 - Clear,01 - Daylight,01 - Dry,01 - Traffic signal,00 - Unknown,03 - P.D. only,03 - Rear end,0
16-8884,MEADOWLANDS DR btwn CLAYMOR AVE & DEBRA AVE,367061.23385,5025475.89669,-75.70519006940,45.36646094530,2016-09-27,4:13:00 PM,01 - Clear,01 - Daylight,01 - Dry,10 - No control,,03 - P.D. only,03 - Rear end,0
16-8885,CHAPEL CRES btwn WIGGINS PRIV & WIGGINS PRIV,369608.63116,5031459.79803,-75.67188802870,45.42007116860,2016-09-27,3:30:00 PM,01 - Clear,01 - Daylight,01 - Dry,10 - No control,,03 - P.D. only,07 - SMV other,1
16-8886,MONTREAL RD @ STE. ANNE ST,370706.48906,5033417.25462,-75.65759936530,45.43758096890,2016-09-27,4:28:00 PM,01 - Clear,01 - Daylight,01 - Dry,02 - Stop sign,01 - Functioning,03 - P.D. only,04 - Sideswipe,0
16-8887,JEANNE D'ARC BLVD  S btwn SAPINIER ST & INNES RD,382621.04394,5035606.36709,-75.50498552220,45.45605221870,2016-09-27,5:39:00 PM,01 - Clear,01 - Daylight,01 - Dry,10 - No control,,03 - P.D. only,07 - SMV other,0
16-8888,CARLING AVE btwn DAVIDSON'S SIDE RD & GRANDVIEW RD,355631.46738,5024089.61409,-75.85123146830,45.35490917730,2016-09-27,6:08:00 PM,01 - Clear,01 - Daylight,01 - Dry,10 - No control,,02 - Non-fatal injury,07 - SMV other,0
16-8889,BLAIR RD @ INNES RD,375578.19942,5031438.75189,-75.59562223690,45.41930336250,2016-09-27,6:00:00 PM,01 - Clear,01 - Daylight,01 - Dry,01 - Traffic signal,01 - Functioning,02 - Non-fatal injury,03 - Rear end,0
16-8890,CARP RD @ MARCH RD,342164.08193,5021732.27131,-76.02328844520,45.33454391390,2016-09-27,7:15:00 PM,01 - Clear,07 - Dark,01 - Dry,01 - Traffic signal,01 - Functioning,03 - P.D. only,03 - Rear end,0
16-8891,BANK ST btwn NEPEAN ST & LISGAR ST,367582.51768,5031100.10840,-75.69782054600,45.41701955050,2016-09-27,7:24:00 PM,01 - Clear,07 - Dark,01 - Dry,10 - No control,,03 - P.D. only,03 - Rear end,0
16-8892,WALKLEY RD btwn HARDING RD & HALIFAX DR,373628.83017,5027890.01959,-75.62102288400,45.38756803920,2016-09-27,8:30:00 PM,01 - Clear,07 - Dark,01 - Dry,10 - No control,,03 - P.D. only,02 - Angle,0
16-8893,JEANNE D'ARC BLVD @ OR174 IC105 RAMP52,379455.23839,5036917.44142,-75.54525842130,45.46819368190,2016-09-27,10:29:00 PM,01 - Clear,07 - Dark,01 - Dry,01 - Traffic signal,01 - Functioning,02 - Non-fatal injury,02 - Angle,0
16-8894,FRANKTOWN RD btwn JOY'S RD & PERTH ST,355445.44719,5005062.86904,-75.85554594830,45.18371564360,2016-09-28,3:00:00 AM,01 - Clear,07 - Dark,01 - Dry,10 - No control,,03 - P.D. only,07 - SMV other,0
16-8895,MEADOWGLEN DR @ WILLOWBARK DR/DES BROUSSAILLES,379687.41112,5034628.35346,-75.54263827420,45.44757334720,2016-09-28,7:29:00 AM,01 - Clear,01 - Daylight,01 - Dry,02 - Stop sign,01 - Functioning,03 - P.D. only,02 - Angle,0
16-8896,FALLOWFIELD RD btwn RICHMOND RD & STEEPLE HILL CRES,358373.31607,5013979.42120,-75.81733231120,45.26373256590,2016-09-28,7:48:00 AM,01 - Clear,01 - Daylight,01 - Dry,10 - No control,,03 - P.D. only,07 - SMV other,0
16-8897,ST. LAURENT BLVD btwn INDUSTRIAL AVE & BOURASSA ST,373214.99764,5029739.44024,-75.62605062370,45.40424884110,2016-09-28,8:00:00 AM,01 - Clear,01 - Daylight,01 - Dry,10 - No control,,03 - P.D. only,07 - SMV other,0
16-8898,BOYER RD @ ORLEANS BLVD,380977.52686,5035508.34846,-75.52601151130,45.45535143250,2016-09-28,8:39:00 AM,01 - Clear,01 - Daylight,01 - Dry,02 - Stop sign,01 - Functioning,02 - Non-fatal injury,02 - Angle,0
16-8899,MONTREAL RD @ VANIER PKWY,370072.63290,5033067.03551,-75.66574672800,45.43448930460,2016-09-28,8:52:00 AM,01 - Clear,01 - Daylight,01 - Dry,01 - Traffic signal,01 - Functioning,03 - P.D. only,03 - Rear end,0
16-8900,CYRVILLE RD @ LABRIE AVE,373402.55126,5031681.14442,-75.62338479090,45.42170100430,2016-09-28,8:59:00 AM,01 - Clear,01 - Daylight,01 - Dry,02 - Stop sign,00 - Unknown,03 - P.D. only,03 - Rear end,0
16-8901,BANK ST btwn CLEMOW AVE & GLEBE AVE,368230.92905,5029805.12872,-75.68970318920,45.40530926370,2016-09-28,9:17:00 AM,01 - Clear,01 - Daylight,01 - Dry,10 - No control,,03 - P.D. only,04 - Sideswipe,0
16-8902,KNOTRIDGE ST btwn ROLLING MEADOW CRES & SPRING VALLEY DR,381943.38000,5032522.94700,-75.51413212680,45.42838524060,2016-09-28,8:45:00 AM,01 - Clear,01 - Daylight,01 - Dry,10 - No control,,03 - P.D. only,06 - SMV unattended vehicle,0
16-8903,WEST HUNT CLUB RD EB btwn 210 W OF MERIVALE RD & MERIVALE RD,365447.82143,5021821.53223,-75.72623272130,45.33372098200,2016-09-28,10:01:00 AM,01 - Clear,01 - Daylight,01 - Dry,10 - No control,,03 - P.D. only,04 - Sideswipe,0
16-8904,HAWTHORNE RD/RUSSELL RD @ WALKLEY RD,374674.08528,5028499.32176,-75.60758981640,45.39294674950,2016-09-28,10:57:00 AM,01 - Clear,01 - Daylight,01 - Dry,01 - Traffic signal,01 - Functioning,03 - P.D. only,04 - Sideswipe,0
16-8905,HAMILTON AVE   N btwn CRAFTSMAN PRIV & SPENCER ST,364982.99084,5029451.66564,-75.73123317660,45.40241567190,2016-09-25,12:00:00 AM,01 - Clear,00 - Unknown,01 - Dry,10 - No control,,03 - P.D. only,06 - SMV unattended vehicle,0
16-8906,BLACKBURN BYPASS @ INNES RD E,379791.74790,5033782.80714,-75.54143347540,45.43995455780,2016-09-28,12:49:00 PM,01 - Clear,01 - Daylight,01 - Dry,01 - Traffic signal,01 - Functioning,03 - P.D. only,03 - Rear end,0
16-8907,BORRISOKANE RD btwn CAMBRIAN RD & STRANDHERD DR,362525.48926,5012698.52331,-75.76457551360,45.25187846050,2016-09-28,1:17:00 PM,01 - Clear,01 - Daylight,01 - Dry,10 - No control,,02 - Non-fatal injury,07 - SMV other,0
16-8908,BANK ST @ SNAKE ISLAND RD/VICTORIA ST,383696.56876,5010121.18746,-75.49530018640,45.22663393390,2016-09-28,1:56:00 PM,01 - Clear,01 - Daylight,01 - Dry,01 - Traffic signal,01 - Functioning,02 - Non-fatal injury,05 - Turning movement,0
16-8909,SLATER ST btwn BANK ST & O'CONNOR ST,367494.95487,5031399.36285,-75.69890115940,45.41971999910,2016-09-28,3:46:00 PM,01 - Clear,01 - Daylight,01 - Dry,10 - No control,,03 - P.D. only,99 - Other,0
16-8910,WEST HUNT CLUB RD @ ANTARES DR/LASER ST,367108.06298,5022080.98878,-75.70502010290,45.33591007330,2016-09-28,3:47:00 PM,01 - Clear,01 - Daylight,01 - Dry,01 - Traffic signal,01 - Functioning,03 - P.D. only,03 - Rear end,0
16-8911,BENTLEY AVE @ SUNDERLAND ST,366151.35872,5021837.59569,-75.71725557870,45.33380436120,2016-09-28,5:35:00 PM,01 - Clear,01 - Daylight,01 - Dry,02 - Stop sign,01 - Functioning,03 - P.D. only,02 - Angle,0
16-8912,ST. JOSEPH BLVD @ TENTH LINE RD,382891.63196,5038665.21056,-75.50104024750,45.48354279340,2016-09-28,5:50:00 PM,01 - Clear,01 - Daylight,01 - Dry,01 - Traffic signal,01 - Functioning,03 - P.D. only,03 - Rear end,0
16-8913,NELSON ST @ SOMERSET ST,369095.36522,5031761.35666,-75.67840640460,45.42283184070,2016-09-28,6:37:00 PM,01 - Clear,01 - Daylight,01 - Dry,02 - Stop sign,01 - Functioning,02 - Non-fatal injury,05 - Turning movement,0
16-8914,VIEWMOUNT DR @ MERIVALE RD,365192.04079,5022949.73764,-75.72935806600,45.34389449310,2016-09-28,6:45:00 PM,01 - Clear,01 - Daylight,01 - Dry,01 - Traffic signal,01 - Functioning,03 - P.D. only,03 - Rear end,0
16-8915,ROCKROSE WAY btwn BUNCHBERRY WAY & CREEKVIEW WAY,374131.30800,5019626.35600,-75.61576536370,45.31316536530,2016-09-28,6:46:00 PM,01 - Clear,05 - Dusk,01 - Dry,10 - No control,,02 - Non-fatal injury,07 - SMV other,1
16-8916,HERON RD @ WALKLEY RD,372267.56573,5027084.23585,-75.63851501860,45.38045036790,2016-09-28,6:47:00 PM,01 - Clear,01 - Daylight,01 - Dry,01 - Traffic signal,01 - Functioning,03 - P.D. only,04 - Sideswipe,0
16-8917,REGIONAL ROAD 174 btwn OR174 IC112 RAMP51 & OR174 IC112 RAMP15,374946.88796,5032932.80965,-75.60347512400,45.43280965200,2016-09-28,6:53:00 PM,01 - Clear,05 - Dusk,01 - Dry,10 - No control,,03 - P.D. only,07 - SMV other,0
16-8918,DONALD ST @ ST. LAURENT BLVD,372092.88474,5032471.34266,-75.64001006600,45.42893804650,2016-09-28,3:30:00 PM,01 - Clear,01 - Daylight,01 - Dry,01 - Traffic signal,01 - Functioning,03 - P.D. only,03 - Rear end,0
16-8919,HAIG DR @ SMYTH RD,372564.50536,5029299.20702,-75.63441969880,45.40035108950,2016-09-28,7:39:00 PM,01 - Clear,07 - Dark,01 - Dry,01 - Traffic signal,01 - Functioning,03 - P.D. only,05 - Turning movement,0
16-8920,REGIONAL ROAD 174 btwn OR174 IC102 RAMP26 & REGIONAL ROAD 174,381573.56616,5038251.19311,-75.51796334820,45.47996402060,2016-09-28,8:02:00 PM,01 - Clear,07 - Dark,01 - Dry,10 - No control,,03 - P.D. only,04 - Sideswipe,0
16-8921,EAGLESON RD @ PALOMINO DR S/ROTHESAY DR,354123.75153,5017290.67075,-75.87115069750,45.29383881150,2016-09-28,8:22:00 PM,01 - Clear,07 - Dark,01 - Dry,01 - Traffic signal,01 - Functioning,03 - P.D. only,05 - Turning movement,0
16-8922,NELSON ST @ STEWART ST,368771.10323,5032289.02480,-75.68248100700,45.42760933370,2016-09-28,9:40:00 PM,01 - Clear,07 - Dark,01 - Dry,02 - Stop sign,01 - Functioning,03 - P.D. only,02 - Angle,0
16-8923,BANK ST @ ORVILLE KEMP ST,375213.28428,5021968.30391,-75.60163478590,45.33412963320,2016-09-28,4:15:00 PM,01 - Clear,01 - Daylight,01 - Dry,02 - Stop sign,00 - Unknown,03 - P.D. only,03 - Rear end,0
16-8924,IVANHOE AVE btwn CARLING AVE & ELMHURST ST,360438.91213,5024863.84587,-75.78979081970,45.36151070790,2016-09-28,10:30:00 PM,01 - Clear,07 - Dark,01 - Dry,10 - No control,,03 - P.D. only,06 - SMV unattended vehicle,0
16-8925,DUNBRACK ST btwn TELFORD AVE & ALESTHER ST,371931.29878,5032537.06878,-75.64206590950,45.42954494770,2016-09-28,11:39:00 PM,01 - Clear,07 - Dark,01 - Dry,10 - No control,,03 - P.D. only,07 - SMV other,0
16-8926,MAITLAND AVE btwn TARA DR & ERINDALE DR,363572.90883,5025305.42380,-75.74973740170,45.36522823360,2016-09-29,6:55:00 AM,01 - Clear,01 - Daylight,01 - Dry,10 - No control,,02 - Non-fatal injury,03 - Rear end,0
16-8927,TENTH LINE RD @ CHARLEMAGNE BLVD N/TOMPKINS AV,383185.58621,5037975.81151,-75.49739054670,45.47730726560,2016-09-29,7:57:00 AM,01 - Clear,01 - Daylight,01 - Dry,01 - Traffic signal,01 - Functioning,03 - P.D. only,03 - Rear end,0
16-8928,CONROY RD @ DAVIDSON RD N,374572.65381,5023515.29056,-75.60958908180,45.34811278970,2016-09-29,8:04:00 AM,01 - Clear,01 - Daylight,01 - Dry,02 - Stop sign,01 - Functioning,03 - P.D. only,02 - Angle,0
16-8929,RENAUD RD btwn Continuation of RENAUD RD & PERCIFOR WAY,381030.63017,5032248.15933,-75.52583760350,45.42601298400,2016-09-29,8:04:00 AM,01 - Clear,01 - Daylight,01 - Dry,10 - No control,,03 - P.D. only,07 - SMV other,0
16-8930,MOODIE DR btwn ROBERTSON RD & HADLEY CIRC,357106.60819,5020367.66251,-75.83279876860,45.32131027130,2016-09-29,8:41:00 AM,01 - Clear,01 - Daylight,01 - Dry,10 - No control,,03 - P.D. only,02 - Angle,0
16-8931,LABELLE ST/RAMP @ LEMIEUX ST/HWY417 IC115 RAMP,372541.06178,5031689.22782,-75.63439066870,45.42185768400,2016-09-29,8:57:00 AM,01 - Clear,01 - Daylight,01 - Dry,02 - Stop sign,01 - Functioning,03 - P.D. only,04 - Sideswipe,0
16-8932,BASELINE RD @ WOODROFFE AVE,362548.08377,5023770.77244,-75.76299794900,45.35150475370,2016-09-29,9:19:00 AM,01 - Clear,01 - Daylight,01 - Dry,01 - Traffic signal,01 - Functioning,03 - P.D. only,03 - Rear end,0
16-8933,BASELINE RD @ 207 E OF CLYDE AVE,364535.89296,5025002.32996,-75.73748220100,45.36241963500,2016-09-29,8:30:00 AM,01 - Clear,01 - Daylight,01 - Dry,01 - Traffic signal,01 - Functioning,02 - Non-fatal injury,07 - SMV other,1
16-8934,CENTREPOINTE DR @ HEMMINGWOOD WAY E,362327.51833,5023203.48805,-75.76587864360,45.34641849510,2016-09-29,10:00:00 AM,01 - Clear,01 - Daylight,01 - Dry,02 - Stop sign,00 - Unknown,03 - P.D. only,03 - Rear end,0
16-8935,PRINCE OF WALES DR @ SANFORD AVE,366806.36561,5026129.77464,-75.70836126280,45.37236698880,2016-09-29,10:30:00 AM,01 - Clear,01 - Daylight,01 - Dry,02 - Stop sign,00 - Unknown,03 - P.D. only,03 - Rear end,0
16-8936,ALTA VISTA DR @ SMYTH RD,370432.49636,5029081.77704,-75.66167856680,45.39859785200,2016-09-29,10:36:00 AM,01 - Clear,01 - Daylight,01 - Dry,01 - Traffic signal,01 - Functioning,03 - P.D. only,05 - Turning movement,0
16-8937,ELGIN ST @ GILMOUR ST,368252.94039,5031054.37312,-75.68926122520,45.41654756240,2016-09-29,11:32:00 AM,01 - Clear,01 - Daylight,01 - Dry,01 - Traffic signal,01 - Functioning,02 - Non-fatal injury,99 - Other,0
16-8938,PRESTON ST btwn GLADSTONE AVE & LOUISA ST,366509.58178,5029668.66606,-75.71170745260,45.40423527960,2016-09-29,11:46:00 AM,01 - Clear,01 - Daylight,01 - Dry,10 - No control,,03 - P.D. only,03 - Rear end,0
16-8939,CHURCHILL AVE @ CLARE ST/PRINCETON AVE,363460.88195,5027751.37106,-75.75087680210,45.38724591120,2016-09-29,11:55:00 AM,01 - Clear,01 - Daylight,01 - Dry,01 - Traffic signal,01 - Functioning,03 - P.D. only,01 - Approaching,0
16-8940,MOODIE DR @ WEST HUNT CLUB RD,357905.99539,5018496.38531,-75.82280339900,45.30441231220,2016-09-29,12:06:00 PM,01 - Clear,01 - Daylight,01 - Dry,01 - Traffic signal,01 - Functioning,03 - P.D. only,03 - Rear end,0
16-8941,CARP RD @ HAZELDEAN RD,348804.57590,5014360.02212,-75.93922349590,45.26782105320,2016-09-29,1:36:00 PM,01 - Clear,01 - Daylight,01 - Dry,01 - Traffic signal,01 - Functioning,03 - P.D. only,03 - Rear end,0
16-8942,CARLING AVE @ KIRKWOOD AVE S,364353.32736,5027339.13652,-75.73953065240,45.38346138500,2016-09-29,2:56:00 PM,01 - Clear,01 - Daylight,01 - Dry,01 - Traffic signal,01 - Functioning,03 - P.D. only,05 - Turning movement,0
16-8943,LONGFIELDS DR btwn DEERCROFT AVE & STRANDHERD DR,364532.21771,5015202.53930,-75.73871087350,45.27424216000,2016-09-29,3:00:00 PM,01 - Clear,01 - Daylight,01 - Dry,10 - No control,,03 - P.D. only,02 - Angle,0
16-8944,WILLOWMERE WAY btwn CREEKVIEW WAY/MANORWOOD CRES & HAZELNUT CRES,374096.12100,5019509.07600,-75.61623047870,45.31211359300,2016-09-29,12:00:00 AM,01 - Clear,00 - Unknown,01 - Dry,10 - No control,,03 - P.D. only,06 - SMV unattended vehicle,0
16-8945,SOMERSET ST @ EMPRESS AVE,366739.72298,5030348.74616,-75.70868241720,45.41033412530,2016-09-29,3:55:00 PM,01 - Clear,01 - Daylight,01 - Dry,01 - Traffic signal,01 - Functioning,03 - P.D. only,05 - Turning movement,0
16-8946,BRIAN COBURN BLVD @ STRASBOURG ST,384046.55210,5034850.02790,-75.48688377220,45.44908714550,2016-09-29,4:11:00 PM,01 - Clear,01 - Daylight,01 - Dry,02 - Stop sign,01 - Functioning,03 - P.D. only,03 - Rear end,0
16-8947,RIVERSIDE DR @ BROOKFIELD RD/HOG'S BACK RD,368167.71100,5026222.25376,-75.69097074870,45.37307731540,2016-09-29,4:30:00 PM,01 - Clear,01 - Daylight,01 - Dry,01 - Traffic signal,01 - Functioning,02 - Non-fatal injury,03 - Rear end,0
16-8948,COLONNADE RD @ PRINCE OF WALES DR,367394.49206,5023266.73564,-75.70121592880,45.34655370480,2016-09-29,4:39:00 PM,01 - Clear,01 - Daylight,01 - Dry,01 - Traffic signal,01 - Functioning,03 - P.D. only,05 - Turning movement,0
16-8949,BELFAST RD @ ST. LAURENT BLVD,372860.40540,5030579.81987,-75.63046372720,45.41184475950,2016-09-29,5:29:00 PM,01 - Clear,01 - Daylight,01 - Dry,01 - Traffic signal,01 - Functioning,03 - P.D. only,05 - Turning movement,0