Record,Location,X,Y,Longitude,Latitude,Date,Time,Environment,Light,Road_Surface,Traffic_Control,Collision_Location,Collision_Classification,Impact_type,Pedestrian
16-9056,CAMBRIAN RD btwn GRAND CANAL ST & SEELEY'S BAY ST,364098.60400,5012463.07500,-75.74456379750,45.24962908460,2016-10-03,5:18:00 PM,01 - Clear,01 - Daylight,01 - Dry,10 - No control,,02 - Non-fatal injury,06 - SMV unattended vehicle,0
16-9057,HWY 417 INNES IC112R58 @ INNES RD,374222.97754,5030710.63983,-75.61303922750,45.41288796940,2016-10-03,5:51:00 PM,01 - Clear,01 - Daylight,01 - Dry,03 - Yield sign,01 - Functioning,03 - P.D. only,03 - Rear end,0
16-9058,SOMERSET ST    W btwn BECKINGTON PRIV & BANK ST,367606.22870,5030862.21653,-75.69754793630,45.41487694640,2016-10-03,8:43:00 PM,01 - Clear,07 - Dark,01 - Dry,10 - No control,,02 - Non-fatal injury,04 - Sideswipe,0
16-9059,COWELL RD @ MALAKOFF RD,365463.30872,4992390.00566,-75.72961762560,45.06889214440,2016-10-03,6:54:00 PM,01 - Clear,07 - Dark,01 - Dry,10 - No control,,02 - Non-fatal injury,07 - SMV other,0
16-9060,CLEGG ST @ COLONEL BY DR,368968.49099,5029740.85565,-75.68029055170,45.40466373160,2016-10-03,5:40:00 PM,01 - Clear,01 - Daylight,01 - Dry,01 - Traffic signal,01 - Functioning,03 - P.D. only,03 - Rear end,0
16-9061,JEANNE D'ARC BLVD @ ORLEANS BLVD S,380939.94696,5036250.34301,-75.52637703250,45.46203140070,2016-10-03,7:22:00 PM,01 - Clear,07 - Dark,01 - Dry,01 - Traffic signal,01 - Functioning,02 - Non-fatal injury,05 - Turning movement,0
16-9062,DUNROBIN RD btwn CONSTANCE BAY RD & KINBURN SIDE RD,336814.19236,5037183.59935,-76.09054020830,45.47384496260,2016-10-03,7:46:00 PM,01 - Clear,07 - Dark,01 - Dry,10 - No control,,03 - P.D. only,07 - SMV other,0
16-9063,LYON ST @ WELLINGTON ST,366935.44233,5031426.54971,-75.70604633490,45.42001453300,2016-10-03,8:40:00 PM,01 - Clear,07 - Dark,01 - Dry,01 - Traffic signal,01 - Functioning,03 - P.D. only,04 - Sideswipe,0
16-9064,LIMEBANK RD btwn RIDEAU RD & MITCH OWENS RD,371080.39160,5013456.36784,-75.65549584740,45.25794367710,2016-10-03,10:56:00 PM,01 - Clear,07 - Dark,01 - Dry,10 - No control,,03 - P.D. only,07 - SMV other,0
16-9065,CARLING AVE @ WOODROFFE AVE W,361767.02498,5025725.29396,-75.77274001120,45.36915528520,2016-10-03,11:44:00 PM,01 - Clear,07 - Dark,01 - Dry,01 - Traffic signal,01 - Functioning,03 - P.D. only,02 - Angle,0
16-9066,COPE DR @ TERRY FOX,353999.62897,5015345.30800,-75.87292598410,45.27634268130,2016-10-04,3:47:00 AM,01 - Clear,07 - Dark,01 - Dry,01 - Traffic signal,00 - Unknown,03 - P.D. only,07 - SMV other,0
16-9067,BRIAN COBURN BLVD @ MER BLEUE RD,383150.81890,5034441.16410,-75.49839848590,45.44550952730,2016-10-04,7:15:00 AM,01 - Clear,01 - Daylight,01 - Dry,11 - Roundabout,01 - Functioning,03 - P.D. only,03 - Rear end,0
16-9068,RIVERSIDE DR @ WALKLEY RD,368417.89574,5024853.11522,-75.68795320180,45.36073549380,2016-10-04,7:35:00 AM,01 - Clear,01 - Daylight,01 - Dry,01 - Traffic signal,00 - Unknown,03 - P.D. only,03 - Rear end,0
16-9069,FINDLAY CREEK DR @ GRACEWOOD CRES,374529.39210,5019573.91400,-75.61069628890,45.31265409470,2016-10-04,7:40:00 AM,01 - Clear,01 - Daylight,01 - Dry,02 - Stop sign,01 - Functioning,03 - P.D. only,05 - Turning movement,0
16-9070,GREY'S CREEK RD @ SNAKE ISLAND RD,381962.61163,5009056.63305,-75.51754277870,45.21724764830,2016-10-04,7:51:00 AM,01 - Clear,01 - Daylight,01 - Dry,02 - Stop sign,00 - Unknown,02 - Non-fatal injury,02 - Angle,0
16-9071,REGIONAL ROAD 174 btwn QUIGLEY HILL RD & CAMERON ST,389612.84857,5042580.34877,-75.41439956440,45.51798237280,2016-10-04,7:55:00 AM,01 - Clear,01 - Daylight,01 - Dry,10 - No control,,03 - P.D. only,03 - Rear end,0
16-9072,KING EDWARD AVE SB btwn UNION ST & BOTELER ST,367940.94948,5033258.88990,-75.69296452410,45.43641127310,2016-10-04,8:02:00 AM,01 - Clear,01 - Daylight,01 - Dry,10 - No control,,02 - Non-fatal injury,07 - SMV other,1
16-9073,STE. CECILE ST btwn BEECHWOOD AVE & GENEST ST,369740.06166,5033921.03259,-75.66988422020,45.44220418200,2016-10-04,8:10:00 AM,01 - Clear,01 - Daylight,01 - Dry,10 - No control,,02 - Non-fatal injury,05 - Turning movement,0
16-9074,FALLOWFIELD RD @ GREENBANK RD,363079.84754,5016732.04122,-75.75704018970,45.28812653030,2016-10-04,8:26:00 AM,01 - Clear,01 - Daylight,01 - Dry,01 - Traffic signal,00 - Unknown,03 - P.D. only,03 - Rear end,0
16-9075,ST. LAURENT BLVD btwn BELFAST RD & INDUSTRIAL AVE,372906.45169,5030469.01128,-75.62989082050,45.41084327550,2016-10-04,9:10:00 AM,01 - Clear,01 - Daylight,01 - Dry,10 - No control,,02 - Non-fatal injury,03 - Rear end,0
16-9076,BANK ST @ RIVERSIDE DR N,369225.05728,5027982.88738,-75.67724301940,45.38882254840,2016-10-04,9:10:00 AM,01 - Clear,01 - Daylight,01 - Dry,01 - Traffic signal,01 - Functioning,03 - P.D. only,04 - Sideswipe,0
16-9077,MERIVALE RD @ WEST HUNT CLUB RD,365613.23068,5021942.23046,-75.72410773180,45.33479269420,2016-10-04,9:43:00 AM,01 - Clear,01 - Daylight,01 - Dry,01 - Traffic signal,01 - Functioning,02 - Non-fatal injury,03 - Rear end,0
16-9078,YORK ST EB btwn BY WARD MARKET SQ & SUSSEX DR,367927.64543,5032313.47211,-75.69325576390,45.42790593700,2016-10-04,10:32:00 AM,01 - Clear,01 - Daylight,01 - Dry,10 - No control,,03 - P.D. only,06 - SMV unattended vehicle,0
16-9079,BANK ST btwn RIVERDALE AVE & RIVERSIDE DR,369203.68190,5028001.79928,-75.67751350310,45.38899467760,2016-10-04,12:10:00 PM,01 - Clear,01 - Daylight,01 - Dry,10 - No control,,02 - Non-fatal injury,03 - Rear end,0
16-9080,BANK ST @ QUEENSDALE AVE,373337.57106,5023445.09932,-75.62535858160,45.34760301380,2016-10-04,1:51:00 PM,01 - Clear,01 - Daylight,01 - Dry,01 - Traffic signal,01 - Functioning,02 - Non-fatal injury,07 - SMV other,1
16-9081,EDITH AVE @ GLYNN AVE,370916.93854,5032165.36566,-75.65507784680,45.42629715160,2016-10-04,2:36:00 PM,01 - Clear,01 - Daylight,01 - Dry,02 - Stop sign,01 - Functioning,02 - Non-fatal injury,02 - Angle,0
16-9082,RIVERSIDE DR btwn HOG'S BACK RD & RIDGEWOOD AVE,368225.88883,5025878.63566,-75.69027217690,45.36998026640,2016-10-04,3:07:00 PM,01 - Clear,01 - Daylight,01 - Dry,10 - No control,,03 - P.D. only,02 - Angle,0
16-9083,INNES RD @ ORCHARDVIEW AVE/ESPRIT DR,384845.59276,5036560.97358,-75.47639168430,45.46438958220,2016-10-04,3:06:00 PM,01 - Clear,01 - Daylight,01 - Dry,01 - Traffic signal,01 - Functioning,03 - P.D. only,03 - Rear end,0
16-9084,PARKDALE AVE @ KENILWORTH ST,365446.06592,5028595.48447,-75.72542374800,45.39467198590,2016-10-04,3:24:00 PM,01 - Clear,01 - Daylight,01 - Dry,02 - Stop sign,01 - Functioning,03 - P.D. only,02 - Angle,0
16-9085,BANK ST @ CATHERINE ST,368039.99893,5030267.56600,-75.69208266130,45.40948740490,2016-10-04,4:16:00 PM,01 - Clear,01 - Daylight,01 - Dry,01 - Traffic signal,00 - Unknown,03 - P.D. only,03 - Rear end,0
16-9086,CEDARVIEW RD @ JOCKVALE RD,361475.32690,5015253.18040,-75.77766207540,45.27495086550,2016-10-04,4:30:00 PM,01 - Clear,01 - Daylight,01 - Dry,11 - Roundabout,01 - Functioning,03 - P.D. only,03 - Rear end,0
16-9087,AARON AVE @ LENESTER AVE,362234.86504,5025664.28546,-75.76677499270,45.36856815320,2016-10-04,4:46:00 PM,01 - Clear,01 - Daylight,01 - Dry,02 - Stop sign,01 - Functioning,02 - Non-fatal injury,07 - SMV other,1
16-9088,ALBION RD @ LESTER RD,372695.17788,5022332.50110,-75.63370822590,45.33765471970,2016-10-04,5:07:00 PM,01 - Clear,01 - Daylight,01 - Dry,01 - Traffic signal,01 - Functioning,03 - P.D. only,03 - Rear end,0
16-9089,CYRVILLE RD btwn STAR TOP RD & MEADOWBROOK RD,374533.47841,5031274.75420,-75.60899287050,45.41793270510,2016-10-04,5:22:00 PM,01 - Clear,01 - Daylight,01 - Dry,10 - No control,,02 - Non-fatal injury,02 - Angle,0
16-9090,BELCOURT BLVD @ INNES RD,382122.11438,5035266.34236,-75.51141729980,45.45304834820,2016-10-04,5:49:00 PM,01 - Clear,01 - Daylight,01 - Dry,01 - Traffic signal,01 - Functioning,02 - Non-fatal injury,03 - Rear end,0
16-9091,BANK ST btwn KEMP DR & CONROY RD,375109.39662,5022164.99408,-75.60293212670,45.33590978810,2016-10-04,5:55:00 PM,01 - Clear,05 - Dusk,01 - Dry,10 - No control,,02 - Non-fatal injury,07 - SMV other,0
16-9092,HWY 417 INNES IC112R68 @ INNES RD,374642.02071,5030920.39645,-75.60765638130,45.41473355450,2016-10-04,5:55:00 PM,01 - Clear,01 - Daylight,01 - Dry,01 - Traffic signal,01 - Functioning,03 - P.D. only,03 - Rear end,0
16-9093,WALKLEY RD @ SPRINGLAND DR/OTTERSON DR,368720.64665,5024982.24396,-75.68407244800,45.36186982270,2016-10-04,6:04:00 PM,01 - Clear,01 - Daylight,01 - Dry,01 - Traffic signal,01 - Functioning,03 - P.D. only,03 - Rear end,0
16-9094,RIVERSIDE DR btwn TURN LANE & DATA CENTRE RD,368860.50121,5027637.36895,-75.68194304660,45.38574711860,2016-10-04,7:10:00 PM,01 - Clear,07 - Dark,01 - Dry,10 - No control,,03 - P.D. only,03 - Rear end,0
16-9095,INNES RD @ TENTH LINE RD,383950.93214,5036158.31856,-75.48789546350,45.46086880340,2016-10-04,7:19:00 PM,01 - Clear,07 - Dark,01 - Dry,01 - Traffic signal,01 - Functioning,02 - Non-fatal injury,03 - Rear end,0
16-9096,HUNT CLUB RD @ UPLANDS DR,370155.89904,5023119.42171,-75.66600005830,45.34497634820,2016-10-04,7:44:00 PM,01 - Clear,07 - Dark,01 - Dry,01 - Traffic signal,01 - Functioning,02 - Non-fatal injury,03 - Rear end,0
16-9097,CARLING AVE @ PARKDALE AVE,365625.98000,5028173.13774,-75.72317814970,45.39085619870,2016-10-04,9:45:00 PM,01 - Clear,07 - Dark,01 - Dry,01 - Traffic signal,01 - Functioning,03 - P.D. only,03 - Rear end,0
16-9098,ALBERT ST @ COMMISSIONER ST,366713.91684,5030971.35046,-75.70893386520,45.41593842390,2016-10-05,7:47:00 AM,01 - Clear,01 - Daylight,01 - Dry,02 - Stop sign,01 - Functioning,02 - Non-fatal injury,05 - Turning movement,0
16-9099,TORWOOD DR btwn KERSCOTT HEIGHTS WAY & THOMAS A. DOLAN PKWY,345142.64814,5034510.14728,-75.98424299460,45.44935740320,2016-10-05,7:48:00 AM,01 - Clear,01 - Daylight,01 - Dry,10 - No control,,03 - P.D. only,07 - SMV other,0
16-9100,ST. JOSEPH BLVD @ DUFORD DR/PLACE D'ORLEANS DR,381996.50816,5037998.33866,-75.51259390000,45.47764242080,2016-10-05,7:50:00 AM,01 - Clear,01 - Daylight,01 - Dry,01 - Traffic signal,01 - Functioning,03 - P.D. only,03 - Rear end,0
16-9101,HWY417 IC126 RAMP61 btwn HWY417 IC126 RAMP63 & HIGHWAY 417,363104.84644,5025844.32566,-75.75564832180,45.37011630010,2016-10-04,7:00:00 PM,01 - Clear,05 - Dusk,01 - Dry,10 - No control,,03 - P.D. only,07 - SMV other,0
16-9102,BRONSON AVE btwn JAMES ST & FLORENCE ST,367071.75010,5030229.05578,-75.70445609910,45.40922772150,2016-10-05,9:08:00 AM,01 - Clear,01 - Daylight,01 - Dry,10 - No control,,03 - P.D. only,04 - Sideswipe,0
16-9103,ST. JOSEPH BLVD @ TENTH LINE RD,382890.58426,5038666.67234,-75.50105341530,45.48355606170,2016-10-05,9:17:00 AM,01 - Clear,01 - Daylight,01 - Dry,01 - Traffic signal,01 - Functioning,03 - P.D. only,04 - Sideswipe,0
16-9104,FALLOWFIELD RD btwn ASHDALE AVE & PRINCE OF WALES DR,367361.44466,5019144.15873,-75.70215856740,45.30946239570,2016-10-05,9:33:00 AM,01 - Clear,01 - Daylight,01 - Dry,10 - No control,,02 - Non-fatal injury,03 - Rear end,0
16-9105,IRIS ST @ WOODROFFE AVE,362282.69210,5024440.71629,-75.76630680040,45.35755466350,2016-10-05,9:47:00 AM,01 - Clear,01 - Daylight,01 - Dry,01 - Traffic signal,01 - Functioning,03 - P.D. only,03 - Rear end,0
16-9106,ST. JOSEPH BLVD btwn ROCKCLIFFE PKWY & HART RD,377345.27602,5035412.05704,-75.57246056950,45.45487160310,2016-10-05,10:04:00 AM,01 - Clear,01 - Daylight,01 - Dry,10 - No control,,03 - P.D. only,03 - Rear end,0
16-9107,ALBERT ST @ KENT ST (OTTAWA),367220.03849,5031319.98758,-75.70242367800,45.41903038660,2016-10-05,10:11:00 AM,01 - Clear,01 - Daylight,01 - Dry,01 - Traffic signal,00 - Unknown,03 - P.D. only,04 - Sideswipe,0
16-9108,AVIATION PKWY @ MONTREAL RD,372147.80013,5034108.00503,-75.63908442850,45.44365866030,2016-10-05,10:25:00 AM,01 - Clear,01 - Daylight,01 - Dry,01 - Traffic signal,01 - Functioning,03 - P.D. only,05 - Turning movement,0
16-9109,STONEHAVEN DR @ FURLONG CRES E/PINE HILL DR,355714.18377,5016888.66614,-75.85091615680,45.29010806040,2016-10-05,10:53:00 AM,01 - Clear,01 - Daylight,01 - Dry,02 - Stop sign,01 - Functioning,02 - Non-fatal injury,03 - Rear end,0
16-9110,MILL ST btwn MANOTICK MAIN ST & DICKINSON ST,368897.80290,5009904.23882,-75.68375999670,45.22618410600,2016-10-05,12:00:00 AM,01 - Clear,00 - Unknown,01 - Dry,10 - No control,,03 - P.D. only,06 - SMV unattended vehicle,0
16-9111,BANK ST btwn GLADSTONE AVE & MCLEOD ST,367917.80409,5030559.27742,-75.69360624300,45.41212316250,2016-10-05,11:30:00 AM,01 - Clear,01 - Daylight,01 - Dry,10 - No control,,03 - P.D. only,04 - Sideswipe,0
16-9112,CARLING AVE @ CHAMPAGNE AVE,366627.91994,5028810.32176,-75.71030352010,45.39650168150,2016-10-05,12:52:00 PM,01 - Clear,01 - Daylight,01 - Dry,01 - Traffic signal,01 - Functioning,02 - Non-fatal injury,05 - Turning movement,0
16-9113,SPRINGFIELD RD btwn SCHOOLHOUSE PRIV & BEECHWOOD AVE,369232.99696,5033670.80597,-75.67639800990,45.43999966280,2016-10-02,11:45:00 AM,01 - Clear,01 - Daylight,01 - Dry,10 - No control,,03 - P.D. only,99 - Other,0
16-9114,MEADOWLANDS DR/TALLWOOD DR @ WOODROFFE AVE,363057.32072,5022730.34406,-75.75662198070,45.34210094560,2016-10-04,2:00:00 PM,01 - Clear,01 - Daylight,01 - Dry,01 - Traffic signal,01 - Functioning,03 - P.D. only,03 - Rear end,0
16-9115,CORONATION AVE @ RUSSELL RD,372437.51426,5030196.33556,-75.63591855960,45.40843533960,2016-10-05,2:01:00 PM,01 - Clear,01 - Daylight,01 - Dry,02 - Stop sign,01 - Functioning,02 - Non-fatal injury,02 - Angle,0
16-9116,BESSERER ST @ CUMBERLAND ST,368416.04438,5032255.47631,-75.68702235510,45.42733986020,2016-10-05,2:04:00 PM,01 - Clear,01 - Daylight,01 - Dry,01 - Traffic signal,01 - Functioning,03 - P.D. only,04 - Sideswipe,0
16-9117,BASELINE RD @ GREENBANK RD,360597.14882,5022585.30341,-75.78802825950,45.34099586440,2016-10-05,2:32:00 PM,01 - Clear,01 - Daylight,01 - Dry,01 - Traffic signal,01 - Functioning,02 - Non-fatal injury,03 - Rear end,0
16-9118,MERIVALE RD btwn EMERALD PLAZA SC & MEADOWLANDS DR,364829.71439,5023788.35390,-75.73387938180,45.35147135440,2016-10-05,1:15:00 PM,01 - Clear,01 - Daylight,01 - Dry,10 - No control,,03 - P.D. only,03 - Rear end,0
16-9119,SMYTH RD @ SMYTH RD NORTH SIDE RAMP/SMYTH RD S,369916.94767,5029121.71135,-75.66825767850,45.39900530620,2016-10-05,3:40:00 PM,01 - Clear,01 - Daylight,01 - Dry,03 - Yield sign,01 - Functioning,03 - P.D. only,03 - Rear end,0
16-9120,GREENBANK RD @ MALVERN DR/FOXFIELD DR,363312.22188,5016194.16556,-75.75414152870,45.28326741260,2016-10-05,3:45:00 PM,01 - Clear,01 - Daylight,01 - Dry,01 - Traffic signal,00 - Unknown,03 - P.D. only,03 - Rear end,0
16-9121,LEITRIM RD btwn FENTON RD & BANK ST,374042.76840,5020783.16365,-75.61673273150,45.32358265410,2016-10-05,4:25:00 PM,01 - Clear,05 - Dusk,01 - Dry,10 - No control,,03 - P.D. only,03 - Rear end,0
16-9122,COBOURG ST @ RIDEAU ST,369128.04758,5032788.23392,-75.67785469380,45.43206828920,2016-10-05,4:59:00 PM,01 - Clear,01 - Daylight,01 - Dry,01 - Traffic signal,01 - Functioning,02 - Non-fatal injury,02 - Angle,0
16-9123,WALKLEY RD btwn TRANSIT & GLENHAVEN PRIV,370098.20259,5025803.37119,-75.66638170260,45.36913111460,2016-10-05,3:10:00 PM,01 - Clear,01 - Daylight,01 - Dry,10 - No control,,03 - P.D. only,99 - Other,0
16-9124,WALKLEY RD btwn HALIFAX DR & ST. LAURENT BLVD,373712.89177,5027940.15811,-75.61994250350,45.38801089720,2016-10-05,5:15:00 PM,01 - Clear,01 - Daylight,01 - Dry,10 - No control,,02 - Non-fatal injury,02 - Angle,0
16-9125,ALFRED ST @ MONTREAL RD,370945.53376,5033530.18292,-75.65452911330,45.43857447390,2016-10-05,5:28:00 PM,01 - Clear,01 - Daylight,01 - Dry,02 - Stop sign,00 - Unknown,03 - P.D. only,03 - Rear end,0
16-9126,LAVAL ST btwn LOYER ST & ST. CHARLES ST,369424.39935,5033581.11253,-75.67396348020,45.43917497120,2016-10-05,6:36:00 PM,01 - Clear,07 - Dark,01 - Dry,10 - No control,,03 - P.D. only,06 - SMV unattended vehicle,0
16-9127,HOPE SIDE RD btwn CROWNRIDGE DR & RICHMOND RD,356164.84410,5015034.35021,-75.84536317210,45.27338977620,2016-10-05,6:37:00 PM,01 - Clear,07 - Dark,01 - Dry,10 - No control,,03 - P.D. only,03 - Rear end,0
16-9128,CRESTHAVEN DR @ STRANDHERD DR,366813.24758,5015027.41208,-75.70966367060,45.27246890920,2016-10-05,6:40:00 PM,01 - Clear,05 - Dusk,01 - Dry,01 - Traffic signal,01 - Functioning,03 - P.D. only,05 - Turning movement,0
16-9129,HAWTHORNE RD/RUSSELL RD @ WALKLEY RD,374674.52436,5028499.76084,-75.60758414690,45.39295065550,2016-10-05,6:45:00 PM,01 - Clear,05 - Dusk,01 - Dry,01 - Traffic signal,01 - Functioning,03 - P.D. only,02 - Angle,0
16-9130,MAPLE GROVE RD btwn JOHNWOODS ST & MONTSERRAT ST,349769.47254,5016257.15053,-75.92675599830,45.28483102270,2016-10-05,12:00:00 AM,01 - Clear,00 - Unknown,01 - Dry,10 - No control,,03 - P.D. only,06 - SMV unattended vehicle,0
16-9131,RIVERSIDE DR RAMP 34 @ RIVERSIDE DR,368341.62404,5027182.76995,-75.68862698950,45.38170402850,2016-10-04,4:10:00 PM,01 - Clear,01 - Daylight,01 - Dry,03 - Yield sign,01 - Functioning,02 - Non-fatal injury,03 - Rear end,0
16-9132,STAGECOACH RD btwn SNAKE ISLAND RD & HERBERTS CORNERS RD,377945.19310,5008664.89957,-75.56874430920,45.21415147880,2016-10-05,11:20:00 PM,01 - Clear,07 - Dark,01 - Dry,10 - No control,,03 - P.D. only,07 - SMV other,0
16-9133,CARLING AVE @ RITCHIE ST,359588.44786,5024367.17092,-75.80070090240,45.35710861580,2016-10-06,1:29:00 AM,01 - Clear,07 - Dark,01 - Dry,01 - Traffic signal,01 - Functioning,03 - P.D. only,02 - Angle,0
16-9134,WOODROFFE AVE btwn PARKGLEN DR & DAVID DR,362978.27467,5022913.42895,-75.75760901060,45.34375489020,2016-10-06,7:00:00 AM,01 - Clear,03 - Dawn,01 - Dry,10 - No control,,03 - P.D. only,04 - Sideswipe,0
16-9135,WOODROFFE AVE btwn MAJESTIC DR & TO BE DETERMINED,363549.42776,5021521.21798,-75.75048665640,45.33118028310,2016-10-06,7:42:00 AM,01 - Clear,01 - Daylight,01 - Dry,10 - No control,,03 - P.D. only,05 - Turning movement,0
16-9136,CRESTWAY DR @ PRINCE OF WALES DR,367371.06147,5016577.97995,-75.70235975310,45.28637136830,2016-10-06,7:52:00 AM,01 - Clear,01 - Daylight,01 - Dry,01 - Traffic signal,01 - Functioning,03 - P.D. only,03 - Rear end,0
16-9137,GLENEAGLES AVE @ ST. GEORGES ST,382780.52696,5037107.36276,-75.50270859590,45.46953909060,2016-10-06,7:52:00 AM,01 - Clear,01 - Daylight,01 - Dry,02 - Stop sign,01 - Functioning,03 - P.D. only,06 - SMV unattended vehicle,0
16-9138,BANK ST @ GLADSTONE AVE,367918.36271,5030561.32826,-75.69359884440,45.41214156540,2016-10-06,8:05:00 AM,01 - Clear,01 - Daylight,01 - Dry,01 - Traffic signal,01 - Functioning,02 - Non-fatal injury,07 - SMV other,1
16-9139,CHESTERTON DR btwn MULVAGH AVE & SOUTHVIEW CRES,365319.42357,5023847.95128,-75.72762281260,45.35196551290,2016-10-06,8:33:00 AM,01 - Clear,01 - Daylight,01 - Dry,10 - No control,,02 - Non-fatal injury,07 - SMV other,1
16-9140,MERIVALE RD @ WOODFIELD DR/ROYDON PL,365461.87294,5022297.25666,-75.72599514930,45.33800027580,2016-10-06,8:41:00 AM,01 - Clear,01 - Daylight,01 - Dry,01 - Traffic signal,01 - Functioning,03 - P.D. only,03 - Rear end,0
16-9141,SUSSEX DR @ YORK ST,367805.64607,5032236.02541,-75.69482461530,45.42722009850,2016-10-06,8:44:00 AM,01 - Clear,01 - Daylight,01 - Dry,01 - Traffic signal,01 - Functioning,03 - P.D. only,04 - Sideswipe,0
16-9142,INDUSTRIAL AVE @ ALTA VISTA DR/SANDFORD FLEMIN,370883.89564,5030557.15592,-75.65571575540,45.41183027080,2016-10-06,8:45:00 AM,01 - Clear,01 - Daylight,01 - Dry,01 - Traffic signal,01 - Functioning,03 - P.D. only,03 - Rear end,0
16-9143,CENTRAL PARK DR N @ MERIVALE RD,364954.07578,5025872.80655,-75.73203867510,45.37021628220,2016-10-06,8:56:00 AM,01 - Clear,01 - Daylight,01 - Dry,01 - Traffic signal,01 - Functioning,02 - Non-fatal injury,02 - Angle,0
16-9144,INNES RD @ SOUTHPARK DR,377839.21511,5032754.09800,-75.56654056630,45.43090561830,2016-10-06,9:17:00 AM,01 - Clear,01 - Daylight,01 - Dry,01 - Traffic signal,01 - Functioning,02 - Non-fatal injury,05 - Turning movement,0
16-9145,CENTURY RD S @ MCCORDICK RD S,360470.67937,5003126.89352,-75.79182142420,45.16591652150,2016-10-06,9:20:00 AM,01 - Clear,01 - Daylight,01 - Dry,02 - Stop sign,01 - Functioning,03 - P.D. only,02 - Angle,0
16-9146,CUMBERLAND ST @ GUIGUES AVE,368083.53196,5032825.17482,-75.69119803960,45.43249597050,2016-10-06,9:25:00 AM,01 - Clear,01 - Daylight,01 - Dry,02 - Stop sign,,02 - Non-fatal injury,07 - SMV other,1
16-9147,CATHERINE ST @ METCALFE ST,368394.53486,5030484.49271,-75.68752578730,45.41140711460,2016-10-06,9:35:00 AM,01 - Clear,01 - Daylight,01 - Dry,01 - Traffic signal,01 - Functioning,03 - P.D. only,03 - Rear end,0
16-9148,KENT ST btwn ALBERT ST & SLATER ST,367241.29028,5031286.17656,-75.70215644290,45.41872426940,2016-10-06,9:34:00 AM,01 - Clear,01 - Daylight,01 - Dry,10 - No control,,03 - P.D. only,04 - Sideswipe,0
16-9149,CARLING AVE @ FISHER AVE,365329.86524,5027972.96448,-75.72698410280,45.38908073870,2016-10-06,9:53:00 AM,01 - Clear,01 - Daylight,01 - Dry,01 - Traffic signal,01 - Functioning,03 - P.D. only,03 - Rear end,0
16-9150,MCARTHUR AVE btwn MAYFIELD ST & VANIER PKWY,370134.19429,5032681.80197,-75.66501111030,45.43101738460,2016-10-06,9:59:00 AM,01 - Clear,01 - Daylight,01 - Dry,10 - No control,,03 - P.D. only,05 - Turning movement,0
16-9151,LONGFIELDS DR btwn DEERCROFT AVE & STRANDHERD DR,364515.20785,5015232.24889,-75.73892407130,45.27451093160,2016-10-06,10:11:00 AM,01 - Clear,01 - Daylight,01 - Dry,10 - No control,,03 - P.D. only,02 - Angle,0
16-9152,LEMIEUX ST @ ST. LAURENT BLVD,372390.62701,5031742.34486,-75.63630544820,45.42235015760,2016-10-06,10:18:00 AM,01 - Clear,01 - Daylight,01 - Dry,01 - Traffic signal,01 - Functioning,02 - Non-fatal injury,05 - Turning movement,0
16-9153,MONTREAL RD @ OGILVIE RD,375654.66014,5034556.51026,-75.59419669920,45.44734738890,2016-10-06,7:00:00 AM,01 - Clear,03 - Dawn,01 - Dry,01 - Traffic signal,01 - Functioning,03 - P.D. only,04 - Sideswipe,0
16-9154,MONTREAL RD @ SHEFFORD RD,376125.95004,5034853.79424,-75.58812941100,45.44997422970,2016-10-06,11:27:00 AM,01 - Clear,01 - Daylight,01 - Dry,01 - Traffic signal,01 - Functioning,03 - P.D. only,04 - Sideswipe,0
16-9155,CASTLEFRANK RD @ TERRY FOX DR,352994.00900,5016303.56566,-75.88564931680,45.28503498600,2016-10-06,12:01:00 PM,01 - Clear,01 - Daylight,01 - Dry,01 - Traffic signal,01 - Functioning,02 - Non-fatal injury,03 - Rear end,0
16-9156,BANK ST @ KILBORN AVE/BELANGER AVE,369651.23543,5027428.79004,-75.67187377470,45.38379762890,2016-10-06,12:05:00 PM,01 - Clear,01 - Daylight,01 - Dry,01 - Traffic signal,01 - Functioning,02 - Non-fatal injury,03 - Rear end,0
16-9157,CAMEO DR btwn GREYROCK CRES & CASTLE HILL CRES,364115.19128,5025240.73305,-75.74282329240,45.36460047680,2016-10-06,12:28:00 PM,01 - Clear,01 - Daylight,01 - Dry,10 - No control,,03 - P.D. only,03 - Rear end,0
16-9158,MERIVALE RD btwn ROSSLAND AVE & EMERALD PLAZA SC,364683.63489,5024131.22414,-75.73570200640,45.35456894360,2016-10-06,12:43:00 PM,01 - Clear,01 - Daylight,01 - Dry,10 - No control,,02 - Non-fatal injury,03 - Rear end,0
16-9159,MERIVALE RD @ BASIL MACDONALD WAY/MERIVALE MAL,365097.71416,5023170.93969,-75.73053466100,45.34589295490,2016-10-06,12:49:00 PM,01 - Clear,01 - Daylight,01 - Dry,01 - Traffic signal,00 - Unknown,03 - P.D. only,03 - Rear end,0
16-9160,CARLING AVE @ MERIVALE RD,364895.36242,5027700.32466,-75.73256575520,45.38666499660,2016-10-06,11:45:00 AM,01 - Clear,01 - Daylight,01 - Dry,01 - Traffic signal,01 - Functioning,03 - P.D. only,04 - Sideswipe,0