Record,Location,X,Y,Longitude,Latitude,Date,Time,Environment,Light,Road_Surface,Traffic_Control,Collision_Location,Collision_Classification,Impact_type,Pedestrian
16-9267,BANK ST @ CHAMBERLAIN AVE N/ISABELLA ST,368082.66842,5030166.73178,-75.69155053900,45.40857627400,2016-10-10,7:17:00 PM,01 - Clear,07 - Dark,01 - Dry,01 - Traffic signal,01 - Functioning,03 - P.D. only,04 - Sideswipe,0
16-9268,KELLY AVE @ PINECREST RD,360276.02619,5023953.92648,-75.79197195390,45.35333618710,2016-10-10,7:29:00 PM,01 - Clear,07 - Dark,01 - Dry,02 - Stop sign,01 - Functioning,03 - P.D. only,03 - Rear end,0
16-9269,RIDGEMONT AVE btwn BANK ST & EDGE HILL PL,370131.31256,5026634.77539,-75.66584908360,45.37660873890,2016-10-11,1:57:00 AM,01 - Clear,07 - Dark,01 - Dry,10 - No control,,03 - P.D. only,04 - Sideswipe,0
16-9270,CONROY RD @ WALKLEY RD,372903.06398,5027463.31176,-75.63034906170,45.38379964710,2016-10-11,1:58:00 AM,01 - Clear,07 - Dark,01 - Dry,01 - Traffic signal,01 - Functioning,03 - P.D. only,04 - Sideswipe,0
16-9271,SILVERMOON CRES btwn HARVEST VALLEY AVE & GLASTONBURY WALK,385223.73196,5034669.45380,-75.47186622280,45.44732804550,2016-10-10,6:19:00 AM,01 - Clear,07 - Dark,01 - Dry,10 - No control,,03 - P.D. only,06 - SMV unattended vehicle,0
16-9272,DUNROBIN RD btwn DUNROBIN RD & MURPHY SIDE RD,343245.51163,5030401.33248,-76.00881665260,45.41249234760,2016-10-11,6:45:00 AM,01 - Clear,03 - Dawn,01 - Dry,10 - No control,,03 - P.D. only,07 - SMV other,0
16-9273,BASELINE RD @ GREENBANK RD,360598.51246,5022584.08612,-75.78801099740,45.34098480270,2016-10-11,7:48:00 AM,01 - Clear,01 - Daylight,01 - Dry,01 - Traffic signal,01 - Functioning,03 - P.D. only,03 - Rear end,0
16-9274,CALICO CRES btwn SCALA AVE & SCALA AVE,385788.65180,5036412.59079,-75.46435843690,45.46294588080,2016-10-11,8:03:00 AM,01 - Clear,01 - Daylight,01 - Dry,10 - No control,,03 - P.D. only,02 - Angle,0
16-9275,FALLOWFIELD RD @ MERIVALE RD,366891.71260,5018844.23251,-75.70818602560,45.30680538300,2016-10-11,11:50:00 AM,01 - Clear,01 - Daylight,01 - Dry,01 - Traffic signal,00 - Unknown,03 - P.D. only,03 - Rear end,0
16-9276,REVELSTOKE DR @ RIVERSIDE DR,368218.20310,5024422.78160,-75.69055712320,45.35688154850,2016-10-08,9:04:00 PM,01 - Clear,07 - Dark,01 - Dry,01 - Traffic signal,01 - Functioning,03 - P.D. only,07 - SMV other,0
16-9277,BRONSON AVE btwn POWELL AVE & CLEMOW AVE,367416.09988,5029408.75449,-75.70016150860,45.40181616830,2016-10-11,9:01:00 AM,01 - Clear,01 - Daylight,01 - Dry,10 - No control,,03 - P.D. only,04 - Sideswipe,0
16-9278,RICHMOND RD btwn GRENON AVE & MARIELLE CRT,359913.50103,5024211.63324,-75.79656970130,45.35568361470,2016-10-11,9:10:00 AM,01 - Clear,01 - Daylight,01 - Dry,10 - No control,,03 - P.D. only,02 - Angle,0
16-9279,HUNT CLUB RD btwn DAZE ST & TURN LANE,371503.57733,5023978.61377,-75.64868847520,45.35258022170,2016-10-11,9:40:00 AM,01 - Clear,01 - Daylight,01 - Dry,10 - No control,,03 - P.D. only,02 - Angle,0
16-9280,BRONSON AVE @ COMMISSIONER ST/SLATER ST,366770.12552,5030948.33101,-75.70821865750,45.41572632530,2016-10-11,10:07:00 AM,01 - Clear,01 - Daylight,01 - Dry,01 - Traffic signal,01 - Functioning,03 - P.D. only,05 - Turning movement,0
16-9281,KINGHAVEN CRES E @ STONEHAVEN DR,355509.90710,5016977.97290,-75.85351109940,45.29092642990,2016-10-11,10:20:00 AM,01 - Clear,01 - Daylight,01 - Dry,02 - Stop sign,01 - Functioning,03 - P.D. only,05 - Turning movement,0
16-9282,MEADOWLANDS DR btwn BAYNE AVE & MERIVALE RD,364801.83931,5023694.99448,-75.73424643030,45.35063370460,2016-10-11,10:39:00 AM,01 - Clear,01 - Daylight,01 - Dry,10 - No control,,03 - P.D. only,02 - Angle,0
16-9283,BOWHILL AVE btwn HILLHURST PL & CHESTERTON DR,365550.21002,5023765.36889,-75.72468782520,45.35120249460,2016-10-08,12:00:00 AM,01 - Clear,00 - Unknown,01 - Dry,10 - No control,,03 - P.D. only,06 - SMV unattended vehicle,0
16-9284,CARLING AVE @ BROADVIEW AVE,363181.51476,5026636.47121,-75.75457597740,45.37723754150,2016-10-11,12:10:00 PM,01 - Clear,01 - Daylight,01 - Dry,01 - Traffic signal,01 - Functioning,03 - P.D. only,03 - Rear end,0
16-9285,WESTCLIFFE RD btwn ROBERTSON RD & TERRACE DR,356412.84084,5020023.59694,-75.84168343880,45.31826567550,2016-10-11,12:20:00 PM,01 - Clear,01 - Daylight,01 - Dry,10 - No control,,03 - P.D. only,02 - Angle,0
16-9286,DERBY ST @ VICTORIA ST,385255.14479,5011048.83058,-75.47530584360,45.23480402120,2016-10-11,2:23:00 PM,01 - Clear,01 - Daylight,01 - Dry,02 - Stop sign,,03 - P.D. only,07 - SMV other,0
16-9287,BROCKSTONE CRES btwn AQUAVIEW DR & AQUAVIEW DR,384868.06978,5035822.58684,-75.47622455030,45.45774369760,2016-10-11,12:45:00 PM,01 - Clear,01 - Daylight,01 - Dry,10 - No control,,03 - P.D. only,99 - Other,0
16-9288,ALBERT ST @ BRONSON AVE,366739.04568,5031016.79384,-75.70860711560,45.41634508550,2016-10-11,2:34:00 PM,01 - Clear,01 - Daylight,01 - Dry,01 - Traffic signal,01 - Functioning,03 - P.D. only,04 - Sideswipe,0
16-9289,ST. LAURENT BLVD btwn HEMLOCK RD & MEADOW PARK PL,371175.36594,5034711.11587,-75.65143243530,45.44917817950,2016-10-11,2:54:00 PM,01 - Clear,01 - Daylight,01 - Dry,10 - No control,,03 - P.D. only,02 - Angle,0
16-9290,BILBERRY DR btwn DU BOIS AVE S & JEANNE D'ARC BLVD N,380487.34601,5038339.13697,-75.53184199450,45.48087386660,2016-10-11,2:59:00 PM,01 - Clear,01 - Daylight,01 - Dry,10 - No control,,03 - P.D. only,02 - Angle,0
16-9291,BASELINE RD @ CEDARVIEW RD,358967.44536,5021674.27056,-75.80892146000,45.33292608460,2016-10-11,3:46:00 PM,01 - Clear,01 - Daylight,01 - Dry,01 - Traffic signal,01 - Functioning,03 - P.D. only,05 - Turning movement,0
16-9292,RIVER RD btwn RIDEAU FOREST DR & KILBY LANE,370678.19415,5008960.63078,-75.66121524800,45.21752933420,2016-10-11,3:52:00 PM,01 - Clear,01 - Daylight,01 - Dry,10 - No control,,02 - Non-fatal injury,01 - Approaching,0
16-9293,PIGEON TER btwn HUNTRIDGE PRIV & OWL DR,370180.60174,5023837.57321,-75.66558992370,45.35143577190,2016-10-11,4:21:00 PM,01 - Clear,01 - Daylight,01 - Dry,10 - No control,,03 - P.D. only,06 - SMV unattended vehicle,0
16-9294,ARGYLE AVE E @ METCALFE ST,368442.47354,5030641.40435,-75.68689313290,45.41281459590,2016-10-11,3:15:00 PM,01 - Clear,01 - Daylight,01 - Dry,10 - No control,,03 - P.D. only,05 - Turning movement,0
16-9295,RAMSAYVILLE RD @ RIDEAU RD,380352.12088,5019957.25706,-75.53638697820,45.31550089930,2016-10-11,4:31:00 PM,01 - Clear,01 - Daylight,01 - Dry,02 - Stop sign,01 - Functioning,03 - P.D. only,99 - Other,0
16-9296,DALHOUSIE ST @ YORK ST,368093.48756,5032419.80924,-75.69112291750,45.42884773320,2016-10-11,5:42:00 PM,01 - Clear,05 - Dusk,01 - Dry,01 - Traffic signal,01 - Functioning,03 - P.D. only,07 - SMV other,0
16-9297,LEMIEUX ST @ ST. LAURENT BLVD,372391.72450,5031742.56468,-75.63629139540,45.42235202920,2016-10-11,3:35:00 PM,01 - Clear,01 - Daylight,01 - Dry,01 - Traffic signal,00 - Unknown,03 - P.D. only,03 - Rear end,0
16-9298,BELCOURT BLVD @ INNES RD,382120.92028,5035267.26872,-75.51143241870,45.45305681440,2016-10-11,6:39:00 PM,01 - Clear,07 - Dark,01 - Dry,01 - Traffic signal,01 - Functioning,02 - Non-fatal injury,05 - Turning movement,0
16-9299,BRONSON AVE @ CARLING AVE/GLEBE AVE,367447.56114,5029335.66369,-75.69976895710,45.40115570360,2016-09-29,11:15:00 PM,01 - Clear,07 - Dark,01 - Dry,01 - Traffic signal,00 - Unknown,03 - P.D. only,04 - Sideswipe,0
16-9300,LAPERRIERE AVE btwn LARKIN ST & COLDREY AVE,364299.12443,5026820.52899,-75.74028523990,45.37879964850,2016-10-11,1:40:00 PM,01 - Clear,01 - Daylight,01 - Dry,10 - No control,,03 - P.D. only,03 - Rear end,0
16-9301,EAGLESON RD @ MICHAEL COWPLAND DR/STONEHAVEN D,354383.35404,5016623.44410,-75.86790781230,45.28781669010,2016-10-11,7:16:00 PM,01 - Clear,07 - Dark,01 - Dry,01 - Traffic signal,00 - Unknown,03 - P.D. only,03 - Rear end,0
16-9302,BASELINE RD @ FISHER AVE,366169.17807,5026027.29046,-75.71650823560,45.37150094810,2016-10-11,4:15:00 PM,01 - Clear,01 - Daylight,01 - Dry,01 - Traffic signal,01 - Functioning,03 - P.D. only,03 - Rear end,0
16-9303,PRINCE OF WALES DR btwn GREENBANK RD & BARNSDALE RD,366646.69620,5011512.12334,-75.71222360480,45.24085312210,2016-10-11,7:30:00 PM,01 - Clear,07 - Dark,01 - Dry,10 - No control,,02 - Non-fatal injury,03 - Rear end,0
16-9304,ELGIN ST @ ISABELLA ST,368614.49266,5030489.35386,-75.68471529590,45.41143083160,2016-10-11,7:32:00 PM,01 - Clear,07 - Dark,01 - Dry,02 - Stop sign,01 - Functioning,03 - P.D. only,02 - Angle,0
16-9305,BANK ST @ WILTON CRES,368577.92974,5028966.76594,-75.68537930590,45.39773441300,2016-10-11,10:30:00 AM,01 - Clear,01 - Daylight,01 - Dry,02 - Stop sign,01 - Functioning,02 - Non-fatal injury,02 - Angle,0
16-9306,LAWRENCE ST btwn CARACOURT DR & TALBOT ST,386146.32767,5002682.83015,-75.46532257720,45.15942902140,2016-10-11,8:25:00 PM,01 - Clear,07 - Dark,01 - Dry,10 - No control,,03 - P.D. only,07 - SMV other,0
16-9307,BANKFIELD RD @ PRINCE OF WALES DR,366378.86174,5008973.31601,-75.71594899620,45.21803236520,2016-10-11,5:20:00 PM,01 - Clear,01 - Daylight,01 - Dry,01 - Traffic signal,01 - Functioning,03 - P.D. only,03 - Rear end,0
16-9308,MERIVALE RD @ SLACK RD,366019.91984,5020956.59069,-75.71904132280,45.32588867500,2016-10-11,8:43:00 PM,01 - Clear,07 - Dark,01 - Dry,01 - Traffic signal,01 - Functioning,03 - P.D. only,04 - Sideswipe,0
16-9309,INNES RD @ WILDFLOWER DR,382937.58336,5035690.14142,-75.50092557700,45.45677062240,2016-10-12,7:13:00 AM,01 - Clear,01 - Daylight,01 - Dry,01 - Traffic signal,01 - Functioning,03 - P.D. only,03 - Rear end,0
16-9310,NORICE ST @ WOODROFFE AVE,363193.02769,5022395.42181,-75.75493000140,45.33907605680,2016-10-12,7:33:00 AM,01 - Clear,01 - Daylight,01 - Dry,01 - Traffic signal,01 - Functioning,03 - P.D. only,03 - Rear end,0
16-9311,HEMLOCK RD @ ST. LAURENT BLVD,371145.92844,5034780.50011,-75.65179937620,45.44980526070,2016-10-12,8:27:00 AM,01 - Clear,01 - Daylight,01 - Dry,01 - Traffic signal,01 - Functioning,02 - Non-fatal injury,07 - SMV other,1
16-9312,PRINCE OF WALES DR @ STRANDHERD DR,367175.28980,5014823.77692,-75.70507559910,45.27060459380,2016-10-12,9:12:00 AM,01 - Clear,01 - Daylight,01 - Dry,01 - Traffic signal,01 - Functioning,03 - P.D. only,03 - Rear end,0
16-9313,LONGFIELDS DR @ MOUNTSHANNON DR E,364885.04815,5016800.35247,-75.73402099490,45.28858918360,2016-10-12,9:19:00 AM,01 - Clear,01 - Daylight,01 - Dry,11 - Roundabout,01 - Functioning,03 - P.D. only,03 - Rear end,0
16-9314,CYRVILLE RD @ INNES RD,375048.56469,5031119.62438,-75.60243437110,45.41648540510,2016-10-12,9:19:00 AM,01 - Clear,01 - Daylight,01 - Dry,01 - Traffic signal,01 - Functioning,03 - P.D. only,03 - Rear end,0
16-9315,CARLING AVE EB btwn FOX CRES & WOODROFFE AVE,361529.52991,5025577.50485,-75.77578867930,45.36784475420,2016-10-12,9:27:00 AM,01 - Clear,01 - Daylight,01 - Dry,10 - No control,,02 - Non-fatal injury,07 - SMV other,1
16-9316,WEST HUNT CLUB RD @ WOODROFFE AVE,363670.69100,5021244.41861,-75.74897265640,45.32867949950,2016-10-12,9:34:00 AM,01 - Clear,01 - Daylight,01 - Dry,01 - Traffic signal,01 - Functioning,02 - Non-fatal injury,03 - Rear end,0
16-9317,METCALFE ST @ NEPEAN ST,367874.05558,5031319.35396,-75.69406783810,45.41896603070,2016-10-12,10:10:00 AM,01 - Clear,01 - Daylight,01 - Dry,02 - Stop sign,01 - Functioning,03 - P.D. only,02 - Angle,0
16-9318,BOYER RD @ GAULTOIS AVE,380657.07778,5036252.23832,-75.52999334550,45.46207922510,2016-10-12,10:20:00 AM,01 - Clear,01 - Daylight,01 - Dry,02 - Stop sign,01 - Functioning,03 - P.D. only,02 - Angle,0
16-9319,MCARTHUR AVE @ VANIER PKWY,370218.72418,5032690.63105,-75.66392973770,45.43108892320,2016-10-12,10:38:00 AM,01 - Clear,01 - Daylight,01 - Dry,01 - Traffic signal,01 - Functioning,03 - P.D. only,03 - Rear end,0
16-9320,KING EDWARD AVE @ MURRAY ST,368291.58629,5032753.98418,-75.68854842710,45.43183656480,2016-10-12,10:44:00 AM,01 - Clear,01 - Daylight,01 - Dry,01 - Traffic signal,02 - Not functioning,03 - P.D. only,02 - Angle,0
16-9321,MONTREAL RD btwn OR174 IC109 RAMP56 & OR174 IC109 RAMP66,376211.30922,5034898.69334,-75.58703175300,45.45036948700,2016-10-12,10:53:00 AM,01 - Clear,01 - Daylight,01 - Dry,10 - No control,,02 - Non-fatal injury,03 - Rear end,0
16-9322,VANIER PKWY SB btwn MCARTHUR AVE & VANIER PKWY,370213.47800,5032660.92415,-75.66400072480,45.43082212360,2016-10-12,11:05:00 AM,01 - Clear,01 - Daylight,01 - Dry,10 - No control,,03 - P.D. only,04 - Sideswipe,0
16-9323,JEANNE D'ARC BLVD @ MONTCERF CRT,381117.80676,5036286.90217,-75.52409734530,45.46234092360,2016-10-12,11:58:00 AM,01 - Clear,01 - Daylight,01 - Dry,01 - Traffic signal,01 - Functioning,02 - Non-fatal injury,04 - Sideswipe,0
16-9324,ST. PATRICK ST EB btwn COBOURG ST & VANIER PKWY,369084.42019,5033409.43268,-75.67833110280,45.43766160630,2016-10-12,1:01:00 PM,01 - Clear,01 - Daylight,01 - Dry,10 - No control,,03 - P.D. only,03 - Rear end,0
16-9325,BRONSON AVE @ SUNNYSIDE AVE/UNIVERSITY RD - CA,367921.05379,5028091.13302,-75.69388061580,45.38991524830,2016-10-11,2:30:00 PM,01 - Clear,01 - Daylight,01 - Dry,01 - Traffic signal,00 - Unknown,03 - P.D. only,03 - Rear end,0
16-9326,WOODWARD DR btwn COURTWOOD CRES & CLYDE AVE,363706.43562,5026347.93783,-75.74790870430,45.37459742470,2016-10-12,2:49:00 PM,01 - Clear,01 - Daylight,01 - Dry,10 - No control,,03 - P.D. only,07 - SMV other,0
16-9327,LESTER RD btwn ALBION RD & UPLANDS DR,371337.63325,5021357.61863,-75.65115860890,45.32901306490,2016-10-12,3:54:00 PM,01 - Clear,01 - Daylight,01 - Dry,10 - No control,,02 - Non-fatal injury,04 - Sideswipe,0
16-9328,MONTREAL RD btwn CENTER ST & BRITTANY DR,371874.95110,5033977.89684,-75.64258963260,45.44251424320,2016-10-12,4:01:00 PM,01 - Clear,01 - Daylight,01 - Dry,10 - No control,,03 - P.D. only,04 - Sideswipe,0
16-9329,OAKDALE AVE @ SCOTT ST,363937.68430,5029105.80194,-75.74462603050,45.39939274140,2016-10-12,4:01:00 PM,01 - Clear,01 - Daylight,01 - Dry,02 - Stop sign,00 - Unknown,02 - Non-fatal injury,03 - Rear end,0
16-9330,BANK ST @ WALKLEY RD,370338.68016,5025947.32082,-75.66329291740,45.37040388070,2016-10-12,4:22:00 PM,01 - Clear,01 - Daylight,01 - Dry,01 - Traffic signal,01 - Functioning,03 - P.D. only,03 - Rear end,0
16-9331,BOOTH ST @ GLADSTONE AVE,366768.48586,5029850.34216,-75.70837763610,45.40584707940,2016-10-12,4:58:00 PM,01 - Clear,01 - Daylight,01 - Dry,01 - Traffic signal,01 - Functioning,03 - P.D. only,05 - Turning movement,0
16-9332,O'CONNOR ST btwn LISGAR ST & COOPER ST,367801.25778,5031097.57928,-75.69502627890,45.41697713300,2016-10-12,5:07:00 PM,01 - Clear,01 - Daylight,01 - Dry,10 - No control,,03 - P.D. only,06 - SMV unattended vehicle,0
16-9333,BROOKFIELD RD @ 200 W OF FLANNERY DR,368511.58209,5026257.20408,-75.68657640730,45.37336060910,2016-10-12,5:23:00 PM,01 - Clear,01 - Daylight,01 - Dry,01 - Traffic signal,01 - Functioning,03 - P.D. only,02 - Angle,0
16-9334,CYRVILLE RD @ MEADOWBROOK RD,374629.51336,5031242.77564,-75.60777048160,45.41763540060,2016-10-12,4:10:00 PM,01 - Clear,01 - Daylight,01 - Dry,01 - Traffic signal,01 - Functioning,03 - P.D. only,05 - Turning movement,0
16-9335,BANFF AVE btwn FOXBAR AVE & ST. PAUL AVE,370693.91124,5025676.33935,-75.65879445480,45.36793236950,2016-10-11,12:00:00 AM,01 - Clear,00 - Unknown,01 - Dry,10 - No control,,03 - P.D. only,06 - SMV unattended vehicle,0
16-9336,COLONNADE RD @ PRINCE OF WALES DR,367397.19607,5023264.44571,-75.70118171550,45.34653285950,2016-10-12,6:40:00 PM,01 - Clear,07 - Dark,02 - Wet,01 - Traffic signal,00 - Unknown,03 - P.D. only,03 - Rear end,0
16-9337,DYNES RD @ PRINCE OF WALES DR,367114.05548,5025923.31306,-75.70445939420,45.37048200310,2016-10-12,7:12:00 PM,01 - Clear,07 - Dark,01 - Dry,01 - Traffic signal,01 - Functioning,02 - Non-fatal injury,07 - SMV other,1
16-9338,ROTHESAY DR @ BALLANTRAE WAY,353850.84484,5016720.79558,-75.87468624450,45.28873004770,2016-10-12,7:15:00 PM,01 - Clear,07 - Dark,01 - Dry,02 - Stop sign,01 - Functioning,03 - P.D. only,05 - Turning movement,0
16-9339,MANOTICK STATION RD @ MITCH OWENS RD,373508.52556,5013268.65034,-75.62458756800,45.25602170420,2016-10-12,7:30:00 AM,01 - Clear,01 - Daylight,01 - Dry,02 - Stop sign,01 - Functioning,03 - P.D. only,02 - Angle,0
16-9340,DALHOUSIE ST @ MURRAY ST,367999.84073,5032573.59460,-75.69229984850,45.43023990890,2016-10-12,10:29:00 PM,01 - Clear,07 - Dark,01 - Dry,01 - Traffic signal,01 - Functioning,02 - Non-fatal injury,02 - Angle,0
16-9341,COVENTRY RD @ LOLA ST,371263.49806,5031614.79154,-75.65072386310,45.42131048000,2016-10-12,10:41:00 PM,01 - Clear,07 - Dark,01 - Dry,01 - Traffic signal,01 - Functioning,03 - P.D. only,05 - Turning movement,0
16-9342,WOODROFFE AVE/HWY 417 WOODROFF IC127R25 @ HWY,362180.73220,5024695.36507,-75.76757851950,45.35985432540,2016-10-12,10:49:00 PM,01 - Clear,07 - Dark,01 - Dry,01 - Traffic signal,01 - Functioning,03 - P.D. only,03 - Rear end,0
16-9343,FRANK KENNY RD btwn MCFADDEN RD & RUSSELL RD,392524.20984,5026458.55982,-75.38001553920,45.37257773040,2016-10-13,2:42:00 AM,01 - Clear,07 - Dark,01 - Dry,10 - No control,,03 - P.D. only,07 - SMV other,0
16-9344,ANDERSON RD btwn INNES RD & DESJARDINS ST,377277.39818,5031623.56025,-75.57388613440,45.42079219570,2016-10-13,7:15:00 AM,02 - Rain,03 - Dawn,02 - Wet,10 - No control,,03 - P.D. only,07 - SMV other,0
16-9345,GALETTA SIDE RD btwn HARBOUR ST & CANON SMITH DR,329085.28967,5036180.10903,-76.18944035450,45.46512677280,2016-10-13,7:15:00 AM,01 - Clear,01 - Daylight,01 - Dry,10 - No control,,03 - P.D. only,07 - SMV other,0
16-9346,COLONNADE RD @ MERIVALE RD,365362.03869,5022543.25416,-75.72723874050,45.34022235390,2016-10-13,7:48:00 AM,02 - Rain,01 - Daylight,02 - Wet,01 - Traffic signal,01 - Functioning,03 - P.D. only,03 - Rear end,0
16-9347,ST. LAURENT BLVD @ TREMBLAY RD,372596.15298,5031242.45415,-75.63374825890,45.41783248770,2016-10-13,8:00:00 AM,02 - Rain,01 - Daylight,02 - Wet,01 - Traffic signal,01 - Functioning,03 - P.D. only,04 - Sideswipe,0
16-9348,PRINCE OF WALES DR @ MEADOWLANDS DR/HOG'S BACK,367371.64356,5025694.52851,-75.70120016070,45.36840050190,2016-10-13,8:41:00 AM,01 - Clear,01 - Daylight,02 - Wet,01 - Traffic signal,01 - Functioning,03 - P.D. only,03 - Rear end,0
16-9349,QUINN RD btwn GILLIGAN RD & ALBION RD,373373.35066,5019954.63786,-75.62538559090,45.31619356540,2016-10-13,9:00:00 AM,02 - Rain,01 - Daylight,02 - Wet,10 - No control,,03 - P.D. only,06 - SMV unattended vehicle,0
16-9350,CATHERINE ST/HWY 417 O'CONN IC119BR76 @ O'CONN,368243.73589,5030392.60881,-75.68946400460,45.41059406030,2016-10-13,9:06:00 AM,02 - Rain,01 - Daylight,02 - Wet,01 - Traffic signal,01 - Functioning,03 - P.D. only,04 - Sideswipe,0
16-9351,MERIVALE RD @ BONGARD AVE,365874.23672,5021315.86202,-75.72085525320,45.32913404440,2016-10-13,9:09:00 AM,01 - Clear,01 - Daylight,02 - Wet,02 - Stop sign,01 - Functioning,02 - Non-fatal injury,05 - Turning movement,0
16-9352,INNES RD @ ORLEANS BLVD,380460.79510,5034296.16631,-75.53280381370,45.44450129170,2016-10-13,9:41:00 AM,02 - Rain,01 - Daylight,02 - Wet,01 - Traffic signal,01 - Functioning,02 - Non-fatal injury,05 - Turning movement,0
16-9353,RAMSAYVILLE RD @ MITCH OWENS RD,381144.22282,5018036.85209,-75.52658154840,45.29813649610,2016-10-13,10:07:00 AM,02 - Rain,01 - Daylight,02 - Wet,02 - Stop sign,01 - Functioning,02 - Non-fatal injury,05 - Turning movement,0
16-9354,SLATER ST btwn METCALFE ST & ELGIN ST,367883.90199,5031642.40386,-75.69390067420,45.42187183910,2016-10-13,10:33:00 AM,01 - Clear,01 - Daylight,01 - Dry,10 - No control,,03 - P.D. only,07 - SMV other,0
16-9355,AVIATION PKWY @ OGILVIE RD,373110.71420,5032376.17152,-75.62701711230,45.42798307340,2016-10-13,9:30:00 AM,02 - Rain,01 - Daylight,02 - Wet,01 - Traffic signal,01 - Functioning,03 - P.D. only,03 - Rear end,0
16-9356,HWY 417 INNES IC112R57 @ INNES RD,374298.90130,5030752.54586,-75.61206341910,45.41325748300,2016-10-11,3:15:00 PM,01 - Clear,01 - Daylight,01 - Dry,01 - Traffic signal,01 - Functioning,03 - P.D. only,03 - Rear end,0
16-9357,GRACEWOOD CRES btwn CREEKVIEW WAY W & SLATTERY'S FIELD ST W,374272.07200,5019708.08000,-75.61395885020,45.31388677760,2016-10-12,12:00:00 AM,01 - Clear,00 - Unknown,01 - Dry,10 - No control,,03 - P.D. only,06 - SMV unattended vehicle,0
16-9358,BANK ST btwn JOHN QUINN RD & TURN LANE,383614.90026,5010333.34992,-75.49630642740,45.22855200480,2016-10-12,10:45:00 PM,01 - Clear,07 - Dark,01 - Dry,10 - No control,,03 - P.D. only,07 - SMV other,0
16-9359,ALBERT ST btwn LYON ST N & KENT ST,367066.84099,5031222.48245,-75.70439330120,45.41816671650,2016-10-11,4:15:00 PM,01 - Clear,01 - Daylight,01 - Dry,10 - No control,,03 - P.D. only,06 - SMV unattended vehicle,0
16-9360,CARLING AVE btwn MARCH RD & SCHNEIDER RD,351228.11140,5022182.15356,-75.90760795710,45.33805086160,2016-10-13,1:07:00 PM,01 - Clear,01 - Daylight,01 - Dry,10 - No control,,03 - P.D. only,02 - Angle,0
16-9361,TENTH LINE RD @ CHARLEMAGNE BLVD N/TOMPKINS AV,383184.71565,5037978.70210,-75.49740121810,45.47733337030,2016-10-13,1:50:00 PM,01 - Clear,01 - Daylight,01 - Dry,01 - Traffic signal,01 - Functioning,03 - P.D. only,03 - Rear end,0
16-9362,KING EDWARD AVE @ ST. PATRICK ST,368248.04268,5032823.80834,-75.68909588070,45.43246876880,2016-10-13,12:15:00 PM,01 - Clear,01 - Daylight,01 - Dry,01 - Traffic signal,01 - Functioning,03 - P.D. only,05 - Turning movement,0
16-9363,BELL ST @ WILLOW ST,366908.80875,5030053.47269,-75.70655965180,45.40766235340,2016-10-13,2:24:00 PM,01 - Clear,01 - Daylight,01 - Dry,02 - Stop sign,01 - Functioning,03 - P.D. only,05 - Turning movement,0
16-9364,TERRY FOX DR @ PALLADIUM DR/KATIMAVIK RD,351269.71800,5018181.36112,-75.90745248710,45.30204802610,2016-10-13,3:11:00 PM,01 - Clear,01 - Daylight,01 - Dry,01 - Traffic signal,01 - Functioning,03 - P.D. only,03 - Rear end,0
16-9365,CARP RD btwn KITTIWAKE DR & HAZELDEAN RD,348637.50675,5014521.48999,-75.94133820200,45.26928443490,2016-10-13,5:11:00 PM,01 - Clear,01 - Daylight,01 - Dry,10 - No control,,03 - P.D. only,02 - Angle,0
16-9366,INNES RD WB btwn INNES RD E/BLACKBURN BYPASS & ORLEANS BLVD,380452.01354,5034291.57315,-75.53291676180,45.44446091690,2016-10-13,4:30:00 PM,01 - Clear,01 - Daylight,01 - Dry,10 - No control,,03 - P.D. only,04 - Sideswipe,0
16-9367,MOODIE DR @ WEST HUNT CLUB RD,357908.47986,5018498.04162,-75.82277154190,45.30442702790,2016-10-13,5:39:00 PM,01 - Clear,07 - Dark,01 - Dry,01 - Traffic signal,00 - Unknown,03 - P.D. only,03 - Rear end,0
16-9368,PARKDALE AVE @ TYNDALL ST,365265.35691,5029013.14682,-75.72768037230,45.39844564700,2016-10-13,5:55:00 PM,01 - Clear,01 - Daylight,01 - Dry,02 - Stop sign,01 - Functioning,03 - P.D. only,03 - Rear end,0
16-9369,RIDEAU ST btwn CHARLOTTE ST & WURTEMBURG ST,369339.10716,5032915.91572,-75.67514078880,45.43319767370,2016-10-13,6:35:00 PM,01 - Clear,05 - Dusk,01 - Dry,10 - No control,,03 - P.D. only,04 - Sideswipe,0
16-9370,BANTREE ST @ INNES RD,373705.94274,5030406.77494,-75.61968665000,45.41020504270,2016-10-13,6:30:00 PM,01 - Clear,07 - Dark,01 - Dry,01 - Traffic signal,01 - Functioning,03 - P.D. only,05 - Turning movement,0
16-9371,ISLAND PARK DR @ RICHMOND RD,364131.63947,5028867.21511,-75.74217752950,45.39722957340,2016-10-13,8:10:00 PM,01 - Clear,07 - Dark,01 - Dry,01 - Traffic signal,01 - Functioning,02 - Non-fatal injury,05 - Turning movement,0
16-9372,RICHMOND RD btwn FALLOWFIELD RD & RUSHMORE RD,358121.27595,5012614.00453,-75.82069026830,45.25146544450,2016-10-13,8:17:00 PM,01 - Clear,07 - Dark,01 - Dry,10 - No control,,02 - Non-fatal injury,03 - Rear end,0
16-9373,FISHER AVE @ MEADOWLANDS DR,366574.40628,5025044.78738,-75.71145807910,45.36262498670,2016-10-13,10:39:00 PM,01 - Clear,07 - Dark,01 - Dry,01 - Traffic signal,01 - Functioning,03 - P.D. only,04 - Sideswipe,0