Record,Location,X,Y,Longitude,Latitude,Date,Time,Environment,Light,Road_Surface,Traffic_Control,Collision_Location,Collision_Classification,Impact_type,Pedestrian
16-9796,AVIATION PKWY @ MONTREAL RD,372146.49706,5034108.36326,-75.63910103400,45.44366200960,2016-10-25,10:00:00 AM,01 - Clear,01 - Daylight,01 - Dry,01 - Traffic signal,01 - Functioning,02 - Non-fatal injury,05 - Turning movement,0
16-9797,RIDEAU ST btwn COBOURG ST & CHARLOTTE ST,369239.39067,5032854.10373,-75.67642319930,45.43265070920,2016-10-22,6:00:00 PM,01 - Clear,05 - Dusk,01 - Dry,10 - No control,,03 - P.D. only,04 - Sideswipe,0
16-9798,ST. JOSEPH BLVD/OLD MONTREAL RD @ TRIM RD,384678.17658,5039289.43046,-75.47808857000,45.48895677910,2016-10-25,10:44:00 AM,01 - Clear,01 - Daylight,01 - Dry,11 - Roundabout,01 - Functioning,03 - P.D. only,02 - Angle,0
16-9799,MACFARLANE RD btwn BRISBANE RD & GREENSIDE AVE,366946.36090,5021256.47208,-75.70718656110,45.32850554660,2016-10-25,11:05:00 AM,01 - Clear,01 - Daylight,01 - Dry,10 - No control,,03 - P.D. only,06 - SMV unattended vehicle,0
16-9800,RUSSELL RD S @ ST. LAURENT BLVD,373569.73310,5029260.13072,-75.62158652040,45.39990147930,2016-10-25,11:05:00 AM,01 - Clear,01 - Daylight,01 - Dry,01 - Traffic signal,01 - Functioning,03 - P.D. only,03 - Rear end,0
16-9801,VANIER PKWY SB btwn DESCHAMPS AVE & MONTREAL RD,370043.29158,5033067.34841,-75.66612165940,45.43449485810,2016-10-25,1:01:00 PM,01 - Clear,01 - Daylight,01 - Dry,10 - No control,,03 - P.D. only,04 - Sideswipe,0
16-9802,PINECREST RD @ QUEENSVIEW DR,360347.03595,5023782.78705,-75.79108496780,45.35179065710,2016-10-25,1:11:00 PM,01 - Clear,01 - Daylight,01 - Dry,01 - Traffic signal,01 - Functioning,03 - P.D. only,03 - Rear end,0
16-9803,BRONSON AVE @ CATHERINE ST/RAYMOND ST,367252.93729,5029796.56597,-75.70219637770,45.40532016010,2016-10-25,1:15:00 PM,01 - Clear,01 - Daylight,01 - Dry,01 - Traffic signal,00 - Unknown,03 - P.D. only,03 - Rear end,0
16-9804,WOODROFFE AVE @ GEORGINA DR/LENESTER AVE,361909.20382,5025370.89293,-75.77096602330,45.36595484320,2016-10-25,1:38:00 PM,01 - Clear,01 - Daylight,01 - Dry,01 - Traffic signal,01 - Functioning,02 - Non-fatal injury,03 - Rear end,0
16-9805,MONTREAL RD @ VANIER PKWY,370072.49026,5033064.93348,-75.66574882910,45.43447040500,2016-10-25,1:40:00 PM,01 - Clear,01 - Daylight,01 - Dry,01 - Traffic signal,01 - Functioning,03 - P.D. only,05 - Turning movement,0
16-9806,BERRIGAN DR btwn WESSEX RD & EDGEWARE DR (1),363863.64029,5015334.39572,-75.74721548530,45.27548508210,2016-10-25,1:41:00 PM,01 - Clear,01 - Daylight,01 - Dry,10 - No control,,03 - P.D. only,03 - Rear end,0
16-9807,IRIS ST @ WOODROFFE AVE,362284.34841,5024439.44911,-75.76628580900,45.35754312550,2016-10-24,12:45:00 PM,01 - Clear,01 - Daylight,01 - Dry,01 - Traffic signal,01 - Functioning,03 - P.D. only,03 - Rear end,0
16-9808,MANOTICK STATION RD btwn HERBERTS CORNERS RD & SNAKE ISLAND RD,376311.56618,5006780.30464,-75.58981081440,45.19736202560,2016-10-25,1:45:00 PM,01 - Clear,01 - Daylight,01 - Dry,10 - No control,,02 - Non-fatal injury,05 - Turning movement,0
16-9809,FALLOWFIELD RD @ MOODIE DR,359501.65590,5014636.41290,-75.80288293590,45.26955742630,2016-10-25,1:50:00 PM,01 - Clear,01 - Daylight,01 - Dry,01 - Traffic signal,00 - Unknown,03 - P.D. only,03 - Rear end,0
16-9810,JOHN SUTHERLAND DR @ RICHMOND RD,358786.18977,5022148.27037,-75.81118207820,45.33720512390,2016-10-25,2:45:00 PM,01 - Clear,01 - Daylight,01 - Dry,01 - Traffic signal,01 - Functioning,03 - P.D. only,03 - Rear end,0
16-9811,HUNT CLUB RD @ DOWNPATRICK RD/MCCARTHY RD,370509.28801,5023399.22948,-75.66145380890,45.34746096310,2016-10-25,3:07:00 PM,01 - Clear,01 - Daylight,01 - Dry,01 - Traffic signal,01 - Functioning,03 - P.D. only,03 - Rear end,0
16-9812,HWY 417 MAITLAND IC126R26/62 @ MAITLAND AVE,363145.13836,5025982.75975,-75.75511762460,45.37135856000,2016-10-25,3:30:00 PM,01 - Clear,01 - Daylight,01 - Dry,01 - Traffic signal,01 - Functioning,03 - P.D. only,03 - Rear end,0
16-9813,CARLING AVE @ CROYDON AVE,360659.33922,5025042.73704,-75.78695715120,45.36310283270,2016-10-25,3:51:00 PM,01 - Clear,01 - Daylight,01 - Dry,01 - Traffic signal,01 - Functioning,03 - P.D. only,05 - Turning movement,0
16-9814,RIVERSIDE DR RAMP 34 @ RIVERSIDE DR,368339.97539,5027182.68179,-75.68864804990,45.38170338440,2016-10-24,8:30:00 AM,01 - Clear,01 - Daylight,01 - Dry,03 - Yield sign,00 - Unknown,03 - P.D. only,99 - Other,0
16-9815,MERIVALE RD btwn OT/NE BOUNDARY & MERIVALE RD,365010.80406,5025245.59772,-75.73139095250,45.36456788930,2016-10-25,4:03:00 PM,01 - Clear,01 - Daylight,01 - Dry,10 - No control,,03 - P.D. only,04 - Sideswipe,0
16-9816,LONGFIELDS DR @ WOODROFFE AVE,365421.99806,5017105.70266,-75.72713913280,45.29129059870,2016-10-25,4:05:00 PM,02 - Rain,01 - Daylight,02 - Wet,01 - Traffic signal,01 - Functioning,03 - P.D. only,03 - Rear end,0
16-9817,ROCKWAY CRES btwn ROCKWAY CRES & END,361451.80667,5022693.78578,-75.77711126630,45.34190348930,2016-10-25,4:24:00 PM,01 - Clear,01 - Daylight,01 - Dry,10 - No control,,03 - P.D. only,06 - SMV unattended vehicle,0
16-9818,ALPINE AVE @ CARLING AVE,360496.01838,5024942.29936,-75.78905309460,45.36221209470,2016-10-25,4:56:00 PM,01 - Clear,01 - Daylight,01 - Dry,01 - Traffic signal,01 - Functioning,02 - Non-fatal injury,02 - Angle,1
16-9819,TENTH LINE RD btwn 275 N OF DES EPINETTES AVE/FALLINGBROOK SC & DES EP,383619.52160,5036948.19017,-75.49200590170,45.46801282230,2016-10-25,5:11:00 PM,02 - Rain,05 - Dusk,02 - Wet,10 - No control,,03 - P.D. only,04 - Sideswipe,0
16-9820,WAVERLEY ST @ O'CONNOR ST,368008.59759,5030765.27242,-75.69241996240,45.41396844420,2016-10-25,5:23:00 PM,01 - Clear,01 - Daylight,01 - Dry,02 - Stop sign,01 - Functioning,02 - Non-fatal injury,05 - Turning movement,0
16-9821,BRONSON AVE @ IMPERIAL AVE/PLYMOUTH ST,367319.22873,5029643.54465,-75.70136902390,45.40393740100,2016-10-25,5:21:00 PM,01 - Clear,05 - Dusk,01 - Dry,10 - No control,,03 - P.D. only,05 - Turning movement,0
16-9822,REGIONAL ROAD 174 EB btwn OR174 IC109 RAMP55 & TRANSIT,376502.42515,5035051.43058,-75.58328815400,45.45171391300,2016-10-25,6:30:00 PM,01 - Clear,07 - Dark,01 - Dry,10 - No control,,03 - P.D. only,03 - Rear end,0
16-9823,GREENBANK RD @ STRANDHERD DR,363935.34021,5014784.00312,-75.74636728000,45.27052661500,2016-10-25,6:42:00 PM,01 - Clear,07 - Dark,02 - Wet,01 - Traffic signal,01 - Functioning,03 - P.D. only,03 - Rear end,0
16-9824,ST. JOSEPH BLVD @ JEANNE D'ARC BLVD,379859.91434,5036471.99498,-75.54015190700,45.46414252990,2016-10-25,7:21:00 PM,01 - Clear,07 - Dark,01 - Dry,11 - Roundabout,01 - Functioning,03 - P.D. only,03 - Rear end,0
16-9825,PINECREST RD @ QUEENSVIEW DR,360346.51234,5023780.98103,-75.79109185390,45.35177444730,2016-10-25,7:38:00 PM,01 - Clear,07 - Dark,01 - Dry,01 - Traffic signal,01 - Functioning,03 - P.D. only,03 - Rear end,0
16-9826,INNES RD btwn HWY417 IC112 RAMP66 & CYRVILLE RD,375006.31683,5031091.82093,-75.60297806680,45.41623948440,2016-10-20,8:00:00 PM,02 - Rain,07 - Dark,02 - Wet,10 - No control,,03 - P.D. only,03 - Rear end,0
16-9827,BOOTH ST @ WELLINGTON ST S,366401.87454,5030675.98548,-75.71295732920,45.41330835360,2016-10-25,10:41:00 PM,01 - Clear,07 - Dark,01 - Dry,02 - Stop sign,01 - Functioning,02 - Non-fatal injury,03 - Rear end,0
16-9828,ELGIN ST @ WELLINGTON ST W,367664.48426,5031877.75303,-75.69667412850,45.42400918440,2016-10-25,9:50:00 PM,01 - Clear,07 - Dark,01 - Dry,01 - Traffic signal,01 - Functioning,03 - P.D. only,05 - Turning movement,0
16-9829,THIRD LINE RD    S btwn LOCKHEAD RD E & LOCKHEAD RD W,369570.35008,4998898.04866,-75.67662500650,45.12708872290,2016-10-25,10:10:00 PM,01 - Clear,07 - Dark,01 - Dry,10 - No control,,03 - P.D. only,07 - SMV other,0
16-9830,PIKE ST btwn CASTLEGREEN PRIV & HUNTERSFIELD DR,373170.56749,5025304.35470,-75.62723240950,45.36434818220,2016-10-25,12:00:00 AM,01 - Clear,00 - Unknown,01 - Dry,10 - No control,,03 - P.D. only,06 - SMV unattended vehicle,0
16-9831,BESSERER ST @ WALLER ST,368316.59192,5032192.19734,-75.68830133500,45.42677953650,2016-10-26,7:04:00 AM,01 - Clear,03 - Dawn,01 - Dry,01 - Traffic signal,01 - Functioning,03 - P.D. only,04 - Sideswipe,0
16-9832,SLATER ST btwn BANK ST & O'CONNOR ST,367561.26363,5031440.03833,-75.69804878730,45.42008003810,2016-10-26,7:00:00 AM,01 - Clear,03 - Dawn,01 - Dry,10 - No control,,03 - P.D. only,04 - Sideswipe,0
16-9833,SLEAFORD GT @ CLARIDGE DR,365425.60069,5016635.35032,-75.72715068830,45.28705808120,2016-10-26,8:47:00 AM,01 - Clear,01 - Daylight,01 - Dry,02 - Stop sign,01 - Functioning,02 - Non-fatal injury,02 - Angle,0
16-9834,MANOTICK MAIN ST btwn TIGHE ST & O'GRADY ST,368906.73125,5009753.09279,-75.68366577800,45.22482328860,2016-10-26,8:52:00 AM,01 - Clear,01 - Daylight,01 - Dry,10 - No control,,03 - P.D. only,05 - Turning movement,0
16-9835,TOMPKINS AVE btwn HAYES ST & MCEACHERN CRES,382500.47771,5037744.51979,-75.50618883990,45.47530288220,2016-10-26,8:54:00 AM,01 - Clear,01 - Daylight,01 - Dry,10 - No control,,03 - P.D. only,06 - SMV unattended vehicle,0
16-9836,BASELINE RD @ MERIVALE RD,365054.47686,5025325.73444,-75.73082373450,45.36528519350,2016-10-26,9:16:00 AM,01 - Clear,01 - Daylight,01 - Dry,01 - Traffic signal,01 - Functioning,03 - P.D. only,02 - Angle,0
16-9837,HUNT CLUB RD @ RIVERSIDE DR,368038.35931,5021946.74074,-75.69316891050,45.33461890810,2016-10-26,9:45:00 AM,01 - Clear,01 - Daylight,01 - Dry,01 - Traffic signal,01 - Functioning,03 - P.D. only,03 - Rear end,0
16-9838,EAGLESON RD @ HAZELDEAN RD/ROBERTSON RD,353673.40536,5018423.80138,-75.87678031570,45.30406643720,2016-10-26,8:45:00 AM,01 - Clear,01 - Daylight,01 - Dry,01 - Traffic signal,01 - Functioning,03 - P.D. only,04 - Sideswipe,0
16-9839,CHURCHILL AVE @ MADISON AVE,363194.24090,5028366.71346,-75.75420881040,45.39280494800,2016-10-25,6:16:00 PM,01 - Clear,07 - Dark,01 - Dry,02 - Stop sign,01 - Functioning,03 - P.D. only,02 - Angle,0
16-9840,BRUYERE ST btwn DALHOUSIE ST & CUMBERLAND ST,367845.92656,5032861.11531,-75.69422987610,45.43284081190,2016-10-26,1:30:00 PM,01 - Clear,01 - Daylight,01 - Dry,10 - No control,,03 - P.D. only,06 - SMV unattended vehicle,0
16-9841,RICHMOND RD btwn NORTHSIDE RD & NORTHSIDE RD (2),358306.04851,5021202.13133,-75.81741011610,45.32872848780,2016-10-26,2:52:00 PM,01 - Clear,01 - Daylight,01 - Dry,10 - No control,,03 - P.D. only,04 - Sideswipe,0
16-9842,PRINCE OF WALES DR btwn WINDING WAY & MERIVALE RD,367449.89682,5017526.45280,-75.70123508930,45.29489860030,2016-10-26,4:16:00 PM,01 - Clear,01 - Daylight,01 - Dry,10 - No control,,02 - Non-fatal injury,03 - Rear end,0
16-9843,ALBERT ST @ BANK ST,367385.91564,5031423.35406,-75.70029124940,45.41994562710,2016-10-02,12:00:00 PM,02 - Rain,01 - Daylight,02 - Wet,01 - Traffic signal,01 - Functioning,03 - P.D. only,04 - Sideswipe,0
16-9844,INDUSTRIAL AVE @ ALTA VISTA DR/SANDFORD FLEMIN,370884.50426,5030556.91138,-75.65570801230,45.41182801340,2016-10-26,4:36:00 PM,01 - Clear,01 - Daylight,01 - Dry,01 - Traffic signal,01 - Functioning,02 - Non-fatal injury,02 - Angle,0
16-9845,KING EDWARD AVE @ GEORGE ST,368462.70816,5032481.58600,-75.68639684910,45.42937006810,2016-10-26,4:35:00 PM,01 - Clear,01 - Daylight,01 - Dry,02 - Stop sign,01 - Functioning,03 - P.D. only,03 - Rear end,0
16-9846,HWY 417 MAITLAND IC126R26/62 @ MAITLAND AVE,363145.51063,5025983.59255,-75.75511277480,45.37136602240,2016-10-26,5:18:00 PM,01 - Clear,05 - Dusk,01 - Dry,01 - Traffic signal,01 - Functioning,03 - P.D. only,05 - Turning movement,0
16-9847,CARRUTHERS AVE btwn LYNDALE AVE & STONEHURST AVE,365115.99727,5029939.19475,-75.72947469430,45.40679090080,2016-10-26,5:27:00 PM,01 - Clear,01 - Daylight,01 - Dry,10 - No control,,03 - P.D. only,06 - SMV unattended vehicle,0
16-9848,RICHMOND RD @ WOODROFFE AVE,361584.02778,5026654.30366,-75.77496921760,45.37752928510,2016-10-26,6:23:00 PM,01 - Clear,07 - Dark,01 - Dry,01 - Traffic signal,01 - Functioning,02 - Non-fatal injury,05 - Turning movement,0
16-9849,MONTREAL RD/HANNAH ST @ CODY AVE,370254.97316,5033169.67660,-75.66340282920,45.43539578170,2016-10-26,6:52:00 PM,01 - Clear,07 - Dark,01 - Dry,01 - Traffic signal,01 - Functioning,03 - P.D. only,04 - Sideswipe,0
16-9850,LAURIER AVE @ WALLER ST/TRANSITWAY,368454.23681,5031858.99451,-75.68658556550,45.42376898320,2016-10-26,7:10:00 PM,01 - Clear,07 - Dark,01 - Dry,01 - Traffic signal,01 - Functioning,03 - P.D. only,04 - Sideswipe,0
16-9851,ST. LAURENT BLVD @ COTE ST,371785.07590,5033226.62412,-75.64384060860,45.43576326590,2016-10-26,7:16:00 PM,01 - Clear,07 - Dark,01 - Dry,01 - Traffic signal,01 - Functioning,03 - P.D. only,05 - Turning movement,0
16-9852,LOGGERS WAY btwn GALETTA SIDE RD & RIDDLEDALE RD,325270.69494,5032269.90998,-76.23838343480,45.43006335270,2016-10-26,7:31:00 PM,01 - Clear,07 - Dark,01 - Dry,10 - No control,,03 - P.D. only,07 - SMV other,0
16-9853,BURKE RD @ CARLING AVE,352830.79974,5022661.08362,-75.88711337480,45.34225246900,2016-10-26,7:43:00 PM,01 - Clear,07 - Dark,01 - Dry,02 - Stop sign,00 - Unknown,03 - P.D. only,07 - SMV other,0
16-9854,EARL ARMSTRONG RD @ SPRATT RD,368396.05048,5015010.77048,-75.68949555540,45.27217780770,2016-10-26,8:00:00 PM,01 - Clear,07 - Dark,01 - Dry,01 - Traffic signal,01 - Functioning,03 - P.D. only,05 - Turning movement,0
16-9855,VANIER PKWY NB btwn MCARTHUR AVE & VANIER PKWY,370230.34057,5032641.62871,-75.66378780390,45.43064693330,2016-10-26,9:17:00 PM,01 - Clear,07 - Dark,01 - Dry,10 - No control,,03 - P.D. only,04 - Sideswipe,0
16-9856,CLYDE AVE @ STARWOOD RD,364458.59801,5024657.73994,-75.73851036570,45.35932564410,2016-10-26,9:26:00 PM,01 - Clear,07 - Dark,01 - Dry,02 - Stop sign,01 - Functioning,03 - P.D. only,02 - Angle,0
16-9857,TENTH LINE RD btwn TOMPKINS AVE & CANOTIA PL,383186.96282,5037965.93680,-75.49737451740,45.47721826750,2016-10-26,9:41:00 PM,01 - Clear,07 - Dark,01 - Dry,10 - No control,,02 - Non-fatal injury,04 - Sideswipe,0
16-9858,BANK ST btwn PATTERSON AVE & POWELL AVE,368159.19227,5029978.35352,-75.69059723730,45.40687438270,2016-10-27,1:07:00 AM,01 - Clear,07 - Dark,01 - Dry,10 - No control,,02 - Non-fatal injury,03 - Rear end,0
16-9859,LESTER RD btwn ALBION RD & UPLANDS DR,372452.61098,5022156.71577,-75.63682687680,45.33609649240,2016-10-26,11:35:00 PM,01 - Clear,07 - Dark,01 - Dry,10 - No control,,02 - Non-fatal injury,04 - Sideswipe,0
16-9860,BASELINE RD @ CLYDE AVE,364358.70330,5024890.09882,-75.73975732040,45.36142487080,2016-10-26,8:00:00 PM,01 - Clear,07 - Dark,01 - Dry,01 - Traffic signal,01 - Functioning,03 - P.D. only,03 - Rear end,0
16-9861,REGIONAL RD 174 @ TRIM RD,384351.78944,5039989.96110,-75.48214996300,45.49529674770,2016-10-27,7:05:00 AM,01 - Clear,01 - Daylight,01 - Dry,01 - Traffic signal,01 - Functioning,03 - P.D. only,03 - Rear end,0
16-9862,REGIONAL ROAD 174 btwn Continuation of REGIONAL ROAD 174 & OR174 IC112,374122.79988,5032336.93756,-75.61409013910,45.42753048900,2016-10-27,7:17:00 AM,01 - Clear,01 - Daylight,01 - Dry,10 - No control,,03 - P.D. only,03 - Rear end,0
16-9863,INDUSTRIAL AVE @ ALTA VISTA DR/SANDFORD FLEMIN,370884.94334,5030556.91138,-75.65570240430,45.41182797200,2016-10-27,7:19:00 AM,01 - Clear,01 - Daylight,01 - Dry,01 - Traffic signal,01 - Functioning,03 - P.D. only,05 - Turning movement,0
16-9864,REGIONAL ROAD 174 btwn TRANSIT & OR174 IC109 RAMP56,376208.76805,5034442.94971,-75.58713038650,45.44626925160,2016-10-27,7:22:00 AM,01 - Clear,01 - Daylight,01 - Dry,10 - No control,,03 - P.D. only,03 - Rear end,0
16-9865,RICHARDSON SIDE RD btwn CARP RD & OAK CREEK RD,346325.49773,5017267.70298,-75.97057118190,45.29413626170,2016-10-27,7:36:00 AM,01 - Clear,01 - Daylight,01 - Dry,10 - No control,,03 - P.D. only,07 - SMV other,0
16-9866,BASELINE RD/HERON RD @ PRINCE OF WALES DR,366873.93998,5026438.05651,-75.70745987390,45.37513485680,2016-10-27,7:53:00 AM,01 - Clear,01 - Daylight,01 - Dry,01 - Traffic signal,00 - Unknown,03 - P.D. only,03 - Rear end,0
16-9867,BRONSON AVE @ GLADSTONE AVE,367134.36032,5030081.34446,-75.70367498570,45.40789308470,2016-10-27,7:58:00 AM,01 - Clear,01 - Daylight,01 - Dry,01 - Traffic signal,01 - Functioning,03 - P.D. only,04 - Sideswipe,0
16-9868,PINECREST RD btwn QUEENSVIEW DR & HWY417 IC129 RAMP36,360349.99233,5023776.46666,-75.79104795120,45.35173355210,2016-10-27,8:15:00 AM,01 - Clear,01 - Daylight,01 - Dry,10 - No control,,03 - P.D. only,03 - Rear end,0
16-9869,BOIS VERT PL btwn AQUAVIEW DR & SILVERADO CRES,384549.22263,5035838.73123,-75.48029816120,45.45792541480,2016-10-26,8:11:00 AM,01 - Clear,01 - Daylight,01 - Dry,10 - No control,,03 - P.D. only,06 - SMV unattended vehicle,0
16-9870,BAYSHORE DR btwn WOODRIDGE CRES S & BAYSHORE CS,359227.74145,5023517.62894,-75.80539800250,45.34949252630,2016-10-27,8:33:00 AM,01 - Clear,01 - Daylight,01 - Dry,10 - No control,,03 - P.D. only,04 - Sideswipe,0
16-9871,ST. JOSEPH BLVD @ JEANNE D'ARC BLVD,379861.07072,5036472.12333,-75.54013710180,45.46414356000,2016-10-27,8:15:00 AM,01 - Clear,01 - Daylight,01 - Dry,11 - Roundabout,01 - Functioning,03 - P.D. only,02 - Angle,0
16-9872,BANK ST btwn HERON RD & ANOKA ST,370003.40386,5026827.61245,-75.66745658670,45.37835573950,2016-10-27,9:41:00 AM,01 - Clear,01 - Daylight,01 - Dry,10 - No control,,03 - P.D. only,02 - Angle,0
16-9873,SARSFIELD RD @ WILHAVEN DR,392565.62346,5040958.62429,-75.37690162670,45.50302681180,2016-10-26,6:20:00 PM,01 - Clear,07 - Dark,01 - Dry,02 - Stop sign,00 - Unknown,03 - P.D. only,07 - SMV other,0
16-9874,BAYCREST DR @ WALKLEY RD,371421.95014,5026590.30746,-75.64937801720,45.37608710490,2016-10-27,10:40:00 AM,01 - Clear,01 - Daylight,01 - Dry,01 - Traffic signal,01 - Functioning,03 - P.D. only,04 - Sideswipe,0
16-9875,WOODROFFE AVE @ GEORGINA DR/LENESTER AVE,361909.81925,5025371.01974,-75.77095815200,45.36595593400,2016-10-27,11:49:00 AM,01 - Clear,01 - Daylight,01 - Dry,01 - Traffic signal,01 - Functioning,03 - P.D. only,05 - Turning movement,0
16-9876,PIERCE RD btwn MALAKOFF RD & MCCORDICK RD,365550.75215,4996937.82505,-75.72795612810,45.10980714250,2016-10-27,11:51:00 AM,01 - Clear,01 - Daylight,01 - Dry,10 - No control,,03 - P.D. only,07 - SMV other,0
16-9877,LAVERGNE ST btwn DES PERES BLANCS AVE & PERRIER AVE,370312.86293,5033900.77190,-75.66256569800,45.44196844110,2016-10-27,12:00:00 AM,01 - Clear,00 - Unknown,01 - Dry,10 - No control,,03 - P.D. only,06 - SMV unattended vehicle,0
16-9878,TENTH LINE RD @ CHARLEMAGNE BLVD N/TOMPKINS AV,383182.75080,5037978.47286,-75.49742638330,45.47733152880,2016-10-27,1:21:00 PM,01 - Clear,01 - Daylight,01 - Dry,01 - Traffic signal,01 - Functioning,02 - Non-fatal injury,05 - Turning movement,0
16-9879,BANK ST @ RIVERSIDE DR S,369305.40855,5027895.51087,-75.67622839940,45.38802896680,2016-10-27,1:32:00 PM,01 - Clear,01 - Daylight,01 - Dry,01 - Traffic signal,01 - Functioning,03 - P.D. only,02 - Angle,0
16-9880,BLOHM DR btwn LORRY GREENBERG DR & 68 N OF BRISTON PRIV,373765.45174,5025805.69147,-75.61956948180,45.36880072620,2016-10-27,1:44:00 PM,01 - Clear,01 - Daylight,01 - Dry,10 - No control,,02 - Non-fatal injury,07 - SMV other,0
16-9881,ARGYLE AVE N @ ELGIN ST,368493.31148,5030671.40751,-75.68623980680,45.41307992840,2016-10-27,1:46:00 PM,01 - Clear,01 - Daylight,01 - Dry,01 - Traffic signal,01 - Functioning,03 - P.D. only,07 - SMV other,1
16-9882,BANK ST @ PATTERSON AVE,368155.61011,5029983.90608,-75.69064228110,45.40692466750,2016-10-27,3:05:00 PM,01 - Clear,01 - Daylight,01 - Dry,02 - Stop sign,01 - Functioning,03 - P.D. only,04 - Sideswipe,0
16-9883,ST. LAURENT BLVD btwn INDUSTRIAL AVE & BOURASSA ST,373140.05554,5029914.43537,-75.62698358630,45.40583068770,2016-10-27,4:00:00 PM,01 - Clear,01 - Daylight,02 - Wet,10 - No control,,03 - P.D. only,03 - Rear end,0
16-9884,MCEWEN AVE btwn AMBLESIDE DR & RICHMOND RD,361067.89680,5025903.71662,-75.78164428140,45.37081719800,2016-10-27,3:39:00 PM,01 - Clear,01 - Daylight,01 - Dry,10 - No control,,03 - P.D. only,06 - SMV unattended vehicle,0
16-9885,MARCH RD btwn CAMPEAU DR/HWY 417 MARCH IC138R63 & HWY417 IC138 RAMP62,352797.87011,5020570.74863,-75.88773625270,45.32344550240,2016-10-27,4:15:00 PM,03 - Snow,01 - Daylight,02 - Wet,10 - No control,,03 - P.D. only,99 - Other,0
16-9886,RICHMOND RD @ HOLLY ACRES RD/NANAIMO DR,359059.49976,5022747.25386,-75.80762944170,45.34257371270,2016-10-27,4:18:00 PM,02 - Rain,01 - Daylight,02 - Wet,01 - Traffic signal,01 - Functioning,03 - P.D. only,03 - Rear end,0
16-9887,DEAKIN ST @ PRINCE OF WALES DR,367390.05248,5021524.14642,-75.70149300650,45.33087460630,2016-10-27,4:40:00 PM,03 - Snow,05 - Dusk,02 - Wet,01 - Traffic signal,01 - Functioning,02 - Non-fatal injury,04 - Sideswipe,0
16-9888,BOOTH ST @ CARLING AVE,367094.05328,5029105.90128,-75.70431308320,45.39911991000,2016-10-27,4:41:00 PM,03 - Snow,01 - Daylight,02 - Wet,01 - Traffic signal,01 - Functioning,03 - P.D. only,05 - Turning movement,0
16-9889,KANATA AVE @ TERRY FOX DR,349306.69566,5019213.65499,-75.93238953720,45.31146402850,2016-10-27,4:44:00 PM,03 - Snow,05 - Dusk,02 - Wet,01 - Traffic signal,01 - Functioning,03 - P.D. only,07 - SMV other,0
16-9890,WOODROFFE AVE @ HWY 417 WOODROFF IC127R26/HWY4,362082.02828,5024938.85898,-75.76881007500,45.36205333590,2016-10-27,4:50:00 PM,03 - Snow,01 - Daylight,02 - Wet,01 - Traffic signal,01 - Functioning,02 - Non-fatal injury,04 - Sideswipe,0
16-9891,WEST HUNT CLUB RD @ ROYDON PL/SUNDERLAND ST,365974.53576,5022169.07612,-75.71947036810,45.33680241270,2016-10-27,4:48:00 PM,03 - Snow,01 - Daylight,02 - Wet,01 - Traffic signal,01 - Functioning,03 - P.D. only,03 - Rear end,0
16-9892,INNES RD/PRESTWICK DR @ LANTHIER DR,383541.19418,5035988.56260,-75.49316116040,45.45938779070,2016-10-27,4:45:00 PM,02 - Rain,01 - Daylight,02 - Wet,01 - Traffic signal,00 - Unknown,03 - P.D. only,03 - Rear end,0
16-9893,BATHGATE DR @ DEN HAAG DR,373407.50006,5033924.91648,-75.62300892760,45.44188883060,2016-10-27,5:32:00 PM,02 - Rain,07 - Dark,02 - Wet,02 - Stop sign,01 - Functioning,03 - P.D. only,05 - Turning movement,0
16-9894,GOLFLINKS DR E @ JOCKVALE RD,366027.90350,5012607.39411,-75.71996990840,45.25076246190,2016-10-27,6:10:00 PM,03 - Snow,05 - Dusk,03 - Loose snow,02 - Stop sign,01 - Functioning,03 - P.D. only,03 - Rear end,0
16-9895,LIMEBANK RD btwn EARL ARMSTRONG RD & RIDEAU RD,370212.03560,5015818.42171,-75.66624761160,45.27927834610,2016-10-27,6:13:00 PM,05 - Drifting Snow,07 - Dark,02 - Wet,10 - No control,,03 - P.D. only,07 - SMV other,0
16-9896,SHEA RD btwn TO BE DETERMINED & FALLOWFIELD RD,353962.86668,5011127.09070,-75.87381184660,45.23838855110,2016-10-27,6:21:00 PM,03 - Snow,07 - Dark,04 - Slush,10 - No control,,03 - P.D. only,07 - SMV other,0
16-9897,EAGLESON RD @ HOPE SIDE RD/TERRY FOX DR,355187.77951,5014616.26084,-75.85785733960,45.26969840410,2016-10-27,6:20:00 PM,03 - Snow,05 - Dusk,04 - Slush,01 - Traffic signal,01 - Functioning,03 - P.D. only,02 - Angle,0
16-9898,RAMSAYVILLE RD btwn WHYTE SIDE RD & LEITRIM RD,378367.73621,5024746.85361,-75.56098086570,45.35880592520,2016-10-27,6:32:00 PM,03 - Snow,07 - Dark,02 - Wet,10 - No control,,02 - Non-fatal injury,01 - Approaching,0
16-9899,INDUSTRIAL AVE @ RUSSELL RD,372465.94814,5030280.65079,-75.63554378150,45.40919122170,2016-10-27,7:00:00 PM,03 - Snow,07 - Dark,02 - Wet,01 - Traffic signal,01 - Functioning,03 - P.D. only,05 - Turning movement,0
16-9900,DONALD ST @ ST. LAURENT BLVD,372093.71290,5032472.99898,-75.63999925670,45.42895286940,2016-10-27,7:06:00 PM,03 - Snow,07 - Dark,02 - Wet,01 - Traffic signal,01 - Functioning,02 - Non-fatal injury,07 - SMV other,1