Record,Location,X,Y,Longitude,Latitude,Date,Time,Environment,Light,Road_Surface,Traffic_Control,Collision_Location,Collision_Classification,Impact_type,Pedestrian
16-9901,DAVIDSON RD btwn BANK ST & CONROY RD,374019.73603,5023129.31010,-75.61669837060,45.34469467540,2016-10-27,7:23:00 PM,03 - Snow,07 - Dark,04 - Slush,10 - No control,,02 - Non-fatal injury,07 - SMV other,0
16-9902,FISHER AVE @ KINTYRE PRIV,366497.53696,5025236.75844,-75.71241524380,45.36435907290,2016-10-27,8:01:00 PM,02 - Rain,07 - Dark,02 - Wet,01 - Traffic signal,01 - Functioning,02 - Non-fatal injury,07 - SMV other,1
16-9903,DALHOUSIE ST @ GUIGUES AVE,367912.03908,5032713.80764,-75.69340387870,45.43150942540,2016-10-27,8:15:00 PM,03 - Snow,07 - Dark,02 - Wet,02 - Stop sign,01 - Functioning,03 - P.D. only,05 - Turning movement,0
16-9904,CAMPEAU DR @ TERON RD/COLCHESTER SQ,352563.06388,5020466.42811,-75.89074134610,45.32252282120,2016-10-27,9:27:00 PM,03 - Snow,07 - Dark,03 - Loose snow,01 - Traffic signal,01 - Functioning,03 - P.D. only,05 - Turning movement,0
16-9905,ALBERT ST btwn O'CONNOR ST & METCALFE ST,367648.63632,5031586.66679,-75.69691376150,45.42139151030,2016-10-27,9:39:00 PM,03 - Snow,07 - Dark,02 - Wet,10 - No control,,03 - P.D. only,03 - Rear end,0
16-9906,LESTER RD btwn ALBION RD & UPLANDS DR,372451.00209,5022157.44385,-75.63684730270,45.33610319880,2016-10-27,9:40:00 PM,03 - Snow,07 - Dark,04 - Slush,10 - No control,,03 - P.D. only,07 - SMV other,0
16-9907,BLAIR RD btwn OGILVIE RD & OR174 IC112 RAMP36,374583.77098,5033048.76903,-75.60809900330,45.43388931910,2016-10-27,9:54:00 PM,03 - Snow,07 - Dark,04 - Slush,10 - No control,00 - Unknown,03 - P.D. only,03 - Rear end,0
16-9908,SOMERSET ST    W btwn CAMBRIDGE ST N & BRONSON AVE,366942.27379,5030461.14024,-75.70608078820,45.41132745820,2016-10-27,10:00:00 PM,03 - Snow,07 - Dark,02 - Wet,10 - No control,,02 - Non-fatal injury,07 - SMV other,1
16-9909,GOULBOURN FORCED RD @ INNOVATION DR,349438.00600,5022666.63590,-75.93040365170,45.34252652670,2016-10-27,9:30:00 PM,03 - Snow,07 - Dark,04 - Slush,10 - No control,00 - Unknown,03 - P.D. only,07 - SMV other,0
16-9910,EARL ARMSTRONG RD btwn LIMEBANK RD & BOWESVILLE RD,372385.68179,5017344.90952,-75.63833713290,45.29280771140,2016-10-27,10:17:00 PM,04 - Freezing Rain,07 - Dark,04 - Slush,10 - No control,,03 - P.D. only,07 - SMV other,0
16-9911,ANDERSON RD btwn WEIR RD & DOLMAN RIDGE RD,377928.38383,5031138.29343,-75.56564098840,45.41635832910,2016-10-27,10:49:00 PM,02 - Rain,07 - Dark,03 - Loose snow,10 - No control,,03 - P.D. only,07 - SMV other,0
16-9912,BRONSON AVE @ LAURIER AVE,366804.70100,5030860.32706,-75.70778800730,45.41493142900,2016-10-27,11:12:00 PM,03 - Snow,07 - Dark,02 - Wet,01 - Traffic signal,01 - Functioning,02 - Non-fatal injury,07 - SMV other,1
16-9913,MERTON ST @ SCOTT ST,365328.41606,5029955.90008,-75.72675928210,45.40692287410,2016-10-27,11:16:00 PM,02 - Rain,07 - Dark,02 - Wet,01 - Traffic signal,01 - Functioning,03 - P.D. only,03 - Rear end,0
16-9914,SLACK RD btwn VAAN DR & GRENFELL CRES,365032.31164,5020416.92350,-75.73170434980,45.32111824540,2016-10-28,12:16:00 AM,03 - Snow,07 - Dark,03 - Loose snow,10 - No control,,03 - P.D. only,07 - SMV other,0
16-9915,FALLOWFIELD RD btwn MERIVALE RD & ASHDALE AVE,366968.73123,5018892.91640,-75.70719784680,45.30723662190,2016-10-28,7:14:00 AM,02 - Rain,01 - Daylight,02 - Wet,10 - No control,,03 - P.D. only,03 - Rear end,0
16-9916,BELFAST RD btwn TRAINYARDS DR & ST. LAURENT BLVD,371929.09771,5030897.42533,-75.64231745900,45.41479238760,2016-10-28,7:24:00 AM,02 - Rain,03 - Dawn,02 - Wet,10 - No control,,03 - P.D. only,03 - Rear end,0
16-9917,MACFARLANE AVE @ RUSKIN ST,365658.41127,5028518.02058,-75.72272146220,45.39395656030,2016-10-28,7:55:00 AM,01 - Clear,01 - Daylight,01 - Dry,02 - Stop sign,01 - Functioning,02 - Non-fatal injury,07 - SMV other,1
16-9918,DWYER HILL RD btwn COPELAND RD & FRANKTOWN RD,347696.38697,4999563.04916,-75.95461877860,45.13473898040,2016-10-28,8:01:00 AM,02 - Rain,01 - Daylight,02 - Wet,10 - No control,,03 - P.D. only,03 - Rear end,0
16-9919,MCCARTHY RD @ SOUTHMORE DR,369451.37881,5024837.94178,-75.67476471840,45.36050442260,2016-10-28,8:00:00 AM,02 - Rain,01 - Daylight,02 - Wet,02 - Stop sign,01 - Functioning,02 - Non-fatal injury,03 - Rear end,0
16-9920,PRINCE OF WALES DR btwn 187 N OF MEADOWLANDS DR & MEADOWLANDS DR/HOG'S,367333.56269,5025804.76397,-75.70167230650,45.36939577410,2016-10-28,8:03:00 AM,03 - Snow,03 - Dawn,02 - Wet,10 - No control,,02 - Non-fatal injury,02 - Angle,0
16-9921,COLONNADE RD @ PRINCE OF WALES DR,367395.53976,5023265.27386,-75.70120274510,45.34654045930,2016-10-28,8:00:00 AM,02 - Rain,01 - Daylight,02 - Wet,01 - Traffic signal,01 - Functioning,02 - Non-fatal injury,03 - Rear end,0
16-9922,BELFAST RD @ ST. LAURENT BLVD,372859.89594,5030579.80424,-75.63047023800,45.41184466780,2016-10-28,8:19:00 AM,02 - Rain,01 - Daylight,02 - Wet,01 - Traffic signal,01 - Functioning,02 - Non-fatal injury,03 - Rear end,0
16-9923,LAKERIDGE DR btwn HARVEST VALLEY AVE E & LAKERIDGE DR N,385097.78883,5034580.00243,-75.47349061420,45.44653772440,2016-10-28,8:43:00 AM,03 - Snow,01 - Daylight,02 - Wet,10 - No control,,03 - P.D. only,06 - SMV unattended vehicle,0
16-9924,GREENBANK RD btwn BANNER RD & CANFIELD RD,361059.65284,5021475.38323,-75.78225335270,45.33097187860,2016-10-28,8:45:00 AM,02 - Rain,01 - Daylight,02 - Wet,10 - No control,,03 - P.D. only,04 - Sideswipe,0
16-9925,PARKDALE AVE @ SHERWOOD DR,365381.19890,5028745.42900,-75.72623374520,45.39602676840,2016-10-28,9:49:00 AM,01 - Clear,01 - Daylight,02 - Wet,01 - Traffic signal,01 - Functioning,03 - P.D. only,01 - Approaching,0
16-9926,BELFAST RD @ TRIOLE ST,372980.07028,5030623.77594,-75.62892899200,45.41222860700,2016-10-28,9:51:00 AM,02 - Rain,01 - Daylight,02 - Wet,02 - Stop sign,01 - Functioning,03 - P.D. only,02 - Angle,0
16-9927,ISABELLA ST/HWY417 IC119AR75 @ METCALFE ST,368450.35280,5030400.12611,-75.68682363240,45.41064293750,2016-10-27,3:45:00 PM,01 - Clear,01 - Daylight,01 - Dry,01 - Traffic signal,01 - Functioning,03 - P.D. only,04 - Sideswipe,0
16-9928,WEST HUNT CLUB RD EB btwn CEDARVIEW RD & GREENBANK RD,361477.48161,5020486.23332,-75.77703645250,45.32203789520,2016-10-28,10:24:00 AM,02 - Rain,01 - Daylight,02 - Wet,10 - No control,,03 - P.D. only,07 - SMV other,0
16-9929,DUNROBIN RD btwn PORCUPINE TR & THOMAS A. DOLAN PKWY,342262.38897,5031544.08647,-76.02128978870,45.42282845560,2016-10-27,10:32:00 AM,03 - Snow,01 - Daylight,04 - Slush,10 - No control,,03 - P.D. only,07 - SMV other,0
16-9930,HUNT CLUB RD @ DOWNPATRICK RD/MCCARTHY RD,370508.56256,5023400.09492,-75.66146295010,45.34746881770,2016-10-28,10:48:00 AM,01 - Clear,01 - Daylight,02 - Wet,01 - Traffic signal,01 - Functioning,03 - P.D. only,03 - Rear end,0
16-9931,ARGYLE AVE @ BANK ST,367994.76205,5030373.75553,-75.69264690950,45.41044695040,2016-10-27,8:45:00 PM,03 - Snow,07 - Dark,02 - Wet,10 - No control,,03 - P.D. only,04 - Sideswipe,0
16-9932,SHEFFIELD RD @ WALKLEY RD,375257.73510,5028784.12472,-75.60009587020,45.39545078130,2016-10-28,1:00:00 PM,02 - Rain,01 - Daylight,02 - Wet,01 - Traffic signal,01 - Functioning,03 - P.D. only,03 - Rear end,0
16-9933,HOLLAND AVE btwn WELLINGTON ST W & BYRON AVE,364934.53125,5029143.01653,-75.73188976740,45.39964267910,2016-10-28,1:05:00 PM,01 - Clear,01 - Daylight,01 - Dry,10 - No control,,03 - P.D. only,99 - Other,0
16-9934,INDUSTRIAL AVE @ ALTA VISTA DR/SANDFORD FLEMIN,370885.45050,5030556.11385,-75.65569603190,45.41182074850,2016-10-28,1:23:00 PM,02 - Rain,01 - Daylight,02 - Wet,01 - Traffic signal,00 - Unknown,03 - P.D. only,03 - Rear end,0
16-9935,ROYDON PL btwn WOODFIELD DR & WEST HUNT CLUB RD,365814.57336,5022392.86530,-75.72148355420,45.33882996500,2016-10-28,1:25:00 PM,01 - Clear,01 - Daylight,02 - Wet,10 - No control,,03 - P.D. only,05 - Turning movement,0
16-9936,PINECREST RD @ QUEENSVIEW DR,360346.02108,5023783.28646,-75.79109786330,45.35179523110,2016-10-28,2:16:00 PM,01 - Clear,01 - Daylight,01 - Dry,01 - Traffic signal,01 - Functioning,02 - Non-fatal injury,02 - Angle,0
16-9937,ORLEANS BLVD @ ST. JOSEPH BLVD,380631.51816,5036979.93148,-75.53020787110,45.46862920040,2016-10-28,2:58:00 PM,01 - Clear,01 - Daylight,02 - Wet,01 - Traffic signal,01 - Functioning,02 - Non-fatal injury,05 - Turning movement,0
16-9938,GREENBANK RD @ CANFIELD RD/CRAIG HENRY DR,361106.67700,5021363.45265,-75.78166620890,45.32996095710,2016-10-27,10:00:00 AM,01 - Clear,01 - Daylight,01 - Dry,01 - Traffic signal,01 - Functioning,02 - Non-fatal injury,03 - Rear end,0
16-9939,MARCH RD @ RICHARDSON SIDE RD,351414.49187,5021779.22545,-75.90526794820,45.33441287220,2016-10-28,3:31:00 PM,01 - Clear,01 - Daylight,01 - Dry,01 - Traffic signal,01 - Functioning,03 - P.D. only,05 - Turning movement,0
16-9940,HUNT CLUB RD @ RIVERSIDE DR,368035.04669,5021945.91258,-75.69321127610,45.33461175560,2016-10-28,3:41:00 PM,02 - Rain,01 - Daylight,02 - Wet,01 - Traffic signal,01 - Functioning,02 - Non-fatal injury,03 - Rear end,0
16-9941,PRINCE OF WALES DR btwn JOCKVALE RD & MAPLEHILL WAY,366730.69755,5012373.60008,-75.71104643870,45.24859729230,2016-10-28,3:45:00 PM,02 - Rain,01 - Daylight,02 - Wet,10 - No control,,03 - P.D. only,03 - Rear end,0
16-9942,BLACKLEAF DR @ JOCKVALE RD,365567.33590,5012899.70600,-75.72580116240,45.25343260620,2016-10-28,3:53:00 PM,01 - Clear,01 - Daylight,02 - Wet,02 - Stop sign,01 - Functioning,02 - Non-fatal injury,02 - Angle,0
16-9943,BANK ST btwn RIDEAU RD & TURN LANE,377628.74500,5016222.82182,-75.57166552010,45.28218780910,2016-10-28,4:00:00 PM,01 - Clear,01 - Daylight,02 - Wet,10 - No control,,03 - P.D. only,03 - Rear end,0
16-9944,JOCKVALE RD @ EXETER DR/TARTAN DR,363325.33581,5014773.00202,-75.75414193090,45.27047865640,2016-10-28,4:17:00 PM,01 - Clear,01 - Daylight,02 - Wet,11 - Roundabout,01 - Functioning,03 - P.D. only,03 - Rear end,0
16-9945,PARKDALE AVE @ WELLINGTON ST,365149.04198,5029270.33616,-75.72913445000,45.40076981560,2016-10-28,4:33:00 PM,01 - Clear,01 - Daylight,02 - Wet,01 - Traffic signal,01 - Functioning,03 - P.D. only,02 - Angle,0
16-9946,BLACKBURN BYPASS @ NAVAN RD,379622.87219,5033277.71099,-75.54366856730,45.43542816120,2016-10-28,5:49:00 PM,01 - Clear,01 - Daylight,01 - Dry,01 - Traffic signal,01 - Functioning,03 - P.D. only,03 - Rear end,0
16-9947,BRONSON AVE @ CARLING AVE/GLEBE AVE,367447.26436,5029336.67342,-75.69977261840,45.40116481520,2016-10-28,4:45:00 PM,01 - Clear,01 - Daylight,02 - Wet,01 - Traffic signal,01 - Functioning,03 - P.D. only,03 - Rear end,0
16-9948,NORICE ST @ WOODROFFE AVE,363196.34031,5022396.24996,-75.75488763990,45.33908323320,2016-10-28,5:01:00 PM,02 - Rain,01 - Daylight,02 - Wet,01 - Traffic signal,01 - Functioning,03 - P.D. only,03 - Rear end,0
16-9949,ERINDALE DR @ BASELINE RD,363857.40201,5024575.57189,-75.74619325150,45.35863720680,2016-10-28,5:42:00 PM,01 - Clear,07 - Dark,01 - Dry,02 - Stop sign,01 - Functioning,02 - Non-fatal injury,02 - Angle,0
16-9950,ALBION RD @ LESTER RD,372693.91504,5022332.08182,-75.63372439520,45.33765106920,2016-10-28,6:04:00 PM,02 - Rain,05 - Dusk,02 - Wet,01 - Traffic signal,00 - Unknown,03 - P.D. only,03 - Rear end,0
16-9951,WELLINGTON ST btwn BAY ST & LYON ST N,366844.77484,5031370.22741,-75.70721184610,45.41951580850,2016-10-28,5:40:00 PM,01 - Clear,01 - Daylight,01 - Dry,10 - No control,,03 - P.D. only,04 - Sideswipe,0
16-9952,DEAKIN ST @ PRINCE OF WALES DR,367392.36741,5021523.07372,-75.70146361220,45.33086474790,2016-10-28,4:20:00 PM,02 - Rain,01 - Daylight,02 - Wet,01 - Traffic signal,01 - Functioning,03 - P.D. only,03 - Rear end,0
16-9953,RIDEAU ST btwn KING EDWARD AVE & NELSON ST,368605.07096,5032471.29420,-75.68457898520,45.42926449310,2016-10-28,6:46:00 PM,01 - Clear,07 - Dark,01 - Dry,10 - No control,,03 - P.D. only,05 - Turning movement,0
16-9954,GEORGE ST @ DALHOUSIE ST,368157.69760,5032315.17562,-75.69031587110,45.42790046310,2016-10-28,6:48:00 PM,01 - Clear,07 - Dark,01 - Dry,01 - Traffic signal,01 - Functioning,02 - Non-fatal injury,07 - SMV other,1
16-9955,DEAKIN ST @ PRINCE OF WALES DR,367390.05248,5021522.82918,-75.70149317310,45.33086275440,2016-10-28,6:55:00 PM,01 - Clear,07 - Dark,02 - Wet,01 - Traffic signal,01 - Functioning,02 - Non-fatal injury,02 - Angle,0
16-9956,8TH LINE RD btwn FOREST GREEN CRES & PANA RD,384396.21173,5013941.89605,-75.48578050160,45.26093177140,2016-10-28,7:09:00 PM,01 - Clear,07 - Dark,01 - Dry,10 - No control,,03 - P.D. only,02 - Angle,0
16-9957,BLEEKS RD btwn DWYER HILL RD & BAYBERRY LANE,348327.84241,5002445.22863,-75.94633985400,45.16063586040,2016-10-28,7:16:00 PM,01 - Clear,07 - Dark,01 - Dry,10 - No control,,03 - P.D. only,02 - Angle,0
16-9958,BARNSDALE RD S @ TWIN ELM RD S,360232.03688,5007720.29686,-75.79434642010,45.20726788640,2016-10-28,7:28:00 PM,01 - Clear,07 - Dark,02 - Wet,02 - Stop sign,01 - Functioning,03 - P.D. only,07 - SMV other,0
16-9959,BANK ST btwn THIRD AVE & FOURTH AVE,368338.68665,5029545.19627,-75.68836027570,45.40296070140,2016-10-28,7:35:00 PM,02 - Rain,07 - Dark,02 - Wet,10 - No control,,03 - P.D. only,06 - SMV unattended vehicle,0
16-9960,PARKWAY RD btwn SALE BARN RD & JOHN QUINN RD,381306.99672,5015765.68707,-75.52485664970,45.27768406310,2016-10-31,12:58:00 PM,02 - Rain,01 - Daylight,02 - Wet,10 - No control,,03 - P.D. only,07 - SMV other,0
16-9961,RIVERSIDE DR @ UPLANDS DR/KIMBERWICK CRES N,368194.71600,5022793.91448,-75.69106568300,45.34222749360,2016-10-28,8:54:00 PM,01 - Clear,07 - Dark,01 - Dry,01 - Traffic signal,01 - Functioning,02 - Non-fatal injury,03 - Rear end,0
16-9962,HAZELDEAN RD @ TERRY FOX DR,352207.39146,5017242.23146,-75.89558641600,45.29353484600,2016-10-28,9:12:00 PM,01 - Clear,07 - Dark,01 - Dry,01 - Traffic signal,01 - Functioning,03 - P.D. only,05 - Turning movement,0
16-9963,DWYER HILL RD btwn MCCAFFREY TR & BLEEKS RD,346230.71657,5001258.12542,-75.97311190880,45.15007978950,2016-10-28,9:26:00 PM,01 - Clear,07 - Dark,01 - Dry,10 - No control,,03 - P.D. only,03 - Rear end,0
16-9964,SUNNING HILLS CRES btwn STIVER RD & BALDWIN ST,337729.25437,5039939.82327,-76.07865207130,45.49860350170,2016-10-29,6:24:00 AM,02 - Rain,07 - Dark,02 - Wet,10 - No control,,03 - P.D. only,07 - SMV other,0
16-9965,ATHLONE AVE btwn SCOTT ST & RICHMOND RD,363394.76885,5028579.92071,-75.75162263380,45.39470660090,2016-10-29,12:00:00 AM,02 - Rain,00 - Unknown,02 - Wet,10 - No control,,03 - P.D. only,06 - SMV unattended vehicle,0
16-9966,BRITANNIA RD @ DON ST,360011.09433,5025110.65486,-75.79522375730,45.36376531190,2016-10-29,11:48:00 AM,02 - Rain,01 - Daylight,02 - Wet,02 - Stop sign,01 - Functioning,03 - P.D. only,02 - Angle,0
16-9967,FOREST VALLEY DR @ ORLEANS BLVD,380257.65101,5034818.47381,-75.53532019470,45.44922257650,2016-10-29,1:25:00 PM,02 - Rain,01 - Daylight,02 - Wet,01 - Traffic signal,01 - Functioning,02 - Non-fatal injury,05 - Turning movement,0
16-9968,ALBERT ST btwn SLATER ST & BRICKHILL ST,366591.84919,5030735.27481,-75.71052295770,45.41382507260,2016-10-29,12:26:00 PM,02 - Rain,01 - Daylight,02 - Wet,10 - No control,,03 - P.D. only,04 - Sideswipe,0
16-9969,BAYCREST DR @ SANDALWOOD DR,371357.42862,5026703.62716,-75.65018645650,45.37711284650,2016-10-29,12:28:00 PM,01 - Clear,01 - Daylight,02 - Wet,03 - Yield sign,01 - Functioning,03 - P.D. only,02 - Angle,0
16-9970,BANK ST btwn LANSDOWNE PARK & WILTON CRES,368559.00006,5029010.07698,-75.68561546640,45.39812583670,2016-10-29,1:12:00 PM,02 - Rain,01 - Daylight,02 - Wet,10 - No control,,03 - P.D. only,04 - Sideswipe,0
16-9971,HUNT CLUB RD @ RIVERSIDE DR,368036.70300,5021946.74074,-75.69319004040,45.33461905740,2016-10-29,1:56:00 PM,01 - Clear,01 - Daylight,01 - Dry,01 - Traffic signal,01 - Functioning,03 - P.D. only,03 - Rear end,0
16-9972,ORLEANS BLVD btwn BEAUSEJOUR DR & BOYER RD,380710.56748,5035371.35614,-75.52944544450,45.45414793450,2016-10-29,2:40:00 PM,01 - Clear,01 - Daylight,01 - Dry,10 - No control,,03 - P.D. only,02 - Angle,0
16-9973,HWY 417 MAITLAND IC126R25 @ MAITLAND AVE,363252.14448,5025716.53701,-75.75378311390,45.36895420330,2016-10-29,3:55:00 PM,01 - Clear,01 - Daylight,01 - Dry,10 - No control,00 - Unknown,03 - P.D. only,03 - Rear end,0
16-9974,BANK ST btwn ARENA PL & WHITE ALDER AVE,375689.65932,5020833.20797,-75.59572027080,45.32386855030,2016-10-29,4:08:00 PM,01 - Clear,01 - Daylight,02 - Wet,10 - No control,,03 - P.D. only,03 - Rear end,0
16-9975,VIEWMOUNT DR btwn MERIVALE RD & GRANT CARMAN DR,365237.60489,5022973.96192,-75.72877373150,45.34410853580,2016-10-29,4:14:00 PM,01 - Clear,01 - Daylight,02 - Wet,10 - No control,,02 - Non-fatal injury,02 - Angle,0
16-9976,RICHMOND RD @ ROBERTSON RD,357577.65510,5020749.06702,-75.82675005720,45.32470692890,2016-10-29,5:48:00 PM,02 - Rain,07 - Dark,02 - Wet,01 - Traffic signal,01 - Functioning,03 - P.D. only,03 - Rear end,0
16-9977,LAURIER AVE   W btwn KENT ST & BANK ST,367404.08120,5031219.26558,-75.70008508720,45.41810767780,2016-10-29,7:08:00 PM,01 - Clear,07 - Dark,01 - Dry,10 - No control,,02 - Non-fatal injury,05 - Turning movement,0
16-9978,ST. LAURENT BLVD @ COVENTRY RD/OGILVIE RD,372304.91702,5031950.85102,-75.63737198050,45.42423447430,2016-10-29,6:55:00 PM,02 - Rain,07 - Dark,02 - Wet,01 - Traffic signal,01 - Functioning,03 - P.D. only,03 - Rear end,0
16-9979,BLACKLEAF DR @ JOCKVALE RD,365567.33590,5012899.70600,-75.72580116240,45.25343260620,2016-10-29,7:49:00 PM,01 - Clear,07 - Dark,02 - Wet,02 - Stop sign,01 - Functioning,03 - P.D. only,02 - Angle,0
16-9980,REGIONAL ROAD 174 btwn CANAAN RD & END,395843.86569,5043440.46621,-75.33449910800,45.52493470640,2016-10-29,10:36:00 PM,01 - Clear,07 - Dark,01 - Dry,10 - No control,,03 - P.D. only,07 - SMV other,0
16-9981,BASELINE RD @ WOODROFFE AVE,362549.03158,5023770.72424,-75.76298585950,45.35150424200,2016-10-30,12:27:00 AM,01 - Clear,07 - Dark,01 - Dry,01 - Traffic signal,01 - Functioning,02 - Non-fatal injury,99 - Other,0
16-9982,WOODROFFE AVE btwn GRENFELL CRES & 260 N OF FALLOWFIELD RD/TRANSITWAY,364661.75546,5018948.00758,-75.73660805580,45.30793274080,2016-10-30,1:13:00 AM,01 - Clear,07 - Dark,01 - Dry,10 - No control,,03 - P.D. only,07 - SMV other,0
16-9983,UPLANDS DR @ AIRPORT PKWY RAMP 35,371123.13865,5021373.96989,-75.65389249270,45.32918049180,2016-10-30,2:07:00 AM,01 - Clear,07 - Dark,02 - Wet,01 - Traffic signal,01 - Functioning,02 - Non-fatal injury,02 - Angle,0
16-9984,RICHMOND RD btwn PERTH ST & CAMBRIAN RD,358670.52738,5007869.23061,-75.81420698780,45.20872911230,2016-10-30,9:58:00 AM,01 - Clear,01 - Daylight,01 - Dry,10 - No control,,03 - P.D. only,07 - SMV other,0
16-9985,CARLING AVE @ RICHMOND RD,360245.89854,5024781.73184,-75.79226358660,45.36078714020,2016-10-30,10:02:00 AM,01 - Clear,01 - Daylight,01 - Dry,01 - Traffic signal,01 - Functioning,03 - P.D. only,02 - Angle,0
16-9986,GLEN PARK DR btwn COMPATA WAY & FAIRGLEN MEWS,377930.01368,5032589.77065,-75.56540469620,45.42941762010,2016-10-30,12:00:00 AM,01 - Clear,00 - Unknown,02 - Wet,10 - No control,,03 - P.D. only,06 - SMV unattended vehicle,0
16-9987,BANK ST @ CHAMBERLAIN AVE N/ISABELLA ST,368082.49256,5030166.78174,-75.69155277830,45.40857673880,2016-10-30,3:08:00 PM,01 - Clear,01 - Daylight,01 - Dry,01 - Traffic signal,01 - Functioning,02 - Non-fatal injury,02 - Angle,0
16-9988,CARP RD btwn HWY417 IC144 RAMP25 & WESTBROOK RD,347593.16710,5015601.13659,-75.95455351390,45.27906383150,2016-10-30,3:34:00 PM,01 - Clear,01 - Daylight,01 - Dry,10 - No control,,03 - P.D. only,07 - SMV other,0
16-9989,MONTREAL RD @ ST. LAURENT BLVD,371545.04428,5033816.93608,-75.64682814670,45.44109757080,2016-10-30,4:13:00 PM,01 - Clear,01 - Daylight,01 - Dry,01 - Traffic signal,01 - Functioning,02 - Non-fatal injury,02 - Angle,0
16-9990,EAGLESON RD @ FERNBANK RD,354797.97068,5015586.76608,-75.86272702420,45.27845905990,2016-10-30,5:35:00 PM,01 - Clear,01 - Daylight,01 - Dry,01 - Traffic signal,01 - Functioning,01 - Fatal injury,05 - Turning movement,0
16-9991,MONTAGUE BOUNDARY RD btwn MCKENNA RD & PINERY RD (MONTAGUE TWP),351054.27814,4988872.88894,-75.91291520900,45.03833049820,2016-10-30,6:25:00 PM,01 - Clear,07 - Dark,01 - Dry,10 - No control,,03 - P.D. only,07 - SMV other,0
16-9992,DALMENY RD @ DALMENY RD EXTENSION,377405.72490,4998957.30790,-75.57702365030,45.12686044810,2016-10-30,6:50:00 PM,02 - Rain,07 - Dark,02 - Wet,02 - Stop sign,01 - Functioning,02 - Non-fatal injury,01 - Approaching,0
16-9993,BASELINE RD btwn ST. HELEN'S PL & CLYDE AVE,364135.77243,5024747.93375,-75.74261976040,45.36016459320,2016-10-30,7:06:00 PM,01 - Clear,07 - Dark,01 - Dry,10 - No control,,01 - Fatal injury,05 - Turning movement,0
16-9994,BANK ST btwn RANDALL AVE & 73 N OF EVANS BLVD,369791.75594,5027220.85335,-75.67010694450,45.38191365970,2016-10-31,7:03:00 AM,01 - Clear,01 - Daylight,01 - Dry,10 - No control,,03 - P.D. only,04 - Sideswipe,0
16-9995,FRANKTOWN RD btwn SKEEL CRT & DWYER HILL RD,348252.14315,4998596.59989,-75.94763721680,45.12600832950,2016-10-31,7:31:00 AM,01 - Clear,01 - Daylight,01 - Dry,10 - No control,,03 - P.D. only,07 - SMV other,0
16-9996,MARCH RD @ SOLANDT RD,350491.26481,5022708.43201,-75.91696053720,45.34283480450,2016-10-31,8:05:00 AM,01 - Clear,01 - Daylight,01 - Dry,01 - Traffic signal,01 - Functioning,03 - P.D. only,03 - Rear end,0
16-9997,FALLINGWATER CIRC btwn Continuation of FALLINGWATER CIRC & Continuatio,364301.62987,5012850.22602,-75.74193122680,45.25309554850,2016-10-31,10:02:00 AM,01 - Clear,01 - Daylight,01 - Dry,10 - No control,,03 - P.D. only,06 - SMV unattended vehicle,0
16-9998,CARLING AVE @ IROQUOIS RD,362213.02738,5026024.87148,-75.76701184410,45.37181446020,2016-10-31,10:13:00 AM,01 - Clear,01 - Daylight,01 - Dry,01 - Traffic signal,01 - Functioning,02 - Non-fatal injury,02 - Angle,0
16-9999,BASELINE RD/HWY 416 RICHMOND IC75R53 @ RICHMON,358633.43363,5021823.03288,-75.81316635640,45.33429035860,2016-10-31,11:33:00 AM,01 - Clear,01 - Daylight,01 - Dry,01 - Traffic signal,01 - Functioning,03 - P.D. only,03 - Rear end,0
16-10000,SOUTHVALE CRES btwn RUSSELL RD & ERINBROOK CRES,373806.05580,5029107.16293,-75.61858966920,45.39850189420,2016-10-31,12:00:00 AM,01 - Clear,00 - Unknown,01 - Dry,10 - No control,,03 - P.D. only,06 - SMV unattended vehicle,0
16-10001,ANDERSON RD btwn NINTH LINE RD & MITCH OWENS RD,382441.32244,5019974.28913,-75.50974198970,45.31542624200,2016-10-31,12:10:00 PM,01 - Clear,01 - Daylight,01 - Dry,10 - No control,,02 - Non-fatal injury,07 - SMV other,0
16-10002,RIVERSIDE DR @ HERON RD,368121.93306,5026646.80702,-75.69150071130,45.37690147090,2016-10-31,12:18:00 PM,01 - Clear,01 - Daylight,01 - Dry,01 - Traffic signal,01 - Functioning,02 - Non-fatal injury,03 - Rear end,0
16-10003,LEITRIM RD @ LIMEBANK RD S,369355.58445,5017878.93058,-75.67689481480,45.29789763860,2016-10-31,11:53:00 AM,01 - Clear,01 - Daylight,01 - Dry,01 - Traffic signal,01 - Functioning,03 - P.D. only,07 - SMV other,0
16-10004,CARLING AVE @ WESTGATE SC E,364800.97522,5027659.03886,-75.73377601610,45.38630160680,2016-10-31,12:53:00 PM,01 - Clear,01 - Daylight,01 - Dry,01 - Traffic signal,01 - Functioning,03 - P.D. only,99 - Other,0
16-10005,CLIFTON RD @ RICHMOND RD,363708.46666,5028598.77044,-75.74761415460,45.39484988700,2016-10-29,3:50:00 PM,01 - Clear,01 - Daylight,01 - Dry,02 - Stop sign,01 - Functioning,03 - P.D. only,02 - Angle,0
16-10006,BEECHWOOD AVE @ SPRINGFIELD RD,369238.35771,5033651.51851,-75.67633202010,45.43982562760,2016-10-31,1:02:00 PM,01 - Clear,01 - Daylight,01 - Dry,01 - Traffic signal,01 - Functioning,02 - Non-fatal injury,07 - SMV other,1