Record,Location,X,Y,Longitude,Latitude,Date,Time,Environment,Light,Road_Surface,Traffic_Control,Collision_Location,Collision_Classification,Impact_type,Pedestrian
16-10218,GREENBANK RD btwn MEADOWBANK DR & HARRISON ST,360783.95066,5022137.86446,-75.78569547870,45.33695493170,2016-11-06,12:42:00 PM,01 - Clear,01 - Daylight,01 - Dry,10 - No control,,03 - P.D. only,03 - Rear end,0
16-10219,FROBISHER LANE @ OLD RIVERSIDE DR,370170.70810,5029578.05142,-75.66495624220,45.40308763940,2016-11-06,12:47:00 PM,01 - Clear,01 - Daylight,01 - Dry,02 - Stop sign,01 - Functioning,02 - Non-fatal injury,03 - Rear end,0
16-10220,KATIMAVIK RD btwn PALLADIUM DR & DAVIS AVE,351301.18798,5018226.90978,-75.90704695400,45.30245580290,2016-11-06,12:53:00 PM,01 - Clear,01 - Daylight,01 - Dry,10 - No control,,02 - Non-fatal injury,03 - Rear end,0
16-10221,JEANNE D'ARC BLVD @ FORTUNE DR/VINEYARD DR,379237.90044,5037375.18412,-75.54796816090,45.47233529830,2016-11-06,2:31:00 PM,01 - Clear,01 - Daylight,01 - Dry,01 - Traffic signal,01 - Functioning,02 - Non-fatal injury,07 - SMV other,1
16-10222,CLEROUX CRES E @ INNES RD E,379411.90554,5033668.04678,-75.54630545020,45.43896266640,2016-11-06,2:40:00 PM,01 - Clear,01 - Daylight,01 - Dry,02 - Stop sign,01 - Functioning,03 - P.D. only,04 - Sideswipe,0
16-10223,CYRVILLE RD @ INNES RD,375046.89654,5031119.15012,-75.60245575070,45.41648130510,2016-11-06,3:11:00 PM,01 - Clear,01 - Daylight,01 - Dry,01 - Traffic signal,01 - Functioning,02 - Non-fatal injury,03 - Rear end,0
16-10224,ALBION RD @ LESTER RD,372694.96274,5022332.71544,-75.63371094190,45.33765666870,2016-11-06,3:21:00 PM,01 - Clear,01 - Daylight,01 - Dry,01 - Traffic signal,01 - Functioning,02 - Non-fatal injury,02 - Angle,0
16-10225,DUNROBIN RD btwn VANCES SIDE RD & PORCUPINE TR,340164.40481,5033673.24477,-76.04794492350,45.44209638630,2016-11-06,3:30:00 PM,01 - Clear,01 - Daylight,01 - Dry,10 - No control,,03 - P.D. only,04 - Sideswipe,0
16-10226,OGILVIE RD @ BATHGATE DR/CITYPARK DR W,373829.44234,5032798.75199,-75.61777391600,45.43171466750,2016-11-06,3:45:00 PM,01 - Clear,01 - Daylight,01 - Dry,01 - Traffic signal,01 - Functioning,02 - Non-fatal injury,07 - SMV other,1
16-10227,HWY 417 VANIER IC117R63 @ VANIER PKWY,370800.24790,5031397.05533,-75.65667183330,45.41939523710,2016-11-06,4:07:00 PM,01 - Clear,01 - Daylight,01 - Dry,01 - Traffic signal,01 - Functioning,02 - Non-fatal injury,02 - Angle,0
16-10228,HAWTHORNE RD @ HUNT CLUB RD,375506.92174,5026407.77144,-75.59725398880,45.37404442860,2016-11-06,4:25:00 PM,01 - Clear,05 - Dusk,01 - Dry,01 - Traffic signal,01 - Functioning,03 - P.D. only,03 - Rear end,0
16-10229,VICTORIA ST btwn CARTWRIGHT RD & BOUNDARY RD,390741.35525,5013623.59444,-75.40499965010,45.25732144950,2016-11-06,4:52:00 PM,01 - Clear,07 - Dark,01 - Dry,10 - No control,,03 - P.D. only,01 - Approaching,0
16-10230,KINBURN SIDE RD btwn DONALD B. MUNRO DR & MARY ST,328952.57807,5027826.76169,-76.19154710630,45.38996445580,2016-11-06,5:25:00 PM,01 - Clear,07 - Dark,01 - Dry,10 - No control,,02 - Non-fatal injury,03 - Rear end,0
16-10231,MURRAY ST @ SUSSEX DR,367707.47023,5032394.65612,-75.69605885930,45.42865624060,2016-11-06,6:10:00 PM,01 - Clear,07 - Dark,01 - Dry,01 - Traffic signal,01 - Functioning,02 - Non-fatal injury,02 - Angle,0
16-10232,INDUSTRIAL AVE btwn RUSSELL RD & ST. LAURENT BLVD,373001.59348,5029958.36582,-75.62874609960,45.40623945810,2016-11-06,6:23:00 PM,01 - Clear,07 - Dark,01 - Dry,10 - No control,,03 - P.D. only,04 - Sideswipe,0
16-10233,MARCH RD btwn UPPER DWYER HILL RD & PETER ROBINSON RD,334121.34969,5014336.32732,-76.12633698990,45.26837327000,2016-11-06,10:16:00 PM,01 - Clear,07 - Dark,01 - Dry,10 - No control,,03 - P.D. only,07 - SMV other,0
16-10234,MEADOWLANDS DR @ MERIVALE RD,364858.04128,5023725.29086,-75.73352555580,45.35090149670,2016-11-06,11:17:00 PM,01 - Clear,07 - Dark,01 - Dry,01 - Traffic signal,01 - Functioning,03 - P.D. only,02 - Angle,0
16-10235,MEADOWLANDS DR @ NESS ST,366415.41423,5024944.61863,-75.71349988810,45.36173768010,2016-11-06,11:25:00 PM,01 - Clear,07 - Dark,01 - Dry,02 - Stop sign,00 - Unknown,02 - Non-fatal injury,07 - SMV other,1
16-10236,GREGG ST btwn JUNCTION AVE & CLOVER ST,369290.18781,5026569.28286,-75.67659600470,45.37609737910,2016-11-07,5:56:00 AM,01 - Clear,07 - Dark,01 - Dry,10 - No control,,03 - P.D. only,06 - SMV unattended vehicle,0
16-10237,BOOTH ST btwn TRANSIT & WELLINGTON ST,366396.77515,5030688.52420,-75.71302090600,45.41342162220,2016-11-07,6:05:00 AM,01 - Clear,07 - Dark,01 - Dry,10 - No control,,03 - P.D. only,04 - Sideswipe,0
16-10238,SAUBLE DR btwn YOHO DR & STEEPLE CHASE DR,355245.40085,5017409.46892,-75.85683912790,45.29482815180,2016-11-07,7:32:00 AM,01 - Clear,01 - Daylight,01 - Dry,10 - No control,,03 - P.D. only,06 - SMV unattended vehicle,0
16-10239,HAWTHORNE RD @ HUNT CLUB RD,375507.74990,5026404.45881,-75.59724389040,45.37401453990,2016-11-07,6:45:00 AM,01 - Clear,03 - Dawn,01 - Dry,01 - Traffic signal,01 - Functioning,03 - P.D. only,03 - Rear end,0
16-10240,BANK ST btwn KITCHENER AVE & TO BE DETERMINED,370543.94964,5025493.82461,-75.66073295330,45.36630424260,2016-11-07,8:19:00 AM,01 - Clear,01 - Daylight,01 - Dry,10 - No control,,03 - P.D. only,04 - Sideswipe,0
16-10241,BANK ST @ JOHNSTON RD,370851.73050,5024837.45751,-75.65689207560,45.36036952840,2016-11-07,9:03:00 AM,01 - Clear,01 - Daylight,01 - Dry,01 - Traffic signal,01 - Functioning,02 - Non-fatal injury,03 - Rear end,0
16-10242,CARLING AVE @ MAITLAND AVE/SHERBOURNE RD,362942.03928,5026488.30756,-75.75765082300,45.37592429730,2016-11-07,9:02:00 AM,01 - Clear,01 - Daylight,01 - Dry,01 - Traffic signal,01 - Functioning,03 - P.D. only,04 - Sideswipe,0
16-10243,BIRCH AVE @ HEMLOCK RD,370286.61768,5034693.79511,-75.66279560230,45.44910617330,2016-11-07,9:04:00 AM,01 - Clear,01 - Daylight,01 - Dry,01 - Traffic signal,01 - Functioning,03 - P.D. only,02 - Angle,0
16-10244,ELGIN ST btwn COOPER ST & SOMERSET ST W,368123.85479,5031265.37772,-75.69088327160,45.41845780570,2016-11-07,9:14:00 AM,01 - Clear,01 - Daylight,01 - Dry,10 - No control,,03 - P.D. only,07 - SMV other,0
16-10245,PRINCE OF WALES DR btwn TURN LANE & WEST HUNT CLUB RD,367457.17353,5021877.23327,-75.70059208180,45.33404563020,2016-11-07,9:17:00 AM,01 - Clear,01 - Daylight,01 - Dry,10 - No control,,03 - P.D. only,03 - Rear end,0
16-10246,WOODROFFE AVE btwn BASELINE RD & WOODROFFE AVE,362550.56835,5023765.23576,-75.76296688890,45.35145473120,2016-11-07,9:22:00 AM,01 - Clear,01 - Daylight,01 - Dry,10 - No control,,03 - P.D. only,04 - Sideswipe,0
16-10247,LAURIER AVE   W btwn BRONSON AVE & PERCY ST,366850.58464,5030887.69444,-75.70719837960,45.41517360460,2016-11-07,10:15:00 AM,01 - Clear,01 - Daylight,01 - Dry,10 - No control,,02 - Non-fatal injury,02 - Angle,0
16-10248,OLD INNES RD @ BANTREE ST,373727.03180,5030348.08605,-75.61942546250,45.40967491280,2016-11-07,10:20:00 AM,01 - Clear,01 - Daylight,01 - Dry,02 - Stop sign,01 - Functioning,03 - P.D. only,05 - Turning movement,0
16-10249,LAURIER AVE @ O'CONNOR ST,367635.87254,5031358.99138,-75.69710587950,45.41934410730,2016-10-19,9:50:00 AM,01 - Clear,01 - Daylight,01 - Dry,01 - Traffic signal,01 - Functioning,03 - P.D. only,04 - Sideswipe,0
16-10250,TERRY FOX DR @ EDGEWATER ST/WALTER BAKER PL,351779.29904,5017612.95287,-75.90100889900,45.29689944720,2016-11-07,12:34:00 PM,01 - Clear,01 - Daylight,01 - Dry,01 - Traffic signal,01 - Functioning,03 - P.D. only,02 - Angle,0
16-10251,VANIER PKWY NB btwn BEECHWOOD AVE/ ST. PATRICK ST/CRICHTON ST & DESCHA,369197.94327,5033458.74836,-75.67687377500,45.43809488280,2016-11-07,12:40:00 PM,01 - Clear,01 - Daylight,01 - Dry,10 - No control,,02 - Non-fatal injury,03 - Rear end,0
16-10252,WEST HUNT CLUB RD EB btwn KNOXDALE RD & WOODROFFE AVE,363471.10508,5021098.66291,-75.75153587560,45.32738471180,2016-11-07,2:15:00 PM,01 - Clear,01 - Daylight,01 - Dry,10 - No control,,02 - Non-fatal injury,07 - SMV other,0
16-10253,CONROY RD @ HUNT CLUB RD,373764.56816,5025403.28056,-75.61963692940,45.36518008820,2016-11-07,3:30:00 PM,01 - Clear,01 - Daylight,01 - Dry,01 - Traffic signal,01 - Functioning,03 - P.D. only,03 - Rear end,0
16-10254,BASELINE RD @ WOODROFFE AVE,362548.86204,5023770.91878,-75.76298800110,45.35150600690,2016-11-07,3:48:00 PM,01 - Clear,01 - Daylight,01 - Dry,01 - Traffic signal,01 - Functioning,03 - P.D. only,03 - Rear end,0
16-10255,MOODIE DR @ WEST HUNT CLUB RD,357907.43216,5018498.67524,-75.82278483320,45.30443280830,2016-11-07,4:09:00 PM,01 - Clear,01 - Daylight,01 - Dry,01 - Traffic signal,01 - Functioning,02 - Non-fatal injury,02 - Angle,0
16-10256,SHEFFIELD RD @ WALKLEY RD,375257.63165,5028784.86463,-75.60009708500,45.39545744900,2016-11-07,4:10:00 PM,01 - Clear,01 - Daylight,01 - Dry,01 - Traffic signal,01 - Functioning,03 - P.D. only,02 - Angle,0
16-10257,SCOTT ST @ WESTERN AVE,364207.34501,5029268.31336,-75.74116234500,45.40083215820,2016-11-07,4:22:00 PM,01 - Clear,05 - Dusk,01 - Dry,02 - Stop sign,00 - Unknown,03 - P.D. only,03 - Rear end,0
16-10258,HAWTHORNE RD/RUSSELL RD @ WALKLEY RD,374676.38599,5028500.36974,-75.60756028780,45.39295594840,2016-11-07,4:24:00 PM,01 - Clear,05 - Dusk,01 - Dry,01 - Traffic signal,01 - Functioning,03 - P.D. only,03 - Rear end,0
16-10259,AIRPORT PARKWAY PRIV btwn Continuation of AIRPORT PARKWAY PRIV & TRACK,370091.42610,5020665.65333,-75.66714640610,45.32290396950,2016-11-07,4:31:00 PM,01 - Clear,05 - Dusk,01 - Dry,10 - No control,,02 - Non-fatal injury,03 - Rear end,0
16-10260,FROBISHER LANE W @ RIVERSIDE DR,370118.75706,5029601.27717,-75.66561671570,45.40330146600,2016-11-07,4:56:00 PM,01 - Clear,05 - Dusk,01 - Dry,01 - Traffic signal,01 - Functioning,03 - P.D. only,04 - Sideswipe,0
16-10261,HALTON TER btwn KLONDIKE RD & WIMBLEDON WAY,348647.85163,5023458.75713,-75.94041558310,45.34970406520,2016-11-07,5:11:00 PM,01 - Clear,07 - Dark,01 - Dry,10 - No control,,03 - P.D. only,06 - SMV unattended vehicle,0
16-10262,QUEENSVIEW DR btwn PINECREST RD & END,360477.10679,5023836.70150,-75.78941900590,45.35226546280,2016-11-07,5:19:00 PM,01 - Clear,05 - Dusk,01 - Dry,10 - No control,,03 - P.D. only,05 - Turning movement,0
16-10263,VIEWMOUNT DR @ MERIVALE RD,365193.47756,5022948.27586,-75.72933991160,45.34388121720,2016-11-07,5:26:00 PM,01 - Clear,07 - Dark,01 - Dry,01 - Traffic signal,01 - Functioning,02 - Non-fatal injury,05 - Turning movement,0
16-10264,ST. JOSEPH BLVD @ JEANNE D'ARC BLVD,379860.52296,5036470.92228,-75.54014428800,45.46413281320,2016-11-07,5:25:00 PM,01 - Clear,07 - Dark,02 - Wet,11 - Roundabout,01 - Functioning,03 - P.D. only,04 - Sideswipe,0
16-10265,CARLING AVE @ CIVIC HOSPITAL,365790.51181,5028277.83646,-75.72106413220,45.39178394540,2016-11-07,5:58:00 PM,01 - Clear,07 - Dark,01 - Dry,01 - Traffic signal,01 - Functioning,03 - P.D. only,05 - Turning movement,0
16-10266,CHICKASAW CRES btwn PALOMINO DR & PALOMINO DR,354318.61427,5017444.65761,-75.86865108560,45.29521071240,2016-11-07,6:45:00 PM,01 - Clear,07 - Dark,01 - Dry,10 - No control,,03 - P.D. only,06 - SMV unattended vehicle,0
16-10267,BEVERLY ST @ STITTSVILLE MAIN ST,349842.75544,5013825.83868,-75.92604245730,45.26294855920,2016-11-07,6:52:00 PM,01 - Clear,07 - Dark,01 - Dry,01 - Traffic signal,01 - Functioning,03 - P.D. only,03 - Rear end,0
16-10268,RICHMOND RD btwn WEST HUNT CLUB RD & STONEHAVEN DR,357144.81914,5018139.21178,-75.83254680870,45.30125555220,2016-11-07,8:25:00 PM,01 - Clear,07 - Dark,01 - Dry,10 - No control,,03 - P.D. only,07 - SMV other,0
16-10269,COLONEL BY DR @ HAWTHORNE AVE/PRETORIA BRIDGE,368767.49066,5030524.90828,-75.68275620140,45.41173677000,2016-11-07,10:29:00 PM,01 - Clear,07 - Dark,01 - Dry,01 - Traffic signal,01 - Functioning,03 - P.D. only,02 - Angle,0
16-10270,REGIONAL ROAD 174 btwn OR174 IC105 RAMP35 & OR174 IC105 RAMP25,379638.43386,5037131.46048,-75.54288333020,45.47009965530,2016-11-08,1:00:00 AM,01 - Clear,07 - Dark,01 - Dry,10 - No control,,03 - P.D. only,07 - SMV other,0
16-10271,ALERT RD/AIRPORT PKWY/UPLANDS DR RAMP 62 @ LES,371306.83172,5021353.48864,-75.65155206610,45.32897882380,2016-11-08,1:23:00 AM,01 - Clear,07 - Dark,01 - Dry,01 - Traffic signal,01 - Functioning,03 - P.D. only,02 - Angle,0
16-10272,WILHAVEN DR btwn EMMETT RD & BECKETT'S CREEK RD,394177.35157,5041293.59453,-75.35622011320,45.50583579080,2016-11-08,7:07:00 AM,01 - Clear,03 - Dawn,01 - Dry,10 - No control,,03 - P.D. only,07 - SMV other,0
16-10273,BOWER ST btwn MUTCHMOR RD & MAIN ST,369326.46402,5029703.91718,-75.67572299500,45.40429846490,2016-11-08,7:10:00 AM,01 - Clear,03 - Dawn,01 - Dry,10 - No control,,03 - P.D. only,06 - SMV unattended vehicle,0
16-10274,JEANNE D'ARC BLVD  N btwn VINEYARD DR & OR174 IC105 RAMP36,379241.11187,5037367.06178,-75.54792832330,45.47226187780,2016-11-08,7:16:00 AM,01 - Clear,01 - Daylight,01 - Dry,10 - No control,,03 - P.D. only,01 - Approaching,0
16-10275,HUNT CLUB RD @ RIVERSIDE DR,368036.70300,5021944.25626,-75.69319035790,45.33459670320,2016-11-07,7:55:00 PM,01 - Clear,07 - Dark,01 - Dry,01 - Traffic signal,01 - Functioning,03 - P.D. only,03 - Rear end,0
16-10276,INDUSTRIAL AVE btwn TRAINYARDS DR & RUSSELL RD,372220.71292,5030389.68663,-75.63866147810,45.41019594450,2016-11-08,7:56:00 AM,01 - Clear,01 - Daylight,01 - Dry,10 - No control,,03 - P.D. only,02 - Angle,0
16-10277,CENTER ST btwn MONTREAL RD & PAUL AVE,371933.45343,5033666.62612,-75.64188434930,45.43970796410,2016-11-08,7:50:00 AM,01 - Clear,01 - Daylight,01 - Dry,10 - No control,,03 - P.D. only,99 - Other,0
16-10278,LAURIER AVE @ O'CONNOR ST,367635.04439,5031357.33506,-75.69711667080,45.41932927880,2016-11-08,8:14:00 AM,01 - Clear,01 - Daylight,01 - Dry,01 - Traffic signal,00 - Unknown,03 - P.D. only,04 - Sideswipe,0
16-10279,KATIMAVIK RD @ CHIMO DR E/HEARST WAY,352958.79374,5019612.54139,-75.88577678670,45.31481233730,2016-11-08,8:51:00 AM,01 - Clear,01 - Daylight,01 - Dry,01 - Traffic signal,,03 - P.D. only,07 - SMV other,0
16-10280,HEPATICA WAY btwn GENEVRIERS ST E & MAGNOLIA ST S,384506.18900,5034438.23400,-75.48107525420,45.44532993130,2016-11-08,12:00:00 AM,01 - Clear,00 - Unknown,01 - Dry,10 - No control,,03 - P.D. only,06 - SMV unattended vehicle,0
16-10281,MONTCALM ST btwn GREENFIELD AVE & CONCORD ST N,369067.51993,5031006.58272,-75.67886063670,45.41604321710,2016-11-08,7:15:00 AM,01 - Clear,01 - Daylight,01 - Dry,10 - No control,,03 - P.D. only,06 - SMV unattended vehicle,0
16-10282,GLADSTONE AVE @ ROCHESTER ST,366662.69800,5029787.97968,-75.70973672860,45.40529531610,2016-11-08,11:32:00 AM,01 - Clear,01 - Daylight,01 - Dry,01 - Traffic signal,01 - Functioning,02 - Non-fatal injury,07 - SMV other,1
16-10283,ALTA VISTA DR btwn HERON RD & RIDGEMONT AVE,370499.34766,5026851.60542,-75.66112166330,45.37852528970,2016-11-08,11:41:00 AM,01 - Clear,01 - Daylight,01 - Dry,10 - No control,,03 - P.D. only,03 - Rear end,0
16-10284,CONROY RD @ HUNT CLUB RD,373764.56816,5025404.10872,-75.61963681380,45.36518753910,2016-11-08,12:12:00 PM,01 - Clear,01 - Daylight,01 - Dry,01 - Traffic signal,01 - Functioning,03 - P.D. only,03 - Rear end,0
16-10285,MERIVALE RD @ WOODFIELD DR/ROYDON PL,365461.87193,5022297.93179,-75.72599507930,45.33800635030,2016-11-08,12:51:00 PM,01 - Clear,01 - Daylight,01 - Dry,01 - Traffic signal,01 - Functioning,03 - P.D. only,04 - Sideswipe,0
16-10286,RIVERSIDE DR NB btwn INDUSTRIAL AVE & TREMBLAY RD,370745.27712,5030783.83566,-75.65745621640,45.41388292060,2016-11-08,12:53:00 PM,01 - Clear,01 - Daylight,01 - Dry,10 - No control,,02 - Non-fatal injury,03 - Rear end,0
16-10287,BANFF AVE @ SURREY AVE,370575.94484,5025920.43471,-75.66026775810,45.37013974020,2016-11-08,12:54:00 PM,01 - Clear,01 - Daylight,01 - Dry,02 - Stop sign,01 - Functioning,03 - P.D. only,02 - Angle,0
16-10288,MERIVALE RD @ WOODFIELD DR/ROYDON PL,365463.18916,5022299.07339,-75.72597813310,45.33801650840,2016-11-08,1:02:00 PM,01 - Clear,01 - Daylight,01 - Dry,01 - Traffic signal,01 - Functioning,03 - P.D. only,04 - Sideswipe,0
16-10289,DALY AVE @ NICHOLAS ST,368228.52916,5032045.33146,-75.68944551590,45.42546608070,2016-11-08,1:45:00 PM,01 - Clear,01 - Daylight,01 - Dry,01 - Traffic signal,01 - Functioning,03 - P.D. only,03 - Rear end,0
16-10290,FISHER AVE @ DEER PARK RD/DYNES RD,366407.95651,5025455.26255,-75.71353140930,45.36633300870,2016-11-08,2:49:00 PM,01 - Clear,01 - Daylight,01 - Dry,01 - Traffic signal,01 - Functioning,03 - P.D. only,02 - Angle,0
16-10291,8TH LINE RD btwn SPRINGHILL RD & MARVELVILLE RD,387020.48141,5007061.78093,-75.45348414310,45.19872710530,2016-11-08,2:45:00 PM,01 - Clear,01 - Daylight,01 - Dry,10 - No control,,02 - Non-fatal injury,03 - Rear end,0
16-10292,WAVERLEY ST @ O'CONNOR ST,368009.26939,5030765.94422,-75.69241129390,45.41397442820,2016-11-08,3:26:00 PM,01 - Clear,01 - Daylight,01 - Dry,02 - Stop sign,01 - Functioning,02 - Non-fatal injury,05 - Turning movement,0
16-10293,ST. LAURENT BLVD @ MCARTHUR AVE,371920.06269,5032885.50451,-75.64216199520,45.43268108810,2016-11-08,3:24:00 PM,01 - Clear,01 - Daylight,01 - Dry,01 - Traffic signal,01 - Functioning,03 - P.D. only,03 - Rear end,0
16-10294,BASELINE RD btwn LOBLAWS SC & MERIVALE RD,364960.28646,5025267.12981,-75.73203314510,45.36476596920,2016-11-08,3:29:00 PM,01 - Clear,01 - Daylight,01 - Dry,10 - No control,,02 - Non-fatal injury,03 - Rear end,0
16-10295,FALLOWFIELD RD btwn MOODIE DR & HWY416 IC66 RAMP53,359513.71102,5014639.85176,-75.80272893840,45.26958743220,2016-11-08,3:52:00 PM,01 - Clear,01 - Daylight,01 - Dry,10 - No control,,03 - P.D. only,05 - Turning movement,0
16-10296,ROGER GUINDON AVE btwn SMYTH RD & PETER MORAND CRES,371928.94106,5029239.82600,-75.64254515270,45.39987803340,2016-11-08,3:54:00 PM,01 - Clear,01 - Daylight,01 - Dry,10 - No control,,02 - Non-fatal injury,07 - SMV other,1
16-10297,BLACKBURN BYPASS @ NAVAN RD,379617.92771,5033274.60711,-75.54373222710,45.43540076360,2016-11-08,4:11:00 PM,01 - Clear,01 - Daylight,01 - Dry,01 - Traffic signal,00 - Unknown,03 - P.D. only,03 - Rear end,0
16-10298,ST. LAURENT BLVD @ 125 N OF QUEEN MARY ST/ZELL,372169.50973,5032287.96132,-75.63905601010,45.42728069000,2016-11-08,4:36:00 PM,01 - Clear,05 - Dusk,01 - Dry,01 - Traffic signal,01 - Functioning,03 - P.D. only,02 - Angle,0
16-10299,BRANT ST btwn MCARTHUR AVE & BRANT ST,371280.11080,5032673.48590,-75.65036871250,45.43083456930,2016-11-08,4:49:00 PM,01 - Clear,05 - Dusk,01 - Dry,10 - No control,,03 - P.D. only,06 - SMV unattended vehicle,0
16-10300,ADIRONDACK DR @ WOODROFFE AVE,362457.68600,5024005.92618,-75.76412412120,45.35362808810,2016-11-08,5:08:00 PM,01 - Clear,07 - Dark,01 - Dry,02 - Stop sign,01 - Functioning,02 - Non-fatal injury,03 - Rear end,0
16-10301,MANOTICK STATION RD btwn HERBERTS CORNERS RD & HERBERTS CORNERS RD,375943.28703,5007670.26994,-75.59437059030,45.20540699670,2016-11-08,5:22:00 PM,01 - Clear,07 - Dark,01 - Dry,10 - No control,,03 - P.D. only,07 - SMV other,0
16-10302,GALETTA SIDE RD btwn CARP RD & HARBOUR ST,328165.59468,5035362.82449,-76.20124007020,45.45780391160,2016-11-08,5:26:00 PM,01 - Clear,07 - Dark,01 - Dry,10 - No control,,03 - P.D. only,07 - SMV other,0
16-10303,FALLOWFIELD RD @ WOODROFFE AVE,365085.15000,5017904.43224,-75.73133607870,45.29850650280,2016-11-08,9:00:00 AM,01 - Clear,01 - Daylight,01 - Dry,01 - Traffic signal,01 - Functioning,03 - P.D. only,03 - Rear end,0
16-10304,TRIM RD @ WATTERS RD,384964.43256,5038717.79544,-75.47452031020,45.48378095150,2016-11-08,5:43:00 PM,01 - Clear,07 - Dark,01 - Dry,01 - Traffic signal,01 - Functioning,02 - Non-fatal injury,02 - Angle,0
16-10305,BOUNDARY RD @ MITCH OWENS RD,388067.43512,5022162.03602,-75.43762914210,45.33446513450,2016-11-08,5:42:00 PM,01 - Clear,07 - Dark,01 - Dry,02 - Stop sign,01 - Functioning,03 - P.D. only,02 - Angle,0
16-10306,BASELINE RD btwn FISHER AVE & LEXINGTON ST,366336.46586,5026133.29460,-75.71435949080,45.37244008130,2016-11-08,5:55:00 PM,01 - Clear,07 - Dark,01 - Dry,10 - No control,,03 - P.D. only,03 - Rear end,0
16-10307,GALETTA SIDE RD @ LOGGERS WAY,325000.71564,5032562.24952,-76.24182175560,45.43270180610,2016-11-08,6:59:00 PM,01 - Clear,07 - Dark,01 - Dry,02 - Stop sign,00 - Unknown,03 - P.D. only,07 - SMV other,0
16-10308,HUNT CLUB RD btwn GIBFORD DR & UPLANDS DR,370071.98516,5023070.55906,-75.66707720770,45.34454450930,2016-11-08,7:08:00 PM,01 - Clear,07 - Dark,01 - Dry,10 - No control,,02 - Non-fatal injury,01 - Approaching,0
16-10309,ST. LAURENT BLVD btwn MCARTHUR AVE & DONALD ST,371950.07425,5032810.70729,-75.64178867270,45.43200521680,2016-11-08,10:01:00 PM,01 - Clear,07 - Dark,01 - Dry,10 - No control,,03 - P.D. only,07 - SMV other,0
16-10310,REGIONAL ROAD 174 btwn OR174 IC105 RAMP63 & OR174 IC102 RAMP36,380268.93781,5037521.67849,-75.53476096210,45.47354267920,2016-11-09,5:37:00 AM,01 - Clear,07 - Dark,01 - Dry,10 - No control,,03 - P.D. only,04 - Sideswipe,0
16-10311,INDUSTRIAL AVE/INNES RD @ ST. LAURENT BLVD,373100.55556,5030003.49631,-75.62747578540,45.40663587190,2016-11-09,7:41:00 AM,01 - Clear,01 - Daylight,01 - Dry,01 - Traffic signal,00 - Unknown,03 - P.D. only,03 - Rear end,0
16-10312,EARL ARMSTRONG RD @ SPRATT RD,368395.61141,5015011.20956,-75.68950109480,45.27218179830,2016-11-09,8:03:00 AM,01 - Clear,01 - Daylight,01 - Dry,01 - Traffic signal,01 - Functioning,03 - P.D. only,05 - Turning movement,0
16-10313,LA VERENDRYE DR btwn OAKDEAN CRES & GLENFERN AVE,374719.31727,5035677.18778,-75.60599330510,45.45752477860,2016-11-09,8:13:00 AM,01 - Clear,01 - Daylight,01 - Dry,10 - No control,,03 - P.D. only,02 - Angle,0
16-10314,CANADAIR PRIV @ DE NIVERVILLE DR,368947.59470,5021995.73220,-75.68156319710,45.33497719150,2016-11-09,8:19:00 AM,01 - Clear,01 - Daylight,01 - Dry,02 - Stop sign,01 - Functioning,02 - Non-fatal injury,03 - Rear end,0
16-10315,CASTLEFRANK RD @ HAZELDEAN RD,352677.21948,5017676.98854,-75.88955478030,45.29741504250,2016-11-09,8:20:00 AM,01 - Clear,01 - Daylight,01 - Dry,01 - Traffic signal,01 - Functioning,02 - Non-fatal injury,02 - Angle,0
16-10316,CANOTEK RD @ SHEFFORD RD,376029.06968,5035094.25652,-75.58933300510,45.45214763930,2016-11-09,9:49:00 AM,01 - Clear,01 - Daylight,01 - Dry,01 - Traffic signal,01 - Functioning,03 - P.D. only,04 - Sideswipe,0
16-10317,BRANT ST @ MCARTHUR AVE,371263.07150,5032805.35097,-75.65056865590,45.43202265200,2016-11-08,5:45:00 PM,01 - Clear,07 - Dark,01 - Dry,01 - Traffic signal,01 - Functioning,03 - P.D. only,04 - Sideswipe,0
16-10318,LEES AVE @ KING EDWARD AVE/MANN AVE,369177.54680,5031336.05138,-75.67741193630,45.41899754240,2016-11-09,10:29:00 AM,01 - Clear,01 - Daylight,01 - Dry,01 - Traffic signal,01 - Functioning,03 - P.D. only,03 - Rear end,0
16-10319,NORICE ST @ WOODROFFE AVE,363196.34031,5022396.24996,-75.75488763990,45.33908323320,2016-11-09,10:41:00 AM,01 - Clear,01 - Daylight,01 - Dry,01 - Traffic signal,01 - Functioning,03 - P.D. only,03 - Rear end,0
16-10320,MAITLAND AVE btwn GLENMOUNT AVE & AMESBROOKE DR,363755.19569,5025184.78524,-75.74742502260,45.36412743490,2016-11-09,11:31:00 AM,01 - Clear,01 - Daylight,01 - Dry,10 - No control,,03 - P.D. only,04 - Sideswipe,0
16-10321,HORNCHURCH LANE btwn OAKWELL DR & LONGFIELDS DR,364221.79799,5015505.60453,-75.74263055950,45.27699544240,2016-11-09,11:40:00 AM,02 - Rain,01 - Daylight,02 - Wet,10 - No control,,03 - P.D. only,06 - SMV unattended vehicle,0
16-10322,BELMEADE RD btwn 4TH LINE RD & 5TH LINE RD,382826.78728,4998416.78601,-75.50820445520,45.12141932740,2016-11-09,1:14:00 PM,01 - Clear,01 - Daylight,01 - Dry,10 - No control,,03 - P.D. only,05 - Turning movement,0