Record,Location,X,Y,Longitude,Latitude,Date,Time,Environment,Light,Road_Surface,Traffic_Control,Collision_Location,Collision_Classification,Impact_type,Pedestrian
16-10323,BASELINE RD @ WOODROFFE AVE,362547.20573,5023772.57509,-75.76300894420,45.35152104660,2016-11-09,1:21:00 PM,01 - Clear,01 - Daylight,01 - Dry,01 - Traffic signal,01 - Functioning,03 - P.D. only,03 - Rear end,0
16-10324,CUMBERLAND ST @ GEORGE ST,368328.19207,5032416.17542,-75.68812421590,45.42879375840,2016-11-09,2:26:00 PM,01 - Clear,01 - Daylight,01 - Dry,01 - Traffic signal,01 - Functioning,02 - Non-fatal injury,03 - Rear end,0
16-10325,HIGHLAND TER @ SMYTH RD,371357.57388,5029162.55290,-75.64985298560,45.39923731220,2016-11-09,3:11:00 PM,01 - Clear,01 - Daylight,01 - Dry,02 - Stop sign,00 - Unknown,02 - Non-fatal injury,07 - SMV other,1
16-10326,GLADWIN CRES @ LANCASTER RD,373459.07488,5029475.77504,-75.62296979890,45.40185260750,2016-11-09,3:10:00 PM,01 - Clear,01 - Daylight,01 - Dry,02 - Stop sign,01 - Functioning,03 - P.D. only,03 - Rear end,0
16-10327,INNES RD/PRESTWICK DR @ LANTHIER DR,383540.10078,5035988.40892,-75.49317516380,45.45938653110,2016-11-09,3:41:00 PM,01 - Clear,01 - Daylight,01 - Dry,01 - Traffic signal,01 - Functioning,03 - P.D. only,05 - Turning movement,0
16-10328,CLARE ST btwn LADEROUTE AVE & WESTHAVEN CRES,364000.44371,5027948.29170,-75.74396335970,45.38897237170,2016-11-09,3:43:00 PM,01 - Clear,01 - Daylight,01 - Dry,10 - No control,,03 - P.D. only,07 - SMV other,0
16-10329,ST. LAURENT BLVD btwn FOLEY AVE & WALKLEY RD,373860.81816,5028141.91547,-75.61802538880,45.38981164790,2016-11-09,3:54:00 PM,01 - Clear,05 - Dusk,01 - Dry,10 - No control,,03 - P.D. only,04 - Sideswipe,0
16-10330,THARE CRES btwn MANCIL DR & KNOLL TER,363909.85815,5017154.68989,-75.74640964620,45.29186020170,2016-11-09,4:03:00 PM,01 - Clear,01 - Daylight,01 - Dry,10 - No control,,03 - P.D. only,04 - Sideswipe,0
16-10331,HUNT CLUB RD @ PIKE ST/MAPLE PARK PRIV,373297.59687,5025088.51200,-75.62564095510,45.36239371410,2016-11-09,4:08:00 PM,01 - Clear,01 - Daylight,01 - Dry,01 - Traffic signal,01 - Functioning,03 - P.D. only,05 - Turning movement,0
16-10332,KING EDWARD AVE SB btwn SUSSEX DR & __3ZA3LO,367705.91158,5033468.42929,-75.69594158310,45.43831781940,2016-11-09,4:43:00 PM,01 - Clear,05 - Dusk,01 - Dry,10 - No control,,03 - P.D. only,03 - Rear end,0
16-10333,JOCKVALE RD @ STRANDHERD DR,363560.48050,5014577.42312,-75.75116860050,45.26869922340,2016-11-09,4:45:00 PM,01 - Clear,05 - Dusk,01 - Dry,01 - Traffic signal,01 - Functioning,03 - P.D. only,03 - Rear end,0
16-10334,NEIL WAY @ RIVERSIDE DR,369463.93505,5028290.76803,-75.67415234310,45.39157074310,2016-11-09,4:49:00 PM,01 - Clear,05 - Dusk,01 - Dry,02 - Stop sign,01 - Functioning,03 - P.D. only,02 - Angle,0
16-10335,ST. JOSEPH BLVD @ REGIONAL RD 174/TRANSITWAY,376554.26924,5035058.29689,-75.58262441360,45.45177037050,2016-11-09,5:00:00 PM,01 - Clear,07 - Dark,01 - Dry,01 - Traffic signal,00 - Unknown,02 - Non-fatal injury,03 - Rear end,0
16-10336,INDUSTRIAL AVE @ RIVERSIDE DR,370684.71700,5030592.31907,-75.65825547360,45.41216543530,2016-11-09,5:00:00 PM,01 - Clear,05 - Dusk,01 - Dry,01 - Traffic signal,01 - Functioning,02 - Non-fatal injury,03 - Rear end,0
16-10337,UPPER DWYER HILL RD btwn MARCH RD & OLD ALMONTE RD,335509.95490,5012708.38750,-76.10874203160,45.25366482200,2016-11-09,5:24:00 PM,01 - Clear,07 - Dark,01 - Dry,10 - No control,,03 - P.D. only,07 - SMV other,0
16-10338,CARLING AVE EB btwn FOX CRES & WOODROFFE AVE,361720.47863,5025694.45760,-75.77333774290,45.36888160370,2016-11-09,5:24:00 PM,01 - Clear,07 - Dark,01 - Dry,10 - No control,,03 - P.D. only,03 - Rear end,0
16-10339,BOOTH ST @ GLADSTONE AVE,366768.04678,5029851.22032,-75.70838313450,45.40585501910,2016-11-09,5:48:00 PM,01 - Clear,07 - Dark,01 - Dry,01 - Traffic signal,01 - Functioning,03 - P.D. only,05 - Turning movement,0
16-10340,BRONSON AVE @ FOURTH AVE,367584.18687,5029009.32381,-75.69806547490,45.39820715210,2016-11-09,5:48:00 PM,01 - Clear,07 - Dark,01 - Dry,02 - Stop sign,01 - Functioning,03 - P.D. only,05 - Turning movement,0
16-10341,BASELINE RD @ CLYDE AVE,364357.87514,5024890.09882,-75.73976789110,45.36142494120,2016-11-09,5:55:00 PM,01 - Clear,07 - Dark,01 - Dry,01 - Traffic signal,01 - Functioning,03 - P.D. only,03 - Rear end,0
16-10342,KENNEVALE DR @ STRANDHERD DR,361492.37516,5014100.25543,-75.77757642990,45.26457537660,2016-11-09,6:03:00 PM,01 - Clear,07 - Dark,01 - Dry,01 - Traffic signal,01 - Functioning,03 - P.D. only,03 - Rear end,0
16-10343,CARLING AVE @ PRESTON ST,366829.71000,5028933.48301,-75.70771091840,45.39759200610,2016-11-09,6:00:00 PM,01 - Clear,07 - Dark,01 - Dry,01 - Traffic signal,01 - Functioning,02 - Non-fatal injury,03 - Rear end,0
16-10344,LEMIEUX ST @ ST. LAURENT BLVD,372390.06839,5031742.15032,-75.63631261200,45.42234846060,2016-11-09,6:23:00 PM,01 - Clear,07 - Dark,01 - Dry,01 - Traffic signal,01 - Functioning,02 - Non-fatal injury,03 - Rear end,0
16-10345,REGIONAL ROAD 174 btwn TRANSIT & OR174 IC109 RAMP54,375864.41486,5033723.54554,-75.59163583120,45.43983158400,2016-11-09,6:47:00 PM,01 - Clear,07 - Dark,01 - Dry,10 - No control,,02 - Non-fatal injury,03 - Rear end,0
16-10346,JOCKVALE RD @ LONGFIELDS DR,364829.29290,5014001.02790,-75.73507021200,45.26340566480,2016-11-09,7:06:00 PM,01 - Clear,07 - Dark,01 - Dry,02 - Stop sign,01 - Functioning,03 - P.D. only,02 - Angle,0
16-10347,STONEHAVEN DR btwn FURLONG CRES & STONEMEADOW DR,355731.06505,5016874.81935,-75.85070237970,45.28998224200,2016-11-09,6:50:00 PM,01 - Clear,07 - Dark,01 - Dry,10 - No control,,03 - P.D. only,07 - SMV other,0
16-10348,HOPEWELL AVE btwn GROSVENOR AVE & BANK ST,368753.80147,5028495.68421,-75.68319423520,45.39347972630,2016-11-09,12:00:00 AM,01 - Clear,07 - Dark,01 - Dry,10 - No control,,03 - P.D. only,06 - SMV unattended vehicle,0
16-10349,SHIRLEY'S BROOK DR btwn SANDHILL RD & HELMSDALE DR,350033.59919,5023888.84525,-75.92269227500,45.35348608130,2016-11-09,8:41:00 PM,"07 - Fog, mist, smoke, dust",07 - Dark,01 - Dry,10 - No control,,03 - P.D. only,06 - SMV unattended vehicle,0
16-10350,ST. JOSEPH BLVD @ JEANNE D'ARC BLVD,379860.52296,5036470.92228,-75.54014428800,45.46413281320,2016-11-09,9:08:00 PM,01 - Clear,07 - Dark,01 - Dry,11 - Roundabout,01 - Functioning,03 - P.D. only,04 - Sideswipe,0
16-10351,MARCH RD @ SECOND LINE RD,346106.13224,5025328.31112,-75.97269524240,45.36668113980,2016-11-10,5:20:00 AM,01 - Clear,07 - Dark,01 - Dry,01 - Traffic signal,01 - Functioning,03 - P.D. only,02 - Angle,0
16-10352,RICHMOND RD @ WOODROFFE AVE,361584.68640,5026654.93728,-75.77496073630,45.37753493280,2016-11-10,6:27:00 AM,01 - Clear,03 - Dawn,01 - Dry,01 - Traffic signal,01 - Functioning,03 - P.D. only,03 - Rear end,0
16-10353,CARP RD @ HAZELDEAN RD,348804.79544,5014360.21666,-75.93922068160,45.26782279060,2016-11-10,7:15:00 AM,01 - Clear,01 - Daylight,01 - Dry,01 - Traffic signal,01 - Functioning,03 - P.D. only,02 - Angle,0
16-10354,ELGIN ST @ MCLEOD ST,368425.18547,5030779.33471,-75.68709617920,45.41405721860,2016-11-10,9:17:00 AM,01 - Clear,01 - Daylight,01 - Dry,02 - Stop sign,01 - Functioning,03 - P.D. only,02 - Angle,0
16-10355,ALBION RD/COLLISTON CRES E @ WALKLEY RD,371033.96750,5026355.68041,-75.65436266050,45.37401279440,2016-11-10,9:00:00 AM,01 - Clear,01 - Daylight,01 - Dry,01 - Traffic signal,01 - Functioning,03 - P.D. only,05 - Turning movement,0
16-10356,INNES RD btwn BELCOURT BLVD & 260 E OF BELCOURT BLVD/WALMART SC,382254.39998,5035344.98551,-75.50971386450,45.45374126370,2016-11-10,9:30:00 AM,01 - Clear,01 - Daylight,01 - Dry,10 - No control,,03 - P.D. only,05 - Turning movement,0
16-10357,BASELINE RD/HWY 416 RICHMOND IC75R53 @ RICHMON,358634.78203,5021821.35234,-75.81314933690,45.33427513300,2016-11-10,9:58:00 AM,01 - Clear,01 - Daylight,01 - Dry,01 - Traffic signal,01 - Functioning,03 - P.D. only,03 - Rear end,0
16-10358,WEST HUNT CLUB RD @ ANTARES DR/LASER ST,367107.71130,5022081.08762,-75.70502457730,45.33591099350,2016-11-10,11:00:00 AM,01 - Clear,01 - Daylight,01 - Dry,01 - Traffic signal,01 - Functioning,03 - P.D. only,04 - Sideswipe,0
16-10359,MONTREAL RD btwn THOMSON ST & AVIATION PKWY,372126.29948,5034099.14262,-75.63936045480,45.44358099190,2016-11-10,11:54:00 AM,01 - Clear,01 - Daylight,01 - Dry,10 - No control,,03 - P.D. only,02 - Angle,0
16-10360,MERIVALE RD @ 210 S OF MEADOWLANDS DR,364945.37898,5023531.08389,-75.73243465330,45.34914656370,2016-11-10,12:03:00 PM,01 - Clear,01 - Daylight,01 - Dry,01 - Traffic signal,00 - Unknown,02 - Non-fatal injury,07 - SMV other,1
16-10361,FALLOWFIELD RD @ GREENBANK RD,363080.01708,5016732.23576,-75.75703800500,45.28812826730,2016-11-10,12:32:00 PM,01 - Clear,01 - Daylight,01 - Dry,01 - Traffic signal,01 - Functioning,03 - P.D. only,04 - Sideswipe,0
16-10362,BANK ST btwn WALKLEY RD & SURREY AVE,370340.26693,5025938.29472,-75.66327386030,45.37032251840,2016-09-14,7:00:00 PM,01 - Clear,01 - Daylight,01 - Dry,10 - No control,,03 - P.D. only,02 - Angle,0
16-10363,CYRVILLE RD btwn STAR TOP RD & MEADOWBROOK RD,374433.02839,5031308.07741,-75.61027148770,45.41824253400,2016-11-10,1:32:00 PM,01 - Clear,01 - Daylight,01 - Dry,10 - No control,,02 - Non-fatal injury,03 - Rear end,0
16-10364,MERIVALE RD @ EMERALD PLAZA SC,364737.09915,5024004.89958,-75.73503501420,45.35342772510,2016-11-10,1:46:00 PM,01 - Clear,01 - Daylight,01 - Dry,01 - Traffic signal,01 - Functioning,03 - P.D. only,02 - Angle,0
16-10365,AUGUSTA ST @ RIDEAU ST,369012.58946,5032717.03896,-75.67933943930,45.43143831550,2016-11-10,1:49:00 PM,01 - Clear,01 - Daylight,01 - Dry,01 - Traffic signal,01 - Functioning,03 - P.D. only,99 - Other,0
16-10366,GEORGE ST @ SUSSEX DR,367868.55728,5032130.91244,-75.69403418680,45.42626865770,2016-11-10,1:54:00 PM,01 - Clear,01 - Daylight,01 - Dry,01 - Traffic signal,01 - Functioning,03 - P.D. only,05 - Turning movement,0
16-10367,FISHER AVE @ MEADOWLANDS DR,366574.40628,5025044.78738,-75.71145807910,45.36262498670,2016-11-10,1:56:00 PM,01 - Clear,01 - Daylight,01 - Dry,01 - Traffic signal,01 - Functioning,03 - P.D. only,05 - Turning movement,0
16-10368,BILLINGS BRIDGESC RAMP NB @ RIVERSIDE DR WB,369022.38896,5027794.66982,-75.67985547330,45.38714763840,2016-11-10,2:25:00 PM,01 - Clear,01 - Daylight,01 - Dry,03 - Yield sign,01 - Functioning,03 - P.D. only,02 - Angle,0
16-10369,WALKLEY EXTENSION RD btwn HWY417 IC110 RAMP56 & HWY417 IC110 RAMP64,375871.14266,5029113.01573,-75.59221487250,45.39834797640,2016-11-10,1:20:00 PM,01 - Clear,01 - Daylight,01 - Dry,10 - No control,,03 - P.D. only,04 - Sideswipe,0
16-10370,EAGLESON RD btwn HWY417 IC138 RAMP51 & KATIMAVIK RD,353158.98686,5019701.24506,-75.88321498740,45.31559675240,2016-11-10,3:05:00 PM,01 - Clear,01 - Daylight,01 - Dry,10 - No control,,02 - Non-fatal injury,03 - Rear end,0
16-10371,SCOTT ST @ WESTERN AVE,364205.46916,5029268.45791,-75.74118628590,45.40083361750,2016-11-10,4:35:00 PM,01 - Clear,05 - Dusk,01 - Dry,02 - Stop sign,01 - Functioning,03 - P.D. only,02 - Angle,0
16-10372,HAZELDEAN RD btwn KITTIWAKE DR & CARP RD,348506.65367,5013900.74131,-75.94306032980,45.26370684740,2016-11-10,4:49:00 PM,01 - Clear,05 - Dusk,01 - Dry,10 - No control,,03 - P.D. only,07 - SMV other,0
16-10373,MONTREAL RD @ SHEFFORD RD,376124.07419,5034853.16062,-75.58815348110,45.44996872040,2016-11-10,5:22:00 PM,01 - Clear,07 - Dark,01 - Dry,01 - Traffic signal,01 - Functioning,03 - P.D. only,07 - SMV other,0
16-10374,ORLEANS BLVD btwn JEANNE D'ARC BLVD S & BEAUSEJOUR DR,381022.58925,5036002.50673,-75.52535883920,45.45979255790,2016-11-10,5:24:00 PM,01 - Clear,07 - Dark,01 - Dry,10 - No control,,03 - P.D. only,02 - Angle,0
16-10375,BRONSON AVE @ CATHERINE ST/RAYMOND ST,367253.07735,5029796.56300,-75.70219458850,45.40532012060,2016-11-10,5:30:00 PM,01 - Clear,07 - Dark,01 - Dry,01 - Traffic signal,00 - Unknown,03 - P.D. only,03 - Rear end,0
16-10376,LEMIEUX ST @ ST. LAURENT BLVD,372392.55286,5031744.63479,-75.63628052700,45.42237057490,2016-11-10,5:35:00 PM,01 - Clear,07 - Dark,01 - Dry,01 - Traffic signal,01 - Functioning,03 - P.D. only,03 - Rear end,0
16-10377,DONALD ST @ ST. LAURENT BLVD,372093.49336,5032472.80444,-75.64000208810,45.42895113960,2016-11-10,5:39:00 PM,01 - Clear,07 - Dark,01 - Dry,01 - Traffic signal,01 - Functioning,03 - P.D. only,05 - Turning movement,0
16-10378,MEADOWLANDS DR @ NESS ST,366414.17529,5024944.61863,-75.71351570080,45.36173778890,2016-11-10,5:41:00 PM,01 - Clear,07 - Dark,01 - Dry,02 - Stop sign,00 - Unknown,03 - P.D. only,03 - Rear end,0
16-10379,CENTREPOINTE DR @ CONSTELLATION CRES S,362376.39621,5023121.30940,-75.76526451970,45.34567504570,2016-11-10,5:33:00 PM,01 - Clear,07 - Dark,01 - Dry,02 - Stop sign,01 - Functioning,03 - P.D. only,04 - Sideswipe,0
16-10380,MERIVALE RD btwn VIEWMOUNT DR & COLONNADE RD,365354.73451,5022567.07850,-75.72732901640,45.34043735230,2016-11-10,5:43:00 PM,01 - Clear,07 - Dark,01 - Dry,10 - No control,,03 - P.D. only,02 - Angle,0
16-10381,JASMINE CRES S @ OGILVIE RD,375354.26135,5033719.33851,-75.59815653560,45.43984540020,2016-11-10,5:52:00 PM,01 - Clear,07 - Dark,01 - Dry,02 - Stop sign,01 - Functioning,03 - P.D. only,02 - Angle,0
16-10382,MCCARTHY RD btwn PLANTE DR & PAUL ANKA DR,369614.32014,5024000.32498,-75.67279491300,45.35295273410,2016-11-10,6:01:00 PM,01 - Clear,07 - Dark,01 - Dry,10 - No control,,02 - Non-fatal injury,05 - Turning movement,0
16-10383,AVIATION PKWY @ OGILVIE RD,373111.66095,5032375.87554,-75.62700505510,45.42798031770,2016-11-10,6:10:00 PM,01 - Clear,07 - Dark,01 - Dry,01 - Traffic signal,01 - Functioning,03 - P.D. only,03 - Rear end,0
16-10384,RIVER RD btwn LORNE BRIDGE RD & ROGER STEVENS DR,373158.87462,5002734.85227,-75.63048732760,45.16127415950,2016-11-10,6:21:00 PM,01 - Clear,07 - Dark,01 - Dry,10 - No control,,03 - P.D. only,07 - SMV other,0
16-10385,MCCORDICK RD btwn MCCORDICK RD & CENTURY RD W,360410.82993,5003186.66544,-75.79257604540,45.16645908370,2016-11-10,6:25:00 PM,01 - Clear,07 - Dark,01 - Dry,10 - No control,,03 - P.D. only,07 - SMV other,0
16-10386,BLOHM DR @ HUNT CLUB RD,375129.73297,5026189.76420,-75.60210016720,45.37212086050,2016-11-10,7:30:00 PM,01 - Clear,07 - Dark,01 - Dry,01 - Traffic signal,01 - Functioning,03 - P.D. only,03 - Rear end,0
16-10387,BANK ST @ RIDGEMONT AVE,370079.72090,5026627.11652,-75.66650874930,45.37654463510,2016-11-10,7:42:00 PM,01 - Clear,07 - Dark,01 - Dry,02 - Stop sign,00 - Unknown,03 - P.D. only,03 - Rear end,0
16-10388,BASELINE RD @ MERIVALE RD,365054.69640,5025323.85858,-75.73082116150,45.36526829650,2016-11-10,8:50:00 PM,01 - Clear,07 - Dark,01 - Dry,01 - Traffic signal,01 - Functioning,03 - P.D. only,03 - Rear end,0
16-10389,HAZELDEAN RD @ HUNTMAR DR/IBER RD,350941.47066,5016079.44190,-75.91183336960,45.28315598870,2016-11-10,8:58:00 PM,01 - Clear,07 - Dark,01 - Dry,01 - Traffic signal,01 - Functioning,03 - P.D. only,03 - Rear end,0
16-10390,ISABELLA ST/HWY417 IC119AR75 @ METCALFE ST,368449.29351,5030399.26750,-75.68683727520,45.41063530840,2016-11-10,9:14:00 PM,01 - Clear,07 - Dark,01 - Dry,01 - Traffic signal,01 - Functioning,02 - Non-fatal injury,03 - Rear end,0
16-10391,MEADOWLANDS DR @ MERIVALE RD,364858.48036,5023725.29086,-75.73351995240,45.35090145910,2016-11-10,9:25:00 PM,01 - Clear,07 - Dark,01 - Dry,01 - Traffic signal,01 - Functioning,02 - Non-fatal injury,05 - Turning movement,0
16-10392,CATHERINE ST @ KENT ST,367907.48796,5030187.90578,-75.69378557200,45.40878260840,2016-11-10,9:40:00 PM,01 - Clear,07 - Dark,01 - Dry,01 - Traffic signal,01 - Functioning,03 - P.D. only,02 - Angle,0
16-10393,MARCH RD btwn CAMPEAU DR/HWY 417 MARCH IC138R63 & HWY417 IC138 RAMP62,352757.51540,5020657.38235,-75.88824259990,45.32422780880,2016-11-11,8:25:00 AM,01 - Clear,01 - Daylight,01 - Dry,10 - No control,,02 - Non-fatal injury,04 - Sideswipe,0
16-10394,CHARLOTTE ST @ RIDEAU ST,369249.91469,5032859.58790,-75.67628799190,45.43269908410,2016-11-11,9:41:00 AM,01 - Clear,01 - Daylight,01 - Dry,01 - Traffic signal,01 - Functioning,03 - P.D. only,03 - Rear end,0
16-10395,AUGUSTA ST @ DALY AVE,369090.04789,5032576.35276,-75.67836796270,45.43016535850,2016-11-10,7:00:00 PM,01 - Clear,07 - Dark,01 - Dry,02 - Stop sign,00 - Unknown,03 - P.D. only,06 - SMV unattended vehicle,0
16-10396,CASTLEFRANK RD btwn MACNEIL CRT & HAZELDEAN RD,352610.69917,5017753.60764,-75.89039549310,45.29810900970,2016-11-11,11:20:00 AM,01 - Clear,01 - Daylight,01 - Dry,10 - No control,,02 - Non-fatal injury,05 - Turning movement,0
16-10397,MITCH OWENS RD btwn RIVER RD & SPRATT RD,369541.29397,5010796.46725,-75.67545036310,45.23415346030,2016-11-11,11:43:00 AM,01 - Clear,01 - Daylight,01 - Dry,10 - No control,,03 - P.D. only,02 - Angle,0
16-10398,BELFAST RD btwn TREMBLAY RD & TRAINYARDS DR,371790.73639,5030945.36832,-75.64407853230,45.41523701760,2016-11-11,12:20:00 PM,01 - Clear,01 - Daylight,01 - Dry,10 - No control,,02 - Non-fatal injury,02 - Angle,0
16-10399,SPRINGLAND DR btwn HOBSON RD & NORBERRY CRES,368809.91840,5025885.45871,-75.68281602670,45.36998855970,2016-11-10,12:00:00 AM,01 - Clear,00 - Unknown,01 - Dry,10 - No control,,03 - P.D. only,06 - SMV unattended vehicle,0
16-10400,LAURIER AVE @ NELSON ST,368876.62041,5032117.80014,-75.68115496410,45.42605905850,2016-11-11,12:49:00 PM,01 - Clear,01 - Daylight,01 - Dry,01 - Traffic signal,01 - Functioning,03 - P.D. only,05 - Turning movement,0
16-10401,FRANK BENDER ST @ JEANNE D'ARC BLVD,381871.08494,5035883.47069,-75.51452958090,45.45862848760,2016-11-11,12:51:00 PM,01 - Clear,01 - Daylight,01 - Dry,01 - Traffic signal,01 - Functioning,03 - P.D. only,05 - Turning movement,0
16-10402,BANK ST btwn ARENA PL & WHITE ALDER AVE,375495.84421,5021293.70127,-75.59812654960,45.32803142820,2016-11-11,1:18:00 PM,01 - Clear,01 - Daylight,01 - Dry,10 - No control,,03 - P.D. only,04 - Sideswipe,0
16-10403,HERON RD @ WALKLEY RD,372267.83372,5027083.23506,-75.63851173370,45.38044133730,2016-11-11,12:41:00 PM,01 - Clear,01 - Daylight,01 - Dry,01 - Traffic signal,01 - Functioning,03 - P.D. only,04 - Sideswipe,0
16-10404,CHAMPLAIN ST @ PLACE D'ORLEANS DR,381597.39147,5038180.55642,-75.51766968040,45.47932587180,2016-11-11,1:50:00 PM,01 - Clear,01 - Daylight,01 - Dry,01 - Traffic signal,01 - Functioning,03 - P.D. only,03 - Rear end,0
16-10405,JEANNE D'ARC BLVD @ ORLEANS BLVD N,380030.21769,5038105.59866,-75.53772430930,45.47882208470,2016-11-11,2:03:00 PM,01 - Clear,01 - Daylight,01 - Dry,01 - Traffic signal,01 - Functioning,03 - P.D. only,03 - Rear end,0
16-10406,RIOCAN AVE btwn STRANDHERD DR & MARKETPLACE AVE,364252.54006,5014819.93492,-75.74232087250,45.27082318540,2016-11-11,2:15:00 PM,01 - Clear,01 - Daylight,01 - Dry,10 - No control,,03 - P.D. only,05 - Turning movement,0
16-10407,INNES RD @ WILDFLOWER DR,382937.58336,5035689.31326,-75.50092570860,45.45676317190,2016-11-11,3:41:00 PM,01 - Clear,01 - Daylight,01 - Dry,01 - Traffic signal,01 - Functioning,03 - P.D. only,03 - Rear end,0
16-10408,CARLING AVE @ MAITLAND AVE/SHERBOURNE RD,362942.76664,5026488.61475,-75.75764150160,45.37592700110,2016-11-11,3:43:00 PM,01 - Clear,01 - Daylight,01 - Dry,01 - Traffic signal,01 - Functioning,03 - P.D. only,03 - Rear end,0
16-10409,ANAND PRIV btwn END & WALKLEY RD,370229.52500,5025837.17000,-75.66470090020,45.36942297800,2016-11-11,3:58:00 PM,01 - Clear,01 - Daylight,01 - Dry,10 - No control,,03 - P.D. only,02 - Angle,0
16-10410,PRINCE OF WALES DR @ STRANDHERD DR,367175.07026,5014823.53238,-75.70507842690,45.27060241330,2016-11-11,4:08:00 PM,01 - Clear,01 - Daylight,01 - Dry,01 - Traffic signal,01 - Functioning,02 - Non-fatal injury,05 - Turning movement,0
16-10411,LEITRIM RD btwn FENTON RD & BANK ST,374219.81195,5020905.98833,-75.61445739870,45.32467029920,2016-11-11,4:05:00 PM,01 - Clear,01 - Daylight,01 - Dry,10 - No control,,02 - Non-fatal injury,03 - Rear end,0
16-10412,BANK ST btwn HOLMWOOD AVE & LANSDOWNE PARK,368516.93994,5029109.85948,-75.68613975110,45.39902747730,2016-11-09,6:45:00 PM,01 - Clear,07 - Dark,01 - Dry,10 - No control,,03 - P.D. only,06 - SMV unattended vehicle,0
16-10413,DALMENY RD btwn STAGECOACH RD & 4TH LINE RD,380216.13294,5000735.22298,-75.54103408890,45.14256339230,2016-11-11,4:11:00 PM,01 - Clear,05 - Dusk,01 - Dry,10 - No control,,03 - P.D. only,05 - Turning movement,0
16-10414,ESTERBROOK DR btwn ROLLING MEADOW CRES & DOVEHAVEN ST,381759.42102,5032376.26797,-75.51650563570,45.42708580270,2016-11-11,12:00:00 AM,01 - Clear,00 - Unknown,01 - Dry,10 - No control,,03 - P.D. only,06 - SMV unattended vehicle,0
16-10415,PRINCE OF WALES DR @ WEST HUNT CLUB RD,367458.71030,5021891.91738,-75.70057061740,45.33417761780,2016-11-11,4:46:00 PM,01 - Clear,05 - Dusk,01 - Dry,01 - Traffic signal,01 - Functioning,03 - P.D. only,03 - Rear end,0
16-10416,GREENBANK RD btwn MONTEREY DR & MEADOWBANK DR,360743.06529,5022241.16700,-75.78620541990,45.33788770790,2016-11-11,5:30:00 PM,01 - Clear,07 - Dark,01 - Dry,10 - No control,,03 - P.D. only,04 - Sideswipe,0
16-10417,CARLING AVE WB btwn BROADVIEW AVE & HIGHLAND AVE,363198.42721,5026649.67451,-75.75435849430,45.37735493360,2016-11-11,4:15:00 PM,01 - Clear,01 - Daylight,01 - Dry,10 - No control,,03 - P.D. only,04 - Sideswipe,0
16-10418,FALLOWFIELD RD @ WOODROFFE AVE,365085.12323,5017904.31306,-75.73133643490,45.29850543350,2016-11-11,5:59:00 PM,01 - Clear,07 - Dark,01 - Dry,01 - Traffic signal,00 - Unknown,03 - P.D. only,03 - Rear end,0
16-10419,GREENBANK RD @ LARKIN DR,363176.67790,5016505.21116,-75.75583257550,45.28607747520,2016-11-11,6:01:00 PM,01 - Clear,07 - Dark,01 - Dry,01 - Traffic signal,01 - Functioning,02 - Non-fatal injury,03 - Rear end,0
16-10420,CONROY RD @ ST. LAURENT BLVD,373068.86981,5027159.08236,-75.62827410020,45.38104618010,2016-11-11,6:04:00 PM,01 - Clear,07 - Dark,01 - Dry,01 - Traffic signal,01 - Functioning,03 - P.D. only,05 - Turning movement,0
16-10421,CONROY RD @ ST. LAURENT BLVD,373069.74796,5027159.08236,-75.62826288780,45.38104609450,2016-11-11,6:45:00 PM,01 - Clear,07 - Dark,01 - Dry,01 - Traffic signal,01 - Functioning,03 - P.D. only,02 - Angle,0
16-10422,BLAIR RD @ MONTREAL RD,374019.06158,5034438.48711,-75.61512019410,45.44644937100,2016-11-11,8:44:00 PM,01 - Clear,07 - Dark,01 - Dry,01 - Traffic signal,01 - Functioning,02 - Non-fatal injury,02 - Angle,0
16-10423,THOMAS A. DOLAN PKWY btwn TORWOOD DR & STONERIDGE RD,345928.55188,5034636.18198,-75.97418556120,45.45044567350,2016-11-11,10:07:00 PM,01 - Clear,07 - Dark,01 - Dry,10 - No control,,03 - P.D. only,07 - SMV other,0
16-10424,SOMERSET ST    W btwn METCALFE ST & ELGIN ST,368148.68226,5031190.00988,-75.69057576110,45.41777742400,2016-11-12,3:06:00 AM,01 - Clear,07 - Dark,01 - Dry,10 - No control,,03 - P.D. only,04 - Sideswipe,0
16-10425,UPPER DWYER HILL RD btwn MANTIL SIDE RD & VAUGHAN SIDE RD,330580.76279,5018262.65517,-76.17125241840,45.30384352390,2016-11-12,3:07:00 AM,01 - Clear,07 - Dark,01 - Dry,10 - No control,,03 - P.D. only,07 - SMV other,0
16-10426,ARGUE DR btwn SEYMOUR AVE & END,366075.01196,5023947.27696,-75.71796822830,45.35279361470,2016-11-11,8:15:00 PM,01 - Clear,07 - Dark,01 - Dry,10 - No control,,03 - P.D. only,06 - SMV unattended vehicle,0
16-10427,MEADOWLANDS DR/TALLWOOD DR @ WOODROFFE AVE,363056.42843,5022730.55595,-75.75663334080,45.34210292640,2016-11-12,9:15:00 AM,01 - Clear,01 - Daylight,01 - Dry,01 - Traffic signal,01 - Functioning,03 - P.D. only,03 - Rear end,0
16-10428,CEDARVIEW RD @ WEST HUNT CLUB RD,359718.67740,5019555.71994,-75.79957276690,45.31380488820,2016-11-12,1:42:00 PM,01 - Clear,01 - Daylight,01 - Dry,01 - Traffic signal,01 - Functioning,03 - P.D. only,03 - Rear end,0