Record,Location,X,Y,Longitude,Latitude,Date,Time,Environment,Light,Road_Surface,Traffic_Control,Collision_Location,Collision_Classification,Impact_type,Pedestrian
16-10429,HAZELDEAN RD @ TERRY FOX DR,352207.28220,5017243.28855,-75.89558770840,45.29354436540,2016-11-12,1:53:00 PM,01 - Clear,01 - Daylight,01 - Dry,01 - Traffic signal,01 - Functioning,03 - P.D. only,04 - Sideswipe,0
16-10430,PRINCE OF WALES DR @ STRANDHERD DR,367173.63349,5014824.60508,-75.70509660130,45.27061219280,2016-11-12,2:27:00 PM,01 - Clear,01 - Daylight,01 - Dry,01 - Traffic signal,01 - Functioning,03 - P.D. only,03 - Rear end,0
16-10431,HWY 417 TERRYFO IC140R61 @ TERRY FOX DR,350811.17806,5018708.76818,-75.91325018400,45.30682396190,2016-11-12,2:30:00 PM,01 - Clear,01 - Daylight,01 - Dry,01 - Traffic signal,01 - Functioning,03 - P.D. only,03 - Rear end,0
16-10432,VANIER PKWY NB btwn BEECHWOOD AVE/ ST. PATRICK ST/CRICHTON ST & DESCHA,369308.77236,5033433.66914,-75.67546060590,45.43785901260,2016-11-12,2:31:00 PM,01 - Clear,01 - Daylight,01 - Dry,10 - No control,,03 - P.D. only,03 - Rear end,0
16-10433,COPE DR @ TERRY FOX,353996.44194,5015346.54994,-75.87296647970,45.27635407930,2016-11-12,3:27:00 PM,01 - Clear,01 - Daylight,01 - Dry,01 - Traffic signal,01 - Functioning,02 - Non-fatal injury,03 - Rear end,0
16-10434,FALLOWFIELD RD @ WOODROFFE AVE,365084.49138,5017903.40954,-75.73134459980,45.29849735710,2016-11-12,3:48:00 PM,01 - Clear,01 - Daylight,01 - Dry,01 - Traffic signal,01 - Functioning,03 - P.D. only,02 - Angle,0
16-10435,BAYSWATER AVE @ GLADSTONE AVE,366002.36071,5029480.80814,-75.71820951900,45.40258951150,2016-11-12,6:01:00 PM,01 - Clear,07 - Dark,01 - Dry,01 - Traffic signal,01 - Functioning,03 - P.D. only,03 - Rear end,0
16-10436,SUSSEX DR @ YORK ST,367804.34454,5032236.67618,-75.69484116410,45.42722607140,2016-11-13,2:15:00 AM,01 - Clear,07 - Dark,01 - Dry,01 - Traffic signal,01 - Functioning,03 - P.D. only,07 - SMV other,0
16-10437,MAITLAND AVE btwn TERREBONNE DR & CAMEO DR,364061.39550,5025138.80958,-75.74352217560,45.36368793300,2016-11-13,9:29:00 AM,01 - Clear,01 - Daylight,01 - Dry,10 - No control,,02 - Non-fatal injury,01 - Approaching,0
16-10438,ISABELLA ST btwn METCALFE ST & ELGIN ST,368589.59896,5030477.75703,-75.68503480260,45.41132875610,2016-11-10,9:30:00 PM,01 - Clear,07 - Dark,01 - Dry,10 - No control,,03 - P.D. only,04 - Sideswipe,0
16-10439,BOUNDARY RD @ HWY 417 BOUNDARY IC96R15,387506.44026,5023610.93100,-75.44454318560,45.34756741620,2016-11-13,11:05:00 AM,01 - Clear,01 - Daylight,01 - Dry,10 - No control,00 - Unknown,03 - P.D. only,03 - Rear end,0
16-10440,BANK ST @ EXHIBITION WAY,368530.19046,5029087.49924,-75.68597340670,45.39882508030,2016-11-13,11:35:00 AM,01 - Clear,01 - Daylight,01 - Dry,01 - Traffic signal,01 - Functioning,02 - Non-fatal injury,07 - SMV other,2
16-10441,MEADOWLANDS DR @ MERIVALE RD,364857.04359,5023725.09632,-75.73353831120,45.35089983120,2016-11-13,12:28:00 PM,01 - Clear,01 - Daylight,01 - Dry,01 - Traffic signal,01 - Functioning,03 - P.D. only,03 - Rear end,0
16-10442,CLARENCE ST @ KING EDWARD AVE,368336.04429,5032681.99908,-75.68798957930,45.43118483120,2016-11-13,1:11:00 PM,01 - Clear,01 - Daylight,01 - Dry,02 - Stop sign,01 - Functioning,02 - Non-fatal injury,03 - Rear end,0
16-10443,MEADOWLANDS DR @ MERIVALE RD,364857.81607,5023725.70394,-75.73352837940,45.35090523210,2016-11-13,1:30:00 PM,01 - Clear,01 - Daylight,01 - Dry,01 - Traffic signal,01 - Functioning,03 - P.D. only,05 - Turning movement,0
16-10444,QUEEN ELIZABETH PL @ WILTON CRES,368549.75307,5028948.47454,-75.68574152640,45.39757239870,2016-11-13,1:38:00 PM,01 - Clear,01 - Daylight,01 - Dry,02 - Stop sign,01 - Functioning,02 - Non-fatal injury,05 - Turning movement,0
16-10445,CHAMPLAIN ST @ JEANNE D'ARC BLVD,381379.05710,5038724.36320,-75.52037723020,45.48424256280,2016-11-13,2:00:00 PM,01 - Clear,01 - Daylight,01 - Dry,01 - Traffic signal,01 - Functioning,03 - P.D. only,05 - Turning movement,0
16-10446,VIEWMOUNT DR @ MERIVALE RD,365193.91664,5022948.71494,-75.72933425660,45.34388512950,2016-11-13,2:20:00 PM,01 - Clear,01 - Daylight,01 - Dry,01 - Traffic signal,01 - Functioning,03 - P.D. only,02 - Angle,0
16-10447,ST. JOSEPH BLVD @ REGIONAL RD 174/TRANSITWAY,376555.11778,5035057.03385,-75.58261375000,45.45175891970,2016-11-12,2:22:00 PM,01 - Clear,01 - Daylight,01 - Dry,01 - Traffic signal,01 - Functioning,03 - P.D. only,02 - Angle,0
16-10448,MERIVALE RD btwn BENTLEY AVE & JAMIE AVE,365752.00875,5021606.87116,-75.72237857920,45.33176313410,2016-11-13,2:55:00 PM,01 - Clear,01 - Daylight,01 - Dry,10 - No control,,03 - P.D. only,02 - Angle,0
16-10449,TERRY FOX DR S @ DIDSBURY RD/CENTRUM KANATA SC,350625.34355,5018919.58322,-75.91560039030,45.30873308150,2016-11-13,3:15:00 PM,01 - Clear,01 - Daylight,01 - Dry,01 - Traffic signal,01 - Functioning,03 - P.D. only,03 - Rear end,0
16-10450,CHAMPLAIN ST @ JEANNE D'ARC BLVD,381379.05710,5038723.21390,-75.52037740950,45.48423222240,2016-11-13,4:01:00 PM,01 - Clear,01 - Daylight,01 - Dry,01 - Traffic signal,01 - Functioning,02 - Non-fatal injury,02 - Angle,0
16-10451,DUNROBIN RD btwn MURPHY SIDE RD & LILLIAN WAY,345370.22913,5028077.85893,-75.98186330100,45.39146526280,2016-11-13,6:33:00 PM,01 - Clear,07 - Dark,01 - Dry,10 - No control,,02 - Non-fatal injury,07 - SMV other,0
16-10452,INNES RD @ TRIM RD,386565.67441,5037273.77544,-75.45428065950,45.47060343440,2016-11-13,6:46:00 PM,01 - Clear,07 - Dark,01 - Dry,01 - Traffic signal,01 - Functioning,03 - P.D. only,05 - Turning movement,0
16-10453,CASTLEFRANK RD @ TERRY FOX DR,352993.18084,5016305.22198,-75.88565971280,45.28504994660,2016-11-13,7:18:00 PM,01 - Clear,07 - Dark,01 - Dry,01 - Traffic signal,01 - Functioning,03 - P.D. only,03 - Rear end,0
16-10454,REGIONAL ROAD 174 btwn QUIGLEY HILL RD & REGIONAL ROAD 174 DIVIDED,386399.16303,5042160.19556,-75.45559750520,45.51458578980,2016-11-13,8:20:00 PM,01 - Clear,07 - Dark,01 - Dry,10 - No control,,03 - P.D. only,03 - Rear end,0
16-10455,INNES RD btwn CLEROUX CRES & TO BE DETERMINED,379694.85349,5033809.30817,-75.54266780140,45.44020338170,2016-11-13,8:20:00 PM,01 - Clear,07 - Dark,01 - Dry,10 - No control,,03 - P.D. only,03 - Rear end,0
16-10456,BASELINE RD @ NAVAHO DR,363085.91024,5024096.84768,-75.75609615250,45.35439425500,2016-11-13,8:30:00 PM,01 - Clear,07 - Dark,01 - Dry,01 - Traffic signal,01 - Functioning,03 - P.D. only,04 - Sideswipe,0
16-10457,KING EDWARD AVE @ MURRAY ST,368293.35611,5032754.82424,-75.68852570220,45.43184396220,2016-11-14,1:54:00 AM,01 - Clear,07 - Dark,01 - Dry,01 - Traffic signal,01 - Functioning,03 - P.D. only,07 - SMV other,0
16-10458,YORK ST WB btwn BYWARD MARKE SQ & SUSSEX DR,367870.30607,5032306.44051,-75.69398936300,45.42784784200,2016-11-14,2:39:00 AM,01 - Clear,07 - Dark,01 - Dry,10 - No control,,03 - P.D. only,02 - Angle,0
16-10459,SECOND LINE RD btwn MALEY LANE & WILD ACRE LANE,346647.47588,5024745.27064,-75.96583424740,45.36140267880,2016-11-14,7:00:00 AM,01 - Clear,03 - Dawn,01 - Dry,10 - No control,,03 - P.D. only,07 - SMV other,0
16-10460,TENTH LINE RD btwn ST. JOSEPH BLVD & OR174 IC101 RAMP26,382768.95246,5038923.85773,-75.50256827290,45.48588357820,2016-11-14,6:15:00 AM,01 - Clear,03 - Dawn,01 - Dry,10 - No control,,03 - P.D. only,04 - Sideswipe,0
16-10461,ALBION RD btwn BANK ST & DES MESANGES DR,371949.27776,5024122.86459,-75.64298122160,45.35383560480,2016-11-14,8:21:00 AM,01 - Clear,01 - Daylight,01 - Dry,10 - No control,,02 - Non-fatal injury,02 - Angle,0
16-10462,BOOTH ST @ PRIMROSE AVE,366498.17197,5030471.33501,-75.71175273980,45.41145848180,2016-11-14,8:35:00 AM,01 - Clear,01 - Daylight,01 - Dry,01 - Traffic signal,00 - Unknown,02 - Non-fatal injury,03 - Rear end,0
16-10463,BATHGATE DR btwn MONTREAL RD & GULF PL,373232.95610,5034437.79138,-75.62516848860,45.44652051610,2016-11-13,4:50:00 PM,01 - Clear,05 - Dusk,01 - Dry,10 - No control,,03 - P.D. only,02 - Angle,0
16-10464,PLACE D'ORLEANS DR W @ ST. JOSEPH BLVD,381600.96403,5037684.32398,-75.51770157370,45.47486080320,2016-11-13,4:00:00 PM,01 - Clear,05 - Dusk,01 - Dry,01 - Traffic signal,01 - Functioning,03 - P.D. only,02 - Angle,0
16-10465,NANAIMO DR @ OKANAGAN DR,359436.45606,5022678.84078,-75.80282725730,45.34192887230,2016-11-14,9:57:00 AM,01 - Clear,01 - Daylight,01 - Dry,02 - Stop sign,01 - Functioning,03 - P.D. only,99 - Other,0
16-10466,LINDHURST CRES btwn ASHGROVE CRES & ASHGROVE CRES,361462.43265,5021965.74296,-75.77705905910,45.33535172180,2016-11-14,6:00:00 AM,01 - Clear,07 - Dark,01 - Dry,10 - No control,,03 - P.D. only,06 - SMV unattended vehicle,0
16-10467,HUNTLEY RD @ PERTH ST,356891.04858,5006389.41925,-75.83701358440,45.19554709640,2016-11-14,10:49:00 AM,01 - Clear,01 - Daylight,01 - Dry,01 - Traffic signal,01 - Functioning,03 - P.D. only,04 - Sideswipe,0
16-10468,BESSERER ST @ WALLER ST,368316.16267,5032192.78658,-75.68830674330,45.42678487780,2016-11-14,11:34:00 AM,01 - Clear,01 - Daylight,01 - Dry,01 - Traffic signal,01 - Functioning,03 - P.D. only,04 - Sideswipe,0
16-10469,CARLING AVE @ CARLINGWOOD SC,362073.67072,5025918.36988,-75.76880320440,45.37086757210,2016-11-14,11:51:00 AM,01 - Clear,01 - Daylight,01 - Dry,01 - Traffic signal,01 - Functioning,02 - Non-fatal injury,05 - Turning movement,0
16-10470,BIRCHMOUNT DR btwn CEDARCROFT CRES & LILY LANE,374221.73549,5032082.54285,-75.61286180150,45.42523176740,2016-11-14,1:10:00 PM,01 - Clear,01 - Daylight,01 - Dry,10 - No control,,03 - P.D. only,02 - Angle,0
16-10471,MERIVALE RD @ WEST HUNT CLUB RD,365612.03658,5021943.15682,-75.72412285170,45.33480113250,2016-11-14,2:01:00 PM,01 - Clear,01 - Daylight,01 - Dry,01 - Traffic signal,01 - Functioning,03 - P.D. only,04 - Sideswipe,0
16-10472,BLAIR RD @ REGIONAL RD 174 N/OR174 IC112 RAMP61,374633.90314,5032991.98908,-75.60746640050,45.43337344040,2016-11-14,2:08:00 PM,01 - Clear,01 - Daylight,01 - Dry,01 - Traffic signal,00 - Unknown,03 - P.D. only,03 - Rear end,0
16-10473,ST. JOSEPH BLVD/OLD MONTREAL RD @ TRIM RD,384682.10545,5039285.08413,-75.47803902140,45.48891722480,2016-11-14,2:08:00 PM,01 - Clear,01 - Daylight,01 - Dry,11 - Roundabout,01 - Functioning,03 - P.D. only,04 - Sideswipe,0
16-10474,MAITLAND AVE btwn GLENMOUNT AVE & AMESBROOKE DR,363752.96051,5025185.81173,-75.74745343040,45.36413685920,2016-11-14,2:09:00 PM,01 - Clear,01 - Daylight,01 - Dry,10 - No control,,03 - P.D. only,03 - Rear end,0
16-10475,INDUSTRIAL AVE btwn SANDFORD FLEMING AVE & NEIGHBORHOOD WAY,370979.99851,5030540.08359,-75.65449037650,45.41166757960,2016-11-14,2:51:00 PM,01 - Clear,01 - Daylight,01 - Dry,10 - No control,,03 - P.D. only,04 - Sideswipe,0
16-10476,ALBION RD    S btwn TURN LANE & ALBION RD,371907.43042,5024223.68162,-75.64350157090,45.35474672780,2016-11-14,3:22:00 PM,01 - Clear,01 - Daylight,01 - Dry,10 - No control,,03 - P.D. only,02 - Angle,0
16-10477,GRENON AVE @ RICHMOND RD,359807.49866,5024033.09602,-75.79794240360,45.35408546300,2016-11-14,3:29:00 PM,01 - Clear,01 - Daylight,01 - Dry,01 - Traffic signal,01 - Functioning,03 - P.D. only,03 - Rear end,0
16-10478,WALKLEY RD btwn HARDING RD & HALIFAX DR,373219.12407,5027647.04462,-75.62628809510,45.38542199710,2016-11-14,4:40:00 PM,01 - Clear,05 - Dusk,01 - Dry,10 - No control,,02 - Non-fatal injury,03 - Rear end,0
16-10479,WALKLEY RD btwn BANK ST & BANFF AVE,370342.08148,5025949.73300,-75.66324917890,45.37042526680,2016-11-14,4:56:00 PM,01 - Clear,07 - Dark,01 - Dry,10 - No control,,03 - P.D. only,05 - Turning movement,0
16-10480,EAGLESON RD btwn KATIMAVIK RD & KAKULU RD,353264.17200,5019451.34077,-75.88189794990,45.31334081020,2016-11-14,5:13:00 PM,01 - Clear,07 - Dark,01 - Dry,10 - No control,,03 - P.D. only,03 - Rear end,0
16-10481,GREENBANK RD @ BERRIGAN DR/WESSEX RD,363723.90124,5015277.08332,-75.74900315230,45.27498110840,2016-11-14,5:22:00 PM,01 - Clear,07 - Dark,01 - Dry,01 - Traffic signal,01 - Functioning,03 - P.D. only,02 - Angle,0
16-10482,HOLITMAN DR btwn THARE CRES & FOXFIELD DR,363833.11748,5016973.88797,-75.74740944400,45.29023979920,2016-11-14,5:19:00 PM,01 - Clear,07 - Dark,01 - Dry,10 - No control,,03 - P.D. only,06 - SMV unattended vehicle,0
16-10483,PARKDALE AVE @ SCOTT ST,364951.35991,5029726.14572,-75.73160370600,45.40488810120,2016-11-14,5:31:00 PM,01 - Clear,07 - Dark,01 - Dry,01 - Traffic signal,01 - Functioning,03 - P.D. only,03 - Rear end,0
16-10484,CYR AVE @ MONTREAL RD,370220.48986,5033148.37056,-75.66384635340,45.43520730630,2016-11-14,5:39:00 PM,01 - Clear,07 - Dark,01 - Dry,02 - Stop sign,01 - Functioning,03 - P.D. only,02 - Angle,0
16-10485,MONTREAL RD @ OGILVIE RD,375655.83269,5034556.36656,-75.59418173130,45.44734597710,2016-11-14,5:20:00 PM,01 - Clear,07 - Dark,01 - Dry,01 - Traffic signal,01 - Functioning,03 - P.D. only,04 - Sideswipe,0
16-10486,INNES RD @ TENTH LINE RD,383951.76030,5036157.49041,-75.48788500830,45.46086125820,2016-11-14,5:20:00 PM,01 - Clear,07 - Dark,01 - Dry,01 - Traffic signal,00 - Unknown,03 - P.D. only,03 - Rear end,0
16-10487,CUMMINGS AVE @ MONTREAL RD,372007.04103,5034039.25287,-75.64089295610,45.44305360930,2016-11-14,6:04:00 PM,01 - Clear,07 - Dark,01 - Dry,01 - Traffic signal,01 - Functioning,02 - Non-fatal injury,07 - SMV other,1
16-10488,BLAIR RD btwn OGILVIE RD & OR174 IC112 RAMP36,374621.34756,5033008.12385,-75.60762456230,45.43351986610,2016-11-14,6:02:00 PM,01 - Clear,07 - Dark,01 - Dry,10 - No control,,03 - P.D. only,04 - Sideswipe,0
16-10489,ST. JOSEPH BLVD btwn OR174 IC109 RAMP54 & ROCKCLIFFE PKWY,377106.44424,5035228.36824,-75.57554079720,45.45324364740,2016-11-14,6:36:00 PM,01 - Clear,07 - Dark,01 - Dry,10 - No control,,03 - P.D. only,07 - SMV other,0
16-10490,BEAUSOLEIL DR @ CLARENCE ST,368601.92414,5032845.48331,-75.68457071460,45.43263159580,2016-11-14,7:49:00 PM,01 - Clear,07 - Dark,01 - Dry,02 - Stop sign,01 - Functioning,02 - Non-fatal injury,02 - Angle,0
16-10491,DONNELLY DR btwn FAIRMILE RD & FOURTH LINE RD,371893.91810,4992738.04566,-75.64791538120,45.07144381650,2016-11-14,8:56:00 PM,01 - Clear,07 - Dark,01 - Dry,10 - No control,,03 - P.D. only,07 - SMV other,0
16-10492,WEST HUNT CLUB RD @ WOODROFFE AVE,363668.23387,5021244.90209,-75.74900394200,45.32868405610,2016-11-13,12:20:00 PM,01 - Clear,01 - Daylight,01 - Dry,01 - Traffic signal,01 - Functioning,03 - P.D. only,03 - Rear end,0
16-10493,MITCH OWENS RD btwn BLACKCREEK RD & BOUNDARY RD,388022.76792,5022136.38254,-75.43820324560,45.33423962500,2016-11-14,9:52:00 PM,01 - Clear,07 - Dark,01 - Dry,10 - No control,,03 - P.D. only,07 - SMV other,0
16-10494,GRANT CARMAN DR @ MEADOWLANDS DR,365051.69410,5023902.74964,-75.73103271420,45.35248163400,2016-11-15,12:45:00 AM,01 - Clear,07 - Dark,01 - Dry,01 - Traffic signal,01 - Functioning,03 - P.D. only,07 - SMV other,0
16-10495,MARCH RD btwn PETER ROBINSON RD & CORKERY RD,335852.66586,5016052.28226,-76.10416676000,45.28374010650,2016-11-15,4:35:00 AM,01 - Clear,07 - Dark,01 - Dry,10 - No control,,03 - P.D. only,07 - SMV other,0
16-10496,RICHMOND RD btwn STONEHAVEN DR & HOPE SIDE RD,356789.92267,5015867.00636,-75.83730996850,45.28083623310,2016-11-15,6:29:00 AM,"07 - Fog, mist, smoke, dust",03 - Dawn,01 - Dry,10 - No control,,03 - P.D. only,07 - SMV other,0
16-10497,WEST HUNT CLUB RD btwn MOODIE DR & HWY416 IC72 RAMP53,358848.72611,5019053.39730,-75.81072201670,45.30935244880,2016-11-15,7:51:00 AM,01 - Clear,01 - Daylight,01 - Dry,10 - No control,,03 - P.D. only,01 - Approaching,0
16-10498,FISHER AVE @ PRINCE OF WALES DR,367160.04849,5023941.26906,-75.70412237200,45.35264390770,2016-11-15,9:21:00 AM,01 - Clear,01 - Daylight,01 - Dry,01 - Traffic signal,01 - Functioning,02 - Non-fatal injury,07 - SMV other,0
16-10499,VANIER PKWY SB btwn MONTREAL RD & MCARTHUR AVE,370203.55681,5032711.00302,-75.66412085480,45.43127363970,2016-11-15,9:24:00 AM,01 - Clear,01 - Daylight,01 - Dry,10 - No control,,03 - P.D. only,99 - Other,0
16-10500,DON ST btwn POULIN AVE & REGINA ST,360333.96016,5025269.11567,-75.79108484260,45.36516563170,2016-11-14,12:00:00 AM,01 - Clear,00 - Unknown,01 - Dry,10 - No control,,03 - P.D. only,06 - SMV unattended vehicle,0
16-10501,BELFAST RD btwn TRAINYARDS DR & ST. LAURENT BLVD,372020.81091,5030857.59196,-75.64115124030,45.41442518090,2016-11-15,10:27:00 AM,01 - Clear,01 - Daylight,01 - Dry,10 - No control,,03 - P.D. only,02 - Angle,0
16-10502,ROBERTSON RD btwn MOODIE DR & VANIER RD,357353.28278,5020620.67510,-75.82962565650,45.32356848080,2016-11-15,10:57:00 AM,01 - Clear,01 - Daylight,01 - Dry,10 - No control,,03 - P.D. only,01 - Approaching,0
16-10503,BELFAST RD @ COVENTRY RD,371523.50156,5031640.46691,-75.64739840860,45.42151674650,2016-11-15,11:43:00 AM,01 - Clear,01 - Daylight,01 - Dry,01 - Traffic signal,01 - Functioning,03 - P.D. only,05 - Turning movement,0
16-10504,CUMBERLAND ST @ RIDEAU ST,368373.85238,5032329.75446,-75.68755190270,45.42801202510,2016-11-15,12:05:00 PM,01 - Clear,01 - Daylight,01 - Dry,01 - Traffic signal,01 - Functioning,02 - Non-fatal injury,02 - Angle,0
16-10505,HERON RD WB btwn RIVERSIDE DR & BRONSON AVE RAMP 36,368414.09530,5026682.74502,-75.68776610830,45.37719836640,2016-11-15,12:40:00 PM,01 - Clear,01 - Daylight,01 - Dry,10 - No control,,02 - Non-fatal injury,03 - Rear end,0
16-10506,CARLING AVE btwn DEFENSE  RESEARCH COMPLEX & RIFLE RD,353806.16585,5023261.08455,-75.87460871810,45.34758390420,2016-11-14,10:00:00 PM,01 - Clear,07 - Dark,01 - Dry,10 - No control,,03 - P.D. only,07 - SMV other,0
16-10507,SLATER ST btwn METCALFE ST & ELGIN ST,367807.06335,5031594.10529,-75.69488861340,45.42144418890,2016-11-15,6:40:00 AM,01 - Clear,03 - Dawn,01 - Dry,10 - No control,,03 - P.D. only,05 - Turning movement,0
16-10508,TRIM RD btwn NAVAN RD & HENN DR,388593.17907,5032290.37415,-75.42920371440,45.42552775210,2016-11-15,3:21:00 PM,01 - Clear,01 - Daylight,01 - Dry,10 - No control,,02 - Non-fatal injury,05 - Turning movement,0
16-10509,ST. LAURENT BLVD btwn DONALD ST & 125 N OF QUEEN MARY ST,372109.44789,5032437.80229,-75.63980299980,45.42863467190,2016-11-15,3:19:00 PM,01 - Clear,01 - Daylight,01 - Dry,10 - No control,,03 - P.D. only,02 - Angle,0
16-10510,BANK ST @ HOLMWOOD AVE,368483.36431,5029195.48831,-75.68655751490,45.39980099310,2016-11-15,3:24:00 PM,01 - Clear,01 - Daylight,01 - Dry,01 - Traffic signal,01 - Functioning,02 - Non-fatal injury,03 - Rear end,0
16-10511,DRIVEWAY (THE) @ PRINCE OF WALES DR,366884.08083,5028137.54790,-75.70711667930,45.39042557030,2016-11-15,3:26:00 PM,01 - Clear,01 - Daylight,01 - Dry,11 - Roundabout,01 - Functioning,03 - P.D. only,03 - Rear end,0
16-10512,GLENORA AVE @ HERRIDGE ST,369145.62158,5030016.60963,-75.67799207460,45.40712861050,2016-11-15,3:30:00 PM,01 - Clear,01 - Daylight,01 - Dry,02 - Stop sign,01 - Functioning,03 - P.D. only,02 - Angle,0
16-10513,PARKDALE AVE btwn SCOTT ST & BULLMAN ST,364989.44015,5029633.69482,-75.73112858280,45.40405297550,2016-11-15,3:46:00 PM,01 - Clear,01 - Daylight,01 - Dry,10 - No control,,03 - P.D. only,02 - Angle,0
16-10514,HAWTHORNE AVE btwn MAIN ST & CONCORD ST S,369212.15456,5030770.19733,-75.67704374120,45.41390300710,2016-11-15,6:45:00 AM,01 - Clear,07 - Dark,01 - Dry,10 - No control,,03 - P.D. only,06 - SMV unattended vehicle,0
16-10515,EAGLESON RD @ 300 N OF MICHAEL COWPLAND/EAGLES,354270.73603,5016902.24986,-75.86931558420,45.29033338280,2016-11-15,4:20:00 PM,01 - Clear,01 - Daylight,01 - Dry,01 - Traffic signal,01 - Functioning,03 - P.D. only,03 - Rear end,0
16-10516,RIVERSIDE DR @ TREMBLAY RD/HWY417 IC117 RAMP52,370800.32247,5031016.68688,-75.65672182680,45.41597283150,2016-11-15,4:30:00 PM,01 - Clear,05 - Dusk,01 - Dry,01 - Traffic signal,00 - Unknown,03 - P.D. only,03 - Rear end,0
16-10517,ST. LAURENT BLVD @ TREMBLAY RD,372595.71390,5031239.50561,-75.63375427450,45.41780600010,2016-11-15,5:10:00 PM,01 - Clear,07 - Dark,01 - Dry,01 - Traffic signal,00 - Unknown,03 - P.D. only,03 - Rear end,0
16-10518,BANK ST @ HUNT CLUB RD,371607.63881,5024096.28666,-75.64734462690,45.35362909750,2016-11-15,4:50:00 PM,01 - Clear,05 - Dusk,01 - Dry,01 - Traffic signal,01 - Functioning,03 - P.D. only,04 - Sideswipe,0
16-10519,CARLING AVE btwn DAVIDSON'S SIDE RD & GRANDVIEW RD,354331.38965,5023586.28903,-75.86787392010,45.35047323910,2016-11-15,6:00:00 PM,01 - Clear,07 - Dark,01 - Dry,10 - No control,,03 - P.D. only,07 - SMV other,0
16-10520,RUSSELL RD btwn SAND RD & FRANK KENNY RD,391155.87013,5025939.11584,-75.39757280690,45.36807425890,2016-11-15,6:15:00 PM,01 - Clear,07 - Dark,01 - Dry,10 - No control,,03 - P.D. only,07 - SMV other,0
16-10521,ST. JOSEPH BLVD btwn OR174 IC109 RAMP54 & ROCKCLIFFE PKWY,376590.43669,5035071.81982,-75.58216009950,45.45188832640,2016-11-15,6:22:00 PM,01 - Clear,07 - Dark,01 - Dry,10 - No control,,03 - P.D. only,07 - SMV other,0
16-10522,TERRY FOX DR @ PALLADIUM DR/KATIMAVIK RD,351269.71800,5018182.18928,-75.90745240950,45.30205547840,2016-11-15,6:26:00 PM,01 - Clear,07 - Dark,01 - Dry,01 - Traffic signal,01 - Functioning,03 - P.D. only,03 - Rear end,0
16-10523,PRINCE OF WALES DR @ WEST HUNT CLUB RD,367458.71030,5021889.43291,-75.70057093200,45.33415526280,2016-11-15,6:42:00 PM,01 - Clear,07 - Dark,01 - Dry,01 - Traffic signal,01 - Functioning,02 - Non-fatal injury,03 - Rear end,0
16-10524,ST. JOSEPH BLVD @ JEANNE D'ARC BLVD,379859.79159,5036472.33023,-75.54015342470,45.46414555900,2016-11-15,6:50:00 PM,01 - Clear,07 - Dark,01 - Dry,11 - Roundabout,01 - Functioning,03 - P.D. only,04 - Sideswipe,0
16-10525,DALHOUSIE ST @ ST. PATRICK ST,367957.92014,5032639.92248,-75.69282703720,45.43084049120,2016-11-15,7:25:00 PM,01 - Clear,07 - Dark,01 - Dry,01 - Traffic signal,01 - Functioning,03 - P.D. only,04 - Sideswipe,0
16-10526,HUNTMAR DR btwn HUNTMAR DR & PALLADIUM DR,349073.90820,5017995.97087,-75.93546698820,45.30052165120,2016-11-15,7:41:00 PM,01 - Clear,07 - Dark,01 - Dry,10 - No control,,03 - P.D. only,07 - SMV other,0
16-10527,NAVAHO DR @ WOODROFFE AVE/TRANSITWAY N BASELIN,362706.46144,5023493.02064,-75.76100937010,45.34899250490,2016-11-15,8:14:00 PM,01 - Clear,07 - Dark,01 - Dry,01 - Traffic signal,01 - Functioning,03 - P.D. only,05 - Turning movement,0
16-10528,CONROY RD @ KINGSDALE AVE,374318.52696,5024120.72804,-75.61274663980,45.35358550200,2016-11-15,9:38:00 PM,01 - Clear,07 - Dark,01 - Dry,02 - Stop sign,01 - Functioning,03 - P.D. only,02 - Angle,0
16-10529,KENT ST @ LAURIER AVE,367316.91854,5031165.68629,-75.70120548520,45.41763338160,2016-11-14,9:43:00 PM,01 - Clear,07 - Dark,01 - Dry,01 - Traffic signal,01 - Functioning,02 - Non-fatal injury,05 - Turning movement,0
16-10530,RICHMOND RD @ STONEHAVEN DR,356781.64110,5015891.02292,-75.83741300750,45.28105295030,2016-11-16,6:31:00 AM,02 - Rain,07 - Dark,02 - Wet,01 - Traffic signal,01 - Functioning,03 - P.D. only,03 - Rear end,0
16-10531,RAMSAYVILLE RD btwn LOUISEIZE RD & NINTH LINE RD,379578.15998,5021821.72980,-75.54597536170,45.33235927640,2016-11-16,6:58:00 AM,01 - Clear,03 - Dawn,01 - Dry,10 - No control,,03 - P.D. only,03 - Rear end,0
16-10532,STRANDHERD DR @ WOODROFFE AVE,366106.98216,5015395.56308,-75.71861846090,45.27584344330,2016-11-16,7:06:00 AM,02 - Rain,03 - Dawn,02 - Wet,01 - Traffic signal,01 - Functioning,03 - P.D. only,03 - Rear end,0
16-10533,BRONSON AVE @ CATHERINE ST/RAYMOND ST,367253.00434,5029797.31822,-75.70219542660,45.40532692220,2016-11-16,7:22:00 AM,02 - Rain,01 - Daylight,02 - Wet,01 - Traffic signal,01 - Functioning,03 - P.D. only,05 - Turning movement,0
16-10534,ST. JOSEPH BLVD @ JEANNE D'ARC BLVD,379860.96204,5036471.36136,-75.54013860800,45.46413671670,2016-11-16,7:52:00 AM,02 - Rain,01 - Daylight,02 - Wet,11 - Roundabout,01 - Functioning,03 - P.D. only,04 - Sideswipe,0