Record,Location,X,Y,Longitude,Latitude,Date,Time,Environment,Light,Road_Surface,Traffic_Control,Collision_Location,Collision_Classification,Impact_type,Pedestrian
16-10535,HUNTER'S RUN DR @ JEANNE D'ARC BLVD,380569.96015,5036175.45586,-75.53111901720,45.46139785200,2016-11-16,8:15:00 AM,02 - Rain,01 - Daylight,02 - Wet,01 - Traffic signal,01 - Functioning,03 - P.D. only,03 - Rear end,0
16-10536,ST. LAURENT BLVD btwn HWY417 IC115 RAMP51 & HWY417 IC115 RAMP25,372534.11669,5031400.10329,-75.63451915310,45.41925694940,2016-11-16,8:54:00 AM,02 - Rain,01 - Daylight,02 - Wet,10 - No control,,02 - Non-fatal injury,03 - Rear end,0
16-10537,ST. LAURENT BLVD btwn NERTA ST & JOLIFFE ST,373683.97509,5028585.89059,-75.62022160120,45.39382374910,2016-11-16,8:55:00 AM,02 - Rain,01 - Daylight,02 - Wet,10 - No control,,03 - P.D. only,04 - Sideswipe,0
16-10538,KIRKWOOD AVE @ SWITZER AVE,364233.80807,5027586.72583,-75.74102691450,45.38569930140,2016-11-16,9:10:00 AM,01 - Clear,01 - Daylight,02 - Wet,01 - Traffic signal,01 - Functioning,03 - P.D. only,02 - Angle,0
16-10539,CARP RD @ STITTSVILLE MAIN ST,349525.00564,5014329.98376,-75.93004578900,45.26750531330,2016-11-16,9:23:00 AM,02 - Rain,01 - Daylight,02 - Wet,01 - Traffic signal,01 - Functioning,03 - P.D. only,05 - Turning movement,0
16-10540,TRAINYARDS DR @ RAILMARKET,371755.20328,5030717.04236,-75.64456349640,45.41318604110,2016-11-16,9:43:00 AM,02 - Rain,01 - Daylight,02 - Wet,01 - Traffic signal,01 - Functioning,02 - Non-fatal injury,02 - Angle,0
16-10541,HAWTHORNE RD @ HUNT CLUB RD,375508.57806,5026407.77144,-75.59723284340,45.37404426150,2016-11-16,9:41:00 AM,01 - Clear,01 - Daylight,01 - Dry,01 - Traffic signal,01 - Functioning,03 - P.D. only,03 - Rear end,0
16-10542,ALBION RD @ RIDEAU RD,375092.09358,5016673.80108,-75.60393181760,45.28650379580,2016-11-16,9:51:00 AM,02 - Rain,01 - Daylight,02 - Wet,01 - Traffic signal,01 - Functioning,02 - Non-fatal injury,02 - Angle,0
16-10543,EAGLESON RD @ MICHAEL COWPLAND DR/STONEHAVEN D,354384.10476,5016621.19194,-75.86789846670,45.28779637130,2016-11-16,10:07:00 AM,02 - Rain,01 - Daylight,02 - Wet,01 - Traffic signal,01 - Functioning,03 - P.D. only,03 - Rear end,0
16-10544,HERON RD @ BAYCREST DR,371142.07299,5026979.95858,-75.65289871410,45.37961960150,2016-11-16,10:49:00 AM,01 - Clear,01 - Daylight,02 - Wet,01 - Traffic signal,01 - Functioning,03 - P.D. only,03 - Rear end,0
16-10545,INNES RD @ TENTH LINE RD,383951.76030,5036160.80304,-75.48788447500,45.46089106200,2016-11-16,11:30:00 AM,01 - Clear,01 - Daylight,01 - Dry,01 - Traffic signal,01 - Functioning,03 - P.D. only,03 - Rear end,0
16-10546,NERTA ST @ ST. LAURENT BLVD,373675.90214,5028606.62179,-75.62032180240,45.39401107300,2016-11-16,8:55:00 AM,02 - Rain,01 - Daylight,02 - Wet,02 - Stop sign,00 - Unknown,02 - Non-fatal injury,03 - Rear end,0
16-10547,BLAIR RD @ INNES RD,375579.56306,5031439.96918,-75.59560463930,45.41931417720,2016-11-16,12:18:00 PM,02 - Rain,01 - Daylight,02 - Wet,01 - Traffic signal,00 - Unknown,03 - P.D. only,03 - Rear end,0
16-10548,BRONSON AVE @ CHRISTIE ST,367050.04028,5030279.90458,-75.70472700170,45.40968717560,2016-11-16,12:51:00 PM,01 - Clear,01 - Daylight,01 - Dry,01 - Traffic signal,01 - Functioning,03 - P.D. only,02 - Angle,0
16-10549,VANIER PKWY/CRICHTON ST @ BEECHWOOD AVE/ST. PA,369128.17832,5033486.96242,-75.67776172250,45.43835516340,2016-11-16,2:17:00 PM,01 - Clear,01 - Daylight,01 - Dry,01 - Traffic signal,01 - Functioning,03 - P.D. only,05 - Turning movement,0
16-10550,MONTREAL RD @ ST. LAURENT BLVD,371545.48336,5033816.49701,-75.64682259400,45.44109357810,2016-11-16,2:56:00 PM,01 - Clear,01 - Daylight,01 - Dry,01 - Traffic signal,01 - Functioning,03 - P.D. only,04 - Sideswipe,0
16-10551,RICHMOND RD @ WOODROFFE AVE,361584.46686,5026655.62089,-75.77496346010,45.37754110160,2016-11-16,2:50:00 PM,01 - Clear,01 - Daylight,01 - Dry,01 - Traffic signal,01 - Functioning,03 - P.D. only,05 - Turning movement,0
16-10552,TERREBONNE DR btwn MARYGROVE CIRC & MAITLAND AVE,364011.51016,5025121.02375,-75.74416104200,45.36353211430,2016-11-16,2:56:00 PM,02 - Rain,01 - Daylight,02 - Wet,10 - No control,,03 - P.D. only,06 - SMV unattended vehicle,0
16-10553,HAZELDEAN RD @ TERRY FOX DR,352207.74145,5017242.68229,-75.89558191090,45.29353887880,2016-11-16,2:59:00 PM,01 - Clear,01 - Daylight,01 - Dry,01 - Traffic signal,00 - Unknown,02 - Non-fatal injury,05 - Turning movement,0
16-10554,PRINCE OF WALES DR @ WEST HUNT CLUB RD,367457.05399,5021890.26106,-75.70059195690,45.33416286270,2016-11-16,3:11:00 PM,01 - Clear,01 - Daylight,01 - Dry,01 - Traffic signal,01 - Functioning,02 - Non-fatal injury,03 - Rear end,0
16-10555,BELFAST RD @ ST. LAURENT BLVD,372861.82179,5030578.78154,-75.63044577680,45.41183527870,2016-11-16,3:51:00 PM,01 - Clear,01 - Daylight,01 - Dry,01 - Traffic signal,01 - Functioning,03 - P.D. only,04 - Sideswipe,0
16-10556,HAWTHORNE RD @ HUNT CLUB RD,375510.13772,5026403.83143,-75.59721349790,45.37400865390,2016-11-16,4:10:00 PM,01 - Clear,01 - Daylight,01 - Dry,01 - Traffic signal,01 - Functioning,03 - P.D. only,03 - Rear end,0
16-10557,CARLING AVE @ IROQUOIS RD,362213.59283,5026025.53010,-75.76700454970,45.37182033990,2016-11-16,4:11:00 PM,01 - Clear,01 - Daylight,01 - Dry,01 - Traffic signal,01 - Functioning,03 - P.D. only,05 - Turning movement,0
16-10558,DONALD ST @ ST. LAURENT BLVD,372093.71291,5032472.58493,-75.63999931330,45.42894914350,2016-11-16,5:07:00 PM,01 - Clear,07 - Dark,01 - Dry,01 - Traffic signal,01 - Functioning,02 - Non-fatal injury,03 - Rear end,0
16-10559,INNES RD btwn PRESTWICK DR & TENTH LINE RD,383859.00668,5036121.87964,-75.48907659060,45.46055136670,2016-11-16,5:13:00 PM,01 - Clear,07 - Dark,01 - Dry,10 - No control,,02 - Non-fatal injury,03 - Rear end,0
16-10560,MEADOWLANDS DR @ MERIVALE RD,364858.04128,5023724.85178,-75.73352560910,45.35089754580,2016-11-16,5:30:00 PM,01 - Clear,07 - Dark,01 - Dry,01 - Traffic signal,01 - Functioning,03 - P.D. only,05 - Turning movement,0
16-10561,EARL ARMSTRONG RD @ RIVER RD,367573.54666,5014684.81158,-75.70001818730,45.26931875880,2016-11-16,5:39:00 PM,01 - Clear,07 - Dark,01 - Dry,01 - Traffic signal,01 - Functioning,02 - Non-fatal injury,03 - Rear end,0
16-10562,MARCH RD @ MORGAN'S GRANT WAY/SHIRLEY'S BROOK,349662.26782,5023618.16862,-75.92745582670,45.35107432810,2016-11-16,5:43:00 PM,01 - Clear,07 - Dark,01 - Dry,01 - Traffic signal,01 - Functioning,02 - Non-fatal injury,05 - Turning movement,0
16-10563,ST. JOSEPH BLVD @ FOREST VALLEY DR/YOUVILLE DR,379164.86682,5036156.58540,-75.54908648160,45.46137904690,2016-11-16,5:43:00 PM,01 - Clear,07 - Dark,01 - Dry,01 - Traffic signal,00 - Unknown,03 - P.D. only,03 - Rear end,0
16-10564,ROGER STEVENS DR btwn DWYER HILL RD & MALAKOFF RD,362204.42969,4996110.62256,-75.77057372960,45.10264325420,2016-11-16,6:00:00 PM,"07 - Fog, mist, smoke, dust",07 - Dark,01 - Dry,10 - No control,,03 - P.D. only,07 - SMV other,0
16-10565,BLACKBURN BYPASS @ NAVAN RD,379615.42147,5033277.13802,-75.54376387040,45.43542380300,2016-11-16,7:06:00 PM,01 - Clear,07 - Dark,01 - Dry,01 - Traffic signal,01 - Functioning,03 - P.D. only,04 - Sideswipe,0
16-10566,BEECH ST btwn RAILWAY ST & PRESTON ST,366669.76766,5029262.53035,-75.70971234910,45.40056683970,2016-11-16,6:30:00 PM,01 - Clear,07 - Dark,01 - Dry,10 - No control,,03 - P.D. only,04 - Sideswipe,0
16-10567,RICHMOND RD @ HOLLY ACRES RD/NANAIMO DR,359057.01529,5022747.25386,-75.80766114250,45.34257390490,2016-11-16,7:10:00 PM,01 - Clear,07 - Dark,01 - Dry,01 - Traffic signal,01 - Functioning,03 - P.D. only,03 - Rear end,0
16-10568,BRONSON AVE @ FIRST AVE,367488.60971,5029236.78194,-75.69925724130,45.40026231920,2016-11-16,3:00:00 PM,01 - Clear,01 - Daylight,01 - Dry,02 - Stop sign,01 - Functioning,03 - P.D. only,02 - Angle,0
16-10569,FRASER AVE btwn TILLBURY AVE & SHERBOURNE RD,362854.74002,5026779.63998,-75.75873110300,45.37855290840,2016-11-16,7:00:00 PM,01 - Clear,07 - Dark,01 - Dry,10 - No control,,03 - P.D. only,06 - SMV unattended vehicle,0
16-10570,PRINCE OF WALES DR @ WEST HUNT CLUB RD,367459.53846,5021891.91738,-75.70056005190,45.33417754390,2016-11-16,7:43:00 PM,01 - Clear,07 - Dark,01 - Dry,01 - Traffic signal,01 - Functioning,03 - P.D. only,03 - Rear end,0
16-10571,DATA CENTRE RD @ RIVERSIDE DR,368895.79269,5027672.32118,-75.68148787910,45.38605837940,2016-11-16,6:30:00 PM,01 - Clear,07 - Dark,01 - Dry,01 - Traffic signal,01 - Functioning,02 - Non-fatal injury,03 - Rear end,0
16-10572,BANK ST @ JOHNSTON RD,370850.63281,5024839.74744,-75.65690577940,45.36039023560,2016-11-16,8:13:00 PM,01 - Clear,07 - Dark,01 - Dry,01 - Traffic signal,01 - Functioning,02 - Non-fatal injury,05 - Turning movement,0
16-10573,MITCH OWENS RD btwn SPRATT RD & LIMEBANK RD,369975.42153,5011058.41458,-75.66988754850,45.23647038910,2016-11-16,8:48:00 PM,01 - Clear,07 - Dark,01 - Dry,10 - No control,,03 - P.D. only,07 - SMV other,0
16-10574,MACKENZIE KING BR/WALLER ST @ NICHOLAS ST/WALL,368369.82811,5031991.64007,-75.68764696610,45.42497015740,2016-11-16,9:33:00 PM,01 - Clear,07 - Dark,02 - Wet,01 - Traffic signal,01 - Functioning,03 - P.D. only,03 - Rear end,0
16-10575,HURDMAN RD @ ROBINSON AVE,369889.60658,5031192.50683,-75.66833346910,45.41764010130,2016-11-16,9:44:00 PM,01 - Clear,07 - Dark,01 - Dry,02 - Stop sign,01 - Functioning,03 - P.D. only,07 - SMV other,0
16-10576,SALE BARN RD btwn MITCH OWENS RD & DAWN TARA DR,378866.18889,5016450.42912,-75.55586021500,45.28410643020,2016-11-16,9:55:00 PM,01 - Clear,07 - Dark,01 - Dry,10 - No control,,03 - P.D. only,07 - SMV other,0
16-10577,ALBERT ST @ BOOTH ST,366427.59551,5030627.66429,-75.71263478370,45.41287130820,2016-11-16,11:30:00 PM,01 - Clear,07 - Dark,01 - Dry,01 - Traffic signal,01 - Functioning,02 - Non-fatal injury,02 - Angle,0
16-10578,ALBERT ST @ BANK ST,367384.86794,5031423.15952,-75.70030466010,45.41994396990,2016-11-17,12:03:00 AM,01 - Clear,07 - Dark,01 - Dry,01 - Traffic signal,01 - Functioning,03 - P.D. only,03 - Rear end,0
16-10579,BYRON AVE btwn HILLCREST AVE & BROADVIEW AVE,362685.11695,5027822.10698,-75.76077450390,45.38794692530,2016-11-17,3:46:00 AM,01 - Clear,07 - Dark,01 - Dry,10 - No control,,03 - P.D. only,07 - SMV other,0
16-10580,TENTH LINE RD btwn ST. JOSEPH BLVD & OR174 IC101 RAMP26,382770.07447,5038921.08946,-75.50255436130,45.48585854720,2016-11-17,6:11:00 AM,01 - Clear,07 - Dark,01 - Dry,10 - No control,,03 - P.D. only,03 - Rear end,0
16-10581,TENTH LINE RD @ OR174 IC101 RAMP36,382632.95992,5039210.79812,-75.50426222950,45.48848038490,2016-11-17,7:18:00 AM,01 - Clear,01 - Daylight,01 - Dry,01 - Traffic signal,01 - Functioning,03 - P.D. only,03 - Rear end,0
16-10582,MADELEINE MEILLEUR PRIV btwn Continuation of MADELEINE MEILLEUR PRIV &,369673.08801,5033374.39164,-75.67081229160,45.43729195050,2016-11-17,7:33:00 AM,01 - Clear,01 - Daylight,01 - Dry,10 - No control,,03 - P.D. only,03 - Rear end,0
16-10583,BEARBROOK RD/ROCKCLIFFE PKWY @ ST. JOSEPH BLVD,377128.40148,5035239.90516,-75.57525840680,45.45334517740,2016-11-17,7:49:00 AM,01 - Clear,01 - Daylight,01 - Dry,01 - Traffic signal,01 - Functioning,03 - P.D. only,03 - Rear end,0
16-10584,MEADOWLANDS DR btwn JOAN ST & ASHWOOD CRES,364679.81791,5023629.44415,-75.73581148620,45.35005432070,2016-11-17,7:49:00 AM,01 - Clear,01 - Daylight,01 - Dry,10 - No control,,03 - P.D. only,03 - Rear end,0
16-10585,BEARBROOK RD/ROCKCLIFFE PKWY @ ST. JOSEPH BLVD,377128.03150,5035242.83334,-75.57526270620,45.45337156080,2016-11-17,8:33:00 AM,01 - Clear,01 - Daylight,01 - Dry,01 - Traffic signal,01 - Functioning,03 - P.D. only,03 - Rear end,0
16-10586,SILVER PINES CRES btwn APPLE LEAF WAY & APPLE LEAF WAY,380468.36927,5033562.08401,-75.53281986830,45.43789575440,2016-11-17,8:37:00 AM,01 - Clear,01 - Daylight,01 - Dry,10 - No control,,03 - P.D. only,06 - SMV unattended vehicle,0
16-10587,REGIONAL ROAD 174 btwn OR174 IC109 RAMP56 & OR174 IC109 RAMP86,376483.80021,5035059.06846,-75.58352512860,45.45178454460,2016-11-17,8:49:00 AM,01 - Clear,01 - Daylight,01 - Dry,10 - No control,,03 - P.D. only,04 - Sideswipe,0
16-10588,APPLE ORCHARD RD @ STAGECOACH RD,376239.97474,5012603.64614,-75.58988619600,45.24976617490,2016-11-15,11:45:00 PM,01 - Clear,07 - Dark,01 - Dry,02 - Stop sign,01 - Functioning,03 - P.D. only,05 - Turning movement,0
16-10589,HUNT CLUB RD btwn UPLANDS DR & MCCARTHY RD,370198.96322,5023148.40721,-75.66544674670,45.34523313800,2016-11-17,9:10:00 AM,01 - Clear,01 - Daylight,01 - Dry,10 - No control,,03 - P.D. only,03 - Rear end,0
16-10590,HAIG DR @ SMYTH RD,372565.19827,5029297.83834,-75.63441103720,45.40033870750,2016-11-17,9:12:00 AM,01 - Clear,01 - Daylight,01 - Dry,01 - Traffic signal,01 - Functioning,02 - Non-fatal injury,03 - Rear end,0
16-10591,GOUGH RD @ LORDS MANOR LANE,373566.61592,5010806.92143,-75.62418797400,45.23386592140,2016-11-17,9:18:00 AM,01 - Clear,01 - Daylight,01 - Dry,02 - Stop sign,00 - Unknown,02 - Non-fatal injury,03 - Rear end,0
16-10592,INNES RD @ STAR TOP RD/WINDMILL LANE,374147.50626,5030665.90188,-75.61400963980,45.41249292330,2016-11-17,9:31:00 AM,01 - Clear,01 - Daylight,01 - Dry,01 - Traffic signal,01 - Functioning,03 - P.D. only,05 - Turning movement,0
16-10593,CARLING AVE/STATION RD @ MARCH RD,350906.22344,5022246.58426,-75.91170881340,45.33865184990,2016-11-17,8:55:00 AM,01 - Clear,01 - Daylight,01 - Dry,01 - Traffic signal,00 - Unknown,03 - P.D. only,03 - Rear end,0
16-10594,BANK ST btwn RIDGEMONT AVE & PORTLAND AVE,370080.81859,5026623.79844,-75.66649517400,45.37651467760,2016-11-16,4:45:00 PM,01 - Clear,05 - Dusk,01 - Dry,10 - No control,,03 - P.D. only,02 - Angle,0
16-10595,FROBISHER LANE @ OLD RIVERSIDE DR,370169.87994,5029578.87958,-75.66496671070,45.40309516850,2016-11-17,11:08:00 AM,01 - Clear,01 - Daylight,01 - Dry,02 - Stop sign,00 - Unknown,03 - P.D. only,03 - Rear end,0
16-10596,RICHARDSON SIDE RD @ TERRY FOX DR,348803.08600,5019506.07210,-75.93878597800,45.31412702200,2016-11-17,12:02:00 PM,01 - Clear,01 - Daylight,01 - Dry,01 - Traffic signal,01 - Functioning,02 - Non-fatal injury,05 - Turning movement,0
16-10597,ALTA VISTA DR @ RIDGEMONT AVE,370517.72310,5026673.28831,-75.66091079510,45.37691912940,2016-11-17,12:14:00 PM,01 - Clear,01 - Daylight,01 - Dry,01 - Traffic signal,01 - Functioning,03 - P.D. only,03 - Rear end,0
16-10598,HOLLAND AVE @ WELLINGTON ST,364929.04278,5029153.77394,-75.73195855530,45.39973994320,2016-11-17,1:29:00 PM,01 - Clear,01 - Daylight,01 - Dry,01 - Traffic signal,01 - Functioning,03 - P.D. only,02 - Angle,0
16-10599,RIVERSIDE DR NB btwn TRANSITWAY - RIVERSIDE H & SMYTH RD SOUTH SIDE RA,369783.52873,5028947.80080,-75.66998457810,45.39745291560,2016-11-17,2:06:00 PM,01 - Clear,01 - Daylight,01 - Dry,10 - No control,,03 - P.D. only,03 - Rear end,0
16-10600,GERVIN ST btwn PINEGLEN CRES & GRAYSON ST,365944.61304,5020020.95373,-75.72011740970,45.31747648770,2016-11-17,2:44:00 PM,01 - Clear,01 - Daylight,01 - Dry,10 - No control,,03 - P.D. only,07 - SMV other,0
16-10601,BRUNEL ST @ MONTREAL RD,372824.66065,5034415.87244,-75.63039046880,45.44636315470,2016-11-17,2:47:00 PM,01 - Clear,01 - Daylight,01 - Dry,02 - Stop sign,01 - Functioning,02 - Non-fatal injury,03 - Rear end,0
16-10602,MERIVALE RD @ SHILLINGTON AVE,364844.03558,5026808.44041,-75.73332963300,45.37864438970,2016-11-17,3:21:00 PM,01 - Clear,01 - Daylight,01 - Dry,01 - Traffic signal,01 - Functioning,02 - Non-fatal injury,05 - Turning movement,0
16-10603,CARLING AVE @ PARKDALE AVE,365627.63631,5028174.11224,-75.72315687860,45.39086482320,2016-11-17,3:28:00 PM,01 - Clear,01 - Daylight,01 - Dry,01 - Traffic signal,01 - Functioning,03 - P.D. only,03 - Rear end,0
16-10604,PINECREST RD @ BASELINE RD,360782.36339,5022695.05921,-75.78565268540,45.34196868990,2016-11-17,3:56:00 PM,01 - Clear,01 - Daylight,01 - Dry,02 - Stop sign,01 - Functioning,03 - P.D. only,03 - Rear end,0
16-10605,GREENBANK RD @ BERRIGAN DR/WESSEX RD,363725.00347,5015278.02063,-75.74898899330,45.27498944990,2016-11-17,4:19:00 PM,01 - Clear,01 - Daylight,01 - Dry,01 - Traffic signal,01 - Functioning,03 - P.D. only,03 - Rear end,0
16-10606,WALKLEY RD btwn LANCASTER RD & SHEFFIELD RD,375211.35829,5028760.10816,-75.60069156080,45.39523935810,2016-11-17,4:46:00 PM,01 - Clear,05 - Dusk,01 - Dry,10 - No control,,02 - Non-fatal injury,03 - Rear end,0
16-10607,AIRPORT PARKWAY PRIV @ AIR CARGO PRIV,370593.25954,5020833.02161,-75.66072349920,45.32436305230,2016-11-17,4:48:00 PM,01 - Clear,05 - Dusk,01 - Dry,02 - Stop sign,01 - Functioning,03 - P.D. only,05 - Turning movement,0
16-10608,BASELINE RD btwn LOBLAWS SC & MERIVALE RD,364870.84547,5025209.98695,-75.73318173430,45.36425947790,2016-11-17,5:14:00 PM,01 - Clear,07 - Dark,01 - Dry,10 - No control,,02 - Non-fatal injury,03 - Rear end,0
16-10609,MERIVALE RD @ SHILLINGTON AVE,364844.69420,5026811.60849,-75.73332083920,45.37867283920,2016-11-17,5:17:00 PM,01 - Clear,05 - Dusk,01 - Dry,01 - Traffic signal,01 - Functioning,02 - Non-fatal injury,07 - SMV other,1
16-10610,RITCHIE SIDE RD btwn IVY ACRES RD & UPPER DWYER HILL RD,322571.97905,5026281.40927,-76.27308869810,45.37624951100,2016-11-17,5:35:00 PM,01 - Clear,07 - Dark,01 - Dry,10 - No control,,03 - P.D. only,07 - SMV other,0
16-10611,FRIEL ST @ RIDEAU ST,368770.87424,5032569.34206,-75.68244752050,45.43013154600,2016-11-17,6:26:00 PM,01 - Clear,07 - Dark,02 - Wet,01 - Traffic signal,01 - Functioning,02 - Non-fatal injury,03 - Rear end,0
16-10612,MONTREAL RD btwn SINCLAIR ST & SHEFFORD RD,376048.06607,5034807.28525,-75.58913173140,45.44956371570,2016-11-17,6:31:00 PM,02 - Rain,07 - Dark,02 - Wet,10 - No control,,03 - P.D. only,03 - Rear end,0
16-10613,DALY AVE @ WALLER ST,368342.34843,5032121.41828,-75.68798134910,45.42614035270,2016-11-17,5:39:00 PM,01 - Clear,07 - Dark,01 - Dry,01 - Traffic signal,01 - Functioning,03 - P.D. only,03 - Rear end,0
16-10614,AIRPORT PKWY @ HUNT CLUB RD,371019.35616,5023703.41228,-75.65490457480,45.35014993570,2016-11-17,7:38:00 PM,01 - Clear,07 - Dark,01 - Dry,01 - Traffic signal,01 - Functioning,03 - P.D. only,03 - Rear end,0
16-10615,CATHERINE ST @ KENT ST,367907.48796,5030188.34486,-75.69378551580,45.40878655920,2016-11-17,7:51:00 PM,01 - Clear,07 - Dark,01 - Dry,01 - Traffic signal,01 - Functioning,03 - P.D. only,04 - Sideswipe,0
16-10616,MOODIE DR @ MCKENNA CASEY DR,360351.52397,5012682.40790,-75.79227153570,45.25190842610,2016-11-17,8:27:00 PM,"07 - Fog, mist, smoke, dust",07 - Dark,01 - Dry,02 - Stop sign,01 - Functioning,03 - P.D. only,07 - SMV other,0
16-10617,REGIONAL ROAD 174 btwn OLD MONTREAL RD & OLD MONTREAL RD,393673.37584,5042841.89034,-75.36238766920,45.51982964000,2016-11-17,9:45:00 PM,01 - Clear,07 - Dark,01 - Dry,10 - No control,,02 - Non-fatal injury,07 - SMV other,0
16-10618,ROCKDALE RD btwn HWY417 IC88 RAMP61 & HIGHWAY LANE,395348.26860,5022940.96054,-75.34461202920,45.34057129370,2016-11-17,10:21:00 PM,01 - Clear,07 - Dark,01 - Dry,10 - No control,,03 - P.D. only,07 - SMV other,0
16-10619,HUNTMAR DR btwn HUNTMAR DR & AUTOPARK PRIV,349190.17455,5017907.37526,-75.93399248960,45.29971710340,2016-11-17,10:42:00 PM,01 - Clear,07 - Dark,01 - Dry,10 - No control,,02 - Non-fatal injury,03 - Rear end,0
16-10620,GREENBANK RD btwn WEST HUNT CLUB RD & FALLOWFIELD RD,362298.21977,5018554.54773,-75.76679235220,45.30458985910,2016-11-17,10:53:00 PM,"07 - Fog, mist, smoke, dust",07 - Dark,01 - Dry,10 - No control,,03 - P.D. only,07 - SMV other,0
16-10621,QUEENSDALE AVE @ ALBION RD,372446.67662,5022922.32049,-75.63679791160,45.34298572010,2016-11-18,1:24:00 AM,"07 - Fog, mist, smoke, dust",07 - Dark,02 - Wet,02 - Stop sign,01 - Functioning,02 - Non-fatal injury,05 - Turning movement,0
16-10622,APPLE ORCHARD RD @ MANOTICK STATION RD,374365.25116,5011409.90338,-75.61393344320,45.23921297120,2016-11-18,5:31:00 AM,"07 - Fog, mist, smoke, dust",07 - Dark,02 - Wet,02 - Stop sign,01 - Functioning,02 - Non-fatal injury,07 - SMV other,0
16-10623,BIRCHGROVE RD btwn LARMOURS RD & WATSON RD,398463.58863,5033563.07883,-75.30285353410,45.43572576660,2016-11-18,6:19:00 AM,"07 - Fog, mist, smoke, dust",07 - Dark,01 - Dry,10 - No control,,03 - P.D. only,07 - SMV other,0
16-10624,MCARTHUR AVE @ NORTH RIVER RD,369820.73355,5032646.50696,-75.66902145940,45.43072902790,2016-11-18,6:40:00 AM,01 - Clear,03 - Dawn,01 - Dry,01 - Traffic signal,01 - Functioning,02 - Non-fatal injury,05 - Turning movement,0
16-10625,REGIONAL ROAD 174 btwn OLD MONTREAL RD & MCTEER RD,394805.70106,5043082.90339,-75.34785215550,45.52185268030,2016-11-18,6:51:00 AM,"07 - Fog, mist, smoke, dust",07 - Dark,02 - Wet,10 - No control,,03 - P.D. only,99 - Other,0
16-10626,MALAKOFF RD btwn MACKEY RD & COWELL RD,365459.30203,4992391.17613,-75.72966836190,45.06890301930,2016-11-18,6:45:00 AM,"07 - Fog, mist, smoke, dust",07 - Dark,01 - Dry,10 - No control,,03 - P.D. only,07 - SMV other,0
16-10627,GLOUCESTER ST @ KENT ST,367357.18599,5031098.27104,-75.70069958590,45.41702320060,2016-11-18,7:33:00 AM,01 - Clear,01 - Daylight,01 - Dry,01 - Traffic signal,01 - Functioning,03 - P.D. only,02 - Angle,0
16-10628,MONTREAL RD btwn BETHAMY LANE & OGILVIE RD,375571.40167,5034503.91943,-75.59526850270,45.44688264290,2016-11-18,2:15:00 PM,01 - Clear,01 - Daylight,01 - Dry,10 - No control,,02 - Non-fatal injury,07 - SMV other,1
16-10629,EAGLESON RD @ HAZELDEAN RD/ROBERTSON RD,353672.79674,5018425.70224,-75.87678788980,45.30408358340,2016-11-18,9:21:00 AM,01 - Clear,01 - Daylight,01 - Dry,01 - Traffic signal,01 - Functioning,03 - P.D. only,03 - Rear end,0
16-10630,REGINA LANE @ RICHMOND RD,360808.61210,5025608.44110,-75.78498771090,45.36818109680,2016-11-18,9:52:00 AM,01 - Clear,01 - Daylight,01 - Dry,10 - No control,,03 - P.D. only,02 - Angle,0
16-10631,LEITRIM RD btwn HIGH RD & ALBION RD,373338.57889,5020297.10799,-75.62578164830,45.31927839490,2016-11-18,10:00:00 AM,01 - Clear,01 - Daylight,01 - Dry,10 - No control,,02 - Non-fatal injury,03 - Rear end,0
16-10632,DEBRA AVE @ MEADOWLANDS DR,367213.05389,5025591.59839,-75.70323754890,45.36748850070,2016-11-18,10:16:00 AM,01 - Clear,01 - Daylight,01 - Dry,01 - Traffic signal,01 - Functioning,03 - P.D. only,03 - Rear end,0
16-10633,MERIVALE RD/LOTTA AVE @ CLYDE AVE,364520.87014,5024507.11182,-75.73773378700,45.35796501160,2016-11-18,10:58:00 AM,01 - Clear,01 - Daylight,01 - Dry,01 - Traffic signal,01 - Functioning,02 - Non-fatal injury,02 - Angle,0
16-10634,PARKDALE AVE @ RUSKIN ST,365506.04609,5028449.48631,-75.72467571090,45.39335312930,2016-11-18,11:06:00 AM,01 - Clear,01 - Daylight,01 - Dry,01 - Traffic signal,01 - Functioning,02 - Non-fatal injury,03 - Rear end,0
16-10635,ROCKDALE RD btwn COLONIAL RD & END,391402.43010,5032703.49699,-75.39323817460,45.42890240700,2016-11-18,5:55:00 AM,01 - Clear,07 - Dark,08 - Loose sand or gravel,10 - No control,,03 - P.D. only,07 - SMV other,0
16-10636,ALTA VISTA DR @ DALE AVE,370699.37421,5030200.62569,-75.65812059650,45.40863975320,2016-11-18,12:30:00 PM,01 - Clear,01 - Daylight,01 - Dry,02 - Stop sign,01 - Functioning,03 - P.D. only,03 - Rear end,0
16-10637,BRONSON PL @ BRONSON AVE NB OFFRAMP 24,367839.67838,5028398.96156,-75.69488043160,45.39269233250,2016-11-18,1:03:00 PM,01 - Clear,01 - Daylight,01 - Dry,03 - Yield sign,01 - Functioning,03 - P.D. only,02 - Angle,0
16-10638,AVIATION PKWY @ MONTREAL RD,372145.88844,5034107.34056,-75.63910895420,45.44365286650,2016-11-18,1:28:00 PM,01 - Clear,01 - Daylight,01 - Dry,01 - Traffic signal,01 - Functioning,02 - Non-fatal injury,03 - Rear end,0