Record,Location,X,Y,Longitude,Latitude,Date,Time,Environment,Light,Road_Surface,Traffic_Control,Collision_Location,Collision_Classification,Impact_type,Pedestrian
16-10955,ANDERSON RD btwn DOLMAN RIDGE RD & RIDGE RD,379000.45678,5028598.20423,-75.55232724780,45.39339138690,2016-11-24,8:23:00 PM,01 - Clear,07 - Dark,02 - Wet,10 - No control,,03 - P.D. only,03 - Rear end,0
16-10956,EAGLESON RD @ HAZELDEAN RD/ROBERTSON RD,353671.96859,5018423.21776,-75.87679869380,45.30406128580,2016-11-24,8:58:00 PM,03 - Snow,07 - Dark,04 - Slush,01 - Traffic signal,01 - Functioning,03 - P.D. only,03 - Rear end,0
16-10957,NESS ST btwn MEADOWLANDS DR E & WIGAN DR,366464.35203,5024865.32701,-75.71288516610,45.36101992680,2016-11-24,7:30:00 PM,01 - Clear,07 - Dark,03 - Loose snow,10 - No control,,03 - P.D. only,06 - SMV unattended vehicle,0
16-10958,SHERBOURNE RD btwn FRASER AVE & BROMLEY RD,362914.15171,5026604.55664,-75.75799317740,45.37697260480,2016-11-24,9:54:00 PM,01 - Clear,07 - Dark,02 - Wet,10 - No control,,03 - P.D. only,07 - SMV other,0
16-10959,TUPPER AVE btwn JOLIFFE ST & RUSSELL RD,374250.11034,5028739.02149,-75.61297029770,45.39514562880,2016-11-24,9:59:00 PM,02 - Rain,07 - Dark,03 - Loose snow,10 - No control,,03 - P.D. only,06 - SMV unattended vehicle,0
16-10960,SECOND LINE RD @ THOMAS FULLER DR,347280.44632,5024065.51290,-75.95781342300,45.35524797490,2016-11-24,10:25:00 PM,05 - Drifting Snow,07 - Dark,02 - Wet,02 - Stop sign,01 - Functioning,03 - P.D. only,07 - SMV other,0
16-10961,FRANK KENNY RD btwn MCFADDEN RD & RUSSELL RD,392506.54380,5026503.99191,-75.38023297240,45.37298869040,2016-11-24,10:26:00 PM,01 - Clear,07 - Dark,02 - Wet,10 - No control,,02 - Non-fatal injury,07 - SMV other,0
16-10962,CLAREY AVE btwn BANK ST & END,368560.36736,5029332.90964,-75.68555627060,45.40103045770,2016-11-25,3:33:00 AM,03 - Snow,"08 - Dark, artificial",03 - Loose snow,10 - No control,,03 - P.D. only,06 - SMV unattended vehicle,0
16-10963,BANK ST @ LEITRIM RD,375357.75420,5021620.73934,-75.59984134600,45.33098787860,2016-11-25,5:20:00 AM,01 - Clear,07 - Dark,01 - Dry,01 - Traffic signal,00 - Unknown,03 - P.D. only,07 - SMV other,0
16-10964,JOCKVALE RD @ STRANDHERD DR,363560.25453,5014577.61441,-75.75117145770,45.26870096360,2016-11-25,7:30:00 AM,"07 - Fog, mist, smoke, dust",01 - Daylight,02 - Wet,01 - Traffic signal,01 - Functioning,03 - P.D. only,05 - Turning movement,0
16-10965,BLACKBURN BYPASS WB btwn NAVAN RD & 1700 W OF NAVAN RD,378886.92239,5032816.18577,-75.55314309010,45.43135403820,2016-11-25,7:47:00 AM,02 - Rain,01 - Daylight,02 - Wet,10 - No control,,02 - Non-fatal injury,07 - SMV other,0
16-10966,CLEMENTINE BLVD @ HERON RD,369548.54896,5026787.77814,-75.67326897130,45.37803950470,2016-11-25,7:51:00 AM,03 - Snow,01 - Daylight,04 - Slush,01 - Traffic signal,01 - Functioning,03 - P.D. only,07 - SMV other,0
16-10967,INNES RD btwn CLEROUX CRES & KEYSTONE CRT,379020.69658,5033442.48942,-75.55133922800,45.43697489780,2016-11-25,8:31:00 AM,02 - Rain,01 - Daylight,02 - Wet,10 - No control,,02 - Non-fatal injury,07 - SMV other,0
16-10968,BENLEA DR E @ WOODFIELD DR E,364526.69590,5021864.51799,-75.73797854020,45.33418677050,2016-11-25,8:38:00 AM,01 - Clear,01 - Daylight,02 - Wet,02 - Stop sign,,03 - P.D. only,07 - SMV other,0
16-10969,NICHOLAS ST NB btwn HWY417 IC118 RAMP52 & WALLER ST/TRANSITWAY,368801.24093,5031478.93264,-75.68220115410,45.42031766100,2016-11-25,8:30:00 AM,01 - Clear,01 - Daylight,02 - Wet,10 - No control,,02 - Non-fatal injury,03 - Rear end,0
16-10970,HERON RD @ BAYCREST DR,371142.90114,5026979.13042,-75.65288825280,45.37961207130,2016-11-25,9:07:00 AM,03 - Snow,01 - Daylight,04 - Slush,01 - Traffic signal,01 - Functioning,02 - Non-fatal injury,07 - SMV other,1
16-10971,FLEWELLYN RD btwn MUNSTER RD & CONLEY RD,346166.22793,5006088.50361,-75.97353168110,45.19355008630,2016-11-25,2:45:00 AM,01 - Clear,07 - Dark,02 - Wet,10 - No control,,03 - P.D. only,07 - SMV other,0
16-10972,TENTH LINE RD @ TENTH LINE RD,383531.52806,5037154.55492,-75.49309798280,45.46987942880,2016-11-25,9:22:00 AM,03 - Snow,01 - Daylight,02 - Wet,01 - Traffic signal,01 - Functioning,03 - P.D. only,03 - Rear end,0
16-10973,RIVERSIDE DR NB btwn SAN REMO PRIV & INDUSTRIAL AVE,370640.90672,5030500.42589,-75.65882740880,45.41134274000,2016-11-25,9:38:00 AM,03 - Snow,01 - Daylight,02 - Wet,10 - No control,,03 - P.D. only,03 - Rear end,0
16-10974,LESTER RD btwn ALBION RD & ALADDIN LANE,372713.79082,5022341.19155,-75.63346957370,45.33773111250,2016-11-24,8:30:00 PM,03 - Snow,07 - Dark,03 - Loose snow,10 - No control,,03 - P.D. only,07 - SMV other,0
16-10975,UPPER DWYER HILL RD @ MCARTON RD,340116.38981,5007541.21836,-76.05042249870,45.20695149630,2016-11-25,10:15:00 AM,01 - Clear,01 - Daylight,02 - Wet,02 - Stop sign,01 - Functioning,03 - P.D. only,02 - Angle,0
16-10976,KANATA AVE @ HWY 417 CASTLEFR IC139R15,351714.82234,5019145.74359,-75.90168587100,45.31069619580,2016-11-25,10:40:00 AM,01 - Clear,01 - Daylight,04 - Slush,01 - Traffic signal,01 - Functioning,03 - P.D. only,02 - Angle,0
16-10977,HUNTMAR DR @ PALLADIUM DR S,349675.38706,5017364.33871,-75.92785512370,45.29479986760,2016-11-25,12:41:00 PM,01 - Clear,01 - Daylight,02 - Wet,01 - Traffic signal,01 - Functioning,03 - P.D. only,05 - Turning movement,0
16-10978,DAVIDSON RD btwn BANK ST & CONROY RD,374516.60864,5023423.99871,-75.61031709050,45.34729695580,2016-11-21,9:00:00 PM,03 - Snow,07 - Dark,03 - Loose snow,10 - No control,,03 - P.D. only,07 - SMV other,0
16-10979,SENECA ST @ SUNNYSIDE AVE,368224.15430,5028273.25542,-75.68998669720,45.39152654900,2016-11-24,9:00:00 AM,01 - Clear,01 - Daylight,03 - Loose snow,02 - Stop sign,01 - Functioning,03 - P.D. only,03 - Rear end,0
16-10980,PRESLAND RD @ VANIER PKWY,370431.46559,5031750.39476,-75.66133642560,45.42260913450,2016-11-24,5:40:00 PM,01 - Clear,07 - Dark,01 - Dry,01 - Traffic signal,01 - Functioning,03 - P.D. only,07 - SMV other,0
16-10981,CARLING AVE @ WOODROFFE AVE W,361767.46406,5025724.85488,-75.77273445660,45.36915129850,2016-11-25,2:01:00 PM,01 - Clear,01 - Daylight,04 - Slush,01 - Traffic signal,01 - Functioning,03 - P.D. only,04 - Sideswipe,0
16-10982,RICHMOND RD btwn WINSTON AVE & CHURCHILL AVE N,363098.24990,5028203.28535,-75.75545397960,45.39134244520,2016-11-25,2:45:00 PM,01 - Clear,01 - Daylight,02 - Wet,10 - No control,,03 - P.D. only,04 - Sideswipe,0
16-10983,FIELDING DR btwn HARTMAN CRES & RANKIN ST,369096.17172,5024890.58309,-75.67929140250,45.36101074160,2016-11-11,2:00:00 PM,02 - Rain,01 - Daylight,02 - Wet,10 - No control,,03 - P.D. only,06 - SMV unattended vehicle,0
16-10984,ORLEANS BLVD @ LONGLEAF DR N/SILVERBIRCH ST,380738.98447,5034033.67469,-75.52928864860,45.44210942870,2016-11-25,3:28:00 PM,01 - Clear,01 - Daylight,03 - Loose snow,02 - Stop sign,01 - Functioning,03 - P.D. only,02 - Angle,0
16-10985,DEBRA AVE btwn BELLAMY ST & END,366928.50680,5025477.74018,-75.70688403210,45.36648931000,2016-11-24,10:00:00 PM,03 - Snow,07 - Dark,04 - Slush,10 - No control,,03 - P.D. only,06 - SMV unattended vehicle,0
16-10986,CLERMONT CRES btwn AQUAVIEW DR & AQUAVIEW DR,385478.48172,5036049.58046,-75.46838365590,45.45971575380,2016-11-25,12:00:00 AM,03 - Snow,00 - Unknown,04 - Slush,10 - No control,,03 - P.D. only,06 - SMV unattended vehicle,0
16-10987,EASTWOOD PL @ MCARTHUR AVE,371052.49776,5032782.35526,-75.65326269120,45.43183572770,2016-11-25,3:45:00 PM,01 - Clear,01 - Daylight,02 - Wet,02 - Stop sign,01 - Functioning,03 - P.D. only,02 - Angle,0
16-10988,LONG POINT CIRC btwn TUNDRA SWAN BAY & LARUE MILLS PL,375077.48184,5020392.53798,-75.60359087260,45.31996512750,2016-11-25,3:53:00 PM,01 - Clear,01 - Daylight,04 - Slush,10 - No control,,03 - P.D. only,06 - SMV unattended vehicle,0
16-10989,WALLER ST btwn NICHOLAS ST & STEWART ST,368372.72369,5032001.80859,-75.68760865490,45.42506138690,2016-11-25,4:25:00 PM,01 - Clear,05 - Dusk,01 - Dry,10 - No control,,03 - P.D. only,04 - Sideswipe,0
16-10990,BOUNDARY RD @ MITCH OWENS RD,388066.66026,5022162.05542,-75.43763902240,45.33446540100,2016-11-25,4:38:00 PM,"07 - Fog, mist, smoke, dust",05 - Dusk,02 - Wet,02 - Stop sign,01 - Functioning,02 - Non-fatal injury,03 - Rear end,0
16-10991,DEAKIN ST @ PRINCE OF WALES DR,367391.53926,5021521.41741,-75.70147438520,45.33084991860,2016-11-25,4:42:00 PM,"07 - Fog, mist, smoke, dust",05 - Dusk,02 - Wet,01 - Traffic signal,00 - Unknown,03 - P.D. only,03 - Rear end,0
16-10992,KANATA AVE @ EARL GREY DR,350951.53466,5019284.43636,-75.91140679250,45.31199476590,2016-11-25,4:40:00 PM,02 - Rain,05 - Dusk,02 - Wet,01 - Traffic signal,01 - Functioning,03 - P.D. only,05 - Turning movement,0
16-10993,LAFONTAINE AVE @ MCARTHUR AVE,370951.36861,5032771.15962,-75.65455653120,45.43174456700,2016-11-25,4:35:00 PM,01 - Clear,05 - Dusk,02 - Wet,01 - Traffic signal,00 - Unknown,03 - P.D. only,03 - Rear end,0
16-10994,BYRON AVE @ TWEEDSMUIR AVE,363592.47056,5028304.33296,-75.74913062820,45.39221033830,2016-11-25,5:23:00 PM,02 - Rain,07 - Dark,02 - Wet,02 - Stop sign,01 - Functioning,03 - P.D. only,02 - Angle,0
16-10995,CARLING AVE @ WYLIE AVE,359140.19483,5024076.79434,-75.80645373150,45.35453069030,2016-11-25,5:30:00 PM,02 - Rain,07 - Dark,02 - Wet,02 - Stop sign,01 - Functioning,03 - P.D. only,03 - Rear end,0
16-10996,ELGIN ST NB @ WELLINGTON ST/RIDEAU ST,367802.83089,5031964.62947,-75.69489530360,45.42477842340,2016-11-25,5:40:00 PM,01 - Clear,07 - Dark,02 - Wet,01 - Traffic signal,01 - Functioning,03 - P.D. only,03 - Rear end,0
16-10997,FELICITY CRES btwn SADDLERIDGE DR & FOUNTAINHEAD DR,381856.56678,5032107.59142,-75.51530638870,45.42465776450,2016-11-25,6:15:00 PM,"07 - Fog, mist, smoke, dust",07 - Dark,02 - Wet,10 - No control,,03 - P.D. only,07 - SMV other,0
16-10998,BRONSON AVE @ CARLING AVE/GLEBE AVE,367449.36331,5029335.14792,-75.69974600440,45.40115090130,2016-11-25,6:29:00 PM,01 - Clear,07 - Dark,01 - Dry,01 - Traffic signal,01 - Functioning,03 - P.D. only,03 - Rear end,0
16-10999,BOTTRIELL WAY N @ CHARLEMAGNE BLVD,383695.89554,5037954.49906,-75.49086775320,45.47705804220,2016-11-25,7:03:00 PM,01 - Clear,07 - Dark,02 - Wet,01 - Traffic signal,01 - Functioning,03 - P.D. only,05 - Turning movement,0
16-11000,RICHMOND RD btwn EDGEWORTH AVE/MCEWEN AVE & REGINA LANE,360850.18057,5025651.72038,-75.78445217400,45.36856719830,2016-11-25,7:01:00 PM,01 - Clear,07 - Dark,02 - Wet,10 - No control,,03 - P.D. only,06 - SMV unattended vehicle,0
16-11001,BANK ST @ NOTTING HILL AVE,370410.70446,5025743.43112,-75.66240058890,45.36856260760,2016-11-25,7:14:00 PM,01 - Clear,07 - Dark,06 - Ice,02 - Stop sign,00 - Unknown,03 - P.D. only,03 - Rear end,0
16-11002,BANK ST @ FIFTH AVE,368398.49386,5029400.33876,-75.68761505880,45.40165188850,2016-11-25,7:26:00 PM,01 - Clear,07 - Dark,02 - Wet,01 - Traffic signal,01 - Functioning,03 - P.D. only,05 - Turning movement,0
16-11003,MERIVALE RD @ WEST HUNT CLUB RD,365612.69520,5021941.25596,-75.72411468320,45.33478397220,2016-11-25,8:58:00 PM,01 - Clear,07 - Dark,02 - Wet,01 - Traffic signal,01 - Functioning,02 - Non-fatal injury,03 - Rear end,0
16-11004,BISHOPS MILLS WAY btwn EDENVALE DR & KETTLEBY ST,352472.72669,5020077.42118,-75.89193105370,45.31902859580,2016-11-25,8:00:00 PM,02 - Rain,07 - Dark,02 - Wet,10 - No control,,03 - P.D. only,06 - SMV unattended vehicle,0
16-11005,REGIONAL ROAD 174 btwn OLD MONTREAL RD & OLD MONTREAL RD,394418.63481,5042998.41757,-75.35282137280,45.52114245870,2016-11-25,10:10:00 PM,"07 - Fog, mist, smoke, dust",07 - Dark,02 - Wet,10 - No control,,03 - P.D. only,01 - Approaching,0
16-11006,MONTREAL RD @ VANIER PKWY,370072.70980,5033063.52171,-75.66574621110,45.43445768170,2016-11-26,12:17:00 AM,01 - Clear,07 - Dark,02 - Wet,01 - Traffic signal,01 - Functioning,02 - Non-fatal injury,07 - SMV other,1
16-11007,WEST HUNT CLUB RD @ WOODROFFE AVE,363670.03238,5021246.26946,-75.74898083750,45.32869620900,2016-11-26,2:18:00 AM,01 - Clear,07 - Dark,02 - Wet,01 - Traffic signal,01 - Functioning,03 - P.D. only,02 - Angle,0
16-11008,BAYVIEW DR btwn LEN PURCELL DR & BISHOP DAVIS DR,336738.20954,5039025.49381,-76.09139221000,45.49042223910,2016-11-26,3:04:00 AM,01 - Clear,07 - Dark,01 - Dry,10 - No control,,03 - P.D. only,07 - SMV other,0
16-11009,JOSHUA ST @ RENAUD RD,381157.07324,5032327.47254,-75.52420970980,45.42671279290,2016-11-26,3:00:00 AM,02 - Rain,07 - Dark,02 - Wet,02 - Stop sign,01 - Functioning,03 - P.D. only,03 - Rear end,0
16-11010,JEANNE D'ARC BLVD @ FORTUNE DR/VINEYARD DR,379237.90044,5037375.18412,-75.54796816090,45.47233529830,2016-11-26,9:47:00 AM,01 - Clear,01 - Daylight,01 - Dry,01 - Traffic signal,01 - Functioning,03 - P.D. only,03 - Rear end,0
16-11011,CONROY RD btwn 212 N OF HUNT CLUB RD & HUNT CLUB RD,373756.71475,5025419.89053,-75.61973485160,45.36533030980,2016-11-26,9:50:00 AM,01 - Clear,01 - Daylight,02 - Wet,10 - No control,,03 - P.D. only,05 - Turning movement,0
16-11012,INNES RD @ TENTH LINE RD,383950.93214,5036158.31856,-75.48789546350,45.46086880340,2016-11-26,10:05:00 AM,01 - Clear,01 - Daylight,02 - Wet,01 - Traffic signal,01 - Functioning,02 - Non-fatal injury,03 - Rear end,0
16-11013,DONWEL DR @ STEPHANIE ANNE DR/ASHLEY CARDILL L,378838.21459,5013126.09524,-75.55671236970,45.25419842310,2016-11-24,4:30:00 PM,02 - Rain,05 - Dusk,03 - Loose snow,02 - Stop sign,01 - Functioning,03 - P.D. only,03 - Rear end,0
16-11014,OWL VALLEY DR btwn Continuation of OWL VALLEY DR & Continuation of OWL,368498.73464,5015805.38340,-75.68808506480,45.27931834940,2016-11-25,5:50:00 PM,01 - Clear,07 - Dark,04 - Slush,10 - No control,,03 - P.D. only,06 - SMV unattended vehicle,0
16-11015,NICHOLAS ST NB btwn HWY417 IC118 RAMP52 & WALLER ST/TRANSITWAY,368615.03388,5031618.01561,-75.68456222300,45.42158609030,2016-11-26,10:53:00 AM,01 - Clear,01 - Daylight,01 - Dry,10 - No control,,03 - P.D. only,04 - Sideswipe,0
16-11016,RICHMOND RD btwn HIGHFIELD CRES & GRENON AVE,359799.42571,5024023.19177,-75.79804653280,45.35399697840,2016-11-26,11:02:00 AM,01 - Clear,01 - Daylight,01 - Dry,10 - No control,,03 - P.D. only,02 - Angle,0
16-11017,BLAIR RD @ OR174 IC112 RAMP26,374752.52663,5032847.71006,-75.60597098010,45.43206344210,2016-11-26,11:07:00 AM,01 - Clear,01 - Daylight,01 - Dry,10 - No control,,03 - P.D. only,07 - SMV other,0
16-11018,FALCON AVE btwn GREGG ST & BROOKFIELD RD,369636.73129,5026515.46492,-75.67217890230,45.37558116040,2016-11-25,12:00:00 AM,01 - Clear,00 - Unknown,02 - Wet,10 - No control,,03 - P.D. only,06 - SMV unattended vehicle,0
16-11019,INNES RD @ VISENEAU DR,381798.75110,5035074.79824,-75.51558095030,45.45136069420,2016-11-26,11:30:00 AM,01 - Clear,01 - Daylight,01 - Dry,01 - Traffic signal,01 - Functioning,02 - Non-fatal injury,03 - Rear end,0
16-11020,CARLING AVE @ KIRKWOOD AVE N,364275.52048,5027493.64131,-75.74050550800,45.38485820280,2016-11-26,12:00:00 PM,01 - Clear,01 - Daylight,01 - Dry,01 - Traffic signal,01 - Functioning,03 - P.D. only,04 - Sideswipe,0
16-11021,CONROY RD @ JOHNSTON RD,373397.75385,5026308.69649,-75.62419319990,45.37336264200,2016-11-26,2:22:00 PM,01 - Clear,01 - Daylight,01 - Dry,01 - Traffic signal,01 - Functioning,02 - Non-fatal injury,07 - SMV other,0
16-11022,SILVESTRI CRES btwn MATHESON RD & TREATY CRT,373223.08479,5032632.55097,-75.62554560890,45.43027886350,2016-11-19,1:00:00 PM,01 - Clear,01 - Daylight,01 - Dry,10 - No control,,03 - P.D. only,99 - Other,0
16-11023,STRANDHERD DR btwn CEDARVIEW RD & MCKENNA CASEY DR,362193.20337,5013546.93597,-75.76871051670,45.25953973140,2016-11-26,2:39:00 PM,01 - Clear,01 - Daylight,01 - Dry,10 - No control,,02 - Non-fatal injury,03 - Rear end,0
16-11024,PLACE D'ORLEANS DR W @ ST. JOSEPH BLVD,381601.24438,5037683.91036,-75.51769805250,45.47485705120,2016-11-21,10:05:00 PM,03 - Snow,07 - Dark,03 - Loose snow,01 - Traffic signal,01 - Functioning,03 - P.D. only,05 - Turning movement,0
16-11025,STITT ST btwn JONATHAN PACK ST & ABBOTT ST W,349558.97662,5013151.34990,-75.92971909200,45.25689737440,2016-11-25,11:00:00 PM,01 - Clear,07 - Dark,02 - Wet,10 - No control,,03 - P.D. only,06 - SMV unattended vehicle,0
16-11026,BLAIR RD @ REGIONAL RD 174 S/OR174 IC112 RAMP15,374908.93547,5032661.38839,-75.60399876840,45.43037136070,2016-11-26,3:25:00 PM,01 - Clear,01 - Daylight,01 - Dry,01 - Traffic signal,01 - Functioning,03 - P.D. only,05 - Turning movement,0
16-11027,CARTIER ST @ MCLEOD ST N,368578.18357,5030873.75383,-75.68512938700,45.41489284160,2016-11-26,4:27:00 PM,01 - Clear,05 - Dusk,01 - Dry,02 - Stop sign,01 - Functioning,03 - P.D. only,02 - Angle,0
16-11028,SWALE RD btwn DEVEREAUX RD & SPRINGHILL RD,381085.78738,5006022.76484,-75.52916958270,45.19004556870,2016-11-26,5:44:00 PM,01 - Clear,07 - Dark,02 - Wet,10 - No control,,03 - P.D. only,07 - SMV other,0
16-11029,CUMBERLAND ST btwn ST. PATRICK ST & MURRAY ST,368161.58717,5032693.24950,-75.69021752330,45.43130188600,2016-11-26,12:00:00 AM,01 - Clear,00 - Unknown,02 - Wet,10 - No control,,03 - P.D. only,06 - SMV unattended vehicle,0
16-11030,BLAIR RD btwn OR174 IC112 RAMP15 & MEADOWBROOK RD,375068.49959,5032465.46612,-75.60198772650,45.42859254800,2016-11-26,7:57:00 PM,01 - Clear,07 - Dark,01 - Dry,10 - No control,,03 - P.D. only,05 - Turning movement,0
16-11031,ST. JOSEPH BLVD btwn ST. JEAN ST & BELCOURT BLVD,381107.30872,5037292.62742,-75.52407542380,45.47139076130,2016-11-26,7:45:00 PM,01 - Clear,07 - Dark,01 - Dry,10 - No control,,03 - P.D. only,02 - Angle,0
16-11032,BASELINE RD @ FISHER AVE,366166.03498,5026027.87408,-75.71654828680,45.37150647440,2016-11-26,9:20:00 PM,01 - Clear,07 - Dark,01 - Dry,01 - Traffic signal,01 - Functioning,03 - P.D. only,02 - Angle,0
16-11033,CARLING AVE @ 73 E OF ARCHIBALD ST/WESTGATE SC,364679.53249,5027584.59815,-75.73533575460,45.38564219580,2016-11-27,10:24:00 AM,01 - Clear,01 - Daylight,01 - Dry,01 - Traffic signal,01 - Functioning,03 - P.D. only,05 - Turning movement,0
16-11034,VANIER PKWY NB btwn MONTREAL RD & MCARTHUR AVE,370213.43607,5032717.80873,-75.66399370350,45.43133395060,2016-11-27,10:44:00 AM,01 - Clear,01 - Daylight,01 - Dry,10 - No control,,03 - P.D. only,04 - Sideswipe,0
16-11035,CONSTANCE BAY RD btwn WILLAND LANE & MONTY DR,337469.44792,5037928.42373,-76.08211021090,45.48051671580,2016-11-27,11:03:00 AM,01 - Clear,01 - Daylight,01 - Dry,10 - No control,,03 - P.D. only,07 - SMV other,0
16-11036,CEDARVIEW RD btwn WEST HUNT CLUB RD & LYTLE AVE,359794.31012,5019252.64369,-75.79864186660,45.31107187210,2016-11-26,3:00:00 PM,01 - Clear,01 - Daylight,01 - Dry,10 - No control,,03 - P.D. only,04 - Sideswipe,0
16-11037,GOULBOURN FORCED RD btwn TERRY FOX DR & KANATA ROCKERIES PRIV,349353.74157,5022460.23325,-75.93149742950,45.34067462310,2016-11-27,12:10:00 PM,01 - Clear,01 - Daylight,01 - Dry,04 - Ped. crossover,,02 - Non-fatal injury,03 - Rear end,0
16-11038,COVENTRY RD @ VANIER PKWY,370678.06802,5031612.06232,-75.65820408700,45.42134129670,2016-11-27,12:26:00 PM,01 - Clear,01 - Daylight,01 - Dry,01 - Traffic signal,01 - Functioning,02 - Non-fatal injury,07 - SMV other,0
16-11039,DOVERCOURT AVE @ ROWANWOOD AVE,362239.47406,5026816.88028,-75.76658211050,45.37893870420,2016-11-27,12:58:00 PM,01 - Clear,01 - Daylight,01 - Dry,02 - Stop sign,01 - Functioning,03 - P.D. only,02 - Angle,0
16-11040,2ND LINE RD @ OSGOODE MAIN ST,376058.06248,5001706.10506,-75.59376145200,45.15173095030,2016-11-27,1:56:00 PM,01 - Clear,01 - Daylight,02 - Wet,02 - Stop sign,01 - Functioning,03 - P.D. only,02 - Angle,0
16-11041,BOURASSA ST @ ST. LAURENT BLVD,373237.39867,5029694.22327,-75.62577077570,45.40383981060,2016-11-27,2:51:00 PM,01 - Clear,01 - Daylight,01 - Dry,01 - Traffic signal,01 - Functioning,02 - Non-fatal injury,07 - SMV other,1
16-11042,DU CLAIRVAUX RD btwn FERNGROVE GT & LA CHAPELLE ST,380136.40639,5034208.53721,-75.53696340350,45.44374790600,2016-11-26,5:00:00 PM,01 - Clear,07 - Dark,02 - Wet,10 - No control,,03 - P.D. only,06 - SMV unattended vehicle,0
16-11043,DALHOUSIE ST @ ST. PATRICK ST,367957.48106,5032640.80064,-75.69283253450,45.43084843160,2016-11-27,6:40:00 PM,01 - Clear,07 - Dark,02 - Wet,01 - Traffic signal,01 - Functioning,03 - P.D. only,05 - Turning movement,0
16-11044,BANK ST btwn RIDEAU RD & TURN LANE,377148.70555,5017373.95357,-75.57761583330,45.29259480500,2016-11-27,5:08:00 PM,01 - Clear,07 - Dark,02 - Wet,10 - No control,,02 - Non-fatal injury,03 - Rear end,0
16-11045,9TH LINE RD @ VICTORIA ST,387131.29017,5012211.10935,-75.45122243120,45.24504456890,2016-11-27,1:20:00 PM,01 - Clear,01 - Daylight,01 - Dry,02 - Stop sign,01 - Functioning,03 - P.D. only,02 - Angle,0
16-11046,CATHERINE ST @ METCALFE ST,368392.60901,5030486.78264,-75.68755009440,45.41142789340,2016-11-27,7:30:00 PM,01 - Clear,07 - Dark,01 - Dry,01 - Traffic signal,01 - Functioning,03 - P.D. only,05 - Turning movement,0
16-11047,BESSERER ST @ DALHOUSIE ST,368252.04308,5032158.23312,-75.68913051700,45.42647979720,2016-11-27,11:28:00 PM,01 - Clear,07 - Dark,01 - Dry,01 - Traffic signal,01 - Functioning,03 - P.D. only,04 - Sideswipe,0
16-11048,ROGER STEVENS DR btwn MCKENNA RD & DWYER HILL RD,354315.83807,4989330.15379,-75.87147505390,45.04222494890,2016-11-28,6:03:00 AM,01 - Clear,07 - Dark,01 - Dry,10 - No control,,03 - P.D. only,07 - SMV other,0
16-11049,RUSSELL RD btwn TO BE DETERMINED & LEITRIM RD (2),383152.64160,5026488.72182,-75.49963914600,45.37395959000,2016-11-28,6:18:00 AM,01 - Clear,03 - Dawn,01 - Dry,10 - No control,,03 - P.D. only,07 - SMV other,0
16-11050,UPPER DWYER HILL RD btwn HAMILTON SIDE RD & MCARTON RD,339535.88478,5008201.59674,-76.05776605370,45.21292284280,2016-11-28,6:54:00 AM,01 - Clear,03 - Dawn,02 - Wet,10 - No control,,03 - P.D. only,07 - SMV other,0
16-11051,CARLING AVE @ CLYDE AVE/COLE AVE,363522.34691,5026848.47171,-75.75019934310,45.37911660910,2016-11-28,8:41:00 AM,01 - Clear,01 - Daylight,01 - Dry,01 - Traffic signal,01 - Functioning,02 - Non-fatal injury,07 - SMV other,1
16-11052,EMOND ST @ MONTREAL RD,370194.49116,5033134.36926,-75.66418047270,45.43508376040,2016-11-28,10:08:00 AM,01 - Clear,01 - Daylight,01 - Dry,02 - Stop sign,01 - Functioning,03 - P.D. only,02 - Angle,0
16-11053,BANK ST @ WALKLEY RD,370337.85200,5025948.97714,-75.66330326980,45.37041886100,2016-11-28,10:52:00 AM,01 - Clear,01 - Daylight,01 - Dry,01 - Traffic signal,01 - Functioning,03 - P.D. only,03 - Rear end,0
16-11054,HERON RD @ KALADAR AVE,369685.50386,5026803.87898,-75.67151835340,45.37817170570,2016-11-28,11:04:00 AM,01 - Clear,01 - Daylight,01 - Dry,01 - Traffic signal,01 - Functioning,02 - Non-fatal injury,02 - Angle,0
16-11055,MARCH RD @ SOLANDT RD,350490.26712,5022709.84378,-75.91697313720,45.34284757310,2016-11-28,12:27:00 PM,01 - Clear,01 - Daylight,01 - Dry,01 - Traffic signal,01 - Functioning,03 - P.D. only,05 - Turning movement,0
16-11056,RIVER BEND DR @ WESTDALE AVE,357884.66370,5023228.91648,-75.82256801250,45.34699762520,2016-11-28,12:48:00 PM,01 - Clear,01 - Daylight,01 - Dry,03 - Yield sign,01 - Functioning,02 - Non-fatal injury,03 - Rear end,0
16-11057,MANN AVE @ RUSSELL AVE,369469.05819,5031505.82364,-75.67366523720,45.42049820500,2016-11-28,12:30:00 PM,01 - Clear,01 - Daylight,01 - Dry,02 - Stop sign,00 - Unknown,03 - P.D. only,03 - Rear end,0
16-11058,RICHMOND RD @ ROBERTSON RD,357578.09944,5020749.76205,-75.82674431580,45.32471315010,2016-11-28,1:55:00 PM,01 - Clear,01 - Daylight,01 - Dry,01 - Traffic signal,01 - Functioning,03 - P.D. only,02 - Angle,0
16-11059,EAGLESON RD @ HAZELDEAN RD/ROBERTSON RD,353674.45306,5018422.38961,-75.87676709570,45.30405366060,2016-11-28,1:58:00 PM,01 - Clear,01 - Daylight,01 - Dry,01 - Traffic signal,01 - Functioning,03 - P.D. only,03 - Rear end,0