Record,Location,X,Y,Longitude,Latitude,Date,Time,Environment,Light,Road_Surface,Traffic_Control,Collision_Location,Collision_Classification,Impact_type,Pedestrian
16-11060,CHURCHILL AVE   N btwn SCOTT ST & WILMONT AVE,363121.02493,5028532.13792,-75.75512426610,45.39429951210,2016-11-28,1:59:00 PM,01 - Clear,01 - Daylight,01 - Dry,10 - No control,,02 - Non-fatal injury,07 - SMV other,1
16-11061,ISABELLA ST/HWY 417 O'CONN IC119BR57 @ O'CONNO,368297.96092,5030309.25865,-75.68878205040,45.40983918560,2016-11-28,2:26:00 PM,01 - Clear,01 - Daylight,01 - Dry,01 - Traffic signal,01 - Functioning,03 - P.D. only,04 - Sideswipe,0
16-11062,CHAPMAN MILLS DR @ LEAMINGTON WAY/MANCINI WAY,365045.81193,5014687.23590,-75.73222820840,45.26956165060,2016-11-28,2:44:00 PM,01 - Clear,01 - Daylight,01 - Dry,02 - Stop sign,00 - Unknown,03 - P.D. only,04 - Sideswipe,0
16-11063,PAUL METIVIER DR @ BEATRICE DR,365704.97972,5014603.65856,-75.72383880300,45.26875284830,2016-11-28,3:38:00 PM,01 - Clear,01 - Daylight,01 - Dry,02 - Stop sign,01 - Functioning,03 - P.D. only,02 - Angle,0
16-11064,LIMEBANK RD @ RIDEAU RD,370881.63001,5014018.33561,-75.65795332690,45.26301887050,2016-11-28,3:48:00 PM,01 - Clear,01 - Daylight,01 - Dry,02 - Stop sign,01 - Functioning,03 - P.D. only,02 - Angle,0
16-11065,BELFAST RD @ ST. LAURENT BLVD,372861.38272,5030579.22062,-75.63045132550,45.41183927230,2016-11-28,3:55:00 PM,01 - Clear,01 - Daylight,01 - Dry,01 - Traffic signal,01 - Functioning,03 - P.D. only,05 - Turning movement,0
16-11066,CARLING AVE btwn MOODIE DR & GRANDVIEW RD,355859.21184,5023995.89599,-75.84833460490,45.35404934740,2016-11-28,5:14:00 PM,01 - Clear,07 - Dark,01 - Dry,10 - No control,,03 - P.D. only,07 - SMV other,0
16-11067,BASELINE RD @ CLYDE AVE,364359.53146,5024890.92698,-75.73974664990,45.36143225250,2016-11-28,5:17:00 PM,01 - Clear,07 - Dark,01 - Dry,01 - Traffic signal,01 - Functioning,03 - P.D. only,07 - SMV other,0
16-11068,TERRY FOX DR @ WESTPHALIAN AVE,353455.22610,5015759.78900,-75.87982363390,45.28011017200,2016-11-28,5:24:00 PM,01 - Clear,07 - Dark,01 - Dry,01 - Traffic signal,01 - Functioning,03 - P.D. only,03 - Rear end,0
16-11069,HUNT CLUB RD @ RIVERSIDE DR,368036.70300,5021945.91258,-75.69319014620,45.33461160630,2016-11-28,6:05:00 PM,01 - Clear,07 - Dark,01 - Dry,01 - Traffic signal,01 - Functioning,03 - P.D. only,03 - Rear end,0
16-11070,TERRY FOX DR @ WESTPHALIAN AVE,353455.22610,5015759.78900,-75.87982363390,45.28011017200,2016-11-28,7:10:00 PM,01 - Clear,07 - Dark,01 - Dry,01 - Traffic signal,01 - Functioning,03 - P.D. only,03 - Rear end,0
16-11071,HUNTMAR DR @ RICHARDSON SIDE RD,348207.92668,5018982.24296,-75.94642215340,45.30945048840,2016-11-28,7:45:00 PM,01 - Clear,07 - Dark,01 - Dry,02 - Stop sign,01 - Functioning,03 - P.D. only,02 - Angle,0
16-11072,AVIATION PKWY @ OGILVIE RD,373109.88604,5032376.99968,-75.62702758030,45.42799060600,2016-11-28,8:26:00 PM,01 - Clear,07 - Dark,01 - Dry,01 - Traffic signal,01 - Functioning,03 - P.D. only,03 - Rear end,0
16-11073,THOMAS A. DOLAN PKWY btwn PORCUPINE TR & CONSTANCE CREEK DR,342492.46223,5031609.25582,-76.01834493400,45.42340250560,2016-11-28,9:43:00 PM,01 - Clear,07 - Dark,02 - Wet,10 - No control,,03 - P.D. only,07 - SMV other,0
16-11074,ROGER STEVENS DR btwn FIRST LINE RD & ROLLING HILLS PL,371789.51580,5002593.50538,-75.64792233390,45.16013359810,2016-11-29,6:10:00 AM,04 - Freezing Rain,07 - Dark,99 - Other,10 - No control,,03 - P.D. only,07 - SMV other,0
16-11075,AIRPORT PKWY/WALKLEY RD NB OFF RAMP @ WALKLEY RD,370078.35357,5025792.05066,-75.66663657040,45.36903110530,2016-11-29,6:09:00 AM,02 - Rain,07 - Dark,02 - Wet,01 - Traffic signal,01 - Functioning,03 - P.D. only,05 - Turning movement,0
16-11076,CYRVILLE RD btwn STAR TOP RD & MEADOWBROOK RD,374193.93765,5031343.71349,-75.61332105600,45.41858692350,2016-11-29,6:25:00 AM,04 - Freezing Rain,03 - Dawn,05 - Packed snow,10 - No control,,03 - P.D. only,01 - Approaching,0
16-11077,ALBERT ST @ BOOTH ST,366429.52136,5030625.32436,-75.71261047290,45.41285008480,2016-11-29,6:39:00 AM,03 - Snow,07 - Dark,02 - Wet,01 - Traffic signal,01 - Functioning,03 - P.D. only,02 - Angle,0
16-11078,TRIM RD btwn WALL RD & NAVAN RD,387703.21041,5034487.52920,-75.44020469800,45.44540158930,2016-11-29,7:11:00 AM,02 - Rain,03 - Dawn,06 - Ice,10 - No control,,03 - P.D. only,01 - Approaching,0
16-11079,TENTH LINE RD @ OR174 IC101 RAMP26,382763.44921,5038939.30892,-75.50263621070,45.48602320880,2016-11-29,6:30:00 AM,04 - Freezing Rain,07 - Dark,06 - Ice,10 - No control,00 - Unknown,03 - P.D. only,03 - Rear end,0
16-11080,TENTH LINE RD btwn OR174 IC101 RAMP61 & OR174 IC101 RAMP26,382751.02685,5038962.49733,-75.50279142000,45.48623322430,2016-11-29,6:30:00 AM,04 - Freezing Rain,07 - Dark,06 - Ice,10 - No control,,03 - P.D. only,03 - Rear end,0
16-11081,TENTH LINE RD btwn ST. JOSEPH BLVD & OR174 IC101 RAMP26,382770.70877,5038921.66234,-75.50254615720,45.48586362990,2016-11-29,6:30:00 AM,04 - Freezing Rain,03 - Dawn,06 - Ice,10 - No control,,03 - P.D. only,04 - Sideswipe,0
16-11082,WEST HUNT CLUB RD @ WOODROFFE AVE,363670.64764,5021246.46562,-75.74897296660,45.32869792190,2016-11-29,7:54:00 AM,04 - Freezing Rain,01 - Daylight,06 - Ice,01 - Traffic signal,01 - Functioning,03 - P.D. only,04 - Sideswipe,0
16-11083,DONALD ST @ VANIER PKWY,370311.93264,5032269.48771,-75.66279465970,45.42729092470,2016-11-29,10:26:00 AM,02 - Rain,01 - Daylight,02 - Wet,01 - Traffic signal,01 - Functioning,03 - P.D. only,05 - Turning movement,0
16-11084,LEES AVE btwn HWY417 IC118 RAMP45 & TRANSIT,369596.49555,5030914.74232,-75.67211475200,45.41516808620,2016-11-28,10:42:00 AM,04 - Freezing Rain,01 - Daylight,04 - Slush,10 - No control,,03 - P.D. only,06 - SMV unattended vehicle,0
16-11085,LEES AVE / GRAHAM AVE @ MAIN ST,369000.87864,5030559.32806,-75.67977027890,45.41202509550,2016-11-29,11:47:00 AM,02 - Rain,01 - Daylight,02 - Wet,01 - Traffic signal,01 - Functioning,03 - P.D. only,03 - Rear end,0
16-11086,SOMERSET ST    W btwn CAMBRIDGE ST N & BRONSON AVE,366950.28444,5030464.86756,-75.70597798600,45.41136028490,2016-11-29,11:59:00 AM,02 - Rain,01 - Daylight,02 - Wet,10 - No control,,03 - P.D. only,05 - Turning movement,0
16-11087,EARL ARMSTRONG RD @ RIVER RD,367564.84844,5014689.93403,-75.70012837960,45.26936562610,2016-11-24,11:30:00 AM,01 - Clear,01 - Daylight,02 - Wet,01 - Traffic signal,01 - Functioning,03 - P.D. only,04 - Sideswipe,0
16-11088,STAGECOACH RD @ CEDAR ACRES DR/WELLWOOD ST,376345.17757,5012363.09981,-75.58858074470,45.24759112630,2016-11-29,1:43:00 PM,01 - Clear,01 - Daylight,02 - Wet,02 - Stop sign,01 - Functioning,03 - P.D. only,02 - Angle,0
16-11089,KING EDWARD AVE @ LAURIER AVE,368739.70720,5032033.34036,-75.68291538390,45.42531164960,2016-11-29,3:17:00 PM,01 - Clear,01 - Daylight,01 - Dry,01 - Traffic signal,01 - Functioning,03 - P.D. only,04 - Sideswipe,0
16-11090,REGIONAL ROAD 174 btwn OR174 IC102 RAMP61 & OR174 IC101 RAMP36,382282.93969,5038655.51195,-75.50882708250,45.48352335960,2016-11-29,3:26:00 PM,01 - Clear,01 - Daylight,02 - Wet,10 - No control,,03 - P.D. only,04 - Sideswipe,0
16-11091,LUMBERMAN WAY @ ORLEANS BLVD,380453.39091,5037242.00938,-75.53244522680,45.47100648390,2016-11-29,3:43:00 PM,02 - Rain,01 - Daylight,02 - Wet,02 - Stop sign,00 - Unknown,03 - P.D. only,04 - Sideswipe,0
16-11092,CEDARVIEW RD @ WEST HUNT CLUB RD,359717.02109,5019554.89178,-75.79959398140,45.31379756650,2016-11-29,3:52:00 PM,01 - Clear,05 - Dusk,01 - Dry,01 - Traffic signal,01 - Functioning,03 - P.D. only,03 - Rear end,0
16-11093,BANK ST btwn DALMENY RD & POPHAM ST,385844.44932,5004319.87455,-75.46889594490,45.17419305240,2016-11-29,4:18:00 PM,01 - Clear,05 - Dusk,02 - Wet,10 - No control,,02 - Non-fatal injury,05 - Turning movement,0
16-11094,REGIONAL ROAD 174 EB btwn OR174 IC109 RAMP55 & TRANSIT,376504.40154,5035054.29036,-75.58326247220,45.45173944090,2016-11-29,4:50:00 PM,02 - Rain,05 - Dusk,02 - Wet,10 - No control,,02 - Non-fatal injury,03 - Rear end,0
16-11095,YOUVILLE DR btwn ST. JOSEPH BLVD & JEANNE D'ARC BLVD S,379654.75426,5036680.86454,-75.54274326660,45.46604379150,2016-11-29,5:18:00 PM,01 - Clear,05 - Dusk,01 - Dry,10 - No control,,02 - Non-fatal injury,05 - Turning movement,0
16-11096,WEST HUNT CLUB RD @ ANTARES DR/LASER ST,367107.71130,5022083.57209,-75.70502426450,45.33593334860,2016-11-29,5:37:00 PM,01 - Clear,07 - Dark,02 - Wet,01 - Traffic signal,01 - Functioning,03 - P.D. only,03 - Rear end,0
16-11097,BLAIR RD @ MEADOWBROOK RD,375194.73450,5032311.98338,-75.60039661670,45.42719890300,2016-11-29,5:37:00 PM,06 - Strong wind,07 - Dark,01 - Dry,01 - Traffic signal,01 - Functioning,03 - P.D. only,03 - Rear end,0
16-11098,SUNSHINE CRES btwn SOLSTICE WAY N & SOLSTICE WAY S,386103.35200,5034886.73900,-75.46058713960,45.44918120550,2016-11-29,6:05:00 PM,02 - Rain,07 - Dark,02 - Wet,10 - No control,,03 - P.D. only,06 - SMV unattended vehicle,0
16-11099,PRINCE OF WALES DR @ STRANDHERD DR,367176.94611,5014824.60508,-75.70505438880,45.27061189900,2016-11-29,6:25:00 PM,01 - Clear,07 - Dark,01 - Dry,01 - Traffic signal,01 - Functioning,03 - P.D. only,03 - Rear end,0
16-11100,OTTAWA ST btwn COLONEL MURRAY ST & COCKBURN ST,357855.29940,5005409.02072,-75.82484628810,45.18665327990,2016-11-29,12:21:00 AM,"07 - Fog, mist, smoke, dust",07 - Dark,02 - Wet,10 - No control,,02 - Non-fatal injury,05 - Turning movement,0
16-11101,REGIONAL RD 174 EB @ OR174 IC109 RAMP54,376386.25198,5034800.07582,-75.58480980910,45.44946429220,2016-11-29,7:35:00 PM,01 - Clear,07 - Dark,01 - Dry,10 - No control,00 - Unknown,02 - Non-fatal injury,03 - Rear end,0
16-11102,TILLBURY AVE @ WINDERMERE AVE,362614.51706,5026745.47171,-75.76180212070,45.37826533020,2016-11-24,11:30:00 AM,03 - Snow,01 - Daylight,05 - Packed snow,02 - Stop sign,01 - Functioning,03 - P.D. only,03 - Rear end,0
16-11103,TUPPER AVE btwn JOLIFFE ST & RUSSELL RD,374246.79771,5028733.22439,-75.61301341780,45.39509379780,2016-11-29,12:00:00 AM,04 - Freezing Rain,00 - Unknown,02 - Wet,10 - No control,,03 - P.D. only,06 - SMV unattended vehicle,0
16-11104,ARMSTRONG ST @ MERTON ST,365452.87355,5029675.69966,-75.72520397160,45.40439092430,2016-11-30,12:17:00 AM,01 - Clear,07 - Dark,02 - Wet,02 - Stop sign,00 - Unknown,02 - Non-fatal injury,07 - SMV other,0
16-11105,CENTURY RD @ MALAKOFF RD,360014.47756,5002796.86687,-75.79766075420,45.16298268250,2016-11-29,10:23:00 PM,"07 - Fog, mist, smoke, dust",07 - Dark,02 - Wet,02 - Stop sign,01 - Functioning,03 - P.D. only,07 - SMV other,0
16-11106,RUSSELL RD btwn MILTON RD & SAND RD,390194.28268,5025512.22962,-75.40992005340,45.36435137200,2016-11-29,10:23:00 PM,"07 - Fog, mist, smoke, dust",07 - Dark,02 - Wet,10 - No control,,03 - P.D. only,07 - SMV other,0
16-11107,BLOHM DR btwn KARSH DR & ESSON ST,374311.16666,5026071.65291,-75.61256615810,45.37113981900,2016-11-30,12:21:00 AM,"07 - Fog, mist, smoke, dust",07 - Dark,01 - Dry,10 - No control,,02 - Non-fatal injury,06 - SMV unattended vehicle,0
16-11108,MONTREAL RD @ SINCLAIR ST,375968.73200,5034757.83764,-75.59015300010,45.44912689900,2016-11-30,7:00:00 AM,02 - Rain,03 - Dawn,02 - Wet,01 - Traffic signal,01 - Functioning,03 - P.D. only,03 - Rear end,0
16-11109,MERIVALE RD btwn BENTLEY AVE & JAMIE AVE,365732.23525,5021654.88337,-75.72262491440,45.33219685890,2016-11-30,8:03:00 AM,"07 - Fog, mist, smoke, dust",01 - Daylight,02 - Wet,10 - No control,,02 - Non-fatal injury,04 - Sideswipe,0
16-11110,NORICE ST @ WOODROFFE AVE,363194.68400,5022398.73444,-75.75490847860,45.33910572550,2016-11-29,1:53:00 PM,01 - Clear,01 - Daylight,01 - Dry,01 - Traffic signal,00 - Unknown,03 - P.D. only,03 - Rear end,0
16-11111,HERZBERG RD @ CARLING AVE,352039.27631,5022300.07872,-75.89724734080,45.33905782700,2016-11-30,6:00:00 AM,"07 - Fog, mist, smoke, dust",07 - Dark,02 - Wet,01 - Traffic signal,00 - Unknown,03 - P.D. only,07 - SMV other,0
16-11112,REGIONAL ROAD 174 btwn OR174 IC112 RAMP15 & TRANSIT,375526.07336,5033369.07707,-75.59601099070,45.43667659490,2016-11-30,9:22:00 AM,01 - Clear,01 - Daylight,01 - Dry,10 - No control,,03 - P.D. only,03 - Rear end,0
16-11113,OGILVIE RD btwn AVIATION PKWY & MATHESON RD,373177.79495,5032416.75123,-75.62615431340,45.42834163450,2016-11-30,9:34:00 AM,"07 - Fog, mist, smoke, dust",01 - Daylight,02 - Wet,10 - No control,,03 - P.D. only,03 - Rear end,0
16-11114,RICHMOND RD @ WEST HUNT CLUB RD,357146.47546,5018153.29046,-75.83252420270,45.30138211090,2016-11-30,8:55:00 AM,"07 - Fog, mist, smoke, dust",01 - Daylight,02 - Wet,01 - Traffic signal,01 - Functioning,03 - P.D. only,03 - Rear end,0
16-11115,CANADIAN SHIELD AVE @ GREAT LAKES AVE,351643.41590,5019636.70000,-75.90255006440,45.31511870660,2016-11-30,10:08:00 AM,01 - Clear,01 - Daylight,02 - Wet,02 - Stop sign,01 - Functioning,03 - P.D. only,02 - Angle,0
16-11116,ROCKDALE RD @ RUSSELL RD,393758.20489,5026973.71614,-75.36417129130,45.37705696540,2016-11-30,10:56:00 AM,01 - Clear,01 - Daylight,02 - Wet,02 - Stop sign,01 - Functioning,03 - P.D. only,07 - SMV other,0
16-11117,BOOTH ST btwn NORMAN ST & CARLING AVE,367035.46330,5029238.34813,-75.70504467310,45.40031684060,2016-11-30,11:11:00 AM,01 - Clear,01 - Daylight,02 - Wet,10 - No control,,03 - P.D. only,02 - Angle,0
16-11118,UPPER DWYER HILL RD btwn GRAINGER PARK RD & PANMURE RD,329311.32726,5019856.88057,-76.18736072140,45.31823476480,2016-11-30,12:27:00 PM,01 - Clear,01 - Daylight,02 - Wet,10 - No control,,03 - P.D. only,07 - SMV other,0
16-11119,BANK ST @ HUNT CLUB RD,371607.90834,5024096.92028,-75.64734110210,45.35363477280,2016-11-30,12:41:00 PM,02 - Rain,01 - Daylight,02 - Wet,01 - Traffic signal,00 - Unknown,03 - P.D. only,04 - Sideswipe,0
16-11120,BANK ST @ WALKLEY RD,370337.85200,5025948.97714,-75.66330326980,45.37041886100,2016-11-18,6:00:00 PM,01 - Clear,07 - Dark,01 - Dry,01 - Traffic signal,01 - Functioning,03 - P.D. only,03 - Rear end,0
16-11121,GREENBANK RD @ WEST HUNT CLUB RD,361479.67700,5020502.89328,-75.77700654410,45.32218762460,2016-11-30,1:41:00 PM,"07 - Fog, mist, smoke, dust",01 - Daylight,01 - Dry,01 - Traffic signal,01 - Functioning,03 - P.D. only,03 - Rear end,0
16-11122,ARGYLE AVE @ O'CONNOR ST,368183.59273,5030485.56790,-75.69022034370,45.41143592580,2016-11-30,2:11:00 PM,02 - Rain,01 - Daylight,02 - Wet,01 - Traffic signal,01 - Functioning,03 - P.D. only,07 - SMV other,0
16-11123,LEITRIM RD @ LIMEBANK RD S,369354.61871,5017876.80718,-75.67690740420,45.29787862130,2016-11-30,2:40:00 PM,01 - Clear,01 - Daylight,01 - Dry,01 - Traffic signal,01 - Functioning,03 - P.D. only,04 - Sideswipe,0
16-11124,TERRY FOX DR S @ DIDSBURY RD/CENTRUM KANATA SC,350625.34355,5018919.58322,-75.91560039030,45.30873308150,2016-11-30,2:10:00 PM,01 - Clear,01 - Daylight,02 - Wet,01 - Traffic signal,02 - Not functioning,03 - P.D. only,04 - Sideswipe,0
16-11125,CLARKE AVE @ CUMMINGS AVE,372173.06298,5033617.93688,-75.63882861500,45.43924683350,2016-11-30,3:41:00 PM,01 - Clear,01 - Daylight,01 - Dry,02 - Stop sign,01 - Functioning,03 - P.D. only,02 - Angle,0
16-11126,MEADOWLANDS DR @ MERIVALE RD,364858.04128,5023725.72994,-75.73352550250,45.35090544680,2016-11-30,3:40:00 PM,02 - Rain,01 - Daylight,02 - Wet,01 - Traffic signal,01 - Functioning,03 - P.D. only,05 - Turning movement,0
16-11127,CYRVILLE RD @ INNES RD,375048.56469,5031118.38215,-75.60243454820,45.41647422850,2016-11-30,4:03:00 PM,01 - Clear,01 - Daylight,01 - Dry,01 - Traffic signal,01 - Functioning,03 - P.D. only,04 - Sideswipe,0
16-11128,GREENBANK RD @ WEST HUNT CLUB RD,361479.67700,5020502.06512,-75.77700663890,45.32218017250,2016-11-30,11:40:00 AM,01 - Clear,01 - Daylight,01 - Dry,01 - Traffic signal,01 - Functioning,02 - Non-fatal injury,03 - Rear end,0
16-11129,MERIVALE RD/LOTTA AVE @ CLYDE AVE,364522.52646,5024507.11182,-75.73771264690,45.35796487050,2016-11-30,3:15:00 PM,01 - Clear,01 - Daylight,01 - Dry,01 - Traffic signal,01 - Functioning,03 - P.D. only,04 - Sideswipe,0
16-11130,WALKLEY RD btwn MELFORT ST & RUSSELL RD,374461.47259,5028375.60949,-75.61032237630,45.39185482790,2016-11-30,4:22:00 PM,01 - Clear,05 - Dusk,01 - Dry,10 - No control,,03 - P.D. only,04 - Sideswipe,0
16-11131,BASELINE RD @ CLYDE AVE,364357.54455,5024890.74465,-75.73977203160,45.36143078100,2016-11-30,4:22:00 PM,02 - Rain,05 - Dusk,02 - Wet,01 - Traffic signal,00 - Unknown,03 - P.D. only,04 - Sideswipe,0
16-11132,COVENTRY RD @ ST. LAURENT SC WEST,371922.16132,5031788.08055,-75.64228474330,45.42280677200,2016-11-30,4:31:00 PM,02 - Rain,05 - Dusk,02 - Wet,01 - Traffic signal,00 - Unknown,02 - Non-fatal injury,07 - SMV other,1
16-11133,ST. LAURENT BLVD btwn INDUSTRIAL AVE & BOURASSA ST,373158.84388,5029874.75427,-75.62674910150,45.40547182090,2016-11-30,10:30:00 AM,01 - Clear,01 - Daylight,02 - Wet,10 - No control,,03 - P.D. only,03 - Rear end,0
16-11134,BANK ST @ SUNNYSIDE AVE,368737.19317,5028580.30696,-75.68339536510,45.39424265240,2016-11-30,4:44:00 PM,02 - Rain,05 - Dusk,02 - Wet,01 - Traffic signal,01 - Functioning,02 - Non-fatal injury,07 - SMV other,1
16-11135,BANK ST btwn STONE SCHOOL RD & SCRIVENS DR,382175.17947,5011483.06949,-75.51445946610,45.23905627620,2016-11-30,4:35:00 PM,02 - Rain,05 - Dusk,02 - Wet,10 - No control,,02 - Non-fatal injury,07 - SMV other,0
16-11136,BANK ST @ OSSINGTON AVE,368889.61971,5028321.21262,-75.68148243140,45.39189746860,2016-11-30,5:21:00 PM,02 - Rain,07 - Dark,02 - Wet,10 - No control,,03 - P.D. only,05 - Turning movement,0
16-11137,CAMPEAU DR @ TERRY FOX DR,350454.77254,5019009.21296,-75.91776727220,45.30955070370,2016-11-30,5:43:00 PM,02 - Rain,07 - Dark,02 - Wet,01 - Traffic signal,,03 - P.D. only,03 - Rear end,0
16-11138,KANATA AVE @ TERRY FOX DR,349305.20888,5019210.92598,-75.93240874310,45.31143956640,2016-11-30,6:06:00 PM,02 - Rain,07 - Dark,02 - Wet,01 - Traffic signal,01 - Functioning,03 - P.D. only,05 - Turning movement,0
16-11139,ELMSMERE RD @ MONTREAL RD,374929.38441,5034314.15862,-75.60350199140,45.44523999550,2016-11-30,6:11:00 PM,02 - Rain,07 - Dark,02 - Wet,01 - Traffic signal,01 - Functioning,02 - Non-fatal injury,03 - Rear end,0
16-11140,DATA CENTRE RD @ RIVERSIDE DR,368895.79269,5027672.32118,-75.68148787910,45.38605837940,2016-11-30,6:24:00 PM,02 - Rain,07 - Dark,02 - Wet,01 - Traffic signal,01 - Functioning,03 - P.D. only,07 - SMV other,0
16-11141,LYON ST @ WELLINGTON ST,366935.67703,5031425.84563,-75.70604342510,45.42000817690,2016-11-30,6:20:00 PM,02 - Rain,07 - Dark,02 - Wet,01 - Traffic signal,01 - Functioning,03 - P.D. only,05 - Turning movement,0
16-11142,WEST HUNT CLUB RD @ ANTARES DR/LASER ST,367108.53946,5022082.74394,-75.70501380290,45.33592582310,2016-11-30,6:35:00 PM,02 - Rain,07 - Dark,02 - Wet,01 - Traffic signal,01 - Functioning,03 - P.D. only,04 - Sideswipe,0
16-11143,HUNT CLUB RD @ RIVERSIDE DR,368035.04669,5021945.08442,-75.69321138200,45.33460430360,2016-11-30,6:55:00 PM,02 - Rain,07 - Dark,02 - Wet,01 - Traffic signal,00 - Unknown,03 - P.D. only,03 - Rear end,0
16-11144,OHIO ST btwn CLEMENTINE BLVD & BANK ST,369564.21679,5027549.09231,-75.67296906950,45.38488812100,2016-11-30,7:09:00 PM,02 - Rain,07 - Dark,02 - Wet,10 - No control,,02 - Non-fatal injury,07 - SMV other,1
16-11145,WATTERS RD btwn MONTCREST DR & TRIM RD,384918.37976,5038682.04633,-75.47511516470,45.48346460310,2016-11-30,7:41:00 PM,01 - Clear,07 - Dark,01 - Dry,10 - No control,,02 - Non-fatal injury,07 - SMV other,1
16-11146,BLAIR RD @ REGIONAL RD 174 S/OR174 IC112 RAMP15,374907.51613,5032660.93406,-75.60401697100,45.43036741550,2016-11-30,7:50:00 PM,02 - Rain,07 - Dark,02 - Wet,01 - Traffic signal,01 - Functioning,02 - Non-fatal injury,05 - Turning movement,0
16-11147,COLONEL BY DR/SUSSEX DR @ RIDEAU ST,367921.68472,5032044.43805,-75.69336641070,45.42548579910,2016-11-30,5:30:00 PM,02 - Rain,07 - Dark,02 - Wet,01 - Traffic signal,01 - Functioning,03 - P.D. only,04 - Sideswipe,0
16-11148,INNES RD @ TENTH LINE RD,383954.24477,5036160.80304,-75.48785271060,45.46089078050,2016-11-30,11:00:00 PM,02 - Rain,07 - Dark,02 - Wet,01 - Traffic signal,00 - Unknown,03 - P.D. only,04 - Sideswipe,0
16-11149,GREENBANK RD @ KILBIRNIE DR,365285.25590,5011656.86110,-75.72954584620,45.24227376750,2016-12-01,6:47:00 AM,01 - Clear,07 - Dark,02 - Wet,02 - Stop sign,01 - Functioning,02 - Non-fatal injury,02 - Angle,0
16-11150,LAURIER AVE @ NICHOLAS ST,368374.58375,5031798.97996,-75.68761106460,45.42323623720,2016-12-01,8:50:00 AM,02 - Rain,01 - Daylight,02 - Wet,01 - Traffic signal,01 - Functioning,03 - P.D. only,04 - Sideswipe,0
16-11151,BANK ST @ JOHN QUINN RD,383423.88509,5010702.63264,-75.49868025340,45.23189597050,2016-12-01,7:54:00 AM,01 - Clear,01 - Daylight,01 - Dry,02 - Stop sign,01 - Functioning,03 - P.D. only,02 - Angle,0
16-11152,AVIATION PKWY @ MONTREAL RD,372144.23213,5034106.51241,-75.63913023780,45.44364557430,2016-12-01,8:08:00 AM,02 - Rain,01 - Daylight,02 - Wet,01 - Traffic signal,00 - Unknown,03 - P.D. only,03 - Rear end,0
16-11153,KING EDWARD AVE btwn LAURIER AVE E & THOMAS MORE PRIV,368791.88111,5031948.04016,-75.68225980430,45.42453937840,2016-12-01,12:00:00 AM,01 - Clear,00 - Unknown,01 - Dry,10 - No control,,03 - P.D. only,06 - SMV unattended vehicle,0
16-11154,LIMEBANK RD @ TOM ROBERTS RD,368580.37322,5019822.37601,-75.68652792010,45.31545523580,2016-12-01,8:18:00 AM,01 - Clear,01 - Daylight,02 - Wet,02 - Stop sign,01 - Functioning,03 - P.D. only,05 - Turning movement,0
16-11155,EQUESTRIAN DR btwn RIDING WAY & FOXLEIGH CRES,354800.74025,5015970.41680,-75.86265307500,45.28191103830,2016-11-30,12:00:00 AM,02 - Rain,00 - Unknown,02 - Wet,10 - No control,,03 - P.D. only,06 - SMV unattended vehicle,0
16-11156,DUMAURIER AVE @ PINECREST RD,360324.16347,5023835.75314,-75.79137090630,45.35226905540,2016-12-01,9:29:00 AM,01 - Clear,01 - Daylight,02 - Wet,01 - Traffic signal,01 - Functioning,03 - P.D. only,03 - Rear end,0
16-11157,HWY 417 INNES IC112R57 @ INNES RD,374299.61034,5030754.38130,-75.61205410300,45.41327392660,2016-12-01,9:30:00 AM,01 - Clear,01 - Daylight,01 - Dry,01 - Traffic signal,01 - Functioning,03 - P.D. only,04 - Sideswipe,0
16-11158,CARP RD @ ARBOURBROOK BLVD,344908.78219,5018635.43959,-75.98852219510,45.30652598700,2016-12-01,9:46:00 AM,01 - Clear,01 - Daylight,02 - Wet,02 - Stop sign,01 - Functioning,03 - P.D. only,05 - Turning movement,0
16-11159,NAVAHO DR @ WOODROFFE AVE/TRANSITWAY N BASELIN,362705.14421,5023493.45972,-75.76102612720,45.34899656460,2016-12-01,12:18:00 PM,01 - Clear,01 - Daylight,01 - Dry,01 - Traffic signal,,03 - P.D. only,05 - Turning movement,0
16-11160,HERZBERG RD btwn LEGGET DR & CARLING AVE,351995.38398,5022395.31682,-75.89779827190,45.33991775170,2016-12-01,12:37:00 PM,01 - Clear,01 - Daylight,01 - Dry,10 - No control,,02 - Non-fatal injury,03 - Rear end,0
16-11161,BRONSON AVE @ CARLING AVE/GLEBE AVE,367449.36331,5029335.14792,-75.69974600440,45.40115090130,2016-11-30,8:00:00 PM,02 - Rain,07 - Dark,02 - Wet,01 - Traffic signal,01 - Functioning,03 - P.D. only,04 - Sideswipe,0
16-11162,BANK ST @ HERON RD,369994.06369,5026850.29996,-75.66757283800,45.37856074340,2016-12-01,1:11:00 PM,01 - Clear,01 - Daylight,01 - Dry,01 - Traffic signal,01 - Functioning,03 - P.D. only,03 - Rear end,0
16-11163,REGIONAL ROAD 174 btwn OR174 IC105 RAMP63 & OR174 IC102 RAMP36,379987.76372,5037357.45597,-75.53838176610,45.47209546500,2016-12-01,1:50:00 PM,01 - Clear,01 - Daylight,01 - Dry,10 - No control,,03 - P.D. only,04 - Sideswipe,0
16-11164,ALBION RD btwn RIDEAU RD & TULLAMORE ST,375288.94163,5016226.16813,-75.60148633940,45.28245642910,2016-11-30,11:55:00 PM,02 - Rain,07 - Dark,02 - Wet,10 - No control,,03 - P.D. only,07 - SMV other,0