Record,Location,X,Y,Longitude,Latitude,Date,Time,Environment,Light,Road_Surface,Traffic_Control,Collision_Location,Collision_Classification,Impact_type,Pedestrian
16-11165,YORK ST WB btwn BYWARD MARKE SQ & SUSSEX DR,367889.96966,5032318.81343,-75.69373651100,45.42795739570,2016-12-01,12:00:00 AM,02 - Rain,00 - Unknown,02 - Wet,10 - No control,,03 - P.D. only,06 - SMV unattended vehicle,0
16-11166,BELCOURT BLVD @ ST. JOSEPH BLVD,381206.39651,5037359.01068,-75.52279801350,45.47197718950,2016-12-01,2:40:00 PM,02 - Rain,01 - Daylight,02 - Wet,01 - Traffic signal,01 - Functioning,02 - Non-fatal injury,02 - Angle,0
16-11167,INNES RD @ STONEHENGE CRES E,375363.08388,5031312.89438,-75.59838858430,45.41819269500,2016-12-01,2:45:00 PM,02 - Rain,01 - Daylight,02 - Wet,01 - Traffic signal,01 - Functioning,03 - P.D. only,02 - Angle,0
16-11168,BLAIR RD @ INNES RD,375581.21937,5031439.96918,-75.59558347840,45.41931400960,2016-12-01,2:50:00 PM,02 - Rain,01 - Daylight,02 - Wet,01 - Traffic signal,01 - Functioning,02 - Non-fatal injury,03 - Rear end,0
16-11169,REGIONAL ROAD 174 btwn OR174 IC105 RAMP35 & OR174 IC105 RAMP25,379638.38377,5037132.74227,-75.54288377560,45.47011119330,2016-12-01,3:07:00 PM,03 - Snow,01 - Daylight,02 - Wet,10 - No control,,03 - P.D. only,03 - Rear end,0
16-11170,BYRON AVE @ HOLLAND AVE,365012.21583,5028957.31336,-75.73092024720,45.39796508600,2016-12-01,3:30:00 PM,02 - Rain,01 - Daylight,02 - Wet,02 - Stop sign,00 - Unknown,03 - P.D. only,04 - Sideswipe,0
16-11171,NEW ORCHARD AVE @ RICHMOND RD,361293.45786,5026219.74074,-75.77872869270,45.37364261210,2016-12-01,4:33:00 PM,02 - Rain,05 - Dusk,02 - Wet,01 - Traffic signal,01 - Functioning,03 - P.D. only,05 - Turning movement,0
16-11172,POULIN AVE @ RICHMOND RD,360325.02078,5024899.85518,-75.79124044040,45.36184374820,2016-12-01,4:47:00 PM,01 - Clear,05 - Dusk,02 - Wet,01 - Traffic signal,01 - Functioning,03 - P.D. only,05 - Turning movement,0
16-11173,GLOUCESTER ST @ KENT ST,367356.87314,5031099.81444,-75.70070338760,45.41703711560,2016-12-01,4:49:00 PM,02 - Rain,05 - Dusk,02 - Wet,01 - Traffic signal,01 - Functioning,02 - Non-fatal injury,07 - SMV other,1
16-11174,MORRISON DR @ BASELINE RD,360097.18273,5022308.25146,-75.79443830380,45.33854253710,2016-12-01,5:07:00 PM,01 - Clear,07 - Dark,01 - Dry,01 - Traffic signal,01 - Functioning,03 - P.D. only,03 - Rear end,0
16-11175,CONROY RD @ HUNT CLUB RD,373765.39631,5025404.10872,-75.61962624400,45.36518745770,2016-12-01,5:14:00 PM,02 - Rain,07 - Dark,02 - Wet,01 - Traffic signal,01 - Functioning,03 - P.D. only,03 - Rear end,0
16-11176,REGIONAL ROAD 174 EB btwn OR174 IC109 RAMP55 & TRANSIT,376541.19101,5035143.68702,-75.58277914190,45.45253999830,2016-12-01,4:15:00 PM,02 - Rain,05 - Dusk,02 - Wet,10 - No control,,03 - P.D. only,07 - SMV other,0
16-11177,LENESTER AVE @ MAITLAND AVE,363078.88977,5026145.66482,-75.75594411640,45.37282987160,2016-12-01,5:18:00 PM,03 - Snow,07 - Dark,02 - Wet,02 - Stop sign,01 - Functioning,03 - P.D. only,03 - Rear end,0
16-11178,ELGIN ST @ LAURIER AVE,367949.53806,5031549.16172,-75.69307399790,45.42102695520,2016-12-01,5:28:00 PM,02 - Rain,07 - Dark,02 - Wet,01 - Traffic signal,01 - Functioning,03 - P.D. only,04 - Sideswipe,0
16-11179,CENTURY RD    W btwn GOODSTOWN RD & MALAKOFF RD,359877.20648,5002677.76090,-75.79941987520,45.16192165570,2016-12-01,5:30:00 PM,01 - Clear,07 - Dark,02 - Wet,10 - No control,,03 - P.D. only,07 - SMV other,0
16-11180,BASELINE RD btwn MORLEY BLVD & PRINCE OF WALES DR,366776.19842,5026409.22830,-75.70871130530,45.37488411900,2016-12-01,4:14:00 PM,02 - Rain,05 - Dusk,02 - Wet,10 - No control,,02 - Non-fatal injury,03 - Rear end,0
16-11181,ALTA VISTA DR @ SUMMIT AVE,370403.72000,5028244.33049,-75.66215744730,45.39106550880,2016-11-30,8:00:00 PM,02 - Rain,07 - Dark,02 - Wet,02 - Stop sign,01 - Functioning,03 - P.D. only,07 - SMV other,0
16-11182,LEMIEUX ST @ ST. LAURENT BLVD,372390.06839,5031743.80664,-75.63631238480,45.42236336320,2016-12-01,6:05:00 PM,03 - Snow,07 - Dark,04 - Slush,01 - Traffic signal,01 - Functioning,03 - P.D. only,03 - Rear end,0
16-11183,ALBION RD/COLLISTON CRES E @ WALKLEY RD,371032.63201,5026354.31466,-75.65437989270,45.37400063250,2016-12-01,6:09:00 PM,01 - Clear,07 - Dark,02 - Wet,01 - Traffic signal,01 - Functioning,02 - Non-fatal injury,05 - Turning movement,0
16-11184,DONALD ST @ QUILL ST,370699.04718,5032312.92088,-75.65784227920,45.42764535290,2016-12-01,6:08:00 PM,02 - Rain,07 - Dark,02 - Wet,01 - Traffic signal,01 - Functioning,02 - Non-fatal injury,05 - Turning movement,0
16-11185,CORKSTOWN RD @ MARCH RD,352655.95679,5020885.55639,-75.88951597840,45.32628789540,2016-12-01,6:22:00 PM,02 - Rain,07 - Dark,02 - Wet,02 - Stop sign,00 - Unknown,02 - Non-fatal injury,03 - Rear end,0
16-11186,BRIAN COBURN BLVD @ TENTH LINE RD,384428.33890,5035022.30790,-75.48197576030,45.45059377220,2016-12-01,6:36:00 PM,01 - Clear,07 - Dark,02 - Wet,01 - Traffic signal,01 - Functioning,02 - Non-fatal injury,05 - Turning movement,0
16-11187,RUSSELL RD btwn RUSSELL RD & CARLSBAD LANE,386927.68943,5025895.85561,-75.45154803270,45.36819323450,2016-12-01,6:38:00 PM,01 - Clear,07 - Dark,01 - Dry,10 - No control,,03 - P.D. only,07 - SMV other,0
16-11188,CARLING AVE @ MERIVALE RD,364894.70380,5027700.13012,-75.73257418860,45.38666330210,2016-11-30,7:00:00 PM,02 - Rain,07 - Dark,02 - Wet,01 - Traffic signal,01 - Functioning,03 - P.D. only,04 - Sideswipe,0
16-11189,KING EDWARD AVE @ LAURIER AVE,368739.70720,5032034.99668,-75.68291516890,45.42532655240,2016-12-01,7:22:00 PM,01 - Clear,07 - Dark,01 - Dry,01 - Traffic signal,01 - Functioning,03 - P.D. only,03 - Rear end,0
16-11190,BRIAN COBURN BLVD @ TENTH LINE RD,384428.33890,5035022.30790,-75.48197576030,45.45059377220,2016-12-01,7:34:00 PM,02 - Rain,07 - Dark,02 - Wet,01 - Traffic signal,01 - Functioning,03 - P.D. only,05 - Turning movement,0
16-11191,AVIATION PKWY @ MONTREAL RD,372146.76204,5034108.60636,-75.63909761490,45.44366417140,2016-12-01,8:07:00 PM,01 - Clear,07 - Dark,02 - Wet,01 - Traffic signal,01 - Functioning,03 - P.D. only,05 - Turning movement,0
16-11192,HINCHEY AVE @ SCOTT ST,365088.46737,5029808.54521,-75.72984232680,45.40561771770,2016-12-01,8:19:00 PM,01 - Clear,07 - Dark,02 - Wet,02 - Stop sign,01 - Functioning,03 - P.D. only,04 - Sideswipe,0
16-11193,FALLOWFIELD RD btwn STEEPLE HILL CRES & MOODIE DR,359224.22319,5014514.25969,-75.80643166010,45.26847979910,2016-12-01,10:08:00 PM,01 - Clear,07 - Dark,01 - Dry,10 - No control,,03 - P.D. only,07 - SMV other,0
16-11194,HWY 416 WESTHUNT IC72R34 @ WEST HUNT CLUB RD,359370.74041,5019361.54090,-75.80403137690,45.31208477870,2016-12-02,6:45:00 AM,01 - Clear,07 - Dark,01 - Dry,01 - Traffic signal,01 - Functioning,03 - P.D. only,01 - Approaching,0
16-11195,HAMILTON AVE   N btwn ARMSTRONG ST & WELLINGTON ST W,365017.67425,5029366.18897,-75.73080061300,45.40164358980,2016-12-02,8:59:00 AM,01 - Clear,01 - Daylight,01 - Dry,10 - No control,,03 - P.D. only,05 - Turning movement,0
16-11196,TENTH LINE RD @ TENTH LINE RD,383530.92783,5037154.27942,-75.49310570300,45.46987701770,2016-12-01,7:30:00 PM,01 - Clear,07 - Dark,02 - Wet,01 - Traffic signal,01 - Functioning,03 - P.D. only,03 - Rear end,0
16-11197,KING EDWARD AVE NB btwn YORK ST & RIDEAU ST,368407.95585,5032603.92424,-75.68708070630,45.43047580470,2016-12-02,10:37:00 AM,01 - Clear,01 - Daylight,02 - Wet,10 - No control,,03 - P.D. only,02 - Angle,0
16-11198,ELVASTON AVE btwn CRAIG HENRY DR & BAINBRIDGE AVE,361223.66606,5021362.31193,-75.78017396590,45.32994129630,2016-12-02,11:32:00 AM,01 - Clear,01 - Daylight,01 - Dry,10 - No control,,03 - P.D. only,06 - SMV unattended vehicle,0
16-11199,STRANDHERD DR @ LONGFIELDS DR,364549.63866,5015174.56694,-75.73849222830,45.27398898430,2016-12-01,5:10:00 PM,01 - Clear,07 - Dark,02 - Wet,01 - Traffic signal,01 - Functioning,03 - P.D. only,04 - Sideswipe,0
16-11200,RICHMOND RD btwn WINSTON AVE & CHURCHILL AVE N,363124.90257,5028223.43227,-75.75511123680,45.39152150460,2016-12-02,1:00:00 PM,01 - Clear,01 - Daylight,01 - Dry,10 - No control,,02 - Non-fatal injury,02 - Angle,0
16-11201,JEANNE D'ARC BLVD  N btwn Continuation of JEANNE D'ARC BLVD N & TRANSI,379303.53579,5037188.43210,-75.54715714230,45.47064804780,2016-12-02,1:10:00 PM,01 - Clear,01 - Daylight,01 - Dry,10 - No control,,03 - P.D. only,07 - SMV other,0
16-11202,DALY AVE btwn COURT HOUSE LANE & WALLER ST,368333.72658,5032114.23782,-75.68809244360,45.42607652830,2016-11-25,8:00:00 PM,01 - Clear,07 - Dark,01 - Dry,10 - No control,,03 - P.D. only,06 - SMV unattended vehicle,0
16-11203,CARP RD btwn HWY417 IC144 RAMP25 & WESTBROOK RD,347612.21472,5015580.43266,-75.95431252790,45.27887637030,2016-12-02,1:19:00 PM,01 - Clear,01 - Daylight,01 - Dry,10 - No control,,03 - P.D. only,04 - Sideswipe,0
16-11204,STRANDHERD DR @ CEDARVIEW RD/TARTAN DR,362290.81560,5013544.93579,-75.76746710050,45.25951376350,2016-12-02,1:33:00 PM,01 - Clear,01 - Daylight,01 - Dry,01 - Traffic signal,00 - Unknown,03 - P.D. only,03 - Rear end,0
16-11205,ISABELLA ST/HWY 417 O'CONN IC119BR57 @ O'CONNO,368298.86027,5030310.12501,-75.68877044970,45.40984689860,2016-12-02,2:26:00 PM,01 - Clear,01 - Daylight,01 - Dry,01 - Traffic signal,00 - Unknown,03 - P.D. only,03 - Rear end,0
16-11206,OGILVIE RD @ ELMLEA GT/SHOPPERS CITY EAST SC,374986.24823,5033487.82504,-75.60289300940,45.43779941560,2016-12-02,2:29:00 PM,01 - Clear,01 - Daylight,01 - Dry,01 - Traffic signal,01 - Functioning,03 - P.D. only,07 - SMV other,0
16-11207,BANK ST @ POWELL AVE,368173.48806,5029944.90228,-75.69041892890,45.40657210520,2016-12-02,2:34:00 PM,01 - Clear,01 - Daylight,01 - Dry,02 - Stop sign,01 - Functioning,03 - P.D. only,04 - Sideswipe,0
16-11208,MACKENZIE AVE @ RIDEAU ST,367868.60151,5032009.36066,-75.69404918610,45.42517497280,2016-12-02,2:45:00 PM,01 - Clear,01 - Daylight,01 - Dry,01 - Traffic signal,01 - Functioning,03 - P.D. only,04 - Sideswipe,0
16-11209,BASELINE RD @ MERIVALE RD,365053.04009,5025326.75714,-75.73084194950,45.36529451910,2016-12-02,2:58:00 PM,01 - Clear,01 - Daylight,01 - Dry,01 - Traffic signal,01 - Functioning,03 - P.D. only,02 - Angle,0
16-11210,MEADOWLANDS DR btwn PRINCE OF WALES DR & DEBRA AVE,367220.63775,5025594.57740,-75.70314036620,45.36751462970,2016-12-02,4:14:00 PM,01 - Clear,05 - Dusk,01 - Dry,10 - No control,,02 - Non-fatal injury,05 - Turning movement,0
16-11211,CARLING AVE @ CIVIC HOSPITAL,365791.81851,5028279.39174,-75.72104725310,45.39179782490,2016-12-02,4:34:00 PM,01 - Clear,05 - Dusk,01 - Dry,01 - Traffic signal,01 - Functioning,03 - P.D. only,03 - Rear end,0
16-11212,EAGLESON RD btwn HAZELDEAN RD & 146 N OF ABBEYHILL DR/HAZELDEAN MALL S,353677.76569,5018413.27988,-75.87672575520,45.30397145910,2016-12-02,4:38:00 PM,01 - Clear,05 - Dusk,01 - Dry,10 - No control,,03 - P.D. only,03 - Rear end,0
16-11213,BEATRICE DR btwn KILBARRON RD & LETOURNEAU ST,364991.05582,5016682.57953,-75.73268399420,45.28752039580,2016-12-02,5:20:00 PM,01 - Clear,07 - Dark,01 - Dry,10 - No control,,03 - P.D. only,06 - SMV unattended vehicle,0
16-11214,WOODROFFE AVE btwn CARLINGWOOD SC & CARLING AVE,361921.13303,5025858.01641,-75.77075743040,45.37033696630,2016-12-02,5:37:00 PM,01 - Clear,07 - Dark,01 - Dry,10 - No control,,03 - P.D. only,02 - Angle,0
16-11215,ROBERTSON RD btwn WESTCLIFFE RD & FITZGERALD RD,356568.42127,5020155.11244,-75.83968541200,45.31943761370,2016-12-02,5:44:00 PM,01 - Clear,07 - Dark,01 - Dry,10 - No control,,03 - P.D. only,02 - Angle,0
16-11216,ALLENBY RD/GATESHEAD AVE @ MORGAN'S GRANT WAY,349480.21148,5023493.66128,-75.92979041160,45.34996560620,2016-12-02,6:14:00 PM,01 - Clear,07 - Dark,01 - Dry,02 - Stop sign,01 - Functioning,02 - Non-fatal injury,07 - SMV other,1
16-11217,"EGLISE, RUE DE L @ MONTREAL RD",371159.60600,5033633.59210,-75.65177920630,45.43948461760,2016-12-02,6:01:00 PM,01 - Clear,07 - Dark,02 - Wet,01 - Traffic signal,01 - Functioning,03 - P.D. only,03 - Rear end,0
16-11218,BANK ST @ MITCH OWENS RD,377758.98524,5015948.11812,-75.57004597410,45.27970263160,2016-12-02,6:18:00 PM,01 - Clear,07 - Dark,01 - Dry,01 - Traffic signal,01 - Functioning,03 - P.D. only,02 - Angle,0
16-11219,MONTREAL RD @ VANIER PKWY,370072.05118,5033065.37256,-75.66575438240,45.43447439680,2016-12-02,7:05:00 PM,01 - Clear,07 - Dark,01 - Dry,01 - Traffic signal,01 - Functioning,03 - P.D. only,02 - Angle,0
16-11220,MURRAY ST btwn PARENT AVE & DALHOUSIE ST,367957.63492,5032546.26541,-75.69284269400,45.42999782300,2016-12-02,7:26:00 PM,01 - Clear,07 - Dark,01 - Dry,10 - No control,,02 - Non-fatal injury,04 - Sideswipe,0
16-11221,PANMURE RD @ UPPER DWYER HILL RD,329349.42250,5019817.30641,-76.18687678990,45.31787732180,2016-12-02,7:28:00 PM,03 - Snow,07 - Dark,02 - Wet,02 - Stop sign,01 - Functioning,03 - P.D. only,07 - SMV other,0
16-11222,LONGFIELDS DR btwn CHAPMAN MILLS DR & GLENROY GILBERT DR,364831.66700,5014600.82500,-75.73496746890,45.26880243760,2016-12-02,7:31:00 PM,01 - Clear,07 - Dark,01 - Dry,10 - No control,,03 - P.D. only,04 - Sideswipe,0
16-11223,BANK ST @ GLEBE AVE,368239.88255,5029787.56190,-75.68959108460,45.40515039180,2016-12-02,7:35:00 PM,01 - Clear,07 - Dark,01 - Dry,01 - Traffic signal,01 - Functioning,03 - P.D. only,99 - Other,0
16-11224,ARLINGTON AVE @ BRONSON AVE,367223.53756,5029867.14932,-75.70256297090,45.40595787070,2016-12-02,7:42:00 PM,02 - Rain,07 - Dark,02 - Wet,01 - Traffic signal,00 - Unknown,03 - P.D. only,03 - Rear end,0
16-11225,RICHMOND RD btwn JOHN SUTHERLAND DR & HOLLY ACRES RD,359021.40452,5022659.05511,-75.80812518250,45.34178304310,2016-12-02,7:42:00 PM,01 - Clear,07 - Dark,01 - Dry,10 - No control,,03 - P.D. only,03 - Rear end,0
16-11226,WOODROFFE AVE @ HWY 417 WOODROFF IC127R26/HWY4,362083.62905,5024940.07255,-75.76878950220,45.36206412500,2016-11-30,4:50:00 PM,01 - Clear,05 - Dusk,01 - Dry,01 - Traffic signal,00 - Unknown,03 - P.D. only,03 - Rear end,0
16-11227,BANNER RD @ GREENBANK RD,361021.89214,5021565.39421,-75.78272483280,45.33178482330,2016-12-02,9:07:00 PM,01 - Clear,07 - Dark,01 - Dry,01 - Traffic signal,01 - Functioning,03 - P.D. only,05 - Turning movement,0
16-11228,NINTH LINE RD btwn ANDERSON RD & FARMERS WAY,382962.92763,5021645.49721,-75.50282653420,45.33040481820,2016-12-02,9:11:00 PM,01 - Clear,07 - Dark,01 - Dry,10 - No control,,03 - P.D. only,07 - SMV other,0
16-11229,STAGECOACH RD btwn SNAKE ISLAND RD & HERBERTS CORNERS RD,377934.06488,5007465.36314,-75.56906206130,45.20335955720,2016-12-02,10:48:00 PM,01 - Clear,07 - Dark,01 - Dry,10 - No control,,03 - P.D. only,07 - SMV other,0
16-11230,INDUSTRIAL AVE btwn TRAINYARDS DR & RUSSELL RD,372075.92071,5030440.16520,-75.64050418330,45.41066406240,2016-12-03,1:14:00 AM,01 - Clear,07 - Dark,01 - Dry,10 - No control,,03 - P.D. only,04 - Sideswipe,0
16-11231,HEMLOCK RD @ ST. LAURENT BLVD,371145.70890,5034782.84004,-75.65180186650,45.44982633490,2016-12-03,2:38:00 AM,01 - Clear,07 - Dark,01 - Dry,01 - Traffic signal,01 - Functioning,03 - P.D. only,07 - SMV other,0
16-11232,LINDEN TER btwn O'CONNOR ST & QUEEN ELIZABETH DRWY,368726.76595,5030138.34832,-75.68332657310,45.40826235510,2016-12-03,9:03:00 AM,01 - Clear,01 - Daylight,01 - Dry,10 - No control,,03 - P.D. only,06 - SMV unattended vehicle,0
16-11233,AVIATION PKWY @ OGILVIE RD,373110.49466,5032376.36606,-75.62701989010,45.42798484580,2016-12-02,10:37:00 AM,01 - Clear,01 - Daylight,01 - Dry,01 - Traffic signal,01 - Functioning,03 - P.D. only,02 - Angle,0
16-11234,HWY 417 TERRYFO IC140R52 @ TERRY FOX DR,351051.18765,5018436.30260,-75.91021508900,45.30435648030,2016-12-03,11:57:00 AM,01 - Clear,01 - Daylight,01 - Dry,01 - Traffic signal,01 - Functioning,03 - P.D. only,03 - Rear end,0
16-11235,FIFTH AVE btwn RUPERT ST & ADELAIDE ST,368612.06355,5029526.39564,-75.68487096020,45.40276667230,2016-12-03,12:01:00 PM,01 - Clear,01 - Daylight,01 - Dry,10 - No control,,02 - Non-fatal injury,03 - Rear end,0
16-11236,BANK ST @ ST. PAUL AVE,370507.21322,5025559.89582,-75.66119308160,45.36690217490,2016-12-03,1:03:00 PM,01 - Clear,01 - Daylight,01 - Dry,02 - Stop sign,00 - Unknown,03 - P.D. only,04 - Sideswipe,0
16-11237,CARLING AVE @ WOODROFFE AVE W,361767.87178,5025725.33376,-75.77272919690,45.36915557450,2016-12-03,1:07:00 PM,01 - Clear,01 - Daylight,01 - Dry,01 - Traffic signal,00 - Unknown,03 - P.D. only,04 - Sideswipe,0
16-11238,BEAVERWOOD RD btwn Continuation of BEAVERWOOD RD & ANN ST,368824.85536,5009678.64806,-75.68471785380,45.22416088520,2016-12-03,2:02:00 PM,01 - Clear,01 - Daylight,01 - Dry,10 - No control,,02 - Non-fatal injury,07 - SMV other,1
16-11239,BENJAMIN AVE btwn FAIRLAWN AVE & BLYTHDALE RD,362210.97327,5025105.38029,-75.76714491580,45.36354113220,2016-12-03,12:00:00 AM,01 - Clear,00 - Unknown,01 - Dry,10 - No control,,03 - P.D. only,06 - SMV unattended vehicle,0
16-11240,ST. LAURENT BLVD btwn COVENTRY RD & LEMIEUX ST,372382.33860,5031765.18602,-75.63640821440,45.42255647190,2016-12-03,2:30:00 PM,01 - Clear,01 - Daylight,01 - Dry,10 - No control,,03 - P.D. only,05 - Turning movement,0
16-11241,CARLING AVE EB btwn SCRIVENS ST & GRENON AVE,359570.47749,5024336.01795,-75.80093370440,45.35682970630,2016-12-03,3:13:00 PM,01 - Clear,01 - Daylight,01 - Dry,10 - No control,,02 - Non-fatal injury,07 - SMV other,1
16-11242,HAWTHORNE AVE @ MAIN ST,368969.05329,5030630.49681,-75.68016757140,45.41266836560,2016-12-03,3:50:00 PM,01 - Clear,01 - Daylight,01 - Dry,01 - Traffic signal,,03 - P.D. only,04 - Sideswipe,0
16-11243,BAYSHORE DR @ RICHMOND RD,359372.46759,5023369.19095,-75.80356753800,45.34814563420,2016-12-03,4:56:00 PM,01 - Clear,07 - Dark,01 - Dry,01 - Traffic signal,01 - Functioning,03 - P.D. only,05 - Turning movement,0
16-11244,MEADOWLANDS DR @ MERIVALE RD,364857.04359,5023723.44001,-75.73353851230,45.35088492800,2016-12-03,5:07:00 PM,01 - Clear,07 - Dark,01 - Dry,01 - Traffic signal,01 - Functioning,03 - P.D. only,03 - Rear end,0
16-11245,TENTH LINE RD btwn ST. JOSEPH BLVD & OLD TENTH LINE RD,382922.06567,5038602.27071,-75.50066100740,45.48297311230,2016-12-03,5:23:00 PM,01 - Clear,07 - Dark,01 - Dry,10 - No control,,03 - P.D. only,03 - Rear end,0
16-11246,ROCKWAY CRES btwn ROCKWAY CRES & END,361459.39667,5022697.36100,-75.77701401460,45.34193504580,2016-12-03,5:52:00 PM,01 - Clear,07 - Dark,01 - Dry,10 - No control,,03 - P.D. only,02 - Angle,0
16-11247,GREENBANK RD @ STRANDHERD DR,363934.33189,5014784.94436,-75.74638001680,45.27053516960,2016-12-03,6:12:00 PM,01 - Clear,07 - Dark,01 - Dry,01 - Traffic signal,01 - Functioning,03 - P.D. only,99 - Other,0
16-11248,CLARENCE ST btwn DALHOUSIE ST & CUMBERLAND ST,368057.60633,5032513.94987,-75.69156933420,45.42969802440,2016-11-30,12:30:00 AM,01 - Clear,07 - Dark,01 - Dry,10 - No control,,03 - P.D. only,06 - SMV unattended vehicle,0
16-11249,VIEWMOUNT DR @ MERIVALE RD,365193.47756,5022947.83678,-75.72933996520,45.34387726620,2016-12-03,7:08:00 PM,01 - Clear,07 - Dark,01 - Dry,01 - Traffic signal,01 - Functioning,02 - Non-fatal injury,05 - Turning movement,0
16-11250,VANIER PKWY/CRICHTON ST @ BEECHWOOD AVE/ST. PA,369128.17832,5033486.96242,-75.67776172250,45.43835516340,2016-12-03,6:30:00 PM,01 - Clear,07 - Dark,01 - Dry,01 - Traffic signal,01 - Functioning,03 - P.D. only,03 - Rear end,0
16-11251,CORKSTOWN RD @ MARCH RD,352657.39356,5020883.26646,-75.88949787190,45.32626719240,2016-12-03,8:46:00 PM,01 - Clear,07 - Dark,01 - Dry,02 - Stop sign,01 - Functioning,02 - Non-fatal injury,02 - Angle,0
16-11252,PRINCE OF WALES DR btwn TURN LANE & WEST HUNT CLUB RD,367450.14828,5021809.17619,-75.70069031850,45.33343389180,2016-12-03,9:22:00 PM,01 - Clear,07 - Dark,01 - Dry,10 - No control,,02 - Non-fatal injury,05 - Turning movement,0
16-11253,MOODIE DR btwn 340 S OF CARLING AVE/NORTEL NORTH ENT & 715 S OF CARLIN,356032.32531,5023549.60647,-75.84617155490,45.35002097100,2016-12-03,11:16:00 PM,01 - Clear,07 - Dark,01 - Dry,10 - No control,,03 - P.D. only,07 - SMV other,0
16-11254,O'CONNOR ST @ SOMERSET ST,367856.53826,5031013.81614,-75.69433074260,45.41621847920,2016-12-04,2:59:00 AM,01 - Clear,07 - Dark,01 - Dry,01 - Traffic signal,01 - Functioning,03 - P.D. only,03 - Rear end,0
16-11255,INNES RD WB btwn ORLEANS BLVD & INNES RD,380597.61999,5034383.23129,-75.53104157710,45.44526981310,2016-12-04,6:02:00 AM,01 - Clear,07 - Dark,01 - Dry,10 - No control,,03 - P.D. only,07 - SMV other,0
16-11256,AQUAVIEW DR btwn SERRANO ST & BOIS VERT PL,384513.04275,5035762.51151,-75.48077305090,45.45724378890,2016-12-04,8:04:00 AM,01 - Clear,01 - Daylight,01 - Dry,10 - No control,,03 - P.D. only,06 - SMV unattended vehicle,0
16-11257,HAVELOCK ST btwn CONCORD ST N & END,369123.23213,5030952.37382,-75.67815595700,45.41555034560,2016-12-03,12:00:00 AM,01 - Clear,00 - Unknown,01 - Dry,10 - No control,,03 - P.D. only,06 - SMV unattended vehicle,0
16-11258,UPMINSTER WAY btwn FAIRLOP WAY & TOTTERIDGE AVE,364654.65074,5016203.62945,-75.73702988110,45.28323954470,2016-12-04,12:00:00 AM,01 - Clear,00 - Unknown,01 - Dry,10 - No control,,03 - P.D. only,06 - SMV unattended vehicle,0
16-11259,MAITLAND AVE/HWY 417 MAITLAND IC126R53 @ HWY 4,363231.00838,5025775.75323,-75.75404591640,45.36948878590,2016-12-04,11:15:00 AM,01 - Clear,01 - Daylight,01 - Dry,01 - Traffic signal,01 - Functioning,03 - P.D. only,99 - Other,0
16-11260,AQUAVIEW DR btwn SERRANO ST & BOIS VERT PL,384511.44535,5035762.42863,-75.48079348580,45.45724322530,2016-12-04,11:18:00 AM,01 - Clear,01 - Daylight,01 - Dry,10 - No control,,03 - P.D. only,06 - SMV unattended vehicle,0
16-11261,ST. LAURENT BLVD @ MCARTHUR AVE,371921.49946,5032886.91628,-75.64214344150,45.43269365290,2016-12-01,11:00:00 AM,01 - Clear,01 - Daylight,01 - Dry,01 - Traffic signal,01 - Functioning,03 - P.D. only,05 - Turning movement,0
16-11262,CYRVILLE RD @ ST. LAURENT BLVD,372241.06218,5032111.79954,-75.63816583520,45.42568877310,2016-12-04,11:54:00 AM,01 - Clear,01 - Daylight,01 - Dry,01 - Traffic signal,01 - Functioning,03 - P.D. only,05 - Turning movement,0
16-11263,CARLING AVE @ IROQUOIS RD,362213.02738,5026024.43241,-75.76701189510,45.37181050930,2016-12-04,1:50:00 PM,01 - Clear,01 - Daylight,01 - Dry,01 - Traffic signal,01 - Functioning,03 - P.D. only,05 - Turning movement,0
16-11264,CAMBRIAN RD/GOLFLINKS DR W @ LONGFIELDS DR,365381.99464,5013223.24908,-75.72812282530,45.25635982990,2016-12-04,2:13:00 PM,01 - Clear,01 - Daylight,01 - Dry,11 - Roundabout,01 - Functioning,03 - P.D. only,04 - Sideswipe,0
16-11265,GRANT CARMAN DR btwn MEADOWLANDS DR E & FAMILY BROWN LANE,365067.42909,5023885.35833,-75.73083403290,45.35232379750,2016-12-04,3:39:00 PM,01 - Clear,01 - Daylight,01 - Dry,10 - No control,,03 - P.D. only,03 - Rear end,0
16-11266,MAPLE GROVE RD @ TERRY FOX DR,351553.60860,5017863.22226,-75.90386272130,45.29916649250,2016-12-04,5:40:00 PM,01 - Clear,07 - Dark,01 - Dry,01 - Traffic signal,01 - Functioning,03 - P.D. only,03 - Rear end,0
16-11267,HAWTHORNE AVE @ MAIN ST,368971.53776,5030632.15312,-75.68013561680,45.41268304060,2016-12-04,6:57:00 PM,01 - Clear,07 - Dark,01 - Dry,01 - Traffic signal,01 - Functioning,03 - P.D. only,03 - Rear end,0
16-11268,MURRAY ST btwn KING EDWARD AVE & ST. PATRICK ST,368328.96688,5032791.26316,-75.68806592430,45.43216859300,2016-12-04,8:09:00 PM,01 - Clear,07 - Dark,01 - Dry,10 - No control,,02 - Non-fatal injury,07 - SMV other,1
16-11269,BASELINE RD @ CENTREPOINTE DR E/HIGHGATE RD,362062.43208,5023465.16462,-75.76923089240,45.34879473700,2016-12-04,9:16:00 PM,01 - Clear,07 - Dark,01 - Dry,01 - Traffic signal,01 - Functioning,03 - P.D. only,05 - Turning movement,0