Record,Location,X,Y,Longitude,Latitude,Date,Time,Environment,Light,Road_Surface,Traffic_Control,Collision_Location,Collision_Classification,Impact_type,Pedestrian
16-11375,CONCORD ST @ HAVELOCK ST,369113.34480,5030946.51466,-75.67828303640,45.41549853630,2016-12-06,2:50:00 PM,01 - Clear,01 - Daylight,01 - Dry,02 - Stop sign,01 - Functioning,03 - P.D. only,99 - Other,0
16-11376,BANK ST @ HERON RD,369995.72000,5026851.12812,-75.66755158250,45.37856804030,2016-12-06,2:54:00 PM,01 - Clear,01 - Daylight,02 - Wet,01 - Traffic signal,02 - Not functioning,03 - P.D. only,03 - Rear end,0
16-11377,ST. JOSEPH BLVD btwn ORLEANS BLVD & COUSINEAU ST,380675.63004,5037008.74745,-75.52963936770,45.46888367290,2016-12-03,3:26:00 PM,01 - Clear,01 - Daylight,01 - Dry,10 - No control,,03 - P.D. only,04 - Sideswipe,0
16-11378,HEMLOCK RD @ LANSDOWNE RD,369848.69864,5034511.98578,-75.66841756080,45.44751122650,2016-12-06,10:15:00 AM,01 - Clear,01 - Daylight,03 - Loose snow,02 - Stop sign,00 - Unknown,03 - P.D. only,01 - Approaching,0
16-11379,CATHERINE ST @ KENT ST,367908.36612,5030188.34486,-75.69377429900,45.40878648010,2016-12-06,4:01:00 PM,01 - Clear,05 - Dusk,01 - Dry,01 - Traffic signal,01 - Functioning,03 - P.D. only,04 - Sideswipe,0
16-11380,BASELINE RD @ WOODROFFE AVE,362549.47066,5023769.84608,-75.76298035860,45.35149630470,2016-12-06,12:50:00 PM,01 - Clear,01 - Daylight,01 - Dry,01 - Traffic signal,01 - Functioning,03 - P.D. only,05 - Turning movement,0
16-11381,RIDEAU RD btwn BANK ST & DONCASTER RD,377304.75250,5018047.13927,-75.57552820870,45.29863576780,2016-12-06,4:54:00 PM,01 - Clear,07 - Dark,02 - Wet,10 - No control,,02 - Non-fatal injury,03 - Rear end,0
16-11382,SOMERSET ST    W btwn BECKINGTON PRIV & BANK ST,367632.14922,5030877.54482,-75.69721483810,45.41501253860,2016-12-06,5:04:00 PM,01 - Clear,07 - Dark,02 - Wet,10 - No control,,03 - P.D. only,02 - Angle,0
16-11383,RIDEAU RD btwn SOMME ST & RAMSAYVILLE RD,379460.59723,5019456.57966,-75.54783158060,45.31109142190,2016-12-06,5:11:00 PM,01 - Clear,07 - Dark,02 - Wet,10 - No control,,03 - P.D. only,03 - Rear end,0
16-11384,COLONNADE RD @ PRINCE OF WALES DR,367394.71160,5023267.75834,-75.70121299850,45.34656288730,2016-12-06,11:30:00 AM,01 - Clear,01 - Daylight,01 - Dry,01 - Traffic signal,01 - Functioning,03 - P.D. only,03 - Rear end,0
16-11385,KNIGHTSBRIDGE RD @ WOODROFFE AVE,361623.02578,5026560.30456,-75.77448213950,45.37668032830,2016-12-06,5:20:00 PM,01 - Clear,07 - Dark,01 - Dry,02 - Stop sign,01 - Functioning,03 - P.D. only,02 - Angle,0
16-11386,HUNT CLUB RD @ DOWNPATRICK RD/MCCARTHY RD,370505.33172,5023400.79660,-75.66150408340,45.34747543410,2016-12-06,5:36:00 PM,01 - Clear,07 - Dark,01 - Dry,01 - Traffic signal,01 - Functioning,03 - P.D. only,05 - Turning movement,0
16-11387,PARKDALE AVE @ SCOTT ST,364948.60591,5029726.34026,-75.73163885980,45.40489008890,2016-12-06,6:22:00 PM,01 - Clear,07 - Dark,01 - Dry,01 - Traffic signal,01 - Functioning,02 - Non-fatal injury,05 - Turning movement,0
16-11388,BANK ST @ GLADSTONE AVE,367915.60871,5030562.79004,-75.69363383890,45.41215496570,2016-12-06,7:16:00 PM,01 - Clear,07 - Dark,02 - Wet,01 - Traffic signal,01 - Functioning,03 - P.D. only,05 - Turning movement,0
16-11389,CARLING AVE @ MERIVALE RD,364894.04518,5027700.32466,-75.73258257470,45.38666510960,2016-12-06,8:39:00 PM,01 - Clear,07 - Dark,01 - Dry,01 - Traffic signal,01 - Functioning,03 - P.D. only,05 - Turning movement,0
16-11390,SHIRLEY'S BROOK DR btwn KINROSS PRIV & MARCONI AVE,350021.83198,5024124.72128,-75.92282087410,45.35560930160,2016-12-06,8:56:00 PM,01 - Clear,07 - Dark,03 - Loose snow,10 - No control,,03 - P.D. only,07 - SMV other,0
16-11391,KINBURN SIDE RD btwn BECKS RD & STONECREST RD,334497.50919,5032688.82054,-76.12044119170,45.43350191480,2016-12-06,9:07:00 PM,01 - Clear,07 - Dark,01 - Dry,10 - No control,,03 - P.D. only,07 - SMV other,0
16-11392,DALY AVE btwn COURT HOUSE LANE & WALLER ST,368332.89843,5032114.23782,-75.68810302630,45.42607660350,2016-12-06,10:21:00 PM,03 - Snow,07 - Dark,03 - Loose snow,10 - No control,,03 - P.D. only,99 - Other,0
16-11393,PIKE ST btwn CASTLEGREEN PRIV & HUNTERSFIELD DR,373173.98216,5025299.24851,-75.62718953160,45.36430190560,2016-12-06,12:00:00 AM,03 - Snow,00 - Unknown,02 - Wet,10 - No control,,03 - P.D. only,06 - SMV unattended vehicle,0
16-11394,EAGLESON RD @ PERTH ST/RICHMOND RD,358015.63050,5007410.75938,-75.82259246320,45.20465342000,2016-12-07,6:48:00 AM,03 - Snow,07 - Dark,02 - Wet,01 - Traffic signal,01 - Functioning,03 - P.D. only,03 - Rear end,0
16-11395,CLARENCE ST btwn DALHOUSIE ST & CUMBERLAND ST,368185.36821,5032589.78252,-75.68992694320,45.43036877180,2016-12-06,12:00:00 AM,03 - Snow,00 - Unknown,03 - Loose snow,10 - No control,,03 - P.D. only,06 - SMV unattended vehicle,0
16-11396,INNES RD btwn BLAIR RD & ANDERSON RD,376155.27811,5031774.59214,-75.58820083340,45.42226644060,2016-12-07,7:23:00 AM,03 - Snow,03 - Dawn,06 - Ice,10 - No control,,03 - P.D. only,03 - Rear end,0
16-11397,RAMSAYVILLE RD @ RIDEAU RD,380351.68181,5019957.69614,-75.53639251090,45.31550489640,2016-12-07,7:30:00 AM,02 - Rain,03 - Dawn,02 - Wet,02 - Stop sign,01 - Functioning,03 - P.D. only,02 - Angle,0
16-11398,CONROY RD @ WALKLEY RD,372902.89444,5027461.46091,-75.63035148250,45.38378301000,2016-12-07,7:35:00 AM,03 - Snow,03 - Dawn,04 - Slush,01 - Traffic signal,01 - Functioning,03 - P.D. only,03 - Rear end,0
16-11399,MARCH RD @ RICHARDSON SIDE RD,351414.61791,5021779.01540,-75.90526636050,45.33441097330,2016-12-06,7:27:00 AM,01 - Clear,03 - Dawn,01 - Dry,01 - Traffic signal,01 - Functioning,03 - P.D. only,05 - Turning movement,0
16-11400,BLAIR ST @ STATION BLVD,371117.16732,5030308.61401,-75.65276925340,45.40957192580,2016-12-07,12:08:00 PM,03 - Snow,01 - Daylight,03 - Loose snow,02 - Stop sign,01 - Functioning,02 - Non-fatal injury,03 - Rear end,0
16-11401,BLOHM DR @ HUNT CLUB RD,375128.08969,5026190.76054,-75.60212100280,45.37212998960,2016-12-07,12:25:00 PM,01 - Clear,01 - Daylight,01 - Dry,01 - Traffic signal,01 - Functioning,03 - P.D. only,04 - Sideswipe,0
16-11402,EVANS AVE btwn BANK ST & END,369797.99578,5027045.32527,-75.67005038330,45.38033373560,2016-12-07,12:34:00 PM,01 - Clear,01 - Daylight,04 - Slush,10 - No control,,03 - P.D. only,06 - SMV unattended vehicle,0
16-11403,RENAISSANCE DR btwn CASABELLA DR & CASABELLA DR,384452.88307,5036245.83290,-75.48146384500,45.46159912850,2016-12-06,12:00:00 AM,03 - Snow,07 - Dark,03 - Loose snow,10 - No control,,03 - P.D. only,06 - SMV unattended vehicle,0
16-11404,MEADOWLANDS DR btwn TURN LANE & SULLIVAN AVE,363111.35627,5022761.16097,-75.75592889890,45.34237374430,2016-12-07,1:50:00 PM,01 - Clear,01 - Daylight,02 - Wet,10 - No control,,03 - P.D. only,99 - Other,0
16-11405,RICHMOND RD @ HOLLY ACRES RD/NANAIMO DR,359060.32791,5022748.91018,-75.80761869390,45.34258855210,2016-12-07,2:04:00 PM,01 - Clear,01 - Daylight,01 - Dry,01 - Traffic signal,01 - Functioning,03 - P.D. only,03 - Rear end,0
16-11406,BANK ST @ JOHNSTON RD,370852.08588,5024841.55257,-75.65688699230,45.36040634130,2016-12-07,2:19:00 PM,03 - Snow,01 - Daylight,02 - Wet,01 - Traffic signal,00 - Unknown,02 - Non-fatal injury,03 - Rear end,0
16-11407,CAPILANO DR btwn BIRCHWOOD DR & BEAVER RDG,364930.29734,5024427.81303,-75.73251804940,45.35721649880,2016-12-07,12:00:00 AM,01 - Clear,00 - Unknown,02 - Wet,10 - No control,,03 - P.D. only,06 - SMV unattended vehicle,0
16-11408,SMYTH RD @ SOUTH HAVEN PL/GENERAL HOSPITAL ENTRANCE W,371120.05580,5029136.55280,-75.65288999150,45.39902591290,2016-12-07,2:34:00 PM,01 - Clear,01 - Daylight,01 - Dry,01 - Traffic signal,00 - Unknown,02 - Non-fatal injury,04 - Sideswipe,0
16-11409,PRESTON ST @ SOMERSET ST,366309.41534,5030130.14361,-75.71420661320,45.40840514950,2016-12-07,2:15:00 PM,01 - Clear,01 - Daylight,01 - Dry,01 - Traffic signal,01 - Functioning,03 - P.D. only,03 - Rear end,0
16-11410,ST. JOSEPH BLVD @ JEANNE D'ARC BLVD,379862.68601,5036469.70039,-75.54011681860,45.46412158700,2016-12-07,3:02:00 PM,01 - Clear,01 - Daylight,02 - Wet,11 - Roundabout,01 - Functioning,03 - P.D. only,04 - Sideswipe,0
16-11411,BREEZEHILL AVE @ GLADSTONE AVE,366098.95443,5029523.83333,-75.71697041210,45.40296818990,2016-12-07,3:25:00 PM,01 - Clear,01 - Daylight,02 - Wet,02 - Stop sign,01 - Functioning,02 - Non-fatal injury,05 - Turning movement,0
16-11412,ELGIN ST @ SLATER ST,367889.05139,5031646.16102,-75.69383439950,45.42190517980,2016-12-07,3:25:00 PM,01 - Clear,01 - Daylight,01 - Dry,01 - Traffic signal,01 - Functioning,03 - P.D. only,04 - Sideswipe,0
16-11413,RUSSELL RD btwn HAIG DR & CUBA AVE,372884.76787,5029540.72272,-75.63029600230,45.40249306760,2016-12-07,3:25:00 PM,01 - Clear,01 - Daylight,02 - Wet,10 - No control,,03 - P.D. only,06 - SMV unattended vehicle,0
16-11414,PIKE ST btwn CASTLEGREEN PRIV & HUNTERSFIELD DR,373175.29882,5025297.25347,-75.62717300290,45.36428382690,2016-12-07,3:44:00 PM,01 - Clear,01 - Daylight,02 - Wet,10 - No control,,03 - P.D. only,05 - Turning movement,0
16-11415,TENTH LINE RD @ CHARLEMAGNE BLVD S/DES EPINETT,383640.97510,5036900.45590,-75.49173924100,45.46758093120,2016-12-07,3:15:00 PM,01 - Clear,01 - Daylight,01 - Dry,01 - Traffic signal,01 - Functioning,02 - Non-fatal injury,03 - Rear end,0
16-11416,COLONNADE RD    N btwn CITIPLACE DR & COLONNADE RD S,367136.44225,5023260.10295,-75.70450948350,45.34651700730,2016-12-07,4:05:00 PM,01 - Clear,05 - Dusk,01 - Dry,10 - No control,,03 - P.D. only,06 - SMV unattended vehicle,0
16-11417,HWY 417 WALKLEY IC110R57 @ WALKLEY EXTENSION R,375657.48006,5028999.81826,-75.59495988260,45.39735114180,2016-12-07,4:12:00 PM,01 - Clear,05 - Dusk,02 - Wet,02 - Stop sign,01 - Functioning,03 - P.D. only,02 - Angle,0
16-11418,BOURASSA ST @ GLADWIN CRES,373353.73010,5029739.55100,-75.62427861440,45.40423626530,2016-12-01,3:40:00 PM,"07 - Fog, mist, smoke, dust",01 - Daylight,01 - Dry,03 - Yield sign,01 - Functioning,03 - P.D. only,02 - Angle,0
16-11419,WELLINGTON ST btwn BAY ST & LYON ST N,366819.53859,5031353.68911,-75.70753635690,45.41936923940,2016-12-07,4:40:00 PM,01 - Clear,05 - Dusk,02 - Wet,10 - No control,,03 - P.D. only,02 - Angle,0
16-11420,MOONEY'S BAY PL @ RIVERSIDE DR,368354.88684,5025296.09802,-75.68870042360,45.36472705670,2016-12-07,4:52:00 PM,01 - Clear,05 - Dusk,02 - Wet,01 - Traffic signal,01 - Functioning,03 - P.D. only,03 - Rear end,0
16-11421,IMPERIAL AVE btwn CHAMBERLAIN AVE & RENFREW AVE,367418.36376,5029678.79336,-75.70009830360,45.40424569760,2016-12-07,4:59:00 PM,01 - Clear,05 - Dusk,02 - Wet,10 - No control,,03 - P.D. only,04 - Sideswipe,0
16-11422,BRIAN COBURN BLVD btwn AQUAVIEW DR & ESPRIT DR,384966.20486,5035268.78794,-75.47506023920,45.45274988120,2016-12-07,5:05:00 PM,01 - Clear,07 - Dark,01 - Dry,10 - No control,,03 - P.D. only,03 - Rear end,0
16-11423,CARLING AVE @ HOLLAND AVE,365417.11182,5028037.96805,-75.72586200990,45.38965808150,2016-12-07,5:29:00 PM,01 - Clear,07 - Dark,01 - Dry,01 - Traffic signal,01 - Functioning,03 - P.D. only,05 - Turning movement,0
16-11424,ALBION RD @ BANK ST,371945.89974,5024129.08532,-75.64302348620,45.35389190000,2016-12-07,7:29:00 PM,01 - Clear,07 - Dark,01 - Dry,01 - Traffic signal,01 - Functioning,03 - P.D. only,03 - Rear end,0
16-11425,MERIVALE RD btwn GILBEY DR & KIMWAY CRES,364706.18748,5024760.59285,-75.73533791910,45.36022998840,2016-12-07,7:25:00 PM,01 - Clear,07 - Dark,01 - Dry,10 - No control,,03 - P.D. only,04 - Sideswipe,0
16-11426,GOULBOURN FORCED RD btwn INNOVATION DR & KANATA ROCKERIES PRIV,349356.33100,5022418.85900,-75.93146811670,45.34030216260,2016-12-07,7:35:00 PM,01 - Clear,07 - Dark,01 - Dry,10 - No control,,03 - P.D. only,07 - SMV other,0
16-11427,COSTELLO AVE btwn ABINGDON DR & ABINGDON DR,360275.92628,5021862.43588,-75.79220778640,45.33451697500,2016-12-07,12:00:00 AM,01 - Clear,00 - Unknown,02 - Wet,10 - No control,,03 - P.D. only,06 - SMV unattended vehicle,0
16-11428,FRANK ST btwn O'CONNOR ST & METCALFE ST,368184.65908,5030779.90820,-75.69016886890,45.41408420690,2016-12-06,8:04:00 PM,01 - Clear,07 - Dark,01 - Dry,10 - No control,,03 - P.D. only,06 - SMV unattended vehicle,0
16-11429,SOMERSET ST    W btwn BANK ST & O'CONNOR ST,367778.34725,5030966.27800,-75.69533575990,45.41579778870,2016-12-07,8:26:00 PM,01 - Clear,07 - Dark,01 - Dry,10 - No control,,03 - P.D. only,04 - Sideswipe,0
16-11430,RIDEAU RD btwn POWER RD & HAWTHORNE RD,378561.22087,5018906.13406,-75.55938195260,45.30623381390,2016-12-07,8:00:00 PM,01 - Clear,07 - Dark,01 - Dry,10 - No control,,03 - P.D. only,07 - SMV other,0
16-11431,CUMBERLAND ST btwn SERAPHIN MARION PRIV & LAURIER AVE E,368575.34385,5031985.02323,-75.68502182200,45.42489191370,2016-12-07,3:00:00 PM,01 - Clear,01 - Daylight,03 - Loose snow,10 - No control,,03 - P.D. only,04 - Sideswipe,0
16-11432,REGIONAL ROAD 174 btwn QUIGLEY HILL RD & REGIONAL ROAD 174 DIVIDED,384830.30647,5040821.19749,-75.47589283030,45.50272066330,2016-12-07,10:14:00 PM,01 - Clear,07 - Dark,01 - Dry,10 - No control,,03 - P.D. only,07 - SMV other,0
16-11433,CHAPMAN BLVD @ HAIG DR,372378.50576,5028878.76744,-75.63685286900,45.39658613220,2016-12-08,6:55:00 AM,01 - Clear,03 - Dawn,01 - Dry,02 - Stop sign,01 - Functioning,03 - P.D. only,02 - Angle,0
16-11434,MONTREAL RD btwn SINCLAIR ST & SHEFFORD RD,376053.36735,5034808.26240,-75.58906382430,45.44957196660,2016-12-08,7:35:00 AM,03 - Snow,03 - Dawn,02 - Wet,10 - No control,,03 - P.D. only,03 - Rear end,0
16-11435,WOODKILTON RD btwn KILMAURS SIDE RD & KINBURN SIDE RD,336126.17918,5035879.27171,-76.09942278280,45.46213947950,2016-12-07,7:45:00 PM,01 - Clear,07 - Dark,01 - Dry,10 - No control,,03 - P.D. only,07 - SMV other,0
16-11436,GREENBANK RD @ WEST HUNT CLUB RD,361480.50516,5020503.72144,-75.77699588580,45.32219500900,2016-12-08,8:25:00 AM,03 - Snow,01 - Daylight,03 - Loose snow,01 - Traffic signal,01 - Functioning,03 - P.D. only,04 - Sideswipe,0
16-11437,ABBEYHILL DR @ EAGLESON RD,353826.96628,5018034.23636,-75.87486079430,45.30055034780,2016-12-08,8:27:00 AM,01 - Clear,01 - Daylight,01 - Dry,01 - Traffic signal,01 - Functioning,02 - Non-fatal injury,05 - Turning movement,0
16-11438,GERRY LALONDE DR btwn LERTA WAY & PETRICHOR CRES/ STRASBOURG ST,383982.58400,5035304.87500,-75.48762821690,45.45318670280,2016-12-08,12:00:00 AM,01 - Clear,00 - Unknown,01 - Dry,10 - No control,,03 - P.D. only,06 - SMV unattended vehicle,0
16-11439,CARLING AVE @ MERIVALE RD,364894.48426,5027700.32466,-75.73257696770,45.38666507200,2016-12-08,9:41:00 AM,01 - Clear,01 - Daylight,01 - Dry,01 - Traffic signal,01 - Functioning,02 - Non-fatal injury,05 - Turning movement,0
16-11440,INDUSTRIAL AVE @ TRAINYARDS DR,371686.42847,5030540.66233,-75.64546601710,45.41160562550,2016-12-07,9:30:00 AM,01 - Clear,01 - Daylight,03 - Loose snow,01 - Traffic signal,01 - Functioning,02 - Non-fatal injury,03 - Rear end,0
16-11441,MOODIE DR @ FITZGERALD RD/STAFFORD RD,356920.16363,5020813.48110,-75.83512989390,45.32533566230,2016-12-08,10:52:00 AM,01 - Clear,01 - Daylight,01 - Dry,01 - Traffic signal,01 - Functioning,02 - Non-fatal injury,03 - Rear end,0
16-11442,PARKDALE AVE @ RUSKIN ST,365509.28451,5028452.59732,-75.72463397180,45.39338084060,2016-12-08,12:13:00 PM,01 - Clear,01 - Daylight,01 - Dry,01 - Traffic signal,00 - Unknown,03 - P.D. only,04 - Sideswipe,0
16-11443,SHAKESPEARE ST @ GRANVILLE ST,370779.01173,5033668.29871,-75.65663884890,45.43983291250,2016-12-08,12:36:00 PM,03 - Snow,01 - Daylight,04 - Slush,02 - Stop sign,01 - Functioning,03 - P.D. only,02 - Angle,0
16-11444,OGILVIE RD btwn RADFORD CRT & KENDER AVE,375171.52057,5035625.57098,-75.60021941740,45.45701496450,2016-12-08,12:53:00 PM,01 - Clear,01 - Daylight,01 - Dry,10 - No control,,02 - Non-fatal injury,07 - SMV other,1
16-11445,BELMONT @ WILLARD ST,368876.87825,5028466.91015,-75.68162621970,45.39320957570,2016-12-08,1:52:00 PM,03 - Snow,01 - Daylight,02 - Wet,02 - Stop sign,01 - Functioning,02 - Non-fatal injury,02 - Angle,1
16-11446,MEADOWLANDS DR @ MERIVALE RD,364859.52806,5023725.92448,-75.73350650570,45.35090707040,2016-12-08,1:53:00 PM,01 - Clear,01 - Daylight,01 - Dry,01 - Traffic signal,01 - Functioning,03 - P.D. only,04 - Sideswipe,0
16-11447,ROYDON PL btwn WOODFIELD DR & WEST HUNT CLUB RD,365539.05059,5022347.76654,-75.72500430400,45.33844807910,2016-12-08,1:56:00 PM,01 - Clear,01 - Daylight,02 - Wet,10 - No control,,02 - Non-fatal injury,05 - Turning movement,0
16-11448,CARTIER ST @ MCLEOD ST N,368577.49066,5030871.91178,-75.68513847740,45.41487633100,2016-12-08,2:34:00 PM,01 - Clear,01 - Daylight,01 - Dry,02 - Stop sign,01 - Functioning,03 - P.D. only,05 - Turning movement,0
16-11449,WALKLEY RD btwn MELFORT ST & RUSSELL RD,374525.01442,5028413.97189,-75.60950553330,45.39219367070,2016-12-08,2:59:00 PM,01 - Clear,01 - Daylight,02 - Wet,10 - No control,,03 - P.D. only,02 - Angle,0
16-11450,BANK ST NB btwn HUNT CLUB RD & 80 S OF HUNT CLUB RD/TOWNGATE PLAZA SC,371681.61435,5024110.17080,-75.64639871510,45.35374697040,2016-12-08,3:10:00 PM,01 - Clear,01 - Daylight,01 - Dry,10 - No control,,03 - P.D. only,02 - Angle,0
16-11451,NORMAN ST @ ROCHESTER ST,366889.91954,5029269.45801,-75.70689965910,45.40060968210,2016-12-08,3:48:00 PM,01 - Clear,01 - Daylight,01 - Dry,02 - Stop sign,01 - Functioning,03 - P.D. only,02 - Angle,0
16-11452,BASELINE RD btwn CLYDE AVE & 207 E OF CLYDE AVE,364359.53146,5024889.27066,-75.73974684950,45.36141734940,2016-12-08,3:53:00 PM,03 - Snow,05 - Dusk,02 - Wet,10 - No control,,02 - Non-fatal injury,03 - Rear end,0
16-11454,HOLLAND AVE @ 95 N OF SHERWOOD DR/FISHER PARK,365112.50250,5028733.49490,-75.72966678490,45.39594258390,2016-12-07,8:25:00 PM,03 - Snow,07 - Dark,03 - Loose snow,01 - Traffic signal,00 - Unknown,02 - Non-fatal injury,07 - SMV other,1
16-11455,BRIAN COBURN BLVD @ TENTH LINE RD,384428.33890,5035022.30790,-75.48197576030,45.45059377220,2016-12-08,4:11:00 PM,03 - Snow,05 - Dusk,03 - Loose snow,01 - Traffic signal,01 - Functioning,03 - P.D. only,03 - Rear end,0
16-11456,BASELINE RD btwn CLYDE AVE & 207 E OF CLYDE AVE,364430.59367,5024937.20739,-75.73883406590,45.36184263610,2016-12-08,4:14:00 PM,03 - Snow,05 - Dusk,02 - Wet,10 - No control,,03 - P.D. only,04 - Sideswipe,0
16-11457,HEMLOCK RD @ LANSDOWNE RD,369847.87049,5034512.81394,-75.66842803670,45.44751875450,2016-12-08,4:37:00 PM,03 - Snow,05 - Dusk,03 - Loose snow,02 - Stop sign,00 - Unknown,03 - P.D. only,01 - Approaching,0
16-11458,CARP RD btwn HWY417 IC144 RAMP25 & WESTBROOK RD,347600.62052,5015594.51133,-75.95445908760,45.27900376080,2016-12-08,4:35:00 PM,01 - Clear,05 - Dusk,01 - Dry,10 - No control,,03 - P.D. only,03 - Rear end,0
16-11459,OR174 IC109 RAMP56 @ MONTREAL RD,376179.29372,5034879.36708,-75.58744381190,45.45019887250,2016-12-05,8:00:00 AM,03 - Snow,01 - Daylight,03 - Loose snow,10 - No control,00 - Unknown,03 - P.D. only,03 - Rear end,0
16-11460,MONTREAL RD @ VANIER PKWY,370072.70980,5033065.17802,-75.66574599150,45.43447258440,2016-12-08,4:59:00 PM,03 - Snow,05 - Dusk,02 - Wet,01 - Traffic signal,01 - Functioning,02 - Non-fatal injury,07 - SMV other,1
16-11461,BLAIR RD @ OR174 IC112 RAMP52,374816.92592,5032774.18370,-75.60515848030,45.43139544770,2016-12-08,5:12:00 PM,03 - Snow,07 - Dark,03 - Loose snow,10 - No control,00 - Unknown,02 - Non-fatal injury,03 - Rear end,0
16-11462,CATHERINE ST/HWY 417 O'CONN IC119BR76 @ O'CONN,368242.51249,5030392.56710,-75.68947963820,45.41059379600,2016-12-08,5:16:00 PM,03 - Snow,07 - Dark,02 - Wet,01 - Traffic signal,01 - Functioning,03 - P.D. only,04 - Sideswipe,0
16-11463,ELGIN ST @ SLATER ST,367889.05139,5031644.50471,-75.69383461160,45.42189027700,2016-12-08,5:25:00 PM,03 - Snow,07 - Dark,02 - Wet,01 - Traffic signal,01 - Functioning,03 - P.D. only,07 - SMV other,0
16-11464,HOLLY ACRES RD @ CARLING AVE,358234.43676,5023496.85978,-75.81807580210,45.34938202900,2016-12-08,5:31:00 PM,03 - Snow,07 - Dark,02 - Wet,01 - Traffic signal,01 - Functioning,02 - Non-fatal injury,05 - Turning movement,0
16-11465,BRAEMAR ST @ HEMLOCK RD,370892.53826,5034757.19142,-75.65504162260,45.44961954810,2016-12-08,5:34:00 PM,03 - Snow,07 - Dark,03 - Loose snow,02 - Stop sign,00 - Unknown,03 - P.D. only,03 - Rear end,0
16-11466,MERIVALE RD @ SLACK RD,366019.48076,5020954.39531,-75.71904719390,45.32586895930,2016-12-08,5:43:00 PM,01 - Clear,07 - Dark,01 - Dry,01 - Traffic signal,01 - Functioning,02 - Non-fatal injury,05 - Turning movement,0
16-11467,CARP RD @ MARCH RD,342165.38346,5021731.26576,-76.02327191520,45.33453479670,2016-12-08,3:25:00 PM,01 - Clear,01 - Daylight,02 - Wet,01 - Traffic signal,01 - Functioning,03 - P.D. only,03 - Rear end,0
16-11468,MONTREAL RD @ CARSON'S RD/CODD'S RD,372770.71840,5034397.33856,-75.63108253360,45.44620164470,2016-12-08,6:13:00 PM,01 - Clear,07 - Dark,06 - Ice,01 - Traffic signal,01 - Functioning,03 - P.D. only,03 - Rear end,0
16-11469,REGIONAL ROAD 174 btwn QUIGLEY HILL RD & CAMERON ST,389370.56556,5042544.17256,-75.41750645850,45.51768633120,2016-12-08,6:15:00 PM,03 - Snow,07 - Dark,03 - Loose snow,10 - No control,,03 - P.D. only,03 - Rear end,0
16-11470,BELFAST RD @ ST. LAURENT BLVD,372860.94364,5030578.34246,-75.63045705600,45.41183141420,2016-12-08,6:19:00 PM,03 - Snow,07 - Dark,03 - Loose snow,01 - Traffic signal,01 - Functioning,02 - Non-fatal injury,05 - Turning movement,0
16-11471,WOODROFFE AVE @ KNOXDALE RD/MEDHURST DR,363419.73846,5021826.53189,-75.75210490530,45.33393832190,2016-12-08,6:31:00 PM,03 - Snow,07 - Dark,02 - Wet,01 - Traffic signal,01 - Functioning,03 - P.D. only,05 - Turning movement,0
16-11472,VANIER PKWY NB btwn PRESLAND RD & COVENTRY RD,370500.94531,5031714.28788,-75.66045349910,45.42227773750,2016-12-08,6:55:00 PM,03 - Snow,07 - Dark,06 - Ice,10 - No control,,03 - P.D. only,03 - Rear end,0
16-11473,INNES RD @ ORLEANS BLVD,380461.45372,5034296.18346,-75.53279539320,45.44450137520,2016-12-08,7:01:00 PM,03 - Snow,07 - Dark,04 - Slush,01 - Traffic signal,01 - Functioning,02 - Non-fatal injury,05 - Turning movement,0
16-11474,DALY AVE btwn MACKENZIE AVE & NICHOLAS ST,368023.14613,5031920.27970,-75.69208589870,45.42435950110,2016-12-08,7:15:00 PM,01 - Clear,07 - Dark,01 - Dry,10 - No control,,02 - Non-fatal injury,07 - SMV other,1
16-11475,CLYDE AVE @ MAITLAND AVE,364250.52166,5025142.58739,-75.74110771820,45.36370591090,2016-12-08,7:18:00 PM,03 - Snow,07 - Dark,06 - Ice,03 - Yield sign,00 - Unknown,03 - P.D. only,07 - SMV other,0
16-11476,MONTREAL RD @ ST. LAURENT BLVD,371546.53106,5033816.35246,-75.64680922290,45.44109217790,2016-12-08,7:23:00 PM,03 - Snow,07 - Dark,02 - Wet,01 - Traffic signal,01 - Functioning,03 - P.D. only,03 - Rear end,0
16-11477,FISHER AVE @ 220 S OF TRENT ST,365873.96855,5026728.53960,-75.72019006320,45.37783643580,2016-12-08,7:25:00 PM,03 - Snow,07 - Dark,06 - Ice,01 - Traffic signal,01 - Functioning,03 - P.D. only,01 - Approaching,0
16-11478,BANK ST @ RIVERDALE AVE,369076.70694,5028116.57192,-75.67911995870,45.39003902990,2016-12-08,7:15:00 PM,03 - Snow,07 - Dark,06 - Ice,01 - Traffic signal,00 - Unknown,03 - P.D. only,01 - Approaching,0
16-11479,HERZBERG RD @ MARCH RD,352324.56895,5021529.19836,-75.89368136390,45.33210203160,2016-12-08,7:15:00 PM,03 - Snow,07 - Dark,03 - Loose snow,01 - Traffic signal,01 - Functioning,03 - P.D. only,02 - Angle,0
16-11480,ABBEYHILL DR @ EAGLESON RD,353826.96628,5018034.23636,-75.87486079430,45.30055034780,2016-12-08,7:33:00 PM,03 - Snow,07 - Dark,05 - Packed snow,01 - Traffic signal,01 - Functioning,02 - Non-fatal injury,05 - Turning movement,0