Record,Location,X,Y,Longitude,Latitude,Date,Time,Environment,Light,Road_Surface,Traffic_Control,Collision_Location,Collision_Classification,Impact_type,Pedestrian
16-11797,SNAKE ISLAND RD @ STAGECOACH RD,378062.09888,5006580.28751,-75.56756259950,45.19538260230,2016-12-14,7:54:00 PM,01 - Clear,07 - Dark,01 - Dry,02 - Stop sign,01 - Functioning,03 - P.D. only,05 - Turning movement,0
16-11798,INDUSTRIAL AVE/INNES RD @ ST. LAURENT BLVD,373098.07109,5030005.15262,-75.62750729120,45.40665101700,2016-12-14,7:55:00 PM,03 - Snow,07 - Dark,03 - Loose snow,01 - Traffic signal,01 - Functioning,03 - P.D. only,03 - Rear end,0
16-11799,INDUSTRIAL AVE btwn TRAINYARDS DR & RUSSELL RD,372194.90775,5030398.00785,-75.63898997800,45.41027330140,2016-12-14,8:20:00 PM,03 - Snow,07 - Dark,03 - Loose snow,10 - No control,,03 - P.D. only,99 - Other,0
16-11800,WOODROFFE AVE @ HWY 417 WOODROFF IC127R26/HWY4,362083.51506,5024939.93168,-75.76879097360,45.36206286650,2016-12-14,8:43:00 PM,01 - Clear,07 - Dark,05 - Packed snow,01 - Traffic signal,01 - Functioning,03 - P.D. only,03 - Rear end,0
16-11801,GREENBANK RD @ LISA AVE,360554.45556,5022892.83348,-75.78853832330,45.34376641140,2016-12-14,8:46:00 PM,03 - Snow,07 - Dark,05 - Packed snow,01 - Traffic signal,01 - Functioning,03 - P.D. only,05 - Turning movement,0
16-11802,MILTON RD btwn PERRAULT RD & RUSSELL RD,388690.92633,5028162.21084,-75.42865721660,45.38837492680,2016-12-14,8:54:00 PM,03 - Snow,07 - Dark,05 - Packed snow,10 - No control,,02 - Non-fatal injury,07 - SMV other,0
16-11803,REGIONAL ROAD 174 btwn MCTEER RD & CANAAN RD,395568.45489,5043340.63759,-75.33804254840,45.52407250920,2016-12-14,11:20:00 PM,03 - Snow,07 - Dark,03 - Loose snow,10 - No control,,03 - P.D. only,01 - Approaching,0
16-11804,ERINDALE DR @ BASELINE RD,363857.69210,5024576.76474,-75.74618940650,45.35864791500,2016-12-14,11:29:00 PM,03 - Snow,07 - Dark,03 - Loose snow,02 - Stop sign,00 - Unknown,03 - P.D. only,07 - SMV other,0
16-11805,BANK ST @ MITCH OWENS RD,377760.42201,5015949.52989,-75.57002745520,45.27971518530,2016-12-15,6:36:00 AM,01 - Clear,07 - Dark,01 - Dry,01 - Traffic signal,01 - Functioning,03 - P.D. only,05 - Turning movement,0
16-11806,KENT ST @ SLATER ST,367260.87924,5031252.17302,-75.70191048060,45.41841656700,2016-12-15,6:38:00 AM,01 - Clear,07 - Dark,04 - Slush,01 - Traffic signal,01 - Functioning,03 - P.D. only,07 - SMV other,0
16-11807,LEITRIM RD btwn LIMEBANK RD & HIGH RD,371374.93108,5019106.78751,-75.65098537100,45.30875715340,2016-12-15,6:55:00 AM,03 - Snow,03 - Dawn,03 - Loose snow,10 - No control,,02 - Non-fatal injury,01 - Approaching,0
16-11808,O'CONNOR ST @ WELLINGTON ST,367412.87104,5031722.16842,-75.69990887670,45.42263185090,2016-12-15,7:05:00 AM,01 - Clear,03 - Dawn,03 - Loose snow,01 - Traffic signal,01 - Functioning,02 - Non-fatal injury,07 - SMV other,1
16-11809,ALLOWAY CRES btwn PLUMBER AVE & CHARLTON DR,373043.95188,5033295.89684,-75.62774273530,45.43626481730,2016-12-14,12:00:00 AM,01 - Clear,00 - Unknown,01 - Dry,10 - No control,,03 - P.D. only,06 - SMV unattended vehicle,0
16-11810,EVELYN AVE btwn MAIN ST & ROSEMERE AVE,369107.44586,5030513.73753,-75.67841486490,45.41160510280,2016-12-15,7:45:00 AM,01 - Clear,03 - Dawn,05 - Packed snow,10 - No control,,02 - Non-fatal injury,07 - SMV other,1
16-11811,BOYER RD @ JEANNE D'ARC BLVD,380683.73510,5036192.16992,-75.52966179180,45.46153588250,2016-12-15,7:55:00 AM,01 - Clear,01 - Daylight,02 - Wet,02 - Stop sign,01 - Functioning,03 - P.D. only,04 - Sideswipe,0
16-11812,PRINCE OF WALES DR @ STRANDHERD DR,367174.46164,5014825.43324,-75.70508594480,45.27061957050,2016-12-15,8:24:00 AM,01 - Clear,01 - Daylight,06 - Ice,01 - Traffic signal,01 - Functioning,03 - P.D. only,02 - Angle,0
16-11813,LANCASTER RD btwn DELRIDGE LANE & BARRYMORE LANE,374478.41568,5029106.36680,-75.61000280480,45.39842814120,2016-12-15,8:27:00 AM,01 - Clear,01 - Daylight,06 - Ice,10 - No control,,02 - Non-fatal injury,03 - Rear end,0
16-11814,HIGHBURY PARK DR @ LONGFIELDS DR,364162.53281,5015915.68686,-75.74333682250,45.28069036980,2016-12-15,8:57:00 AM,01 - Clear,01 - Daylight,03 - Loose snow,02 - Stop sign,01 - Functioning,03 - P.D. only,05 - Turning movement,0
16-11815,HUNT CLUB RD @ HWY417 HUNT CLUB IC109 RAMP52,376416.56410,5027444.64420,-75.58549127900,45.38328129440,2016-12-14,5:30:00 PM,01 - Clear,07 - Dark,01 - Dry,02 - Stop sign,01 - Functioning,02 - Non-fatal injury,03 - Rear end,0
16-11816,WEST HUNT CLUB RD @ WOODROFFE AVE,363670.03238,5021246.26946,-75.74898083750,45.32869620900,2016-12-15,8:50:00 AM,01 - Clear,01 - Daylight,02 - Wet,01 - Traffic signal,01 - Functioning,03 - P.D. only,05 - Turning movement,0
16-11817,GOULBURN AVE @ SOMERSET ST,369472.33122,5031989.83466,-75.67355987850,45.42485285030,2016-12-15,12:37:00 PM,03 - Snow,01 - Daylight,06 - Ice,02 - Stop sign,01 - Functioning,02 - Non-fatal injury,02 - Angle,0
16-11818,PRINCE OF WALES DR @ MEADOWLANDS DR/HOG'S BACK,367372.31836,5025692.50077,-75.70119180370,45.36838219690,2016-12-15,9:29:00 AM,01 - Clear,01 - Daylight,04 - Slush,01 - Traffic signal,01 - Functioning,03 - P.D. only,03 - Rear end,0
16-11819,COOPER ST @ KENT ST,367483.53276,5030889.14792,-75.69911199700,45.41513026870,2016-12-15,9:52:00 AM,01 - Clear,01 - Daylight,02 - Wet,02 - Stop sign,01 - Functioning,03 - P.D. only,02 - Angle,0
16-11820,ROGER GUINDON AVE @ SMYTH RD,371935.24333,5029226.16140,-75.64246652210,45.39975448070,2016-12-15,9:57:00 AM,01 - Clear,01 - Daylight,02 - Wet,01 - Traffic signal,01 - Functioning,02 - Non-fatal injury,07 - SMV other,1
16-11821,PORTOBELLO BLVD btwn BRIAN COBURN BLVD & SUMMER DAYS WALK/STORMWIND AVE,385808.42900,5035356.31600,-75.46427959350,45.45344025330,2016-12-15,8:30:00 AM,01 - Clear,01 - Daylight,05 - Packed snow,10 - No control,,03 - P.D. only,04 - Sideswipe,0
16-11822,BANK ST @ HUNT CLUB RD,371608.73650,5024096.92028,-75.64733053310,45.35363469390,2016-12-15,10:26:00 AM,01 - Clear,01 - Daylight,01 - Dry,01 - Traffic signal,01 - Functioning,02 - Non-fatal injury,02 - Angle,0
16-11823,FROBISHER LANE W @ RIVERSIDE DR,370118.71510,5029601.21891,-75.66561725990,45.40330094530,2016-12-14,8:20:00 PM,03 - Snow,07 - Dark,03 - Loose snow,01 - Traffic signal,00 - Unknown,03 - P.D. only,03 - Rear end,0
16-11824,CATHERINE ST btwn BANK ST & O'CONNOR ST,368126.66192,5030319.33183,-75.69096896640,45.40994534080,2016-12-15,11:17:00 AM,01 - Clear,01 - Daylight,02 - Wet,10 - No control,,03 - P.D. only,04 - Sideswipe,0
16-11825,JEFFREY AVE @ ST. LAURENT BLVD,370955.87874,5035237.84394,-75.65416729150,45.45393824030,2016-12-15,9:30:00 AM,01 - Clear,01 - Daylight,02 - Wet,02 - Stop sign,00 - Unknown,03 - P.D. only,01 - Approaching,0
16-11826,GRASSY PLAINS DR @ SUNNYBROOKE DR,355376.53258,5015575.81406,-75.85535426970,45.27831912880,2016-12-15,11:35:00 AM,01 - Clear,01 - Daylight,04 - Slush,02 - Stop sign,01 - Functioning,03 - P.D. only,02 - Angle,0
16-11827,BELL ST @ GLADSTONE AVE,366946.05385,5029970.70411,-75.70609432440,45.40691431900,2016-12-14,3:30:00 PM,01 - Clear,01 - Daylight,02 - Wet,02 - Stop sign,01 - Functioning,03 - P.D. only,03 - Rear end,0
16-11828,INNES RD @ JEANNE D'ARC BLVD/MER BLEUE RD,382639.40991,5035567.13962,-75.50475694040,45.45569723750,2016-12-15,12:06:00 PM,01 - Clear,01 - Daylight,01 - Dry,01 - Traffic signal,01 - Functioning,03 - P.D. only,04 - Sideswipe,0
16-11829,METCALFE ST @ SLATER ST,367731.69660,5031549.16172,-75.69585730440,45.42104658490,2016-12-15,12:58:00 PM,01 - Clear,01 - Daylight,02 - Wet,01 - Traffic signal,00 - Unknown,03 - P.D. only,04 - Sideswipe,0
16-11830,TERRY FOX DR S @ DIDSBURY RD/CENTRUM KANATA SC,350627.27066,5018915.72900,-75.91557617210,45.30869827470,2016-12-15,12:59:00 PM,05 - Drifting Snow,01 - Daylight,05 - Packed snow,01 - Traffic signal,01 - Functioning,03 - P.D. only,03 - Rear end,0
16-11831,DALMENY RD @ STAGECOACH RD,377831.90014,4999218.07226,-75.57156868420,45.12916285600,2016-12-15,1:02:00 PM,01 - Clear,01 - Daylight,01 - Dry,02 - Stop sign,01 - Functioning,03 - P.D. only,02 - Angle,0
16-11832,TARRYN TER btwn ROCHELLE DR & PERTH ST,356387.59324,5005975.71912,-75.84346367130,45.19186150170,2016-12-15,1:27:00 PM,06 - Strong wind,01 - Daylight,05 - Packed snow,10 - No control,,02 - Non-fatal injury,07 - SMV other,1
16-11833,GLADSTONE AVE btwn KENT ST & BANK ST,367908.42483,5030556.35932,-75.69372643470,45.41209775220,2016-12-15,1:37:00 PM,01 - Clear,01 - Daylight,03 - Loose snow,10 - No control,,03 - P.D. only,06 - SMV unattended vehicle,0
16-11834,LYON ST @ NEPEAN ST,367233.03789,5030933.33416,-75.70230658200,45.41555023840,2016-12-15,1:58:00 PM,01 - Clear,01 - Daylight,04 - Slush,02 - Stop sign,00 - Unknown,03 - P.D. only,04 - Sideswipe,0
16-11835,POOLE CREEK CRES btwn WOODWIND CRES & FRINGEWOOD DR,350949.43799,5015164.93202,-75.91181684510,45.27492642240,2016-12-15,3:13:00 PM,01 - Clear,01 - Daylight,01 - Dry,10 - No control,,03 - P.D. only,06 - SMV unattended vehicle,0
16-11836,FALLOWFIELD RD @ 482 E OF HOLITMAN DR/BARRHAVE,364164.26450,5017376.48820,-75.74313996270,45.29383449240,2016-12-15,3:40:00 PM,05 - Drifting Snow,01 - Daylight,03 - Loose snow,01 - Traffic signal,01 - Functioning,02 - Non-fatal injury,04 - Sideswipe,0
16-11837,HAZELDEAN RD btwn GO/KA BOUNDARY & HUNTMAR DR/IBER RD,351026.19194,5016155.92616,-75.91074635860,45.28383865120,2016-12-15,3:50:00 PM,00 - Unknown,00 - Unknown,01 - Dry,10 - No control,,03 - P.D. only,03 - Rear end,0
16-11838,FRANK KENNY RD @ WALL RD,388923.78930,5035188.24364,-75.42448432560,45.45156004250,2016-12-15,4:02:00 PM,05 - Drifting Snow,05 - Dusk,05 - Packed snow,02 - Stop sign,01 - Functioning,02 - Non-fatal injury,02 - Angle,0
16-11839,CENTREPOINTE DR @ CONSTELLATION CRES S,362377.02600,5023120.33192,-75.76525659720,45.34566619850,2016-12-15,4:00:00 PM,01 - Clear,05 - Dusk,01 - Dry,02 - Stop sign,00 - Unknown,03 - P.D. only,03 - Rear end,0
16-11840,NELSON ST @ RIDEAU ST,368651.20064,5032498.73146,-75.68398595720,45.42950715400,2016-12-15,4:09:00 PM,01 - Clear,05 - Dusk,01 - Dry,01 - Traffic signal,01 - Functioning,03 - P.D. only,05 - Turning movement,0
16-11841,MOODIE DR @ WEST HUNT CLUB RD,357908.47986,5018500.52609,-75.82277127580,45.30444938370,2016-12-14,7:00:00 PM,03 - Snow,07 - Dark,06 - Ice,01 - Traffic signal,01 - Functioning,03 - P.D. only,07 - SMV other,0
16-11842,PALOMINO DR btwn CHICKASAW CRES N & CHICKASAW CRES S,354388.33247,5017480.46963,-75.86775867090,45.29552803950,2016-12-15,4:33:00 PM,01 - Clear,05 - Dusk,01 - Dry,10 - No control,,03 - P.D. only,06 - SMV unattended vehicle,0
16-11843,CARLING AVE @ BAYSHORE DR/BIRCHDALE AVE,359004.83774,5023990.19359,-75.80819066800,45.35376193290,2016-12-14,3:30:00 PM,03 - Snow,01 - Daylight,04 - Slush,01 - Traffic signal,01 - Functioning,03 - P.D. only,05 - Turning movement,0
16-11844,EAGLESON RD btwn 240 N OF CADENCE GT/COPE DR/LOBLAWS SC & CADENCE GT/C,354614.82520,5016041.09180,-75.86501564750,45.28256018710,2016-12-15,3:30:00 PM,03 - Snow,01 - Daylight,03 - Loose snow,10 - No control,,03 - P.D. only,03 - Rear end,0
16-11845,BAYVIEW RD @ SCOTT ST/ALBERT ST,365518.81746,5030071.34456,-75.72431294120,45.40794512430,2016-12-15,5:07:00 PM,01 - Clear,07 - Dark,03 - Loose snow,01 - Traffic signal,01 - Functioning,03 - P.D. only,05 - Turning movement,0
16-11846,PRESTON ST btwn GEORGE ST W & ABERDEEN ST,366624.62895,5029402.72885,-75.71027129390,45.40183229630,2016-12-15,5:06:00 PM,01 - Clear,07 - Dark,04 - Slush,10 - No control,,03 - P.D. only,02 - Angle,0
16-11847,LYON ST @ WELLINGTON ST,366936.09916,5031427.40824,-75.70603783370,45.42002219920,2016-12-15,5:00:00 PM,01 - Clear,07 - Dark,01 - Dry,01 - Traffic signal,01 - Functioning,03 - P.D. only,03 - Rear end,0
16-11848,CARP RD btwn HWY417 IC144 RAMP25 & WESTBROOK RD,347679.04531,5015506.15754,-75.95346715570,45.27820394130,2016-12-15,5:12:00 PM,01 - Clear,07 - Dark,02 - Wet,10 - No control,,02 - Non-fatal injury,03 - Rear end,0
16-11849,BLACKBURN BYPASS WB btwn NAVAN RD & 1700 W OF NAVAN RD,379300.51732,5033061.82644,-75.54782076720,45.43352020290,2016-12-15,5:16:00 PM,01 - Clear,07 - Dark,01 - Dry,10 - No control,,03 - P.D. only,03 - Rear end,0
16-11850,ALBION RD @ BANK ST,371946.50836,5024128.84078,-75.64301575150,45.35388964180,2016-12-15,5:32:00 PM,01 - Clear,07 - Dark,01 - Dry,01 - Traffic signal,01 - Functioning,02 - Non-fatal injury,05 - Turning movement,0
16-11851,AMBLESIDE DR btwn MCEWEN AVE & NEW ORCHARD AVE,361196.08271,5026188.52950,-75.77997538030,45.37336961960,2016-12-15,12:00:00 AM,01 - Clear,00 - Unknown,01 - Dry,10 - No control,,03 - P.D. only,06 - SMV unattended vehicle,0
16-11852,ALTA VISTA DR @ SMYTH RD,370431.88774,5029081.97158,-75.66168631490,45.39859966000,2016-12-15,5:53:00 PM,03 - Snow,07 - Dark,05 - Packed snow,01 - Traffic signal,01 - Functioning,03 - P.D. only,04 - Sideswipe,0
16-11853,AVIATION PKWY @ MONTREAL RD,372146.05798,5034108.36326,-75.63910664640,45.44366205190,2016-12-15,6:16:00 PM,01 - Clear,07 - Dark,02 - Wet,01 - Traffic signal,01 - Functioning,03 - P.D. only,05 - Turning movement,0
16-11854,ST. JOVITE RDG btwn FORTUNE DR & FORTUNE DR,380159.11288,5037641.47639,-75.53614703450,45.47463238510,2016-12-15,12:00:00 AM,01 - Clear,00 - Unknown,01 - Dry,10 - No control,,03 - P.D. only,06 - SMV unattended vehicle,0
16-11855,FLAT SEDGE CRES btwn BUTTONBUSH WAY & WHITE ALDER AVE E,375379.98088,5020789.14136,-75.59967636710,45.32350326200,2016-12-14,12:30:00 PM,01 - Clear,01 - Daylight,03 - Loose snow,10 - No control,,03 - P.D. only,06 - SMV unattended vehicle,0
16-11856,LONGLEAF DR btwn MONTCLAIR AVE & GLADEWOODS PL,380582.32164,5033885.41962,-75.53131377640,45.44079254200,2016-12-15,7:05:00 PM,01 - Clear,07 - Dark,01 - Dry,10 - No control,,03 - P.D. only,02 - Angle,0
16-11857,BASELINE RD @ CENTREPOINTE DR E/HIGHGATE RD,362061.83875,5023467.96589,-75.76923813900,45.34881999140,2016-12-15,7:52:00 PM,01 - Clear,07 - Dark,06 - Ice,01 - Traffic signal,01 - Functioning,03 - P.D. only,04 - Sideswipe,0
16-11858,RIOCAN AVE @ STRANDHERD DR,364171.98926,5014944.35306,-75.74333246700,45.27194950690,2016-12-15,8:06:00 PM,01 - Clear,07 - Dark,06 - Ice,01 - Traffic signal,01 - Functioning,02 - Non-fatal injury,05 - Turning movement,0
16-11859,CARP RD/HWY 417 CARP IC144R63 @ HWY 417 CARP I,347301.21804,5015926.29983,-75.95824671670,45.28200748340,2016-12-15,8:28:00 PM,01 - Clear,07 - Dark,02 - Wet,01 - Traffic signal,01 - Functioning,02 - Non-fatal injury,02 - Angle,0
16-11860,FRANK KENNY RD E @ INNES RD,387867.06589,5037728.17294,-75.43756291280,45.47453804540,2016-12-15,8:39:00 PM,01 - Clear,07 - Dark,02 - Wet,02 - Stop sign,01 - Functioning,03 - P.D. only,02 - Angle,0
16-11861,INDUSTRIAL AVE @ ALTA VISTA DR/SANDFORD FLEMIN,370883.06749,5030557.15592,-75.65572633400,45.41183034900,2016-12-15,9:22:00 PM,01 - Clear,07 - Dark,02 - Wet,01 - Traffic signal,01 - Functioning,02 - Non-fatal injury,05 - Turning movement,0
16-11862,UPPER DWYER HILL RD btwn CARROLL SIDE RD & MARCH RD,334001.81304,5014379.11130,-76.12785778380,45.26876324010,2016-12-15,10:41:00 PM,01 - Clear,07 - Dark,02 - Wet,10 - No control,,03 - P.D. only,07 - SMV other,0
16-11863,TENTH LINE RD btwn HARVEST VALLEY AVE & SOUTHFIELD WAY,384629.82255,5034544.10516,-75.47947785830,45.44626835590,2016-12-15,2:51:00 AM,01 - Clear,07 - Dark,02 - Wet,10 - No control,,01 - Fatal injury,01 - Approaching,0
16-11864,REGIONAL ROAD 174 btwn OR174 IC109 RAMP56 & OR174 IC109 RAMP86,376439.43460,5034957.85497,-75.58410700910,45.45087843960,2016-12-16,6:10:00 AM,01 - Clear,07 - Dark,01 - Dry,10 - No control,,03 - P.D. only,04 - Sideswipe,0
16-11865,BASELINE RD @ WOODROFFE AVE,362549.03158,5023769.40701,-75.76298601330,45.35149238990,2016-12-16,6:43:00 AM,01 - Clear,07 - Dark,01 - Dry,01 - Traffic signal,01 - Functioning,03 - P.D. only,05 - Turning movement,0
16-11866,HAWTHORNE RD/RUSSELL RD @ WALKLEY RD,374674.73810,5028500.36974,-75.60758133170,45.39295611280,2016-12-16,6:52:00 AM,01 - Clear,03 - Dawn,02 - Wet,01 - Traffic signal,01 - Functioning,03 - P.D. only,03 - Rear end,0
16-11867,BASELINE RD @ JOHN SUTHERLAND DR/VALLEY STREAM,359309.56941,5021789.71054,-75.80454418530,45.33393832440,2016-12-16,6:56:00 AM,01 - Clear,07 - Dark,02 - Wet,01 - Traffic signal,01 - Functioning,03 - P.D. only,05 - Turning movement,0
16-11868,KING EDWARD AVE @ ST. PATRICK ST,368248.70130,5032823.17472,-75.68908754590,45.43246300820,2016-12-16,7:01:00 AM,01 - Clear,07 - Dark,01 - Dry,01 - Traffic signal,01 - Functioning,03 - P.D. only,03 - Rear end,0
16-11869,REGIONAL ROAD 174 btwn OR174 IC109 RAMP64 & OR174 IC105 RAMP16,378308.92119,5036415.85468,-75.55999131330,45.46380235210,2016-12-16,7:28:00 AM,01 - Clear,03 - Dawn,01 - Dry,10 - No control,,03 - P.D. only,03 - Rear end,0
16-11870,TENTH LINE RD @ LAKEPOINTE DR,384262.12600,5035421.65846,-75.48403588990,45.45420568460,2016-12-16,7:51:00 AM,01 - Clear,03 - Dawn,06 - Ice,01 - Traffic signal,01 - Functioning,03 - P.D. only,03 - Rear end,0
16-11871,ALBERT ST @ KENT ST (OTTAWA),367222.52296,5031320.81574,-75.70239183030,45.41903761590,2016-12-16,8:52:00 AM,01 - Clear,01 - Daylight,01 - Dry,01 - Traffic signal,01 - Functioning,03 - P.D. only,05 - Turning movement,0
16-11872,KEYROCK DR btwn AKENHEAD CRES & TORBEC AVE,349325.79004,5020116.51748,-75.93206488420,45.31958703150,2016-12-16,8:52:00 AM,01 - Clear,01 - Daylight,01 - Dry,10 - No control,,03 - P.D. only,03 - Rear end,0
16-11873,BANK ST @ WELLINGTON ST,367257.70700,5031628.15932,-75.70190334630,45.42179985730,2016-12-16,9:03:00 AM,01 - Clear,01 - Daylight,06 - Ice,01 - Traffic signal,00 - Unknown,03 - P.D. only,03 - Rear end,0
16-11874,HEATHERINGTON RD btwn ALBION RD N & BANNERHILL PRIV,371818.35988,5026345.64366,-75.64435046610,45.37384790820,2016-12-16,9:11:00 AM,01 - Clear,01 - Daylight,05 - Packed snow,10 - No control,,03 - P.D. only,03 - Rear end,0
16-11875,INNES RD @ STAR TOP RD/WINDMILL LANE,374147.72580,5030665.31826,-75.61400691790,45.41248765060,2016-12-16,9:13:00 AM,01 - Clear,01 - Daylight,06 - Ice,01 - Traffic signal,01 - Functioning,03 - P.D. only,03 - Rear end,0
16-11876,HUNTMAR DR @ MAPLE GROVE RD,350266.77684,5016712.21116,-75.92037528190,45.28889380830,2016-12-16,9:19:00 AM,01 - Clear,01 - Daylight,06 - Ice,01 - Traffic signal,01 - Functioning,03 - P.D. only,03 - Rear end,0
16-11877,RAYMOND ST/HWY 417 ROCHEST IC121BR16 @ ROCHEST,366737.75420,5029618.73620,-75.70879927580,45.40376587200,2016-12-16,9:21:00 AM,01 - Clear,01 - Daylight,01 - Dry,01 - Traffic signal,01 - Functioning,03 - P.D. only,02 - Angle,0
16-11878,WOODROFFE AVE btwn FOX CRES & GEORGINA DR,361842.11422,5025533.36620,-75.77180363560,45.36742222760,2016-12-16,9:24:00 AM,01 - Clear,01 - Daylight,01 - Dry,10 - No control,,03 - P.D. only,03 - Rear end,0
16-11879,CITY PARK DR btwn OGILVIE RD & WILBURY RD,373861.53113,5032729.73950,-75.61737353550,45.43109056120,2016-12-16,9:32:00 AM,01 - Clear,01 - Daylight,02 - Wet,10 - No control,,03 - P.D. only,05 - Turning movement,0
16-11880,FALLOWFIELD RD @ MOODIE DR,359503.31221,5014636.82698,-75.80286178400,45.26956102360,2016-12-16,9:43:00 AM,01 - Clear,01 - Daylight,06 - Ice,01 - Traffic signal,01 - Functioning,03 - P.D. only,03 - Rear end,0
16-11881,HERON RD @ WALKLEY RD,372268.00326,5027082.21236,-75.63850970810,45.38043211910,2016-12-16,10:26:00 AM,01 - Clear,01 - Daylight,01 - Dry,01 - Traffic signal,01 - Functioning,03 - P.D. only,03 - Rear end,0
16-11882,BELFAST RD @ ST. LAURENT BLVD,372861.55226,5030580.63239,-75.63044896400,45.41185195850,2016-12-16,11:50:00 AM,01 - Clear,01 - Daylight,02 - Wet,01 - Traffic signal,01 - Functioning,02 - Non-fatal injury,03 - Rear end,0
16-11883,MAIN ST @ OBLATE AVE,369106.04969,5030311.15212,-75.67845912890,45.40978243860,2016-12-16,1:09:00 PM,01 - Clear,01 - Daylight,03 - Loose snow,01 - Traffic signal,01 - Functioning,02 - Non-fatal injury,03 - Rear end,0
16-11884,MERIVALE RD @ SLACK RD,366020.64705,5020955.25631,-75.71903221080,45.32587660480,2016-12-16,12:28:00 PM,01 - Clear,01 - Daylight,01 - Dry,01 - Traffic signal,00 - Unknown,03 - P.D. only,03 - Rear end,0
16-11885,RIVERSIDE DR @ SMYTH RD NORTH SIDE RAMP,369938.39416,5029315.50266,-75.66795817670,45.40074697620,2016-12-16,12:39:00 PM,01 - Clear,01 - Daylight,01 - Dry,01 - Traffic signal,01 - Functioning,02 - Non-fatal injury,05 - Turning movement,0
16-11886,INNES RD @ WILDFLOWER DR,382938.41151,5035689.31326,-75.50091512200,45.45676307930,2016-12-16,12:45:00 PM,01 - Clear,01 - Daylight,01 - Dry,01 - Traffic signal,01 - Functioning,03 - P.D. only,03 - Rear end,0
16-11887,ROCKY HILL DR @ PRINCE OF WALES DR,366968.76840,5014403.00632,-75.70775997350,45.26683681260,2016-12-16,1:07:00 PM,01 - Clear,01 - Daylight,01 - Dry,01 - Traffic signal,01 - Functioning,03 - P.D. only,02 - Angle,0
16-11888,DUNNING RD @ OLD MONTREAL RD,390266.12239,5042528.82784,-75.40604820270,45.51743908290,2016-12-05,9:45:00 AM,03 - Snow,01 - Daylight,03 - Loose snow,02 - Stop sign,01 - Functioning,03 - P.D. only,03 - Rear end,0
16-11889,CARP RD btwn BAIRD SIDE RD & THOMAS A. DOLAN PKWY,336332.46510,5026007.41541,-76.09741674430,45.37329985530,2016-12-16,1:17:00 PM,03 - Snow,01 - Daylight,03 - Loose snow,10 - No control,,03 - P.D. only,07 - SMV other,0
16-11890,PAMILLA ST btwn PRESTON ST & END,366734.62453,5029121.80344,-75.70890165770,45.39929488090,2016-12-16,12:00:00 AM,01 - Clear,00 - Unknown,02 - Wet,10 - No control,,03 - P.D. only,06 - SMV unattended vehicle,0
16-11891,DALHOUSIE ST @ ST. PATRICK ST,367955.21613,5032640.16702,-75.69286156010,45.43084293530,2016-12-16,2:04:00 PM,03 - Snow,01 - Daylight,03 - Loose snow,01 - Traffic signal,01 - Functioning,03 - P.D. only,04 - Sideswipe,0
16-11892,STITTSVILLE MAIN ST @ HAZELDEAN RD,349558.39810,5014879.13108,-75.92957077580,45.27244460990,2016-12-16,1:20:00 PM,01 - Clear,01 - Daylight,01 - Dry,01 - Traffic signal,01 - Functioning,03 - P.D. only,03 - Rear end,0
16-11893,CEDARVIEW RD @ WEST HUNT CLUB RD,359720.33371,5019554.06362,-75.79955182780,45.31378985520,2016-12-16,2:11:00 PM,01 - Clear,01 - Daylight,04 - Slush,01 - Traffic signal,01 - Functioning,02 - Non-fatal injury,02 - Angle,0
16-11894,STRANDHERD DR btwn CEDARVIEW RD & MADRID AVE,362370.42904,5013562.25688,-75.76645076390,45.25966310970,2016-12-16,3:15:00 PM,01 - Clear,01 - Daylight,01 - Dry,10 - No control,,02 - Non-fatal injury,03 - Rear end,0
16-11895,GREENBANK RD @ MALVERN DR/FOXFIELD DR,363311.02778,5016194.21376,-75.75415674290,45.28326794570,2016-12-16,3:29:00 PM,03 - Snow,01 - Daylight,06 - Ice,01 - Traffic signal,01 - Functioning,03 - P.D. only,05 - Turning movement,0
16-11896,BASELINE RD @ WOODROFFE AVE,362549.92195,5023770.73645,-75.76297449540,45.35150427930,2016-12-16,3:38:00 PM,03 - Snow,01 - Daylight,02 - Wet,01 - Traffic signal,00 - Unknown,02 - Non-fatal injury,03 - Rear end,0
16-11897,BRETTONWOOD RIDGE btwn CALVINGTON AVE & SILVERTIP LANE,349076.05900,5018280.13100,-75.93541418640,45.30307847660,2016-12-16,3:50:00 PM,01 - Clear,05 - Dusk,02 - Wet,10 - No control,,03 - P.D. only,06 - SMV unattended vehicle,0
16-11898,DEBRA AVE @ MEADOWLANDS DR,367214.71020,5025588.28576,-75.70321682520,45.36745854720,2016-12-16,3:56:00 PM,01 - Clear,01 - Daylight,01 - Dry,01 - Traffic signal,01 - Functioning,03 - P.D. only,04 - Sideswipe,0
16-11899,AQUAVIEW DR @ BRIAN COBURN BLVD,384777.16626,5035178.68782,-75.47749139490,45.45196090350,2016-12-16,4:15:00 PM,03 - Snow,05 - Dusk,03 - Loose snow,02 - Stop sign,01 - Functioning,03 - P.D. only,02 - Angle,0
16-11900,HAIG DR @ SMYTH RD,372563.77815,5029298.78509,-75.63442904450,45.40034736390,2016-12-16,4:16:00 PM,01 - Clear,05 - Dusk,01 - Dry,01 - Traffic signal,01 - Functioning,03 - P.D. only,05 - Turning movement,0