Record,Location,X,Y,Longitude,Latitude,Date,Time,Environment,Light,Road_Surface,Traffic_Control,Collision_Location,Collision_Classification,Impact_type,Pedestrian
16-12318,HWY 417 VANIER IC117R63 @ VANIER PKWY,370799.43030,5031398.71497,-75.65668205680,45.41941024750,2016-12-26,5:18:00 PM,04 - Freezing Rain,07 - Dark,06 - Ice,01 - Traffic signal,01 - Functioning,03 - P.D. only,02 - Angle,0
16-12319,VANIER PKWY NB btwn RIVERSIDE DR & HWY417 IC117 RAMP26,370809.07151,5031260.35123,-75.65657741430,45.41816439760,2016-12-26,5:36:00 PM,04 - Freezing Rain,07 - Dark,06 - Ice,10 - No control,,03 - P.D. only,07 - SMV other,0
16-12320,TARTAN DR btwn SOHO CRES & BENTBROOK CRES,363242.55723,5014579.19953,-75.75521959550,45.26874169810,2016-12-26,6:50:00 PM,04 - Freezing Rain,07 - Dark,06 - Ice,10 - No control,,03 - P.D. only,06 - SMV unattended vehicle,0
16-12321,ALBION RD btwn RIDEAU RD & TULLAMORE ST,375507.00422,5015711.54024,-75.59878038150,45.27780407860,2016-12-26,7:06:00 PM,04 - Freezing Rain,07 - Dark,06 - Ice,10 - No control,,02 - Non-fatal injury,07 - SMV other,0
16-12322,WARMSTONE DR btwn CENTO WAY & ROSEHILL AVE,350117.11000,5016324.15900,-75.92231862830,45.28541165950,2016-12-26,7:00:00 PM,04 - Freezing Rain,07 - Dark,06 - Ice,10 - No control,,03 - P.D. only,06 - SMV unattended vehicle,0
16-12323,BAYSHORE DR @ WOODRIDGE CRES N,359072.04284,5023873.00771,-75.80734586430,45.35270229500,2016-12-26,7:23:00 PM,04 - Freezing Rain,07 - Dark,06 - Ice,01 - Traffic signal,00 - Unknown,03 - P.D. only,03 - Rear end,0
16-12324,FLINT CRT btwn PHEASANT RUN DR & READY WAY,361458.21127,5015519.65956,-75.77784978570,45.27735004420,2016-12-26,9:35:00 PM,04 - Freezing Rain,07 - Dark,06 - Ice,10 - No control,,03 - P.D. only,06 - SMV unattended vehicle,0
16-12325,MILTON RD btwn PERRAULT RD & RUSSELL RD,388690.92633,5028155.58559,-75.42865834280,45.38831531960,2016-12-26,11:12:00 PM,02 - Rain,07 - Dark,04 - Slush,10 - No control,,02 - Non-fatal injury,07 - SMV other,0
16-12326,INNES RD WB btwn INNES RD E/BLACKBURN BYPASS & ORLEANS BLVD,380066.91709,5034062.17625,-75.53787395530,45.44243854510,2016-12-26,11:15:00 PM,04 - Freezing Rain,07 - Dark,06 - Ice,10 - No control,,03 - P.D. only,03 - Rear end,0
16-12327,RAMSAYVILLE RD btwn WALKLEY EXTENSION RD & RIDGE RD,376488.76116,5029363.82142,-75.58429064430,45.40054162090,2016-12-27,2:52:00 AM,02 - Rain,07 - Dark,06 - Ice,10 - No control,,03 - P.D. only,07 - SMV other,0
16-12328,ISABELLA ST/HWY 417 O'CONN IC119BR57 @ O'CONNO,368297.74224,5030310.12501,-75.68878473260,45.40984700010,2016-12-27,2:59:00 AM,02 - Rain,07 - Dark,02 - Wet,01 - Traffic signal,01 - Functioning,03 - P.D. only,03 - Rear end,0
16-12329,BELISLE ST btwn MCARTHUR AVE & END,371295.28712,5032919.81244,-75.65014151190,45.43304946180,2016-12-27,7:03:00 AM,01 - Clear,03 - Dawn,06 - Ice,10 - No control,,03 - P.D. only,06 - SMV unattended vehicle,0
16-12330,RUSSELL RD btwn HAWTHORNE RD & HYDRO RD,375061.74028,5028111.53924,-75.60269463190,45.38941888740,2016-12-27,7:23:00 AM,01 - Clear,03 - Dawn,02 - Wet,10 - No control,,03 - P.D. only,07 - SMV other,0
16-12331,FLEWELLYN RD btwn WORLEY ST & ORMROD RD,341769.97565,5002175.07500,-76.02977073710,45.15857874060,2016-12-27,8:33:00 AM,01 - Clear,01 - Daylight,02 - Wet,10 - No control,,03 - P.D. only,07 - SMV other,0
16-12332,REMNOR AVE btwn BADGELEY AVE & BADGELEY AVE,349705.76807,5020384.54731,-75.92719412950,45.32197463350,2016-12-26,9:07:00 AM,04 - Freezing Rain,01 - Daylight,06 - Ice,10 - No control,,03 - P.D. only,06 - SMV unattended vehicle,0
16-12333,BAYCREST DR @ CEDARWOOD DR,371229.72630,5026790.77844,-75.65180507130,45.37790912070,2016-12-26,2:35:00 PM,04 - Freezing Rain,01 - Daylight,06 - Ice,02 - Stop sign,01 - Functioning,03 - P.D. only,02 - Angle,0
16-12334,DAGMAR AVE @ HANNAH ST,370133.70610,5033600.17972,-75.66489547170,45.43928060740,2016-12-27,11:20:00 AM,01 - Clear,01 - Daylight,06 - Ice,02 - Stop sign,01 - Functioning,03 - P.D. only,02 - Angle,0
16-12335,INNES RD btwn VISENEAU DR & BELCOURT BLVD,381924.58093,5035150.24087,-75.51396064320,45.45202559080,2016-12-27,12:20:00 PM,01 - Clear,01 - Daylight,02 - Wet,10 - No control,,03 - P.D. only,04 - Sideswipe,0
16-12336,GALLAGHER RD @ HARNETT RD,362456.79434,4990769.97666,-75.76798114640,45.05456564470,2016-12-27,12:55:00 PM,01 - Clear,01 - Daylight,06 - Ice,10 - No control,00 - Unknown,03 - P.D. only,07 - SMV other,0
16-12337,WATERBRIDGE DR btwn CRESTWAY DR & OLDFIELD ST,366554.49225,5016115.19396,-75.71282577390,45.28227947300,2016-12-26,12:00:00 AM,04 - Freezing Rain,00 - Unknown,06 - Ice,10 - No control,,03 - P.D. only,06 - SMV unattended vehicle,0
16-12338,CARLING AVE @ BAYSHORE DR/BIRCHDALE AVE,359004.45332,5023991.27850,-75.80819545470,45.35377172460,2016-12-27,1:32:00 PM,01 - Clear,01 - Daylight,02 - Wet,01 - Traffic signal,00 - Unknown,03 - P.D. only,04 - Sideswipe,0
16-12339,PLACE D'ORLEANS DR W @ ST. JOSEPH BLVD,381601.90300,5037683.71582,-75.51768966060,45.47485522790,2016-12-27,4:52:00 PM,02 - Rain,07 - Dark,02 - Wet,01 - Traffic signal,00 - Unknown,03 - P.D. only,05 - Turning movement,0
16-12340,FRANK KENNY RD @ RUSSELL RD,392567.06381,5026367.61637,-75.37948468190,45.37175415480,2016-12-27,4:53:00 PM,03 - Snow,07 - Dark,02 - Wet,02 - Stop sign,01 - Functioning,03 - P.D. only,03 - Rear end,0
16-12341,BAYSHORE DR SB btwn WOODRIDGE CRES & BAYSHORE DR SB RAMPS TO RICHMOND,359259.34188,5023480.10641,-75.80499888300,45.34915244530,2016-12-27,4:55:00 PM,03 - Snow,07 - Dark,06 - Ice,10 - No control,,03 - P.D. only,04 - Sideswipe,0
16-12342,BATEMAN DR btwn BELLMAN DR & DUNBAR CRT,361308.02126,5021033.63797,-75.77913540390,45.32697710370,2016-12-27,5:06:00 PM,03 - Snow,07 - Dark,03 - Loose snow,10 - No control,,02 - Non-fatal injury,07 - SMV other,0
16-12343,WOOD ACRES GROVE btwn CEDAR CREEK DR & END,375846.98100,5020038.45600,-75.59382770630,45.31670179080,2016-12-26,12:00:00 AM,01 - Clear,00 - Unknown,02 - Wet,10 - No control,,03 - P.D. only,06 - SMV unattended vehicle,0
16-12344,HAWKTREE RDG btwn DOCHART TER & END,365951.56670,5012764.45007,-75.72092301060,45.25218228850,2016-12-27,5:00:00 AM,01 - Clear,07 - Dark,01 - Dry,10 - No control,,03 - P.D. only,06 - SMV unattended vehicle,0
16-12345,OLD SECOND LINE RD @ TERRY FOX DR,348795.20000,5022408.41290,-75.93862864270,45.34024357990,2016-12-27,5:43:00 PM,02 - Rain,07 - Dark,02 - Wet,01 - Traffic signal,00 - Unknown,03 - P.D. only,07 - SMV other,0
16-12346,HAZELDEAN RD @ 246 E OF CASTLEFRANK RD/FARMBOY,352861.08447,5017842.32177,-75.88719456980,45.29889019770,2016-12-27,6:00:00 PM,04 - Freezing Rain,07 - Dark,03 - Loose snow,01 - Traffic signal,01 - Functioning,02 - Non-fatal injury,07 - SMV other,1
16-12347,BOUNDARY RD @ PARKWAY RD,388799.82530,5020306.70244,-75.42860129980,45.31768516010,2016-12-27,6:51:00 PM,05 - Drifting Snow,07 - Dark,06 - Ice,02 - Stop sign,01 - Functioning,02 - Non-fatal injury,07 - SMV other,0
16-12348,MERIVALE RD @ WEST HUNT CLUB RD,365611.86704,5021941.25596,-75.72412524890,45.33478404400,2016-12-27,7:08:00 PM,04 - Freezing Rain,07 - Dark,02 - Wet,01 - Traffic signal,01 - Functioning,03 - P.D. only,03 - Rear end,0
16-12349,FERNBANK RD btwn JINKINSON RD & BLACK'S SIDE RD,346120.93880,5007867.06130,-75.97396058570,45.20955714210,2016-12-27,7:30:00 PM,03 - Snow,07 - Dark,03 - Loose snow,10 - No control,,03 - P.D. only,07 - SMV other,0
16-12350,CEDARVIEW RD @ JOCKVALE RD,361473.01399,5015254.50279,-75.77769140040,45.27496295100,2016-12-27,8:15:00 PM,03 - Snow,07 - Dark,05 - Packed snow,11 - Roundabout,01 - Functioning,02 - Non-fatal injury,02 - Angle,0
16-12351,MONTREAL RD @ VANIER PKWY,370071.23316,5033067.60699,-75.66576454000,45.43449457730,2016-12-27,10:36:00 PM,01 - Clear,07 - Dark,01 - Dry,01 - Traffic signal,01 - Functioning,03 - P.D. only,02 - Angle,0
16-12352,MARCH VALLEY RD @ SHIRLEY BLVD,350929.71784,5024278.86487,-75.91121949390,45.35693717310,2016-12-28,8:48:00 AM,01 - Clear,01 - Daylight,02 - Wet,02 - Stop sign,01 - Functioning,02 - Non-fatal injury,02 - Angle,0
16-12353,PRINCE OF WALES DR btwn TURN LANE & BASELINE RD,366856.39483,5026366.44942,-75.70769286160,45.37449210650,2016-12-28,9:26:00 AM,01 - Clear,01 - Daylight,02 - Wet,10 - No control,,03 - P.D. only,04 - Sideswipe,0
16-12354,DANAHER DR btwn HOULAHAN ST & TARTAN DR,362347.84061,5013901.50252,-75.76669926050,45.26271751500,2016-12-23,12:00:00 AM,03 - Snow,00 - Unknown,05 - Packed snow,10 - No control,,03 - P.D. only,06 - SMV unattended vehicle,0
16-12355,CHANTENAY DR btwn BEAUCLAIRE DR & BEAUCLAIRE DR,380640.04145,5038902.76449,-75.52980201860,45.48592834820,2016-12-25,12:00:00 AM,01 - Clear,00 - Unknown,06 - Ice,10 - No control,,03 - P.D. only,06 - SMV unattended vehicle,0
16-12356,REGIONAL ROAD 174 EB btwn OR174 IC109 RAMP55 & TRANSIT,376464.53159,5034968.92339,-75.58378457870,45.45097545290,2016-12-28,10:27:00 AM,01 - Clear,01 - Daylight,01 - Dry,10 - No control,,03 - P.D. only,07 - SMV other,0
16-12357,ST. LAURENT BLVD @ TREMBLAY RD,372595.71390,5031241.16192,-75.63375404660,45.41782090270,2016-12-28,10:25:00 AM,01 - Clear,01 - Daylight,01 - Dry,01 - Traffic signal,01 - Functioning,03 - P.D. only,02 - Angle,0
16-12358,BELLMAN DR btwn BASIN CRT & GLENCOE ST,361018.53974,5020945.85026,-75.78283795500,45.32621043620,2016-12-28,10:41:00 AM,01 - Clear,01 - Daylight,06 - Ice,10 - No control,,03 - P.D. only,02 - Angle,0
16-12359,BASELINE RD @ GUTHRIE ST,360241.84844,5022370.25746,-75.79258564230,45.33908905030,2016-12-28,10:57:00 AM,01 - Clear,01 - Daylight,02 - Wet,01 - Traffic signal,01 - Functioning,02 - Non-fatal injury,07 - SMV other,1
16-12360,RICHMOND RD @ LYNHAR RD/STAFFORD RD,358139.57236,5021086.48410,-75.81954620200,45.32770055810,2016-12-28,12:01:00 PM,01 - Clear,01 - Daylight,01 - Dry,01 - Traffic signal,01 - Functioning,03 - P.D. only,04 - Sideswipe,0
16-12361,CYRVILLE RD btwn STAR TOP RD & MEADOWBROOK RD,374575.87404,5031261.63590,-75.60845309180,45.41781044690,2016-12-28,12:25:00 PM,01 - Clear,01 - Daylight,02 - Wet,10 - No control,,02 - Non-fatal injury,05 - Turning movement,0
16-12362,CAMPEAU DR @ KANATA AVE,350596.52341,5019403.18634,-75.91592321290,45.31308655070,2016-12-28,2:07:00 PM,01 - Clear,01 - Daylight,01 - Dry,01 - Traffic signal,01 - Functioning,02 - Non-fatal injury,05 - Turning movement,0
16-12363,GILMOUR ST btwn METCALFE ST & ELGIN ST,368246.08474,5031050.85129,-75.68934926510,45.41651649610,2016-12-28,1:11:00 PM,03 - Snow,01 - Daylight,03 - Loose snow,10 - No control,,03 - P.D. only,06 - SMV unattended vehicle,0
16-12364,ELGIN ST @ WELLINGTON ST W,367663.04749,5031877.99148,-75.69669245660,45.42401145940,2016-12-28,1:22:00 PM,01 - Clear,01 - Daylight,02 - Wet,01 - Traffic signal,01 - Functioning,03 - P.D. only,04 - Sideswipe,0
16-12365,HWY 417 MAITLAND IC126R26/62 @ MAITLAND AVE,363146.04601,5025984.45609,-75.75510583800,45.37137374750,2016-12-28,1:20:00 PM,01 - Clear,01 - Daylight,01 - Dry,01 - Traffic signal,01 - Functioning,03 - P.D. only,05 - Turning movement,0
16-12366,MARCH RD @ UPPER DWYER HILL RD,334082.27006,5014291.91368,-76.12683761740,45.26797523750,2016-12-28,2:02:00 PM,01 - Clear,01 - Daylight,01 - Dry,01 - Traffic signal,01 - Functioning,03 - P.D. only,03 - Rear end,0
16-12367,GERRY LALONDE DR btwn AZURE ST/TRIGORIA CRES & NACARAT ST,383604.97500,5035011.72400,-75.49250226820,45.45059187270,2016-12-28,12:00:00 AM,01 - Clear,00 - Unknown,06 - Ice,10 - No control,,03 - P.D. only,06 - SMV unattended vehicle,0
16-12368,BUNCHBERRY WAY @ FINDLAY CREEK DR,374327.32790,5019387.18600,-75.61329923380,45.31099401600,2016-12-28,12:30:00 PM,03 - Snow,01 - Daylight,03 - Loose snow,02 - Stop sign,01 - Functioning,03 - P.D. only,03 - Rear end,0
16-12369,COVENTRY RD btwn LOLA ST & BELFAST RD,371267.85839,5031615.81424,-75.65066801500,45.42131926760,2016-12-28,4:59:00 PM,01 - Clear,07 - Dark,01 - Dry,10 - No control,,03 - P.D. only,04 - Sideswipe,0
16-12370,RIVERSIDE DR @ TREMBLAY RD/HWY417 IC117 RAMP52,370803.02485,5031015.67121,-75.65668743840,45.41596343770,2016-12-28,5:13:00 PM,01 - Clear,07 - Dark,01 - Dry,01 - Traffic signal,01 - Functioning,03 - P.D. only,04 - Sideswipe,0
16-12371,LYON ST @ WELLINGTON ST,366935.27100,5031426.58008,-75.70604851970,45.42001482180,2016-12-28,5:15:00 PM,01 - Clear,07 - Dark,02 - Wet,01 - Traffic signal,01 - Functioning,03 - P.D. only,04 - Sideswipe,0
16-12372,WOODCLIFFE PRIV @ JEANNE D'ARC BLVD,380106.12180,5036224.25691,-75.53704186220,45.46188707730,2016-12-28,5:18:00 PM,01 - Clear,07 - Dark,03 - Loose snow,02 - Stop sign,01 - Functioning,03 - P.D. only,02 - Angle,0
16-12373,BRIAN COBURN BLVD @ TENTH LINE RD,384428.33890,5035022.30790,-75.48197576030,45.45059377220,2016-12-28,5:37:00 PM,01 - Clear,07 - Dark,01 - Dry,01 - Traffic signal,01 - Functioning,03 - P.D. only,05 - Turning movement,0
16-12374,CAMBRIAN RD @ GREENBANK RD,364765.51366,5012872.83668,-75.73601900430,45.25325962220,2016-12-28,5:35:00 PM,03 - Snow,07 - Dark,04 - Slush,11 - Roundabout,01 - Functioning,03 - P.D. only,02 - Angle,0
16-12375,GEORGE ST @ SUSSEX DR,367868.38774,5032130.27882,-75.69403643510,45.42626297210,2016-12-28,5:42:00 PM,01 - Clear,07 - Dark,01 - Dry,01 - Traffic signal,00 - Unknown,03 - P.D. only,03 - Rear end,0
16-12376,JOHN QUINN RD btwn STONE SCHOOL RD & BANK ST,383033.32886,5011846.98445,-75.50347348240,45.24223575960,2016-12-28,6:43:00 PM,01 - Clear,07 - Dark,01 - Dry,10 - No control,,03 - P.D. only,07 - SMV other,0
16-12377,BRONSON AVE @ CARLING AVE/GLEBE AVE,367448.53516,5029334.31976,-75.69975668640,45.40114352440,2016-12-28,7:19:00 PM,01 - Clear,07 - Dark,01 - Dry,01 - Traffic signal,01 - Functioning,03 - P.D. only,03 - Rear end,0
16-12378,HUNTMAR DR btwn OLD CARP RD & BRADLEY SIDE RD,346896.86027,5020496.75800,-75.96301262740,45.32315840550,2016-12-28,7:50:00 PM,01 - Clear,07 - Dark,01 - Dry,10 - No control,,03 - P.D. only,07 - SMV other,0
16-12379,ROLAND MICHENER DR btwn EARL GREY DR & TRANSITWAY,350844.64100,5018919.02300,-75.91280394240,45.30871369750,2016-12-29,12:46:00 AM,01 - Clear,07 - Dark,01 - Dry,10 - No control,,03 - P.D. only,04 - Sideswipe,0
16-12380,GRACEWOOD CRES btwn CREEKVIEW WAY W & FINDLAY CREEK W,374351.23100,5019522.12200,-75.61297548780,45.31220575640,2016-12-29,12:00:00 AM,01 - Clear,00 - Unknown,01 - Dry,10 - No control,,03 - P.D. only,06 - SMV unattended vehicle,0
16-12381,BASELINE RD/HERON RD @ PRINCE OF WALES DR,366874.12147,5026439.14316,-75.70745742020,45.37514461860,2016-12-29,7:47:00 AM,01 - Clear,03 - Dawn,01 - Dry,01 - Traffic signal,00 - Unknown,03 - P.D. only,01 - Approaching,0
16-12382,SLATER ST btwn LYON ST N & KENT ST,367130.03379,5031168.73647,-75.70359274020,45.41767749970,2016-12-29,8:40:00 AM,03 - Snow,01 - Daylight,03 - Loose snow,10 - No control,,02 - Non-fatal injury,03 - Rear end,0
16-12383,CARLING AVE @ KIRKWOOD AVE S,364351.70050,5027337.54910,-75.73955161690,45.38344724020,2016-12-29,8:43:00 AM,03 - Snow,01 - Daylight,03 - Loose snow,01 - Traffic signal,01 - Functioning,03 - P.D. only,02 - Angle,0
16-12384,SUMMERWIND CRES btwn WINDHURST DR & WINDHURST DR,366071.58687,5015957.23982,-75.71900021290,45.28090046660,2016-12-25,3:00:00 PM,99 - Other,99 - Other,99 - Other,10 - No control,,03 - P.D. only,06 - SMV unattended vehicle,0
16-12385,PINE VISTA DR btwn TRAIL SIDE CIRC & SIESTA CRT,387074.16535,5037641.58656,-75.44771696880,45.47385290060,2016-12-29,9:58:00 AM,03 - Snow,01 - Daylight,06 - Ice,10 - No control,,03 - P.D. only,06 - SMV unattended vehicle,0
16-12386,BASELINE RD btwn NAVAHO DR & DEERFIELD DR,363150.28697,5024139.32825,-75.75526956650,45.35477113720,2016-12-29,11:07:00 AM,03 - Snow,01 - Daylight,05 - Packed snow,10 - No control,,03 - P.D. only,03 - Rear end,0
16-12387,ST. JOSEPH BLVD @ JEANNE D'ARC BLVD,379862.39881,5036471.99498,-75.54012014030,45.46414226290,2016-12-29,10:30:00 AM,03 - Snow,01 - Daylight,03 - Loose snow,11 - Roundabout,01 - Functioning,03 - P.D. only,07 - SMV other,0
16-12388,BOYER RD @ ORLEANS BLVD,380978.57456,5035508.98208,-75.52599801950,45.45535701900,2016-12-29,11:47:00 AM,03 - Snow,01 - Daylight,05 - Packed snow,02 - Stop sign,01 - Functioning,03 - P.D. only,03 - Rear end,0
16-12389,LONGFIELDS DR btwn STRANDHERD DR & MARKETPLACE AVE,364615.83800,5015001.36600,-75.73766946090,45.27242489510,2016-12-29,11:49:00 AM,03 - Snow,01 - Daylight,03 - Loose snow,10 - No control,,03 - P.D. only,03 - Rear end,0
16-12390,MERIVALE RD @ WEST HUNT CLUB RD,365613.52336,5021942.91228,-75.72410391390,45.33479880360,2016-12-29,12:15:00 PM,03 - Snow,01 - Daylight,06 - Ice,01 - Traffic signal,01 - Functioning,03 - P.D. only,03 - Rear end,0
16-12391,CONROY RD @ HUNT CLUB RD,373764.56816,5025403.28056,-75.61963692940,45.36518008820,2016-12-29,12:33:00 PM,03 - Snow,01 - Daylight,03 - Loose snow,01 - Traffic signal,01 - Functioning,03 - P.D. only,03 - Rear end,0
16-12392,CYRVILLE RD btwn STAR TOP RD & MEADOWBROOK RD,374606.81143,5031252.08681,-75.60805919650,45.41772144320,2016-12-29,12:39:00 PM,03 - Snow,01 - Daylight,03 - Loose snow,10 - No control,,02 - Non-fatal injury,05 - Turning movement,0
16-12393,CASSANDRA ST @ TRUDEAU AVE,395284.35521,5024634.23412,-75.34511760110,45.35581365950,2016-12-29,12:45:00 PM,03 - Snow,01 - Daylight,03 - Loose snow,02 - Stop sign,01 - Functioning,03 - P.D. only,02 - Angle,0
16-12394,RIDEAU ST btwn CHARLOTTE ST & WURTEMBURG ST,369336.83042,5032915.23663,-75.67516997400,45.43319177350,2016-12-29,1:16:00 PM,03 - Snow,01 - Daylight,03 - Loose snow,10 - No control,,03 - P.D. only,07 - SMV other,0
16-12395,HUNT CLUB RD @ RIVERSIDE DR,368036.70300,5021945.91258,-75.69319014620,45.33461160630,2016-12-29,1:20:00 PM,03 - Snow,01 - Daylight,05 - Packed snow,01 - Traffic signal,01 - Functioning,03 - P.D. only,03 - Rear end,0
16-12396,BANK ST @ SLATER ST,367426.35871,5031354.99098,-75.69978321670,45.41932689850,2016-12-29,1:42:00 PM,03 - Snow,01 - Daylight,03 - Loose snow,01 - Traffic signal,00 - Unknown,02 - Non-fatal injury,03 - Rear end,0
16-12397,CRESTWAY DR @ GROVEHURST DR,366355.77474,5015682.62798,-75.71541220380,45.27840470010,2016-12-29,1:30:00 PM,03 - Snow,01 - Daylight,03 - Loose snow,02 - Stop sign,01 - Functioning,03 - P.D. only,03 - Rear end,0
16-12398,CARLING AVE @ BAYSHORE DR/BIRCHDALE AVE,359004.04284,5023990.19802,-75.80820081200,45.35376203400,2016-12-29,1:44:00 PM,01 - Clear,01 - Daylight,06 - Ice,01 - Traffic signal,00 - Unknown,02 - Non-fatal injury,03 - Rear end,0
16-12399,MOODIE DR @ TIMM DR,356815.64850,5021083.88938,-75.83643464080,45.32777657750,2016-12-29,1:00:00 PM,03 - Snow,01 - Daylight,04 - Slush,02 - Stop sign,01 - Functioning,03 - P.D. only,02 - Angle,0
16-12400,AIRPORT PKWY @ HUNT CLUB RD,371019.35616,5023700.92781,-75.65490490750,45.35012758090,2016-12-29,1:59:00 PM,03 - Snow,01 - Daylight,03 - Loose snow,01 - Traffic signal,01 - Functioning,03 - P.D. only,03 - Rear end,0
16-12401,PRINCE OF WALES DR btwn RIDEAU HEIGHTS LANE & STEPHANIE AVE,367509.29551,5022786.32342,-75.69981194070,45.34222079620,2016-12-29,2:12:00 PM,03 - Snow,01 - Daylight,03 - Loose snow,10 - No control,,03 - P.D. only,01 - Approaching,0
16-12402,INDUSTRIAL AVE @ ALTA VISTA DR/SANDFORD FLEMIN,370885.19717,5030556.38657,-75.65569923120,45.41182322610,2016-12-29,2:14:00 PM,03 - Snow,01 - Daylight,03 - Loose snow,01 - Traffic signal,01 - Functioning,02 - Non-fatal injury,05 - Turning movement,0
16-12403,RICHMOND RD @ LYNHAR RD/STAFFORD RD,358137.06302,5021087.73877,-75.81957807700,45.32771203860,2016-12-29,2:41:00 PM,01 - Clear,01 - Daylight,05 - Packed snow,01 - Traffic signal,01 - Functioning,03 - P.D. only,03 - Rear end,0
16-12404,BELFAST RD @ ST. LAURENT BLVD,372861.55226,5030578.14792,-75.63044930700,45.41182960410,2016-12-29,3:16:00 PM,03 - Snow,01 - Daylight,05 - Packed snow,01 - Traffic signal,01 - Functioning,03 - P.D. only,02 - Angle,0
16-12405,FAIRLAWN AVE btwn WOODROFFE AVE & FOX CRES,361947.92951,5025791.61020,-75.77042304040,45.36973726470,2016-12-29,3:18:00 PM,03 - Snow,01 - Daylight,03 - Loose snow,10 - No control,,02 - Non-fatal injury,02 - Angle,0
16-12406,WOODRIDGE CRES @ 220 W OF BAYSHORE DR/BAYSHORE,359041.46250,5023376.97041,-75.80779053150,45.34824131060,2016-12-29,4:05:00 PM,03 - Snow,05 - Dusk,04 - Slush,01 - Traffic signal,00 - Unknown,03 - P.D. only,02 - Angle,0
16-12407,DU GRAND BOIS AVE @ INNES RD,383108.09909,5035762.14842,-75.49873421530,45.45739938960,2016-12-29,5:13:00 PM,03 - Snow,07 - Dark,03 - Loose snow,02 - Stop sign,00 - Unknown,03 - P.D. only,03 - Rear end,0
16-12408,BANK ST btwn PHILNOR ST & SALE BARN RD,379964.77519,5013552.58971,-75.54229685830,45.25791639760,2016-12-29,6:20:00 PM,03 - Snow,07 - Dark,03 - Loose snow,10 - No control,,03 - P.D. only,07 - SMV other,0
16-12409,COVENTRY RD @ VANIER PKWY,370676.38490,5031610.46076,-75.65822580560,45.42132704560,2016-12-29,6:21:00 PM,03 - Snow,07 - Dark,05 - Packed snow,01 - Traffic signal,01 - Functioning,03 - P.D. only,03 - Rear end,0
16-12410,BELFAST RD @ COVENTRY RD,371523.72110,5031639.49421,-75.64739573580,45.42150797370,2016-12-29,6:29:00 PM,03 - Snow,07 - Dark,05 - Packed snow,01 - Traffic signal,01 - Functioning,03 - P.D. only,03 - Rear end,0
16-12411,CASSIDY RD btwn BRUIN LANE & GRANGEMILL AVE,358965.78839,5021182.45658,-75.80899641510,45.32850084680,2016-12-29,6:54:00 PM,05 - Drifting Snow,07 - Dark,05 - Packed snow,10 - No control,,03 - P.D. only,06 - SMV unattended vehicle,0
16-12412,WEST HUNT CLUB RD WB btwn CEDARVIEW RD & GREENBANK RD,361051.25802,5020256.40093,-75.78249892660,45.32000414350,2016-12-29,7:29:00 PM,03 - Snow,07 - Dark,03 - Loose snow,10 - No control,,03 - P.D. only,07 - SMV other,0
16-12413,INNES RD @ VISENEAU DR,381799.57926,5035073.14192,-75.51557062270,45.45134570090,2016-12-29,6:05:00 PM,03 - Snow,07 - Dark,05 - Packed snow,01 - Traffic signal,01 - Functioning,03 - P.D. only,05 - Turning movement,0
16-12414,CHESTERTON DR @ SOUTHVIEW CRES E,365422.14497,5023857.48731,-75.72631078490,45.35204244410,2016-12-29,8:44:00 PM,03 - Snow,07 - Dark,04 - Slush,02 - Stop sign,01 - Functioning,03 - P.D. only,05 - Turning movement,0
16-12415,HUNT CLUB RD btwn CAHILL DR & LORRY GREENBERG DR,372781.79910,5024778.11629,-75.63226695130,45.35965110040,2016-12-29,8:50:00 PM,03 - Snow,07 - Dark,05 - Packed snow,10 - No control,,02 - Non-fatal injury,04 - Sideswipe,0
16-12416,RIVERSIDE DR btwn KIMBERWICK CRES & KIMBERWICK CRES,368182.29364,5022696.19191,-75.69123670030,45.34134932890,2016-12-29,8:52:00 PM,03 - Snow,07 - Dark,03 - Loose snow,10 - No control,,03 - P.D. only,04 - Sideswipe,0
16-12417,KITCHENER AVE @ BANK ST,370540.04794,5025500.38578,-75.66078188280,45.36636364420,2016-12-29,8:57:00 PM,03 - Snow,07 - Dark,03 - Loose snow,01 - Traffic signal,01 - Functioning,03 - P.D. only,07 - SMV other,0
16-12418,RIVER RD @ ROYAL PALM CRES N,370225.74900,5009687.50359,-75.66687981000,45.22411184050,2016-12-29,9:00:00 PM,03 - Snow,07 - Dark,04 - Slush,10 - No control,00 - Unknown,03 - P.D. only,03 - Rear end,0
16-12419,KAKULU RD @ CASTLEFRANK RD,352181.23116,5018499.31002,-75.89579979700,45.30484811920,2016-12-29,11:19:00 PM,01 - Clear,07 - Dark,06 - Ice,01 - Traffic signal,01 - Functioning,03 - P.D. only,04 - Sideswipe,0
16-12420,LEITRIM RD @ RIVER RD,368016.15638,5017177.45810,-75.69406066750,45.29170767500,2016-12-29,11:47:00 PM,03 - Snow,07 - Dark,02 - Wet,02 - Stop sign,00 - Unknown,03 - P.D. only,03 - Rear end,0
16-12421,WELLINGTON ST btwn TO BE DETERMINED & BAY ST,366697.09966,5031279.93099,-75.70910995330,45.41871642870,2016-12-30,12:30:00 AM,03 - Snow,07 - Dark,04 - Slush,10 - No control,,03 - P.D. only,07 - SMV other,0