Record,Location,X,Y,Longitude,Latitude,Date,Time,Environment,Light,Road_Surface,Traffic_Control,Collision_Location,Collision_Classification,Impact_type,Pedestrian
16-12735,COLONEL BY DR btwn LEONARD AVE & ROSEDALE AVE,368262.24963,5028606.56435,-75.68945734560,45.39452211310,2016-07-08,4:15:00 PM,01 - Clear,01 - Daylight,01 - Dry,10 - No control,,02 - Non-fatal injury,03 - Rear end,0
16-12736,QUEEN ELIZABETH DRWY btwn QUEEN ELIZABETH PL & FIFTH AVE,368967.26803,5029406.75567,-75.68034964670,45.40165772360,2016-10-13,10:45:00 AM,02 - Rain,01 - Daylight,03 - Loose snow,10 - No control,,02 - Non-fatal injury,01 - Approaching,0
16-12737,CLEARVIEW AVE @ ISLAND PARK DR,363545.03686,5029362.63920,-75.74961034500,45.40173677320,2016-06-10,5:21:00 PM,01 - Clear,01 - Daylight,01 - Dry,02 - Stop sign,00 - Unknown,03 - P.D. only,02 - Angle,0
16-12738,OTTAWA RIVER PKWY EB btwn TURN LANE & TRANSIT,362160.73409,5027603.68568,-75.76749600070,45.38602473940,2016-07-22,1:51:00 PM,01 - Clear,01 - Daylight,01 - Dry,10 - No control,,03 - P.D. only,03 - Rear end,0
16-12739,AVIATION PKWY btwn AVIATION PKWY & TO BE DETERMINED,372933.72160,5032682.89387,-75.62923630560,45.43076007380,2016-05-15,8:50:00 PM,00 - Unknown,07 - Dark,01 - Dry,10 - No control,,02 - Non-fatal injury,07 - SMV other,0
16-12740,OTTAWA RIVER PKWY WB RAMP/CARLING AVE WB btwn CARLING AVE & OTTAWA RIV,360891.52950,5025438.47952,-75.78394855720,45.36664516140,2016-07-20,7:55:00 PM,01 - Clear,01 - Daylight,01 - Dry,10 - No control,,03 - P.D. only,02 - Angle,0
16-12741,ISLAND PARK DR btwn BASSETT LANE & BYRON AVE,364247.39349,5028625.15082,-75.74072834450,45.39504170690,2016-07-23,11:15:00 AM,01 - Clear,01 - Daylight,01 - Dry,10 - No control,,02 - Non-fatal injury,03 - Rear end,0
16-12742,AVIATION PKWY @ MONTREAL RD,372148.38884,5034107.91390,-75.63907691640,45.44365778390,2016-07-18,8:08:00 AM,01 - Clear,01 - Daylight,01 - Dry,01 - Traffic signal,01 - Functioning,03 - P.D. only,05 - Turning movement,0
16-12743,ISLAND PARK DR btwn CLEARVIEW AVE & OTTAWA RIVER PKWY,363446.02040,5029399.34741,-75.75087067490,45.40207536880,2016-07-17,12:23:00 PM,01 - Clear,01 - Daylight,01 - Dry,10 - No control,,03 - P.D. only,03 - Rear end,0
16-12744,ROCKCLIFFE PKWY btwn ACACIA AVE & HILLSDALE RD,368747.87650,5035558.32627,-75.68235297810,45.45702735440,2016-07-13,8:35:00 AM,01 - Clear,01 - Daylight,01 - Dry,10 - No control,,02 - Non-fatal injury,07 - SMV other,0
16-12745,OTTAWA RIVER PKWY @ REMIC RAPIDS ENT/TUNNEY'S,364262.93695,5030245.24680,-75.74033449160,45.40961768300,2016-07-19,6:50:00 PM,01 - Clear,01 - Daylight,01 - Dry,01 - Traffic signal,01 - Functioning,03 - P.D. only,05 - Turning movement,0
16-12746,ISLAND PARK DR btwn BYRON AVE & IONA ST,364344.01878,5028401.60381,-75.73952131950,45.39302206380,2016-07-14,1:10:00 PM,00 - Unknown,01 - Daylight,00 - Unknown,10 - No control,,03 - P.D. only,03 - Rear end,0
16-12747,AVIATION PKWY @ MONTREAL RD,372147.05105,5034107.91390,-75.63909401440,45.44365791280,2016-07-12,4:00:00 PM,01 - Clear,01 - Daylight,01 - Dry,01 - Traffic signal,01 - Functioning,03 - P.D. only,02 - Angle,0
16-12748,COLONEL BY DR btwn ROSEDALE AVE & ECHO DR,368307.75388,5028654.28350,-75.68887007850,45.39494734970,2016-07-14,1:49:00 PM,01 - Clear,01 - Daylight,02 - Wet,10 - No control,,03 - P.D. only,07 - SMV other,0
16-12749,AVIATION PKWY @ OGILVIE RD,373111.04865,5032377.25450,-75.62701268780,45.42799278500,2016-07-22,7:41:00 AM,01 - Clear,01 - Daylight,01 - Dry,01 - Traffic signal,01 - Functioning,03 - P.D. only,03 - Rear end,0
16-12750,OTTAWA RIVER PKWY @ ISLAND PARK DR,363298.36085,5029454.23230,-75.75275016770,45.40258156790,2016-06-30,9:00:00 PM,01 - Clear,05 - Dusk,01 - Dry,01 - Traffic signal,01 - Functioning,03 - P.D. only,05 - Turning movement,0
16-12751,OTTAWA RIVER PKWY @ REMIC RAPIDS ENT/TUNNEY'S,364261.56889,5030240.96497,-75.74035248460,45.40957927250,2016-07-09,8:28:00 PM,01 - Clear,05 - Dusk,01 - Dry,01 - Traffic signal,01 - Functioning,03 - P.D. only,05 - Turning movement,0
16-12752,DONALD ST @ ST. LAURENT BLVD,372093.37845,5032472.58490,-75.64000358640,45.42894917570,2016-07-12,9:48:00 AM,01 - Clear,01 - Daylight,01 - Dry,01 - Traffic signal,01 - Functioning,02 - Non-fatal injury,03 - Rear end,0
16-12753,OTTAWA RIVER PKWY WB RAMP/CARLING AVE WB btwn CARLING AVE & OTTAWA RIV,360891.99793,5025439.27340,-75.78394248800,45.36665226730,2016-06-20,5:50:00 PM,01 - Clear,01 - Daylight,01 - Dry,10 - No control,,03 - P.D. only,03 - Rear end,0
16-12754,OTTAWA RIVER PKWY WB btwn RAMP & RIVER ST,365064.13925,5030356.23687,-75.73008613000,45.41054781480,2016-04-27,3:20:00 AM,01 - Clear,07 - Dark,01 - Dry,10 - No control,,03 - P.D. only,07 - SMV other,0
16-12755,CHAMPAGNE AVE @ WELLINGTON ST,365955.25770,5030343.53684,-75.71870414100,45.41035624100,2016-07-09,8:30:00 PM,02 - Rain,05 - Dusk,02 - Wet,02 - Stop sign,01 - Functioning,03 - P.D. only,04 - Sideswipe,0
16-12756,ALBERT ST @ ELGIN ST/MACKENZIE KING BRIDGE,367849.67816,5031715.13958,-75.69432864070,45.42252937600,2016-07-07,2:00:00 PM,01 - Clear,01 - Daylight,01 - Dry,01 - Traffic signal,01 - Functioning,03 - P.D. only,04 - Sideswipe,0
16-12757,TRANSITWAY - LINCOLN FIEL @ OTTAWA RIVER PKWY,360925.44274,5025500.81186,-75.78350858230,45.36720330980,2016-07-11,4:46:00 PM,01 - Clear,01 - Daylight,01 - Dry,01 - Traffic signal,01 - Functioning,03 - P.D. only,03 - Rear end,0
16-12758,OTTAWA RIVER PKWY WB btwn TRANSIT & TURN LANE,362626.17544,5028863.75485,-75.76140507870,45.39732439220,2016-06-26,3:37:00 PM,01 - Clear,01 - Daylight,01 - Dry,10 - No control,,03 - P.D. only,99 - Other,0
16-12759,ISLAND PARK DR btwn HARMER AVE S & HURON AVE S,365295.26332,5028061.87937,-75.72741505710,45.38988376590,2016-12-25,5:12:00 AM,01 - Clear,07 - Dark,02 - Wet,10 - No control,,02 - Non-fatal injury,07 - SMV other,0
16-12760,OTTAWA RIVER PKWY WB btwn TUNNEY'S PASTURE/REMIC RAPIDS ENT & PARKDALE,363379.86157,5029645.41046,-75.75168646780,45.40429493950,2016-04-11,4:00:00 PM,01 - Clear,01 - Daylight,02 - Wet,10 - No control,,03 - P.D. only,03 - Rear end,0
16-12761,PORTAGE BRIDGE SB btwn PROVINCIAL BOUNDARY & WELLINGTON ST,366397.87432,5031512.48681,-75.71290386710,45.42083530680,2016-02-25,3:43:00 PM,01 - Clear,01 - Daylight,02 - Wet,10 - No control,,03 - P.D. only,03 - Rear end,0
16-12762,CLEGG ST @ COLONEL BY DR,368968.84779,5029742.65349,-75.68028576040,45.40467987490,2016-01-06,1:37:00 PM,01 - Clear,01 - Daylight,02 - Wet,01 - Traffic signal,01 - Functioning,03 - P.D. only,03 - Rear end,0
16-12763,OTTAWA RIVER PKWY @ WOODROFFE AVE,361426.59265,5027003.10845,-75.77693921890,45.38068054050,2016-05-30,9:29:00 AM,01 - Clear,01 - Daylight,01 - Dry,02 - Stop sign,01 - Functioning,02 - Non-fatal injury,02 - Angle,0
16-12764,ISLAND PARK DR btwn OTTAWA RIVER PKWY & TURN LANE,363302.95066,5029451.80758,-75.75269183090,45.40255936730,2016-04-27,3:50:00 PM,01 - Clear,01 - Daylight,01 - Dry,10 - No control,,03 - P.D. only,05 - Turning movement,0
16-12765,OTTAWA RIVER PKWY EB btwn TUNNEY'S PASTURE/REMIC RAPIDS ENT & ISLAND P,364141.71181,5030019.45716,-75.74191023950,45.40759636460,2016-09-09,1:48:00 PM,01 - Clear,01 - Daylight,01 - Dry,10 - No control,,03 - P.D. only,03 - Rear end,0
16-12766,HOLLAND AVE @ ISLAND PARK DR/N.C.C. DRIVEWAY,365427.15062,5027916.05996,-75.72574879340,45.38856030930,2016-06-08,10:14:00 AM,01 - Clear,01 - Daylight,02 - Wet,01 - Traffic signal,01 - Functioning,02 - Non-fatal injury,05 - Turning movement,0
16-12767,COLONEL BY DR @ UNIVERSITY RD - CARLETON,367368.03715,5026859.45317,-75.70109862090,45.37888253560,2016-01-12,2:25:00 PM,03 - Snow,01 - Daylight,04 - Slush,01 - Traffic signal,01 - Functioning,03 - P.D. only,07 - SMV other,0
16-12768,CLEARVIEW AVE @ ISLAND PARK DR,363547.09366,5029365.03909,-75.74958378850,45.40175819450,2016-12-12,4:12:00 PM,01 - Clear,05 - Dusk,02 - Wet,02 - Stop sign,00 - Unknown,03 - P.D. only,03 - Rear end,0
16-12769,KING EDWARD AVE @ SUSSEX DR,367662.99718,5033503.05772,-75.69648563470,45.43863325330,2016-01-19,5:00:00 PM,01 - Clear,05 - Dusk,02 - Wet,01 - Traffic signal,01 - Functioning,03 - P.D. only,03 - Rear end,0
16-12770,HIGHWAY 417 btwn HWY417 IC110 RAMP64 & HWY417 IC104 RAMP16,379859.58385,5025998.28412,-75.54175147120,45.36990740730,2016-01-01,5:30:00 AM,03 - Snow,07 - Dark,03 - Loose snow,10 - No control,,03 - P.D. only,07 - SMV other,0
16-12771,PARKDALE AVE @ HWY 417 PARKDAL IC122R15/HWY 41,365335.42855,5028846.04483,-75.72680594050,45.39693604560,2016-01-01,1:40:00 PM,01 - Clear,01 - Daylight,02 - Wet,01 - Traffic signal,01 - Functioning,03 - P.D. only,02 - Angle,0
16-12772,HIGHWAY 417 btwn HWY417 IC130 RAMP35 & HWY417 IC130 RAMP25,359211.81892,5023063.37729,-75.80565116600,45.34540639930,2016-01-01,5:35:00 PM,03 - Snow,05 - Dusk,02 - Wet,10 - No control,,03 - P.D. only,99 - Other,0
16-12773,HIGHWAY 417 btwn HWY417 IC119B RAMP57 & HWY417 IC119A RAMP75,368432.00650,5030429.94648,-75.68705414560,45.41091291990,2016-01-02,7:00:00 AM,01 - Clear,"04 - Dawn, artificial",01 - Dry,10 - No control,,03 - P.D. only,04 - Sideswipe,0
16-12774,HWY417 IC129 RAMP51 btwn HIGHWAY 417 & ASHLEY ST,360176.23852,5023296.04840,-75.79331909680,45.34742449630,2016-01-02,2:30:00 PM,01 - Clear,01 - Daylight,02 - Wet,10 - No control,,03 - P.D. only,04 - Sideswipe,0
16-12775,HIGHWAY 417 btwn HWY417 IC122 RAMP15 & HWY417 IC121B RAMP51,365813.34012,5029190.14787,-75.72065977570,45.39999072150,2016-01-02,5:07:00 PM,02 - Rain,05 - Dusk,02 - Wet,10 - No control,,03 - P.D. only,04 - Sideswipe,0
16-12776,HIGHWAY 416 btwn HWY416 IC75B RAMP25 & HWY416 IC75A RAMP26,358653.51591,5022181.40083,-75.81287115630,45.33751342870,2016-01-03,7:35:00 AM,03 - Snow,03 - Dawn,03 - Loose snow,10 - No control,,03 - P.D. only,07 - SMV other,0
16-12777,HWY417 IC96 RAMP15 btwn BOUNDARY RD & RAMP,387304.76142,5023695.35199,-75.44710238700,45.34835071730,2016-01-03,6:30:00 AM,03 - Snow,07 - Dark,04 - Slush,10 - No control,,03 - P.D. only,07 - SMV other,0
16-12778,HWY417 IC122 RAMP51 btwn HIGHWAY 417 & PARKDALE AVE,365194.72868,5028746.28806,-75.72861509140,45.39605060690,2016-01-03,8:20:00 AM,03 - Snow,01 - Daylight,03 - Loose snow,10 - No control,,03 - P.D. only,07 - SMV other,0
16-12779,HWY417 IC115 RAMP51 btwn HIGHWAY 417 & ST. LAURENT BLVD,372120.47730,5031453.67617,-75.63979655960,45.41977889730,2016-01-03,5:15:00 PM,03 - Snow,05 - Dusk,03 - Loose snow,10 - No control,,03 - P.D. only,04 - Sideswipe,0
16-12780,HWY417 IC169 RAMP25 btwn KINBURN SIDE RD & HIGHWAY 417,325713.84401,5024603.72134,-76.23304503100,45.36106602380,2016-01-04,6:40:00 AM,01 - Clear,07 - Dark,05 - Packed snow,10 - No control,,03 - P.D. only,07 - SMV other,0
16-12781,HIGHWAY 417 btwn HIGHWAY 417 & HIGHWAY 417 (2),375384.38916,5030294.70892,-75.59826220860,45.40902946740,2016-01-04,3:45:00 PM,01 - Clear,01 - Daylight,01 - Dry,10 - No control,,03 - P.D. only,03 - Rear end,0
16-12782,HIGHWAY 417 btwn HWY417 IC115 RAMP25 & REGIONAL ROAD 174,373257.56377,5031693.25792,-75.62523556540,45.42182419840,2016-01-04,4:06:00 PM,01 - Clear,01 - Daylight,06 - Ice,10 - No control,,02 - Non-fatal injury,03 - Rear end,0
16-12783,HIGHWAY 417 btwn REGIONAL ROAD 174 & HWY417 IC113 RAMP62,373294.93664,5031734.83684,-75.62475228350,45.42219464670,2016-01-05,8:45:00 AM,01 - Clear,01 - Daylight,01 - Dry,10 - No control,,03 - P.D. only,03 - Rear end,0
16-12784,HIGHWAY 417 btwn HWY417 IC122 RAMP16 & HWY417 IC122 RAMP61,365320.24686,5028888.65149,-75.72699460500,45.39732072360,2016-01-05,3:40:00 PM,01 - Clear,01 - Daylight,01 - Dry,10 - No control,,03 - P.D. only,04 - Sideswipe,0
16-12785,HIGHWAY 417 btwn HWY417 IC126 RAMP61 & HWY417 IC124 RAMP76,363675.30597,5026536.50248,-75.74828363870,45.37629671910,2016-01-05,3:45:00 PM,01 - Clear,01 - Daylight,01 - Dry,10 - No control,,03 - P.D. only,03 - Rear end,0
16-12786,HWY417 IC121A RAMP61 btwn CATHERINE ST & HIGHWAY 417,367456.26143,5029872.72259,-75.69958959560,45.40598722430,2016-01-06,7:20:00 AM,01 - Clear,03 - Dawn,06 - Ice,10 - No control,,03 - P.D. only,03 - Rear end,0
16-12787,HWY417 IC131 RAMP55 btwn HIGHWAY 417 & HWY416 IC75B RAMP25,358645.31901,5022886.39967,-75.81289900710,45.34385766550,2016-01-06,7:20:00 AM,01 - Clear,03 - Dawn,06 - Ice,10 - No control,,03 - P.D. only,07 - SMV other,0
16-12788,HWY416 IC75A RAMP26 btwn HIGHWAY 417 & HIGHWAY 416,358303.29106,5022702.39662,-75.81728309230,45.34222816870,2016-01-06,8:13:00 AM,00 - Unknown,01 - Daylight,00 - Unknown,10 - No control,,01 - Fatal injury,07 - SMV other,0
16-12789,HIGHWAY 417 btwn HWY417 IC126 RAMP61 & HWY417 IC124 RAMP76,363672.20034,5026536.50248,-75.74832328870,45.37629698000,2016-01-04,4:45:00 PM,01 - Clear,05 - Dusk,01 - Dry,10 - No control,,03 - P.D. only,04 - Sideswipe,0
16-12790,HWY417 IC131 RAMP55 btwn HIGHWAY 417 & HWY416 IC75B RAMP25,358383.05552,5022764.45112,-75.81625862770,45.34278044960,2016-01-06,9:55:00 AM,01 - Clear,01 - Daylight,03 - Loose snow,10 - No control,,03 - P.D. only,04 - Sideswipe,0
16-12791,HIGHWAY 417 btwn HWY417 IC163 RAMP16 & HWY417 IC169 RAMP61,329632.55051,5022036.83898,-76.18315427080,45.33783998350,2016-01-06,12:40:00 PM,01 - Clear,01 - Daylight,01 - Dry,10 - No control,,03 - P.D. only,07 - SMV other,0
16-12792,HIGHWAY 417 btwn HWY417 IC118 RAMP35 & HWY417 IC117 RAMP51,369816.70953,5031136.58129,-75.66927217440,45.41714368270,2016-01-06,5:40:00 PM,01 - Clear,07 - Dark,01 - Dry,10 - No control,,03 - P.D. only,03 - Rear end,0
16-12793,HIGHWAY 417 btwn HWY417 IC122 RAMP16 & HWY417 IC122 RAMP61,365322.20579,5028889.14122,-75.72696952690,45.39732496050,2016-01-06,5:30:00 PM,01 - Clear,05 - Dusk,01 - Dry,10 - No control,,03 - P.D. only,04 - Sideswipe,0
16-12794,HIGHWAY 417 btwn HWY417 IC129 RAMP25 & HWY417 IC129 RAMP35,360458.21660,5023523.80444,-75.78969529310,45.34945152100,2016-01-07,7:15:00 AM,01 - Clear,"04 - Dawn, artificial",99 - Other,10 - No control,,03 - P.D. only,03 - Rear end,0
16-12795,HIGHWAY 417 btwn HWY417 IC119B RAMP76 & HWY417 IC119A RAMP67,368426.59647,5030440.76653,-75.68712185880,45.41101076660,2016-01-07,3:51:00 PM,02 - Rain,01 - Daylight,02 - Wet,10 - No control,,03 - P.D. only,03 - Rear end,0
16-12796,HIGHWAY 417 btwn HWY417 IC115 RAMP35 & HIGHWAY 417,372501.86058,5031505.84426,-75.63491673240,45.42021147980,2016-01-07,3:40:00 PM,01 - Clear,01 - Daylight,01 - Dry,10 - No control,,03 - P.D. only,03 - Rear end,0
16-12797,HIGHWAY 417 btwn HWY417 IC163 RAMP15 & HWY417 IC155 RAMP51,331378.98613,5021437.81066,-76.16090354300,45.33238561710,2016-01-07,9:45:00 PM,01 - Clear,07 - Dark,01 - Dry,10 - No control,,03 - P.D. only,07 - SMV other,0
16-12798,HIGHWAY 417 btwn HWY417 IC126 RAMP61 & HWY417 IC124 RAMP76,363190.81005,5025905.33303,-75.75454374520,45.37065807930,2016-01-08,5:42:00 PM,01 - Clear,"08 - Dark, artificial",01 - Dry,10 - No control,,03 - P.D. only,03 - Rear end,0
16-12799,HIGHWAY 417 btwn HWY417 IC122 RAMP61 & HWY417 IC121B RAMP16,366071.97131,5029345.39663,-75.71733723010,45.40136502350,2016-01-08,6:20:00 PM,01 - Clear,07 - Dark,01 - Dry,10 - No control,,03 - P.D. only,03 - Rear end,0
16-12800,HIGHWAY 417 btwn HWY417 IC122 RAMP15 & HWY417 IC121B RAMP51,365815.05197,5029190.47299,-75.72063787090,45.39999349750,2016-01-08,6:41:00 PM,01 - Clear,"08 - Dark, artificial",01 - Dry,10 - No control,,03 - P.D. only,03 - Rear end,0
16-12801,HIGHWAY 417 btwn HWY417 IC126 RAMP16 & HWY417 IC126 RAMP61,363174.08140,5025876.77014,-75.75476067090,45.37040246750,2016-01-09,5:10:00 AM,03 - Snow,07 - Dark,03 - Loose snow,10 - No control,,03 - P.D. only,07 - SMV other,0
16-12802,HIGHWAY 417 btwn HWY417 IC117 RAMP51 & HWY417 IC117 RAMP35,370822.35041,5031199.68273,-75.65641589210,45.41761727460,2016-01-09,6:50:00 AM,02 - Rain,07 - Dark,04 - Slush,10 - No control,,03 - P.D. only,07 - SMV other,0
16-12803,HWY417 IC144 RAMP61 btwn HWY417 IC144 RAMP63 & HIGHWAY 417,347479.53097,5016039.01947,-75.95596421020,45.28301097390,2016-01-09,6:18:00 PM,01 - Clear,07 - Dark,02 - Wet,10 - No control,,03 - P.D. only,03 - Rear end,0
16-12804,HIGHWAY 416 btwn HWY416 IC66 RAMP34 & HWY416 IC72 RAMP53,359833.88139,5017249.00817,-75.79835966590,45.29303991530,2016-01-10,2:25:00 AM,01 - Clear,07 - Dark,01 - Dry,10 - No control,,03 - P.D. only,07 - SMV other,0
16-12805,HIGHWAY 416 btwn HWY416 IC66 RAMP52 & HWY416 IC66 RAMP24,360069.80187,5014785.91691,-75.79562639870,45.27085826030,2016-01-10,10:40:00 AM,02 - Rain,01 - Daylight,02 - Wet,10 - No control,,03 - P.D. only,07 - SMV other,0
16-12806,HWY417 HUNT CLUB IC109 RAMP53 btwn HIGHWAY 417 WB & HUNT CLUB RD WB,376385.68800,5027431.59700,-75.58588739330,45.38316705850,2016-01-10,12:02:00 AM,03 - Snow,"08 - Dark, artificial",06 - Ice,10 - No control,,03 - P.D. only,03 - Rear end,0
16-12807,HIGHWAY 417 btwn HWY 417 ANDERSON IC104R61 & HWY 417 BOUNDARY IC96R16,387161.57411,5023916.20085,-75.44889260450,45.35035455830,2016-01-11,5:50:00 AM,01 - Clear,07 - Dark,06 - Ice,10 - No control,,03 - P.D. only,07 - SMV other,0
16-12808,HIGHWAY 417 btwn HWY417 IC96 RAMP61 & HWY417 IC88 RAMP16,392506.61096,5022899.79519,-75.38087156400,45.34056193560,2016-01-11,6:45:00 AM,01 - Clear,07 - Dark,02 - Wet,10 - No control,,03 - P.D. only,04 - Sideswipe,0
16-12809,HIGHWAY 417 btwn HWY417 IC123 RAMP62 & HWY417 IC122 RAMP16,365123.54537,5028695.76811,-75.72953036700,45.39560217500,2016-01-11,1:50:00 PM,01 - Clear,01 - Daylight,01 - Dry,10 - No control,,03 - P.D. only,07 - SMV other,0
16-12810,HIGHWAY 417 btwn HWY417 IC119B RAMP76 & HWY417 IC119A RAMP67,368588.40861,5030532.06475,-75.68504298140,45.41181750790,2016-01-11,5:44:00 PM,01 - Clear,07 - Dark,01 - Dry,10 - No control,,03 - P.D. only,03 - Rear end,0
16-12811,HIGHWAY 417 btwn REGIONAL ROAD 174 & HWY417 IC113 RAMP62,373284.84228,5031731.71352,-75.62488169040,45.42216753300,2016-01-12,5:35:00 AM,01 - Clear,07 - Dark,01 - Dry,10 - No control,,03 - P.D. only,03 - Rear end,0
16-12812,HIGHWAY 417 btwn HWY417 IC127 RAMP35 & HWY417 IC127 RAMP25,362116.43400,5024823.07229,-75.76838435980,45.36100868430,2016-01-12,8:20:00 AM,01 - Clear,01 - Daylight,01 - Dry,10 - No control,,03 - P.D. only,03 - Rear end,0
16-12813,HIGHWAY 417 btwn HWY417 IC124 RAMP67 & HWY417 IC123 RAMP62,364784.15691,5028088.54820,-75.73393856550,45.39016768880,2016-01-15,1:50:00 PM,03 - Snow,01 - Daylight,04 - Slush,10 - No control,,03 - P.D. only,03 - Rear end,0
16-12814,HIGHWAY 416 btwn HWY416 IC66 RAMP62 & HWY416 IC72 RAMP24,360311.19020,5017866.74718,-75.79220565650,45.29856083060,2016-01-12,3:10:00 PM,01 - Clear,01 - Daylight,06 - Ice,10 - No control,,02 - Non-fatal injury,07 - SMV other,0
16-12815,HIGHWAY 416 btwn HWY416 IC66 RAMP62 & HWY416 IC72 RAMP24,360295.05030,5017785.88766,-75.79242048190,45.29783452650,2016-01-12,3:30:00 PM,03 - Snow,01 - Daylight,02 - Wet,10 - No control,,03 - P.D. only,04 - Sideswipe,0
16-12816,HIGHWAY 417 btwn HWY 417 ANDERSON IC104R61 & HWY 417 BOUNDARY IC96R16,384918.78666,5025034.20134,-75.47732947240,45.36067326330,2016-01-12,4:54:00 PM,03 - Snow,05 - Dusk,03 - Loose snow,10 - No control,,02 - Non-fatal injury,07 - SMV other,0
16-12817,HIGHWAY 417 btwn HWY 417 ANDERSON IC104R61 & HWY 417 BOUNDARY IC96R16,384917.46374,5025038.17009,-75.47734571360,45.36070912270,2016-01-12,5:42:00 PM,03 - Snow,07 - Dark,03 - Loose snow,10 - No control,,03 - P.D. only,07 - SMV other,0
16-12818,HIGHWAY 417 btwn HWY417 IC110 RAMP66 & HWY417 IC110 RAMP56,375843.27205,5029085.86880,-75.59257472610,45.39810655160,2016-01-12,9:23:00 PM,03 - Snow,07 - Dark,03 - Loose snow,10 - No control,,03 - P.D. only,99 - Other,0
16-12819,HIGHWAY 417 btwn HWY417 IC120A RAMP52 & HWY417 IC119B RAMP57,367792.21727,5030000.86767,-75.69528193670,45.40711008140,2016-01-12,9:55:00 PM,03 - Snow,07 - Dark,03 - Loose snow,10 - No control,,03 - P.D. only,07 - SMV other,0
16-12820,HIGHWAY 417 btwn HWY417 IC104 RAMP15 & HWY417 IC96 RAMP51,384881.10612,5024986.91287,-75.47781802870,45.36025210430,2016-01-13,12:07:00 AM,03 - Snow,07 - Dark,03 - Loose snow,10 - No control,,02 - Non-fatal injury,07 - SMV other,0
16-12821,HIGHWAY 417 btwn HWY417 IC163 RAMP16 & HWY417 IC169 RAMP61,331309.76183,5021497.33254,-76.16178350770,45.33292384510,2016-01-13,12:40:00 AM,01 - Clear,07 - Dark,02 - Wet,10 - No control,,02 - Non-fatal injury,07 - SMV other,0
16-12822,HIGHWAY 417 btwn RAMP & HWY417 IC88 RAMP51,392209.84124,5022904.29170,-75.38465680320,45.34063942820,2016-01-13,1:05:00 AM,03 - Snow,07 - Dark,05 - Packed snow,10 - No control,,03 - P.D. only,07 - SMV other,0
16-12823,HIGHWAY 417 btwn HWY417 IC122 RAMP61 & HWY417 IC121B RAMP16,366084.02739,5029349.12453,-75.71718278170,45.40139751090,2016-01-13,1:44:00 AM,03 - Snow,07 - Dark,03 - Loose snow,10 - No control,,03 - P.D. only,07 - SMV other,0
16-12824,HIGHWAY 417 btwn HWY417 IC124 RAMP65 & HWY417 IC122 RAMP51,365130.24048,5028671.49056,-75.72944783200,45.39538315450,2016-01-12,11:57:00 AM,01 - Clear,01 - Daylight,01 - Dry,10 - No control,,03 - P.D. only,03 - Rear end,0
16-12825,HWY417 IC122 RAMP51 btwn HIGHWAY 417 & PARKDALE AVE,365324.16472,5028836.25020,-75.72695099820,45.39684888970,2016-01-12,1:20:00 PM,01 - Clear,01 - Daylight,04 - Slush,10 - No control,,03 - P.D. only,03 - Rear end,0
16-12826,HIGHWAY 417 btwn HWY417 IC121A RAMP16 & HWY417 IC121A RAMP61,367274.78382,5029767.02249,-75.70192107060,45.40505238670,2016-01-13,9:21:00 AM,01 - Clear,01 - Daylight,03 - Loose snow,10 - No control,,03 - P.D. only,03 - Rear end,0
16-12827,HIGHWAY 416 btwn HWY416 IC57 RAMP34 & HWY416 IC57 RAMP43,364716.01641,5008048.84771,-75.73723042970,45.20985729380,2016-01-13,10:00:00 AM,01 - Clear,01 - Daylight,03 - Loose snow,10 - No control,,03 - P.D. only,07 - SMV other,0
16-12828,HIGHWAY 417 btwn HWY417 IC124 RAMP65 & HWY417 IC122 RAMP51,365128.95524,5028669.69915,-75.72946446570,45.39536714660,2016-01-13,11:57:00 AM,01 - Clear,01 - Daylight,01 - Dry,10 - No control,,03 - P.D. only,03 - Rear end,0
16-12829,HIGHWAY 417 btwn HWY417 IC96 RAMP61 & HIGHWAY 417,387465.40837,5023877.21646,-75.44502221420,45.34996806300,2016-01-11,4:40:00 PM,01 - Clear,05 - Dusk,01 - Dry,10 - No control,,03 - P.D. only,07 - SMV other,0
16-12830,HIGHWAY 417 btwn HWY417 IC117 RAMP51 & HWY417 IC117 RAMP35,370831.65826,5031202.27427,-75.65629662840,45.41763971430,2016-01-13,5:05:00 PM,01 - Clear,05 - Dusk,01 - Dry,10 - No control,,03 - P.D. only,03 - Rear end,0
16-12831,HIGHWAY 417 btwn HWY417 IC124 RAMP67 & HWY417 IC123 RAMP62,364638.98034,5027832.76039,-75.73582347440,45.38787857830,2016-01-13,6:50:00 PM,01 - Clear,07 - Dark,01 - Dry,10 - No control,,03 - P.D. only,03 - Rear end,0
16-12832,HIGHWAY 417 btwn HWY417 IC112 RAMP66 & HWY417 IC112 RAMP56,374449.64860,5030869.16383,-75.61012118460,45.41429176320,2016-01-14,10:18:00 AM,03 - Snow,01 - Daylight,06 - Ice,10 - No control,,03 - P.D. only,07 - SMV other,0
16-12833,HIGHWAY 417 btwn HWY417 IC124 RAMP76 & HWY417 IC124 RAMP67,364448.22005,5027561.33058,-75.73829217290,45.38545257410,2016-01-14,2:20:00 PM,01 - Clear,01 - Daylight,02 - Wet,10 - No control,,03 - P.D. only,03 - Rear end,0
16-12834,HIGHWAY 417 btwn HWY417 IC122 RAMP51 & HWY417 IC122 RAMP15,365331.02096,5028874.44927,-75.72685874630,45.39719200400,2016-01-14,7:35:00 PM,01 - Clear,07 - Dark,01 - Dry,10 - No control,,03 - P.D. only,01 - Approaching,0
16-12835,HIGHWAY 417 btwn HWY417 IC115 RAMP35 & HIGHWAY 417,372495.25601,5031505.52976,-75.63500115840,45.42020928920,2016-01-14,10:50:00 PM,01 - Clear,07 - Dark,01 - Dry,10 - No control,,03 - P.D. only,99 - Other,0
16-12836,HIGHWAY 417 btwn HWY417 IC123 RAMP62 & HWY417 IC122 RAMP16,365133.92742,5028713.85788,-75.72939556480,45.39576404860,2016-01-15,3:45:00 PM,01 - Clear,01 - Daylight,01 - Dry,10 - No control,,03 - P.D. only,03 - Rear end,0