Record,Location,X,Y,Longitude,Latitude,Date,Time,Environment,Light,Road_Surface,Traffic_Control,Collision_Location,Collision_Classification,Impact_type,Pedestrian
16-13038,HIGHWAY 417 btwn HWY417 IC155 RAMP35 & HWY417 IC155 RAMP25,339543.87393,5019308.54256,-76.05688751860,45.31286875870,2016-02-20,8:10:00 AM,02 - Rain,01 - Daylight,04 - Slush,10 - No control,,03 - P.D. only,07 - SMV other,0
16-13039,HWY417 IC118 RAMP67 btwn HWY417 IC118 RAMP64 & HIGHWAY 417,369707.00471,5031161.26783,-75.67067048890,45.41737598790,2016-02-20,8:35:00 AM,02 - Rain,01 - Daylight,04 - Slush,10 - No control,,03 - P.D. only,07 - SMV other,0
16-13040,HIGHWAY 417 btwn HWY417 IC123 RAMP62 & HWY417 IC122 RAMP16,365132.32908,5028711.93737,-75.72941621180,45.39574690610,2016-02-20,10:00:00 AM,02 - Rain,01 - Daylight,02 - Wet,10 - No control,,03 - P.D. only,03 - Rear end,0
16-13041,HIGHWAY 417 btwn HWY417 IC134 RAMP36 & HWY417 IC134 RAMP26,356427.39340,5022297.04913,-75.84126074880,45.33872138070,2016-02-20,10:34:00 AM,02 - Rain,01 - Daylight,02 - Wet,10 - No control,,03 - P.D. only,07 - SMV other,0
16-13042,HIGHWAY 417 btwn HIGHWAY 417 & Continuation of HIGHWAY 417,352981.46678,5020223.58138,-75.88542819310,45.32030904520,2016-02-20,7:30:00 AM,02 - Rain,01 - Daylight,04 - Slush,10 - No control,,03 - P.D. only,07 - SMV other,0
16-13043,HIGHWAY 416 btwn HWY416 IC75B RAMP25 & HWY416 IC75A RAMP26,358733.71218,5021993.56064,-75.81186846080,45.33581707430,2016-02-21,7:55:00 AM,03 - Snow,01 - Daylight,03 - Loose snow,10 - No control,,03 - P.D. only,07 - SMV other,0
16-13044,HIGHWAY 417 btwn HWY417 IC127 RAMP25 & HWY417 IC126 RAMP51,363187.08688,5025861.01354,-75.75459651120,45.37025960810,2016-02-21,10:30:00 AM,01 - Clear,01 - Daylight,02 - Wet,10 - No control,,03 - P.D. only,04 - Sideswipe,0
16-13045,HIGHWAY 417 btwn HWY417 IC110 RAMP55 & HWY417 IC104 RAMP51,379541.84413,5026019.50608,-75.54580412020,45.37013230730,2016-02-21,3:46:00 PM,01 - Clear,01 - Daylight,01 - Dry,10 - No control,,03 - P.D. only,07 - SMV other,0
16-13046,HIGHWAY 417 btwn HWY417 IC134 RAMP35 & HWY417 IC134 RAMP25,356437.41233,5022249.92888,-75.84113783860,45.33829665130,2016-02-22,8:00:00 AM,01 - Clear,01 - Daylight,01 - Dry,10 - No control,,03 - P.D. only,04 - Sideswipe,0
16-13047,HIGHWAY 417 btwn HWY417 IC110 RAMP55 & HWY417 IC110 RAMP65,375806.22140,5029044.45970,-75.59305387040,45.39773773310,2016-02-22,3:20:00 PM,01 - Clear,01 - Daylight,01 - Dry,10 - No control,,03 - P.D. only,04 - Sideswipe,0
16-13048,HIGHWAY 417 btwn HWY417 IC118 RAMP76 & HWY417 IC118 RAMP67,369479.91835,5031072.71286,-75.67358333420,45.41660023280,2016-02-22,6:00:00 AM,01 - Clear,07 - Dark,01 - Dry,10 - No control,,03 - P.D. only,04 - Sideswipe,0
16-13049,HIGHWAY 417 btwn REGIONAL ROAD 174 & HWY417 IC113 RAMP85,373606.06038,5031796.02519,-75.62076857910,45.42271465790,2016-02-22,4:50:00 PM,01 - Clear,"02 - Daylight, artificial",01 - Dry,10 - No control,,03 - P.D. only,04 - Sideswipe,0
16-13050,HIGHWAY 417 btwn HWY417 IC122 RAMP61 & HWY417 IC121B RAMP16,366069.79117,5029343.21649,-75.71736534600,45.40134559830,2016-02-22,5:16:00 PM,01 - Clear,05 - Dusk,01 - Dry,10 - No control,,03 - P.D. only,03 - Rear end,0
16-13051,HIGHWAY 417 btwn HWY417 IC112 RAMP66 & HWY417 IC112 RAMP56,374452.36614,5030870.14228,-75.61008633030,45.41430029680,2016-02-23,12:13:00 PM,01 - Clear,01 - Daylight,01 - Dry,10 - No control,,03 - P.D. only,04 - Sideswipe,0
16-13052,HIGHWAY 417 btwn HWY417 IC127 RAMP25 & HWY417 IC126 RAMP51,363197.86795,5025874.21114,-75.75445732490,45.37037746020,2016-02-23,4:16:00 PM,01 - Clear,01 - Daylight,01 - Dry,10 - No control,,03 - P.D. only,03 - Rear end,0
16-13053,HIGHWAY 417 btwn HWY417 IC122 RAMP15 & HWY417 IC121B RAMP51,365802.99008,5029181.30789,-75.72079306010,45.39991208320,2016-02-23,6:05:00 PM,01 - Clear,07 - Dark,01 - Dry,10 - No control,,03 - P.D. only,03 - Rear end,0
16-13054,HIGHWAY 417 btwn HWY417 IC121B RAMP16 & HWY417 IC121A RAMP16,366595.51394,5029539.75216,-75.71062599560,45.40306776620,2016-02-23,7:42:00 PM,01 - Clear,07 - Dark,01 - Dry,10 - No control,,03 - P.D. only,07 - SMV other,0
16-13055,HIGHWAY 417 btwn HWY417 IC163 RAMP15 & HWY417 IC155 RAMP51,336018.93649,5020220.43683,-76.10178484250,45.32124000500,2016-02-24,6:15:00 AM,03 - Snow,07 - Dark,03 - Loose snow,10 - No control,,03 - P.D. only,07 - SMV other,0
16-13056,HIGHWAY 417 btwn HWY417 IC155 RAMP25 & RAMP,344311.84563,5015454.34759,-75.99638759900,45.27793503420,2016-02-24,7:30:00 AM,03 - Snow,01 - Daylight,03 - Loose snow,10 - No control,,03 - P.D. only,07 - SMV other,0
16-13057,HIGHWAY 417 btwn HWY417 IC118 RAMP67 & HWY417 IC117 RAMP36,369851.92301,5031155.25462,-75.66881982900,45.41730842490,2016-02-24,11:00:00 AM,03 - Snow,01 - Daylight,03 - Loose snow,10 - No control,,03 - P.D. only,04 - Sideswipe,0
16-13058,HIGHWAY 417 btwn Continuation of HIGHWAY 417 & HWY417 IC155 RAMP26,339560.05397,5019339.85876,-76.05667897180,45.31314975560,2016-02-24,11:08:00 AM,03 - Snow,01 - Daylight,04 - Slush,10 - No control,,03 - P.D. only,04 - Sideswipe,0
16-13059,HIGHWAY 417 btwn HWY417 IC120A RAMP52 & HWY417 IC119B RAMP57,368080.24022,5030191.63197,-75.69157836050,45.40880053760,2016-02-23,4:30:00 PM,01 - Clear,01 - Daylight,01 - Dry,10 - No control,,03 - P.D. only,04 - Sideswipe,0
16-13060,HIGHWAY 417 btwn HWY417 IC140 RAMP35 & HWY417 IC140 RAMP25,350972.63568,5018570.55201,-75.91120420800,45.30556966020,2016-02-24,1:05:00 PM,03 - Snow,01 - Daylight,03 - Loose snow,10 - No control,,03 - P.D. only,04 - Sideswipe,0
16-13061,HWY416 IC66 RAMP34 btwn HIGHWAY 416 & FALLOWFIELD RD,359802.38767,5014870.27585,-75.79902479800,45.27163829890,2016-02-24,3:00:00 PM,04 - Freezing Rain,01 - Daylight,04 - Slush,10 - No control,,03 - P.D. only,04 - Sideswipe,0
16-13062,HIGHWAY 417 btwn Continuation of HIGHWAY 417 & HWY417 IC155 RAMP26,339541.33689,5019346.90490,-76.05691718380,45.31321408590,2016-02-24,3:00:00 PM,02 - Rain,01 - Daylight,04 - Slush,10 - No control,,03 - P.D. only,04 - Sideswipe,0
16-13063,HIGHWAY 417 btwn HWY417 IC142 RAMP35 & HWY417 IC142 RAMP25,348948.13877,5017222.97960,-75.93713940540,45.29357394220,2016-02-24,5:30:00 PM,04 - Freezing Rain,05 - Dusk,04 - Slush,10 - No control,,03 - P.D. only,03 - Rear end,0
16-13064,HIGHWAY 417 btwn HWY417 IC134 RAMP36 & HWY417 IC134 RAMP26,356453.97195,5022312.03208,-75.84092007780,45.33885424280,2016-02-24,6:50:00 PM,02 - Rain,07 - Dark,04 - Slush,10 - No control,,03 - P.D. only,04 - Sideswipe,0
16-13065,HIGHWAY 417 btwn HWY417 IC129 RAMP76 & HWY417 IC129 RAMP26,360432.79213,5023534.78463,-75.79001849780,45.34955233790,2016-02-24,7:10:00 PM,02 - Rain,"08 - Dark, artificial",04 - Slush,10 - No control,,03 - P.D. only,04 - Sideswipe,0
16-13066,HIGHWAY 417 btwn HWY417 IC163 RAMP15 & HWY417 IC155 RAMP51,336014.73659,5020225.64015,-76.10183808540,45.32128701460,2016-02-24,8:13:00 PM,02 - Rain,07 - Dark,04 - Slush,10 - No control,,02 - Non-fatal injury,07 - SMV other,0
16-13067,HIGHWAY 417 btwn Continuation of HIGHWAY 417 & HWY417 IC155 RAMP26,339534.08488,5019348.40544,-76.05700956610,45.31322794680,2016-02-24,9:43:00 PM,04 - Freezing Rain,"08 - Dark, artificial",06 - Ice,10 - No control,,03 - P.D. only,07 - SMV other,0
16-13068,HIGHWAY 417 btwn HWY417 IC104 RAMP51 & HWY417 IC104 RAMP15,380059.78676,5025904.63916,-75.53921020700,45.36904337910,2016-02-24,9:35:00 PM,02 - Rain,07 - Dark,04 - Slush,10 - No control,,03 - P.D. only,07 - SMV other,0
16-13069,HIGHWAY 417 btwn Continuation of HIGHWAY 417 & HWY417 IC144 RAMP16,347378.06819,5015845.83987,-75.95727407200,45.28127882440,2016-02-24,10:30:00 PM,04 - Freezing Rain,"08 - Dark, artificial",06 - Ice,10 - No control,,02 - Non-fatal injury,07 - SMV other,0
16-13070,HIGHWAY 417 btwn HWY417 IC138 RAMP36 & HIGHWAY 417,352921.77577,5020246.24181,-75.88618732750,45.32051704220,2016-02-24,9:50:00 PM,02 - Rain,07 - Dark,06 - Ice,10 - No control,,03 - P.D. only,07 - SMV other,0
16-13071,HIGHWAY 416 btwn HWY416 IC72 RAMP34 & HWY416 IC72 RAMP63,359525.78619,5019483.78186,-75.80204064390,45.31317264520,2016-02-25,2:35:00 AM,04 - Freezing Rain,"08 - Dark, artificial",06 - Ice,10 - No control,,03 - P.D. only,07 - SMV other,0
16-13072,HWY417 IC142 RAMP16 btwn TO BE DETERMINED & HIGHWAY 417,348909.42924,5017442.79444,-75.93761335380,45.29555433840,2016-02-25,6:54:00 AM,02 - Rain,"04 - Dawn, artificial",06 - Ice,10 - No control,,03 - P.D. only,07 - SMV other,0
16-13073,HIGHWAY 417 btwn HWY417 IC155 RAMP25 & RAMP,342125.26179,5017589.90759,-76.02409582640,45.29727127130,2016-02-25,6:50:00 AM,02 - Rain,07 - Dark,06 - Ice,10 - No control,,03 - P.D. only,03 - Rear end,0
16-13074,HIGHWAY 417 btwn HWY417 IC124 RAMP65 & HWY417 IC122 RAMP51,364829.62280,5028126.71408,-75.73335332700,45.39050720230,2016-02-25,8:30:00 AM,01 - Clear,01 - Daylight,06 - Ice,10 - No control,,02 - Non-fatal injury,07 - SMV other,0
16-13075,HIGHWAY 417 btwn HWY417 IC122 RAMP61 & HWY417 IC121B RAMP16,365816.84947,5029209.09831,-75.72061260890,45.40016092680,2016-02-25,2:50:00 PM,03 - Snow,01 - Daylight,02 - Wet,10 - No control,,03 - P.D. only,03 - Rear end,0
16-13076,HIGHWAY 417 btwn HWY417 IC122 RAMP61 & HWY417 IC121B RAMP16,365818.25320,5029211.20392,-75.72059442020,45.40017975010,2016-05-27,9:15:00 AM,01 - Clear,01 - Daylight,01 - Dry,10 - No control,,03 - P.D. only,99 - Other,0
16-13077,HIGHWAY 417 btwn HWY417 IC96 RAMP61 & HWY417 IC88 RAMP16,392417.53816,5022907.74119,-75.38200650020,45.34064455520,2016-02-25,5:17:00 PM,03 - Snow,01 - Daylight,03 - Loose snow,10 - No control,,03 - P.D. only,07 - SMV other,0
16-13078,HIGHWAY 417 btwn HWY417 IC129 RAMP76 & HWY417 IC129 RAMP26,360453.03819,5023555.78615,-75.78975777500,45.34973970350,2016-02-25,6:30:00 PM,03 - Snow,"08 - Dark, artificial",03 - Loose snow,10 - No control,,03 - P.D. only,07 - SMV other,0
16-13079,HIGHWAY 417 btwn HIGHWAY 417 & Continuation of HIGHWAY 417,352979.14202,5020220.81332,-75.88545811430,45.32028429680,2016-02-25,6:20:00 PM,04 - Freezing Rain,"08 - Dark, artificial",04 - Slush,10 - No control,,03 - P.D. only,07 - SMV other,0
16-13080,HIGHWAY 417 btwn HWY417 IC134 RAMP35 & HWY417 IC134 RAMP25,356410.73516,5022236.59768,-75.84147959020,45.33817865880,2016-02-25,6:45:00 PM,03 - Snow,"08 - Dark, artificial",03 - Loose snow,10 - No control,,03 - P.D. only,99 - Other,0
16-13081,HIGHWAY 417 btwn HWY417 IC155 RAMP35 & HWY417 IC155 RAMP25,339571.36322,5019303.45215,-76.05653729650,45.31282159230,2016-02-25,6:30:00 PM,03 - Snow,07 - Dark,06 - Ice,10 - No control,,02 - Non-fatal injury,04 - Sideswipe,0
16-13082,HIGHWAY 417 btwn HWY417 IC142 RAMP35 & HWY417 IC142 RAMP25,348949.58681,5017217.54377,-75.93712142910,45.29352493810,2016-02-25,7:00:00 PM,01 - Clear,"08 - Dark, artificial",06 - Ice,10 - No control,,03 - P.D. only,04 - Sideswipe,0
16-13083,HIGHWAY 417 btwn HWY417 IC119B RAMP76 & HWY417 IC119A RAMP67,368281.77923,5030352.28208,-75.68898321840,45.41022776410,2016-02-25,7:00:00 PM,03 - Snow,07 - Dark,06 - Ice,10 - No control,,03 - P.D. only,04 - Sideswipe,0
16-13084,HIGHWAY 417 btwn HWY417 IC121B RAMP16 & HWY417 IC121A RAMP16,366876.69889,5029619.28389,-75.70702448050,45.40375849230,2016-02-25,7:02:00 PM,03 - Snow,07 - Dark,06 - Ice,10 - No control,,03 - P.D. only,07 - SMV other,0
16-13085,HIGHWAY 417 btwn HWY417 IC119A RAMP67 & HWY417 IC118 RAMP76,368757.10721,5030622.31559,-75.68287620740,45.41261415660,2016-02-25,7:00:00 PM,04 - Freezing Rain,"08 - Dark, artificial",04 - Slush,10 - No control,,03 - P.D. only,04 - Sideswipe,0
16-13086,HIGHWAY 417 btwn HWY417 IC123 RAMP62 & HWY417 IC122 RAMP16,365134.97773,5028714.05989,-75.72938212650,45.39576577570,2016-02-25,7:15:00 PM,01 - Clear,"08 - Dark, artificial",06 - Ice,10 - No control,,03 - P.D. only,07 - SMV other,0
16-13087,HIGHWAY 417 btwn Continuation of HIGHWAY 417 & HWY417 IC155 RAMP26,339571.97782,5019337.32961,-76.05652708070,45.31312640630,2016-02-25,6:38:00 PM,03 - Snow,07 - Dark,06 - Ice,10 - No control,,03 - P.D. only,99 - Other,0
16-13088,HIGHWAY 417 btwn HWY417 IC122 RAMP51 & HWY417 IC122 RAMP15,365314.37008,5028860.73678,-75.72707308510,45.39707006130,2016-02-25,11:20:00 PM,01 - Clear,"08 - Dark, artificial",02 - Wet,10 - No control,,02 - Non-fatal injury,07 - SMV other,0
16-13089,HWY417 IC118 RAMP35 btwn HWY417 IC118 RAMP45 & MANN AVE OVERPASS,369492.38361,5030958.08090,-75.67343913110,45.41556766410,2016-02-26,10:30:00 AM,01 - Clear,01 - Daylight,01 - Dry,10 - No control,,03 - P.D. only,04 - Sideswipe,0
16-13090,HIGHWAY 417 btwn HWY417 IC127 RAMP63 & HWY417 IC127 RAMP67,362123.08804,5024850.82970,-75.76829621230,45.36125789910,2016-02-26,3:50:00 PM,01 - Clear,01 - Daylight,01 - Dry,10 - No control,,02 - Non-fatal injury,03 - Rear end,0
16-13091,HIGHWAY 417 btwn HWY417 IC155 RAMP61 & HWY417 IC145 RAMP56,344371.27406,5015435.60933,-75.99563165500,45.27776307650,2016-02-26,6:30:00 PM,01 - Clear,07 - Dark,01 - Dry,10 - No control,,03 - P.D. only,07 - SMV other,0
16-13092,HIGHWAY 417 btwn HWY417 IC134 RAMP35 & HWY417 IC134 RAMP25,356415.87448,5022239.05742,-75.84141376370,45.33820041340,2016-02-27,12:28:00 AM,01 - Clear,00 - Unknown,01 - Dry,10 - No control,,03 - P.D. only,07 - SMV other,0
16-13093,HWY417 IC112 RAMP64 btwn HWY417 IC112 RAMP68 & HIGHWAY 417,374814.61412,5030751.47648,-75.60547549090,45.41319645370,2016-02-27,2:15:00 AM,01 - Clear,07 - Dark,01 - Dry,10 - No control,,03 - P.D. only,04 - Sideswipe,0
16-13094,HWY 7 HAZELDEAN RD IC RAMP 34 btwn HAZELDEAN RD & HIGHWAY 7,346317.83659,5012637.83160,-75.97105601180,45.25247523610,2016-02-27,4:30:00 AM,01 - Clear,07 - Dark,01 - Dry,10 - No control,,03 - P.D. only,07 - SMV other,0
16-13095,HWY417 IC127 RAMP35 btwn HIGHWAY 417 & WOODROFFE AVE,362091.33651,5024664.45307,-75.76872307740,45.35958349260,2016-02-27,7:30:00 AM,01 - Clear,01 - Daylight,01 - Dry,10 - No control,,03 - P.D. only,07 - SMV other,0
16-13096,HIGHWAY 416 btwn HWY416 IC72 RAMP62 & HWY416 IC72 RAMP24,359568.91460,5019469.27503,-75.80149223940,45.31303874870,2016-02-27,7:39:00 AM,01 - Clear,01 - Daylight,02 - Wet,10 - No control,,02 - Non-fatal injury,99 - Other,0
16-13097,HIGHWAY 417 btwn HWY417 IC124 RAMP65 & HWY417 IC122 RAMP51,364806.42955,5028082.63998,-75.73365486470,45.39011261990,2016-02-26,1:00:00 PM,01 - Clear,01 - Daylight,01 - Dry,10 - No control,,03 - P.D. only,07 - SMV other,0
16-13098,HIGHWAY 417 btwn HWY417 IC119B RAMP76 & HWY417 IC119A RAMP67,368587.95165,5030533.89261,-75.68504858160,45.41183399550,2016-02-27,11:55:00 AM,01 - Clear,01 - Daylight,01 - Dry,10 - No control,,03 - P.D. only,99 - Other,0
16-13099,HIGHWAY 417 btwn HWY417 IC126 RAMP61 & HWY417 IC124 RAMP76,363188.12838,5025904.06514,-75.75457812730,45.37064689440,2016-02-27,2:47:00 PM,01 - Clear,01 - Daylight,01 - Dry,10 - No control,,03 - P.D. only,04 - Sideswipe,0
16-13100,HIGHWAY 417 btwn Continuation of HIGHWAY 417 & HWY417 IC155 RAMP26,339569.79361,5019336.47695,-76.05655499650,45.31311884240,2016-02-27,6:55:00 PM,01 - Clear,07 - Dark,01 - Dry,10 - No control,,03 - P.D. only,07 - SMV other,0
16-13101,HIGHWAY 417 btwn HWY417 IC115 RAMP36 & HWY417 IC115 RAMP26,372501.35446,5031525.23683,-75.63492053380,45.42038601350,2016-02-28,9:45:00 AM,03 - Snow,01 - Daylight,04 - Slush,10 - No control,,03 - P.D. only,04 - Sideswipe,0
16-13102,HWY 417 MOODIE IC134R52 @ MOODIE DR,356459.46733,5022043.55504,-75.84087799380,45.33643805560,2016-02-28,6:55:00 PM,01 - Clear,07 - Dark,01 - Dry,01 - Traffic signal,,03 - P.D. only,07 - SMV other,0
16-13103,HIGHWAY 7 btwn DWYER HILL RD & UPPER DWYER HILL RD,340972.06240,5007166.91413,-76.03955731170,45.20353988150,2016-02-29,6:35:00 AM,04 - Freezing Rain,07 - Dark,02 - Wet,10 - No control,,02 - Non-fatal injury,07 - SMV other,0
16-13104,HIGHWAY 416 btwn HWY416 IC66 RAMP53 & HWY416 IC57 RAMP34,363760.25889,5009910.23356,-75.74917637720,45.22668685330,2016-02-29,7:30:00 AM,04 - Freezing Rain,01 - Daylight,04 - Slush,10 - No control,,02 - Non-fatal injury,07 - SMV other,0
16-13105,HIGHWAY 416 btwn HWY416 IC49 RAMP43 & HWY416 IC42 RAMP34,369671.37429,4998819.88177,-75.67535103280,45.12637610450,2016-02-29,8:46:00 AM,01 - Clear,01 - Daylight,04 - Slush,10 - No control,,03 - P.D. only,07 - SMV other,0
16-13106,HIGHWAY 417 btwn HWY417 IC119B RAMP57 & HWY417 IC119A RAMP75,368279.20776,5030335.56753,-75.68901821860,45.41007760480,2016-02-29,12:34:00 PM,01 - Clear,01 - Daylight,01 - Dry,10 - No control,,03 - P.D. only,03 - Rear end,0
16-13107,HIGHWAY 417 btwn HWY417 IC134 RAMP36 & HWY417 IC134 RAMP26,356429.60681,5022301.54842,-75.84123203930,45.33876170290,2016-03-06,9:30:00 PM,01 - Clear,07 - Dark,01 - Dry,10 - No control,,03 - P.D. only,99 - Other,0
16-13108,HIGHWAY 416 btwn HWY416 IC66 RAMP62 & HWY416 IC66 RAMP52,360042.86441,5014835.78378,-75.79596412380,45.27130908510,2016-02-29,10:31:00 PM,01 - Clear,07 - Dark,01 - Dry,10 - No control,,03 - P.D. only,07 - SMV other,0
16-13109,HIGHWAY 417 btwn HWY417 IC117 RAMP51 & HWY417 IC117 RAMP35,370842.85925,5031207.28473,-75.65615285450,45.41768373870,2016-03-01,12:05:00 AM,01 - Clear,"08 - Dark, artificial",01 - Dry,10 - No control,,03 - P.D. only,07 - SMV other,0
16-13110,HWY417 IC127 RAMP53 btwn HWY417 IC127 RAMP51 & WOODROFFE AVE,362149.68109,5024665.37477,-75.76797831060,45.35958701570,2016-03-01,7:35:00 AM,01 - Clear,01 - Daylight,01 - Dry,10 - No control,,03 - P.D. only,03 - Rear end,0
16-13111,HIGHWAY 417 btwn HWY417 IC119B RAMP57 & HWY417 IC119A RAMP75,368582.01112,5030512.87226,-75.68512719070,45.41164540340,2016-03-01,4:20:00 PM,01 - Clear,01 - Daylight,01 - Dry,10 - No control,,02 - Non-fatal injury,03 - Rear end,0
16-13112,HIGHWAY 417 btwn HWY417 IC110 RAMP64 & HWY417 IC104 RAMP16,377972.75215,5026441.03250,-75.56577086780,45.37409054690,2016-03-03,12:15:00 AM,03 - Snow,07 - Dark,03 - Loose snow,10 - No control,,03 - P.D. only,07 - SMV other,0
16-13113,HIGHWAY 417 btwn HWY417 IC129 RAMP76 & HWY417 IC129 RAMP26,360462.73438,5023562.47166,-75.78963328950,45.34979909000,2016-03-02,6:00:00 AM,03 - Snow,07 - Dark,03 - Loose snow,10 - No control,,03 - P.D. only,07 - SMV other,0
16-13114,HWY417 IC117 RAMP51 btwn HIGHWAY 417 & HWY417 IC117 RAMP53,370577.71409,5031126.14117,-75.65955114930,45.41697861910,2016-03-02,8:15:00 AM,03 - Snow,01 - Daylight,05 - Packed snow,10 - No control,,03 - P.D. only,07 - SMV other,0
16-13115,HIGHWAY 417 btwn HWY417 IC126 RAMP61 & HWY417 IC124 RAMP76,363679.16125,5026540.46299,-75.74823394650,45.37633203110,2016-03-02,8:44:00 AM,03 - Snow,01 - Daylight,03 - Loose snow,10 - No control,,03 - P.D. only,04 - Sideswipe,0
16-13116,HIGHWAY 417 btwn HWY417 IC127 RAMP25 & HWY417 IC126 RAMP51,363204.01714,5025881.72682,-75.75437793990,45.37044457310,2016-03-02,8:55:00 AM,03 - Snow,01 - Daylight,03 - Loose snow,10 - No control,,03 - P.D. only,03 - Rear end,0
16-13117,HIGHWAY 417 btwn HWY417 IC144 RAMP61 & HWY417 IC142 RAMP16,348826.67713,5017164.97477,-75.93869303880,45.29305961660,2016-03-02,10:55:00 AM,03 - Snow,01 - Daylight,04 - Slush,10 - No control,,03 - P.D. only,07 - SMV other,0
16-13118,HWY 7 HAZELDEAN RD IC RAMP 52 btwn HAZELDEAN RD & HIGHWAY 7,346400.37168,5012198.27672,-75.97004133180,45.24851505130,2016-03-03,8:10:00 AM,01 - Clear,01 - Daylight,06 - Ice,10 - No control,,03 - P.D. only,07 - SMV other,0
16-13119,HWY417 IC127 RAMP25 btwn WOODROFFE AVE & HIGHWAY 417,362183.11307,5024809.05526,-75.76753493180,45.36087710580,2016-03-03,9:35:00 AM,01 - Clear,01 - Daylight,02 - Wet,10 - No control,,03 - P.D. only,03 - Rear end,0
16-13120,HIGHWAY 417 btwn HWY417 IC127 RAMP35 & HWY417 IC127 RAMP25,362125.25593,5024828.06147,-75.76827118320,45.36105285540,2016-03-03,3:30:00 PM,01 - Clear,01 - Daylight,01 - Dry,10 - No control,,03 - P.D. only,03 - Rear end,0
16-13121,HIGHWAY 417 btwn HWY417 IC127 RAMP35 & HWY417 IC127 RAMP25,362120.58169,5024827.01603,-75.76833096350,45.36104383030,2016-03-03,3:30:00 PM,01 - Clear,01 - Daylight,01 - Dry,10 - No control,,03 - P.D. only,05 - Turning movement,0
16-13122,HIGHWAY 417 btwn HIGHWAY 417 & Continuation of HIGHWAY 417,352970.21917,5020220.51385,-75.88557195030,45.32028221510,2016-03-03,4:45:00 PM,01 - Clear,01 - Daylight,01 - Dry,10 - No control,,03 - P.D. only,04 - Sideswipe,0
16-13123,HWY417 IC130 RAMP26 btwn RICHMOND RD & HIGHWAY 417,359379.08461,5023249.27132,-75.80349633470,45.34706608060,2016-03-04,10:50:00 PM,01 - Clear,07 - Dark,01 - Dry,10 - No control,,03 - P.D. only,04 - Sideswipe,0
16-13124,HIGHWAY 417 btwn HWY417 IC124 RAMP57 & HWY417 IC124 RAMP55,364310.43800,5027353.59764,-75.74007653910,45.38359514840,2016-03-03,11:00:00 PM,02 - Rain,"08 - Dark, artificial",02 - Wet,10 - No control,,03 - P.D. only,03 - Rear end,0
16-13125,HWY417 IC131 RAMP66 btwn TRANSIT & HWY417 IC130 RAMP36,358200.35960,5022842.07586,-75.81858135550,45.34349285250,2016-03-04,11:30:00 AM,01 - Clear,01 - Daylight,01 - Dry,10 - No control,,03 - P.D. only,99 - Other,0
16-13126,HIGHWAY 417 btwn HWY417 IC124 RAMP76 & HWY417 IC124 RAMP67,364447.24313,5027558.79719,-75.73830495420,45.38542986230,2016-03-03,2:30:00 PM,01 - Clear,01 - Daylight,01 - Dry,10 - No control,,03 - P.D. only,04 - Sideswipe,0
16-13127,HIGHWAY 417 btwn HWY417 IC119A RAMP75 & HWY417 IC118 RAMP57,368746.95452,5030593.54956,-75.68300963830,45.41235625780,2016-03-04,3:15:00 PM,01 - Clear,01 - Daylight,01 - Dry,10 - No control,,03 - P.D. only,03 - Rear end,0
16-13128,HIGHWAY 417 btwn HWY417 IC117 RAMP36 & HWY417 IC117 RAMP26,370762.85856,5031197.57036,-75.65717623380,45.41760388010,2016-03-04,4:39:00 PM,01 - Clear,01 - Daylight,01 - Dry,10 - No control,,03 - P.D. only,03 - Rear end,0
16-13129,HIGHWAY 417 btwn HWY417 IC118 RAMP67 & HWY417 IC117 RAMP36,369841.82668,5031154.12030,-75.66894896730,45.41729915750,2016-03-04,4:50:00 PM,01 - Clear,01 - Daylight,01 - Dry,10 - No control,,03 - P.D. only,99 - Other,0
16-13130,HWY417 IC130 RAMP36 btwn RICHMOND RD & HWY417 IC131 RAMP66,358577.51429,5022948.69394,-75.81375740400,45.34442339240,2016-03-05,3:25:00 AM,01 - Clear,"08 - Dark, artificial",01 - Dry,10 - No control,,03 - P.D. only,07 - SMV other,0
16-13131,HIGHWAY 417 btwn HWY417 IC115 RAMP36 & HWY417 IC115 RAMP26,372502.48959,5031525.97250,-75.63490593020,45.42039252310,2016-03-05,2:15:00 PM,01 - Clear,01 - Daylight,01 - Dry,10 - No control,,03 - P.D. only,07 - SMV other,0
16-13132,HIGHWAY 417 btwn HWY417 IC117 RAMP25 & HWY417 IC115 RAMP51,371539.20222,5031397.59849,-75.64723070540,45.41933002530,2016-03-05,7:54:00 PM,01 - Clear,"08 - Dark, artificial",01 - Dry,10 - No control,,03 - P.D. only,04 - Sideswipe,0
16-13133,HIGHWAY 417 btwn HWY417 IC115 RAMP35 & HIGHWAY 417,372473.24075,5031501.75571,-75.63528295120,45.42017746140,2016-03-05,7:55:00 PM,01 - Clear,07 - Dark,01 - Dry,10 - No control,,03 - P.D. only,04 - Sideswipe,0
16-13134,HIGHWAY 417 btwn HWY417 IC123 RAMP62 & HWY417 IC122 RAMP16,365128.56482,5028709.19856,-75.72946462120,45.39572258730,2016-03-06,3:53:00 PM,01 - Clear,01 - Daylight,01 - Dry,10 - No control,,02 - Non-fatal injury,03 - Rear end,0
16-13135,GREENBANK RD @ HWY 417 IC129 RAMP57/IRIS ST,360532.49876,5023313.69493,-75.78877106250,45.34755506080,2016-03-06,5:07:00 PM,01 - Clear,01 - Daylight,02 - Wet,01 - Traffic signal,,03 - P.D. only,04 - Sideswipe,0
16-13136,HIGHWAY 417 btwn HWY417 IC122 RAMP51 & HWY417 IC122 RAMP15,365318.77767,5028866.61356,-75.72701607270,45.39712255850,2016-03-06,7:45:00 PM,01 - Clear,"08 - Dark, artificial",01 - Dry,10 - No control,,03 - P.D. only,04 - Sideswipe,0
16-13137,HIGHWAY 417 btwn HWY417 IC130 RAMP35 & HWY417 IC130 RAMP25,359180.15483,5023060.60100,-75.80605550680,45.34538387370,2016-03-07,5:07:00 AM,03 - Snow,07 - Dark,03 - Loose snow,10 - No control,,03 - P.D. only,07 - SMV other,0