Record,Location,X,Y,Longitude,Latitude,Date,Time,Environment,Light,Road_Surface,Traffic_Control,Collision_Location,Collision_Classification,Impact_type,Pedestrian
16-13339,HIGHWAY 417 btwn HWY417 IC155 RAMP25 & RAMP,342130.05894,5017581.17034,-76.02403532230,45.29719239440,2016-05-27,7:30:00 AM,02 - Rain,01 - Daylight,02 - Wet,10 - No control,,03 - P.D. only,04 - Sideswipe,0
16-13340,HIGHWAY 417 btwn HWY417 IC119A RAMP67 & HWY417 IC118 RAMP76,368943.63336,5030713.55548,-75.68048149670,45.41341802920,2016-05-27,8:10:00 AM,01 - Clear,01 - Daylight,01 - Dry,10 - No control,,03 - P.D. only,03 - Rear end,0
16-13341,HIGHWAY 417 btwn HWY417 IC122 RAMP61 & HWY417 IC121B RAMP16,365805.32358,5029205.65122,-75.72076024550,45.40013091500,2016-05-27,9:15:00 AM,01 - Clear,01 - Daylight,01 - Dry,10 - No control,,02 - Non-fatal injury,99 - Other,0
16-13342,HIGHWAY 417 btwn HWY417 IC119B RAMP57 & HWY417 IC119A RAMP75,368589.77950,5030516.98494,-75.68502742020,45.41168169910,2016-05-27,4:25:00 PM,01 - Clear,01 - Daylight,02 - Wet,10 - No control,,03 - P.D. only,03 - Rear end,0
16-13343,HIGHWAY 417 btwn HWY417 IC115 RAMP36 & HWY417 IC115 RAMP26,372499.97356,5031525.34349,-75.63493816200,45.42038710710,2016-05-27,4:25:00 PM,01 - Clear,01 - Daylight,02 - Wet,10 - No control,,03 - P.D. only,03 - Rear end,0
16-13344,HIGHWAY 7 btwn HAZELDEAN IC RAMP 53 & HIGHWAY 7,342367.27569,5008438.57794,-76.02170202460,45.21491007280,2016-05-27,11:35:00 PM,01 - Clear,07 - Dark,01 - Dry,10 - No control,,03 - P.D. only,07 - SMV other,0
16-13345,HIGHWAY 417 btwn HWY417 IC119A RAMP67 & HWY417 IC118 RAMP76,368757.47530,5030621.62824,-75.68287159410,45.41260793790,2016-05-28,12:01:00 AM,01 - Clear,"08 - Dark, artificial",01 - Dry,10 - No control,,03 - P.D. only,03 - Rear end,0
16-13346,HIGHWAY 417 btwn HWY417 IC110 RAMP66 & HWY417 IC110 RAMP56,375842.79981,5029089.82026,-75.59258018880,45.39814215310,2016-05-28,9:40:00 PM,01 - Clear,07 - Dark,01 - Dry,10 - No control,,03 - P.D. only,07 - SMV other,0
16-13347,HIGHWAY 417 btwn HWY417 IC121A RAMP16 & HWY417 IC121A RAMP61,367281.17944,5029765.21486,-75.70183960750,45.40503555160,2016-05-29,7:45:00 AM,01 - Clear,01 - Daylight,01 - Dry,10 - No control,,03 - P.D. only,07 - SMV other,0
16-13348,HIGHWAY 417 btwn HWY417 IC127 RAMP25 & HWY417 IC126 RAMP51,363188.73979,5025861.74529,-75.75457532460,45.37026605510,2016-05-29,7:30:00 AM,01 - Clear,01 - Daylight,01 - Dry,10 - No control,,03 - P.D. only,04 - Sideswipe,0
16-13349,HIGHWAY 417 btwn REGIONAL ROAD 174 & HWY417 IC113 RAMP62,373281.23858,5031729.61902,-75.62492802520,45.42214904050,2016-05-29,12:45:00 PM,01 - Clear,01 - Daylight,01 - Dry,10 - No control,,03 - P.D. only,07 - SMV other,0
16-13350,HWY417 IC127 RAMP51 btwn HIGHWAY 417 & HWY417 IC127 RAMP53,362061.91660,5024658.68758,-75.76909923550,45.35953401860,2016-05-30,12:01:00 AM,01 - Clear,07 - Dark,01 - Dry,10 - No control,,03 - P.D. only,07 - SMV other,0
16-13351,HIGHWAY 417 btwn HWY417 IC121A RAMP51 & HWY417 IC120A RAMP52,367270.23069,5029736.97718,-75.70198303460,45.40478245410,2016-05-30,6:45:00 AM,01 - Clear,01 - Daylight,01 - Dry,10 - No control,,03 - P.D. only,03 - Rear end,0
16-13352,HIGHWAY 417 btwn REGIONAL ROAD 174 & HWY417 IC113 RAMP62,373289.57933,5031732.91361,-75.62482099990,45.42217786720,2016-05-30,7:15:00 AM,01 - Clear,01 - Daylight,01 - Dry,10 - No control,,03 - P.D. only,03 - Rear end,0
16-13353,CATHERINE ST/HWY 417 O'CONN IC119BR76 @ O'CONN,368242.84047,5030393.56185,-75.68947532020,45.41060271720,2016-05-30,9:35:00 AM,01 - Clear,01 - Daylight,01 - Dry,01 - Traffic signal,,03 - P.D. only,04 - Sideswipe,0
16-13354,HIGHWAY 417 btwn HWY417 IC134 RAMP36 & HWY417 IC134 RAMP26,356433.35052,5022303.40105,-75.84118408140,45.33877809820,2016-05-30,11:23:00 AM,01 - Clear,01 - Daylight,01 - Dry,10 - No control,,02 - Non-fatal injury,04 - Sideswipe,0
16-13355,HIGHWAY 416 btwn HWY416 IC72 RAMP63 & HWY416 IC72 RAMP53,359561.54357,5019421.04962,-75.80159157020,45.31260538850,2016-05-30,4:55:00 PM,01 - Clear,01 - Daylight,01 - Dry,10 - No control,,02 - Non-fatal injury,07 - SMV other,0
16-13356,HIGHWAY 417 btwn HWY417 IC118 RAMP35 & HWY417 IC117 RAMP51,369823.94582,5031137.33408,-75.66917962560,45.41714978360,2016-05-30,5:15:00 PM,01 - Clear,01 - Daylight,01 - Dry,10 - No control,,03 - P.D. only,04 - Sideswipe,0
16-13357,HIGHWAY 417 btwn HWY417 IC126 RAMP61 & HWY417 IC124 RAMP76,363670.32762,5026529.00696,-75.74834809070,45.37622969390,2016-05-30,6:50:00 PM,01 - Clear,01 - Daylight,01 - Dry,10 - No control,,03 - P.D. only,07 - SMV other,0
16-13358,HIGHWAY 417 btwn HWY417 IC131 RAMP66 & HWY417 IC130 RAMP26,359221.34402,5023081.88567,-75.80552758890,45.34557219930,2016-05-30,8:30:00 PM,01 - Clear,05 - Dusk,01 - Dry,10 - No control,,03 - P.D. only,07 - SMV other,0
16-13359,HIGHWAY 416 btwn HWY416 IC66 RAMP34 & HWY416 IC72 RAMP53,359832.04478,5017261.86443,-75.79838165290,45.29315574030,2016-05-30,11:40:00 PM,01 - Clear,"08 - Dark, artificial",01 - Dry,10 - No control,,03 - P.D. only,07 - SMV other,0
16-13360,HIGHWAY 417 btwn HWY417 IC134 RAMP36 & HWY417 IC134 RAMP26,356427.16226,5022297.43270,-75.84126365730,45.33872484930,2016-05-31,9:10:00 AM,01 - Clear,01 - Daylight,01 - Dry,10 - No control,,03 - P.D. only,04 - Sideswipe,0
16-13361,HIGHWAY 417 btwn HWY417 IC96 RAMP61 & HWY417 IC88 RAMP16,395321.69315,5022490.45962,-75.34503347280,45.33652162990,2016-05-31,6:00:00 AM,01 - Clear,01 - Daylight,01 - Dry,10 - No control,,03 - P.D. only,07 - SMV other,0
16-13362,HIGHWAY 416 btwn HWY416 IC66 RAMP24 & HWY416 IC57 RAMP62,363808.70321,5009886.56272,-75.74856232760,45.22646980330,2016-05-31,3:00:00 AM,01 - Clear,07 - Dark,01 - Dry,10 - No control,,03 - P.D. only,07 - SMV other,0
16-13363,HIGHWAY 417 btwn HWY417 IC117 RAMP51 & HWY417 IC117 RAMP35,370801.18795,5031191.75844,-75.65668732130,45.41754797150,2016-05-31,5:26:00 PM,01 - Clear,01 - Daylight,01 - Dry,10 - No control,,03 - P.D. only,04 - Sideswipe,0
16-13364,HIGHWAY 7 btwn HWY 7 HAZELDEAN RD IC RAMP 52 & HAZELDEAN RD IC RAMP 62,346403.07132,5012319.08533,-75.96999683220,45.24960198150,2016-05-31,5:30:00 PM,01 - Clear,01 - Daylight,01 - Dry,10 - No control,,02 - Non-fatal injury,07 - SMV other,0
16-13365,HIGHWAY 417 btwn HWY417 IC126 RAMP61 & HWY417 IC124 RAMP76,363187.27395,5025902.78877,-75.75458918500,45.37063548150,2016-05-31,10:15:00 PM,01 - Clear,07 - Dark,01 - Dry,10 - No control,,03 - P.D. only,99 - Other,0
16-13366,HWY417 IC110 RAMP56 btwn HIGHWAY 417 & WALKLEY EXTENSION RD,375868.33717,5029005.10108,-75.59226625010,45.39737730330,2016-05-31,10:40:00 PM,01 - Clear,07 - Dark,01 - Dry,10 - No control,,03 - P.D. only,07 - SMV other,0
16-13367,HIGHWAY 417 btwn HWY417 IC118 RAMP67 & HWY417 IC117 RAMP36,369840.34333,5031154.47693,-75.66896787190,45.41730250400,2016-06-01,6:30:00 AM,01 - Clear,01 - Daylight,01 - Dry,10 - No control,,03 - P.D. only,99 - Other,0
16-13368,HIGHWAY 417 btwn HWY 417 ANDERSON IC104R61 & HWY 417 BOUNDARY IC96R16,381560.02749,5025626.70423,-75.52010363890,45.36638000500,2016-06-01,6:50:00 AM,01 - Clear,01 - Daylight,01 - Dry,10 - No control,,03 - P.D. only,03 - Rear end,0
16-13369,HIGHWAY 417 btwn HWY417 IC118 RAMP76 & HWY417 IC118 RAMP67,369471.69280,5031066.02201,-75.67368930000,45.41654079080,2016-06-01,7:02:00 AM,01 - Clear,01 - Daylight,01 - Dry,10 - No control,,02 - Non-fatal injury,03 - Rear end,0
16-13370,HIGHWAY 417 btwn HWY 417 ANDERSON IC104R61 & HWY 417 BOUNDARY IC96R16,381551.53074,5025623.35198,-75.52021261140,45.36635077460,2016-06-01,6:51:00 AM,01 - Clear,01 - Daylight,01 - Dry,10 - No control,,03 - P.D. only,03 - Rear end,0
16-13371,HIGHWAY 417 btwn HWY417 IC110 RAMP55 & HWY417 IC110 RAMP65,375799.58600,5029087.75018,-75.59313238110,45.39812791080,2016-06-01,8:00:00 AM,01 - Clear,01 - Daylight,01 - Dry,10 - No control,,03 - P.D. only,04 - Sideswipe,0
16-13372,HIGHWAY 417 btwn HWY417 IC117 RAMP26 & HWY417 IC117 RAMP61,370825.58658,5031217.11455,-75.65637221120,45.41777381420,2016-06-01,3:20:00 PM,01 - Clear,01 - Daylight,01 - Dry,10 - No control,,02 - Non-fatal injury,03 - Rear end,0
16-13373,HIGHWAY 417 btwn HWY417 IC163 RAMP16 & HWY417 IC169 RAMP61,331307.81931,5021500.00928,-76.16180814670,45.33294800580,2016-06-02,11:15:00 AM,01 - Clear,01 - Daylight,02 - Wet,10 - No control,,03 - P.D. only,07 - SMV other,0
16-13374,HIGHWAY 417 btwn HWY417 IC112 RAMP66 & HWY417 IC112 RAMP56,374476.01220,5030851.41509,-75.60978690010,45.41412944510,2016-06-02,11:45:00 AM,01 - Clear,01 - Daylight,01 - Dry,10 - No control,,02 - Non-fatal injury,99 - Other,0
16-13375,HIGHWAY 417 btwn HWY417 IC115 RAMP36 & HWY417 IC115 RAMP26,372501.80949,5031526.14689,-75.63491459540,45.42039415810,2016-06-02,2:59:00 PM,01 - Clear,01 - Daylight,01 - Dry,10 - No control,,03 - P.D. only,04 - Sideswipe,0
16-13376,HIGHWAY 417 btwn HWY417 IC127 RAMP63 & HWY417 IC127 RAMP67,362132.80174,5024860.12106,-75.76817115350,45.36134070800,2016-06-02,6:24:00 PM,01 - Clear,01 - Daylight,01 - Dry,10 - No control,,03 - P.D. only,03 - Rear end,0
16-13377,HIGHWAY 417 btwn REGIONAL ROAD 174 & HWY417 IC113 RAMP62,373290.25070,5031731.10865,-75.62481267250,45.42216156190,2016-06-03,8:30:00 AM,01 - Clear,01 - Daylight,01 - Dry,10 - No control,,03 - P.D. only,04 - Sideswipe,0
16-13378,HIGHWAY 417 btwn HWY417 IC122 RAMP61 & HWY417 IC121B RAMP16,365813.12959,5029212.78064,-75.72065966440,45.40019438340,2016-06-03,10:55:00 AM,01 - Clear,01 - Daylight,01 - Dry,10 - No control,,03 - P.D. only,04 - Sideswipe,0
16-13379,HIGHWAY 417 btwn HWY417 IC134 RAMP35 & HWY417 IC134 RAMP25,356409.75118,5022238.69916,-75.84149192540,45.33819764070,2016-06-03,6:45:00 PM,01 - Clear,01 - Daylight,01 - Dry,10 - No control,,02 - Non-fatal injury,04 - Sideswipe,0
16-13380,HIGHWAY 417 btwn HWY417 IC124 RAMP57 & HWY417 IC124 RAMP55,364358.41484,5027415.64798,-75.73945646300,45.38414938960,2016-06-04,2:40:00 PM,01 - Clear,01 - Daylight,01 - Dry,10 - No control,,03 - P.D. only,03 - Rear end,0
16-13381,HWY417 IC118 RAMP35 btwn HWY417 IC118 RAMP45 & MANN AVE OVERPASS,369392.44417,5030961.24029,-75.67471548820,45.41560532380,2016-06-05,2:45:00 AM,01 - Clear,07 - Dark,01 - Dry,10 - No control,,03 - P.D. only,07 - SMV other,0
16-13382,HIGHWAY 417 btwn HWY417 IC127 RAMP35 & HWY417 IC127 RAMP25,362120.96013,5024824.60716,-75.76832641310,45.36102212520,2016-06-06,8:25:00 AM,01 - Clear,01 - Daylight,01 - Dry,10 - No control,,02 - Non-fatal injury,03 - Rear end,0
16-13383,HIGHWAY 417 btwn HWY417 IC117 RAMP26 & HWY417 IC117 RAMP61,370825.74634,5031216.55981,-75.65637024520,45.41776880730,2016-06-06,8:45:00 AM,01 - Clear,01 - Daylight,01 - Dry,10 - No control,,02 - Non-fatal injury,03 - Rear end,0
16-13384,HIGHWAY 416 btwn HWY416 IC66 RAMP62 & HWY416 IC66 RAMP52,360048.36664,5014825.69112,-75.79589513000,45.27121783750,2016-06-06,7:30:00 PM,01 - Clear,01 - Daylight,01 - Dry,10 - No control,,03 - P.D. only,07 - SMV other,0
16-13385,HIGHWAY 417 btwn HWY417 IC117 RAMP36 & HWY417 IC117 RAMP26,370748.27118,5031192.29929,-75.65736330570,45.41755782800,2016-06-07,4:00:00 PM,01 - Clear,01 - Daylight,01 - Dry,10 - No control,,02 - Non-fatal injury,03 - Rear end,0
16-13386,HIGHWAY 417 btwn HWY417 IC131 RAMP66 & HWY417 IC130 RAMP26,359114.91405,5023068.34022,-75.80688713150,45.34545856610,2016-06-07,8:10:00 PM,01 - Clear,01 - Daylight,01 - Dry,10 - No control,,03 - P.D. only,99 - Other,0
16-13387,HIGHWAY 417 btwn HWY417 IC134 RAMP35 & HWY417 IC134 RAMP25,356413.06431,5022241.23316,-75.84144939080,45.33822019820,2016-06-08,7:30:00 AM,01 - Clear,01 - Daylight,01 - Dry,10 - No control,,02 - Non-fatal injury,03 - Rear end,0
16-13388,HIGHWAY 417 btwn HWY417 IC118 RAMP67 & HWY417 IC117 RAMP36,369847.13097,5031153.47700,-75.66888128540,45.41729287620,2016-06-08,8:30:00 AM,01 - Clear,01 - Daylight,01 - Dry,10 - No control,,03 - P.D. only,04 - Sideswipe,0
16-13389,HIGHWAY 417 btwn HWY417 IC119B RAMP57 & HWY417 IC119A RAMP75,368443.18160,5030437.18991,-75.68691045470,45.41097707750,2016-06-08,9:50:00 AM,01 - Clear,01 - Daylight,01 - Dry,10 - No control,,02 - Non-fatal injury,03 - Rear end,0
16-13390,HWY417 IC127 RAMP53 btwn HWY417 IC127 RAMP51 & WOODROFFE AVE,362183.33727,5024648.60458,-75.76755069900,45.35943336490,2016-06-08,11:00:00 AM,01 - Clear,01 - Daylight,01 - Dry,10 - No control,,03 - P.D. only,03 - Rear end,0
16-13391,HIGHWAY 417 btwn HWY417 IC126 RAMP61 & HWY417 IC124 RAMP76,363669.55450,5026531.53123,-75.74835765980,45.37625247130,2016-06-08,4:10:00 PM,01 - Clear,01 - Daylight,01 - Dry,10 - No control,,03 - P.D. only,03 - Rear end,0
16-13392,HIGHWAY 416 btwn HWY416 IC72 RAMP62 & HWY416 IC72 RAMP24,359559.03428,5019486.91847,-75.80161629070,45.31319827660,2016-06-08,8:00:00 PM,01 - Clear,01 - Daylight,02 - Wet,10 - No control,,03 - P.D. only,07 - SMV other,0
16-13393,HIGHWAY 417 btwn HWY417 IC169 RAMP35 & HWY417 IC169 RAMP25,325546.63052,5024800.16933,-76.23517115920,45.36283874090,2016-06-08,9:45:00 PM,01 - Clear,07 - Dark,01 - Dry,10 - No control,,03 - P.D. only,03 - Rear end,0
16-13394,HWY417 IC117 RAMP51 btwn HIGHWAY 417 & HWY417 IC117 RAMP53,370573.61231,5031125.50330,-75.65960363790,45.41697326510,2016-06-09,11:45:00 AM,01 - Clear,01 - Daylight,01 - Dry,10 - No control,,03 - P.D. only,03 - Rear end,0
16-13395,HIGHWAY 417 btwn HWY417 IC163 RAMP15 & HWY417 IC155 RAMP51,331297.57433,5021454.99476,-76.16194126200,45.33254332790,2016-06-09,1:30:00 PM,01 - Clear,01 - Daylight,01 - Dry,10 - No control,,02 - Non-fatal injury,07 - SMV other,0
16-13396,HIGHWAY 417 btwn HWY417 IC117 RAMP61 & HWY417 IC115 RAMP36,371563.74013,5031420.16740,-75.64691414580,45.41953074930,2016-06-09,3:50:00 PM,01 - Clear,01 - Daylight,01 - Dry,10 - No control,,03 - P.D. only,03 - Rear end,0
16-13397,HIGHWAY 417 btwn HWY417 IC124 RAMP76 & HWY417 IC124 RAMP67,364406.11145,5027502.41040,-75.73883696720,45.38492600520,2016-06-09,4:30:00 PM,01 - Clear,01 - Daylight,01 - Dry,10 - No control,,02 - Non-fatal injury,03 - Rear end,0
16-13398,HIGHWAY 417 btwn HWY417 IC129 RAMP76 & HWY417 IC129 RAMP26,360446.55048,5023548.94116,-75.78984133470,45.34967862710,2016-06-09,4:31:00 PM,01 - Clear,01 - Daylight,01 - Dry,10 - No control,,02 - Non-fatal injury,03 - Rear end,0
16-13399,HIGHWAY 417 btwn HWY417 IC117 RAMP26 & HWY417 IC117 RAMP61,370810.40029,5031210.61475,-75.65656710040,45.41771676460,2016-06-09,6:05:00 PM,01 - Clear,01 - Daylight,01 - Dry,10 - No control,,03 - P.D. only,03 - Rear end,0
16-13400,HIGHWAY 417 btwn HWY417 IC121A RAMP51 & HWY417 IC120A RAMP52,367271.07109,5029736.34199,-75.70197238050,45.40477666380,2016-06-10,12:30:00 PM,01 - Clear,01 - Daylight,01 - Dry,10 - No control,,03 - P.D. only,03 - Rear end,0
16-13401,HIGHWAY 417 btwn HWY417 IC126 RAMP61 & HWY417 IC124 RAMP76,363188.00687,5025907.55274,-75.75457926600,45.37067828550,2016-06-10,6:30:00 PM,01 - Clear,01 - Daylight,01 - Dry,10 - No control,,03 - P.D. only,03 - Rear end,0
16-13402,HWY417 IC127 RAMP35 btwn HIGHWAY 417 & WOODROFFE AVE,362047.06778,5024690.34248,-75.76928508620,45.35982005960,2016-06-10,10:10:00 PM,01 - Clear,07 - Dark,01 - Dry,10 - No control,,03 - P.D. only,07 - SMV other,0
16-13403,HIGHWAY 417 btwn HWY417 IC144 RAMP35 & HWY417 IC144 RAMP25,347421.29346,5015829.23923,-75.95672454660,45.28112682560,2016-06-11,8:40:00 AM,02 - Rain,01 - Daylight,02 - Wet,10 - No control,,03 - P.D. only,07 - SMV other,0
16-13404,HIGHWAY 417 btwn HWY417 IC117 RAMP51 & HWY417 IC117 RAMP35,370793.71597,5031191.28459,-75.65678284590,45.41754441330,2016-06-11,8:55:00 AM,02 - Rain,01 - Daylight,02 - Wet,10 - No control,,03 - P.D. only,04 - Sideswipe,0
16-13405,HIGHWAY 417 btwn HWY417 IC112 RAMP66 & HWY417 IC112 RAMP56,374480.75667,5030848.26926,-75.60972673430,45.41410066840,2016-06-11,4:10:00 PM,01 - Clear,01 - Daylight,01 - Dry,10 - No control,,03 - P.D. only,07 - SMV other,0
16-13406,HIGHWAY 417 btwn HWY417 IC134 RAMP36 & HWY417 IC134 RAMP26,356436.52799,5022301.01795,-75.84114378950,45.33875642100,2016-06-11,9:30:00 PM,01 - Clear,07 - Dark,01 - Dry,10 - No control,,03 - P.D. only,07 - SMV other,0
16-13407,HIGHWAY 417 btwn HWY 417 ANDERSON IC104R61 & HWY 417 BOUNDARY IC96R16,381528.01816,5025629.99733,-75.52051168890,45.36641313870,2016-06-12,6:39:00 AM,01 - Clear,01 - Daylight,01 - Dry,10 - No control,,02 - Non-fatal injury,07 - SMV other,0
16-13408,HIGHWAY 417 btwn HWY417 IC126 RAMP16 & HWY417 IC126 RAMP61,363177.92526,5025885.93314,-75.75471051860,45.37048459480,2016-05-12,12:10:00 AM,"07 - Fog, mist, smoke, dust",07 - Dark,01 - Dry,10 - No control,,03 - P.D. only,03 - Rear end,0
16-13409,HIGHWAY 417 btwn HWY417 IC142 RAMP16 & HWY417 IC142 RAMP61,349347.67642,5017637.03333,-75.93200861250,45.29727451250,2016-06-12,11:00:00 PM,01 - Clear,"08 - Dark, artificial",01 - Dry,10 - No control,,02 - Non-fatal injury,03 - Rear end,0
16-13410,HIGHWAY 417 btwn HWY417 IC117 RAMP26 & HWY417 IC117 RAMP61,370824.57338,5031218.14197,-75.65638501800,45.41778315400,2016-06-13,4:15:00 PM,01 - Clear,01 - Daylight,01 - Dry,10 - No control,,03 - P.D. only,03 - Rear end,0
16-13411,HIGHWAY 417 btwn HWY417 IC122 RAMP51 & HWY417 IC122 RAMP15,365323.29478,5028869.15784,-75.72695807050,45.39714506020,2016-06-13,4:44:00 PM,01 - Clear,01 - Daylight,01 - Dry,10 - No control,,03 - P.D. only,03 - Rear end,0
16-13412,HIGHWAY 417 btwn HWY417 IC124 RAMP57 & HWY417 IC124 RAMP55,364373.65162,5027434.62886,-75.73925962000,45.38431888070,2016-06-13,4:50:00 PM,01 - Clear,01 - Daylight,01 - Dry,10 - No control,,03 - P.D. only,03 - Rear end,0
16-13413,HIGHWAY 417 btwn HWY417 IC124 RAMP67 & HWY417 IC123 RAMP62,364785.92879,5028087.23498,-75.73391609810,45.39015572110,2016-06-13,4:00:00 PM,01 - Clear,01 - Daylight,01 - Dry,10 - No control,,02 - Non-fatal injury,03 - Rear end,0
16-13414,HIGHWAY 417 btwn HWY417 IC155 RAMP35 & HWY417 IC155 RAMP25,339548.99712,5019308.60373,-76.05682217660,45.31286905500,2016-06-13,8:40:00 PM,01 - Clear,05 - Dusk,01 - Dry,10 - No control,,03 - P.D. only,07 - SMV other,0
16-13415,HIGHWAY 417 btwn HWY417 IC155 RAMP61 & HWY417 IC145 RAMP56,344367.17078,5015439.39116,-75.99568365140,45.27779733860,2016-06-13,9:45:00 PM,01 - Clear,07 - Dark,01 - Dry,10 - No control,,03 - P.D. only,07 - SMV other,0
16-13416,HIGHWAY 417 btwn Continuation of HIGHWAY 417 & HWY417 IC155 RAMP26,339568.41990,5019336.42270,-76.05657251960,45.31311842180,2016-06-14,8:00:00 AM,01 - Clear,01 - Daylight,01 - Dry,10 - No control,,03 - P.D. only,04 - Sideswipe,0
16-13417,HIGHWAY 417 btwn HWY417 IC123 RAMP62 & HWY417 IC122 RAMP16,365128.56426,5028706.96498,-75.72946490070,45.39570248990,2016-06-14,6:15:00 PM,01 - Clear,01 - Daylight,01 - Dry,10 - No control,,03 - P.D. only,03 - Rear end,0
16-13418,HWY417 HUNT CLUB IC109 RAMP26 btwn HIGHWAY 417 WB & HUNT CLUB RD EB,376501.40900,5027748.60100,-75.58436383800,45.38600745650,2016-06-15,1:59:00 AM,01 - Clear,07 - Dark,01 - Dry,10 - No control,,03 - P.D. only,07 - SMV other,0
16-13419,HIGHWAY 417 btwn HWY417 IC163 RAMP16 & HWY417 IC169 RAMP61,331317.65998,5021498.71387,-76.16168266870,45.33293597730,2016-06-15,2:00:00 AM,01 - Clear,07 - Dark,01 - Dry,10 - No control,,03 - P.D. only,07 - SMV other,0
16-13420,HIGHWAY 417 btwn HWY417 IC96 RAMP61 & HIGHWAY 417,387426.08476,5023878.95416,-75.44552368710,45.34998833120,2016-06-15,7:30:00 AM,01 - Clear,01 - Daylight,01 - Dry,10 - No control,,03 - P.D. only,07 - SMV other,0
16-13421,HWY417 IC126 RAMP61 btwn HWY417 IC126 RAMP63 & HIGHWAY 417,363154.29258,5025866.50927,-75.75501449750,45.37031179000,2016-06-15,7:45:00 AM,01 - Clear,01 - Daylight,01 - Dry,10 - No control,,03 - P.D. only,03 - Rear end,0
16-13422,HIGHWAY 417 btwn HWY417 IC121B RAMP51 & HWY417 IC121A RAMP51,366585.11569,5029515.82423,-75.71076180720,45.40285338620,2016-06-15,12:49:00 PM,01 - Clear,01 - Daylight,01 - Dry,10 - No control,,03 - P.D. only,03 - Rear end,0
16-13423,HIGHWAY 417 btwn HWY417 IC117 RAMP51 & HWY417 IC117 RAMP35,370820.55674,5031197.87218,-75.65643905080,45.41760115370,2016-06-15,4:20:00 PM,01 - Clear,01 - Daylight,01 - Dry,10 - No control,,03 - P.D. only,03 - Rear end,0
16-13424,HIGHWAY 417 btwn HWY417 IC117 RAMP51 & HWY417 IC117 RAMP35,370790.61715,5031189.92963,-75.65682261710,45.41753251380,2016-06-15,5:28:00 PM,01 - Clear,01 - Daylight,01 - Dry,10 - No control,,03 - P.D. only,03 - Rear end,0
16-13425,HIGHWAY 417 btwn HWY417 IC122 RAMP16 & HWY417 IC122 RAMP61,365323.01624,5028888.99714,-75.72695919450,45.39732359380,2016-06-16,2:59:00 PM,01 - Clear,01 - Daylight,01 - Dry,10 - No control,,03 - P.D. only,03 - Rear end,0
16-13426,HIGHWAY 417 btwn HWY417 IC122 RAMP16 & HWY417 IC122 RAMP61,365323.01624,5028888.99714,-75.72695919450,45.39732359380,2016-06-16,3:24:00 PM,01 - Clear,01 - Daylight,01 - Dry,10 - No control,,03 - P.D. only,03 - Rear end,0
16-13427,HIGHWAY 416 btwn HWY416 IC66 RAMP53 & HWY416 IC57 RAMP34,363754.66384,5009921.48804,-75.74924628820,45.22678858980,2016-06-17,6:00:00 AM,01 - Clear,01 - Daylight,01 - Dry,10 - No control,,03 - P.D. only,07 - SMV other,0
16-13428,HIGHWAY 417 btwn HWY417 IC122 RAMP61 & HWY417 IC121B RAMP16,366562.27698,5029531.46873,-75.71105155970,45.40299616670,2016-06-17,8:16:00 AM,01 - Clear,01 - Daylight,01 - Dry,10 - No control,,02 - Non-fatal injury,03 - Rear end,0
16-13429,HIGHWAY 417 btwn HWY417 IC127 RAMP25 & HWY417 IC126 RAMP51,363195.70252,5025869.80740,-75.75448548930,45.37033801670,2016-06-17,8:45:00 AM,01 - Clear,01 - Daylight,01 - Dry,10 - No control,,03 - P.D. only,04 - Sideswipe,0
16-13430,HIGHWAY 417 btwn HWY417 IC134 RAMP35 & HWY417 IC134 RAMP25,356411.90265,5022241.44051,-75.84146419080,45.33822214890,2016-06-17,2:00:00 PM,01 - Clear,01 - Daylight,01 - Dry,10 - No control,,03 - P.D. only,99 - Other,0
16-13431,HIGHWAY 417 btwn HWY417 IC117 RAMP61 & HWY417 IC115 RAMP36,371561.09200,5031423.94377,-75.64694746700,45.41956498040,2016-06-17,3:30:00 PM,01 - Clear,01 - Daylight,01 - Dry,10 - No control,,03 - P.D. only,04 - Sideswipe,0
16-13432,HIGHWAY 417 btwn HWY417 IC127 RAMP25 & HWY417 IC126 RAMP51,363188.64417,5025862.93763,-75.75457640410,45.37027679120,2016-06-17,3:45:00 PM,01 - Clear,01 - Daylight,01 - Dry,10 - No control,,03 - P.D. only,03 - Rear end,0
16-13433,HIGHWAY 417 btwn HWY417 IC126 RAMP61 & HWY417 IC124 RAMP76,363669.44956,5026529.69032,-75.74835921850,45.37623591590,2016-06-17,4:16:00 PM,01 - Clear,01 - Daylight,01 - Dry,10 - No control,,03 - P.D. only,04 - Sideswipe,0
16-13434,HIGHWAY 417 btwn HWY417 IC117 RAMP51 & HWY417 IC117 RAMP35,370819.78630,5031197.75413,-75.65644890910,45.41760016380,2016-06-17,6:30:00 PM,01 - Clear,01 - Daylight,01 - Dry,10 - No control,,02 - Non-fatal injury,03 - Rear end,0
16-13435,HIGHWAY 416 btwn HWY416 IC49 RAMP34 & HWY416 IC49 RAMP43,369221.72055,5000984.45213,-75.68078762700,45.14589423050,2016-06-17,10:45:00 PM,01 - Clear,07 - Dark,01 - Dry,10 - No control,,03 - P.D. only,07 - SMV other,0
16-13436,HIGHWAY 417 btwn HWY417 IC127 RAMP63 & HWY417 IC127 RAMP67,362124.91990,5024855.05423,-75.76827234080,45.36129576100,2016-06-18,1:24:00 AM,01 - Clear,07 - Dark,01 - Dry,10 - No control,,03 - P.D. only,07 - SMV other,0
16-13437,HIGHWAY 417 btwn HWY417 IC119A RAMP67 & HWY417 IC118 RAMP76,368943.47738,5030714.57553,-75.68048335690,45.41342722110,2016-06-19,3:00:00 AM,01 - Clear,07 - Dark,01 - Dry,10 - No control,,03 - P.D. only,04 - Sideswipe,0
16-13438,HIGHWAY 417 btwn HWY417 IC104 RAMP15 & HWY417 IC96 RAMP51,381400.54175,5025615.53594,-75.52214102030,45.36629696740,2016-06-19,8:50:00 PM,01 - Clear,05 - Dusk,01 - Dry,10 - No control,,03 - P.D. only,07 - SMV other,0