Record,Location,X,Y,Longitude,Latitude,Date,Time,Environment,Light,Road_Surface,Traffic_Control,Collision_Location,Collision_Classification,Impact_type,Pedestrian
16-13439,HIGHWAY 416 btwn HWY416 IC72 RAMP62 & HWY416 IC72 RAMP24,359559.90949,5019487.82760,-75.80160502900,45.31320638850,2016-06-20,4:45:00 AM,01 - Clear,07 - Dark,01 - Dry,10 - No control,,03 - P.D. only,07 - SMV other,0
16-13440,HIGHWAY 417 btwn HWY417 IC124 RAMP67 & HWY417 IC123 RAMP62,364722.68643,5027965.77440,-75.73473844680,45.38906825620,2016-06-20,8:05:00 AM,01 - Clear,01 - Daylight,01 - Dry,10 - No control,,03 - P.D. only,03 - Rear end,0
16-13441,HIGHWAY 417 btwn HWY417 IC129 RAMP25 & HWY417 IC129 RAMP35,360461.04982,5023530.26900,-75.78965841130,45.34950946450,2016-06-20,9:10:00 AM,01 - Clear,01 - Daylight,01 - Dry,10 - No control,,03 - P.D. only,99 - Other,0
16-13442,HWY417 IC121A RAMP16 btwn HIGHWAY 417 & RAYMOND ST,366975.79661,5029658.25866,-75.70575380200,45.40410038180,2016-06-20,4:00:00 PM,01 - Clear,01 - Daylight,01 - Dry,10 - No control,,03 - P.D. only,03 - Rear end,0
16-13443,HIGHWAY 417 btwn HWY417 IC126 RAMP16 & HWY417 IC126 RAMP61,363176.67987,5025881.42909,-75.75472694910,45.37044417210,2016-06-20,5:45:00 PM,01 - Clear,01 - Daylight,01 - Dry,10 - No control,,03 - P.D. only,03 - Rear end,0
16-13444,HIGHWAY 417 btwn HWY417 IC127 RAMP25 & HWY417 IC126 RAMP51,363190.20563,5025861.01237,-75.75455669960,45.37025933840,2016-06-20,6:30:00 PM,01 - Clear,01 - Daylight,01 - Dry,10 - No control,,03 - P.D. only,03 - Rear end,0
16-13445,HIGHWAY 7 btwn UPPER DWYER HILL RD & HIGHWAY 7,341111.81872,5007330.35290,-76.03776646870,45.20500341780,2016-06-21,7:53:00 AM,01 - Clear,01 - Daylight,01 - Dry,10 - No control,,03 - P.D. only,04 - Sideswipe,0
16-13446,HIGHWAY 417 btwn HWY417 IC117 RAMP61 & HWY417 IC115 RAMP36,371567.17141,5031425.65336,-75.64686956330,45.41957978250,2016-06-21,8:00:00 AM,01 - Clear,01 - Daylight,01 - Dry,10 - No control,,03 - P.D. only,03 - Rear end,0
16-13447,HIGHWAY 417 btwn HWY417 IC126 RAMP61 & HWY417 IC124 RAMP76,363669.87696,5026530.32630,-75.74835368620,45.37624160270,2016-06-21,4:10:00 PM,01 - Clear,01 - Daylight,01 - Dry,10 - No control,,03 - P.D. only,03 - Rear end,0
16-13448,HIGHWAY 417 btwn HWY417 IC127 RAMP63 & HWY417 IC127 RAMP67,362125.37461,5024851.96385,-75.76826689570,45.36126791760,2016-06-21,5:45:00 PM,01 - Clear,01 - Daylight,01 - Dry,10 - No control,,03 - P.D. only,03 - Rear end,0
16-13449,HIGHWAY 7 btwn HWY 7 HAZELDEAN RD IC RAMP 52 & HAZELDEAN RD IC RAMP 62,346402.39641,5012320.43515,-75.97000531680,45.24961416840,2016-06-22,5:28:00 AM,01 - Clear,03 - Dawn,01 - Dry,10 - No control,,03 - P.D. only,07 - SMV other,0
16-13450,HIGHWAY 417 btwn HWY417 IC115 RAMP36 & HWY417 IC115 RAMP26,372492.70887,5031524.78180,-75.63503105600,45.42038275620,2016-06-22,7:30:00 PM,01 - Clear,01 - Daylight,01 - Dry,10 - No control,,03 - P.D. only,99 - Other,0
16-13451,HIGHWAY 416 btwn HWY416 IC49 RAMP24 & HWY416 IC42 RAMP42,369698.70434,4998759.19290,-75.67501152000,45.12582751120,2016-06-23,12:08:00 AM,01 - Clear,07 - Dark,01 - Dry,10 - No control,,03 - P.D. only,07 - SMV other,0
16-13452,HIGHWAY 417 btwn HWY417 IC169 RAMP35 & HWY417 IC169 RAMP25,325538.87261,5024802.12329,-76.23527010500,45.36285655360,2016-06-22,4:45:00 PM,01 - Clear,01 - Daylight,01 - Dry,10 - No control,,03 - P.D. only,07 - SMV other,0
16-13453,HIGHWAY 417 btwn HWY417 IC127 RAMP35 & HWY417 IC127 RAMP25,362123.21285,5024827.46181,-75.76829732850,45.36104762640,2016-06-23,8:05:00 AM,01 - Clear,01 - Daylight,01 - Dry,10 - No control,,03 - P.D. only,03 - Rear end,0
16-13454,HIGHWAY 417 btwn HWY417 IC117 RAMP61 & HWY417 IC115 RAMP36,371555.56719,5031420.42878,-75.64701852950,45.41953388110,2016-06-23,9:00:00 AM,01 - Clear,01 - Daylight,01 - Dry,10 - No control,,03 - P.D. only,04 - Sideswipe,0
16-13455,HIGHWAY 417 btwn HWY417 IC126 RAMP16 & HWY417 IC126 RAMP61,363177.69052,5025885.13677,-75.75471361010,45.37047744940,2016-06-23,4:00:00 PM,01 - Clear,01 - Daylight,01 - Dry,10 - No control,,02 - Non-fatal injury,03 - Rear end,0
16-13456,HIGHWAY 417 btwn HWY417 IC104 RAMP51 & HWY417 IC104 RAMP15,380058.82357,5025904.24750,-75.53922256140,45.36903995820,2016-06-24,7:15:00 AM,01 - Clear,01 - Daylight,01 - Dry,10 - No control,,03 - P.D. only,07 - SMV other,0
16-13457,HIGHWAY 417 btwn HWY417 IC124 RAMP65 & HWY417 IC122 RAMP51,365138.58566,5028683.80543,-75.72933974860,45.39549324130,2016-06-24,2:00:00 PM,01 - Clear,01 - Daylight,01 - Dry,10 - No control,,03 - P.D. only,03 - Rear end,0
16-13458,HIGHWAY 417 btwn HWY417 IC126 RAMP61 & HWY417 IC124 RAMP76,363669.76619,5026530.51915,-75.74835507770,45.37624334770,2016-06-24,2:30:00 PM,01 - Clear,01 - Daylight,01 - Dry,10 - No control,,03 - P.D. only,03 - Rear end,0
16-13459,HIGHWAY 417 btwn HWY417 IC122 RAMP61 & HWY417 IC121B RAMP16,366068.55863,5029343.01936,-75.71738111380,45.40134393270,2016-06-24,3:20:00 PM,01 - Clear,01 - Daylight,01 - Dry,10 - No control,,03 - P.D. only,03 - Rear end,0
16-13460,HIGHWAY 417 btwn HWY417 IC115 RAMP35 & HIGHWAY 417,372496.12179,5031505.58477,-75.63499008910,45.42020970030,2016-06-24,3:15:00 PM,01 - Clear,01 - Daylight,01 - Dry,10 - No control,,03 - P.D. only,04 - Sideswipe,0
16-13461,HIGHWAY 417 btwn HWY417 IC123 RAMP62 & HWY417 IC122 RAMP16,365128.08789,5028705.50083,-75.72947116400,45.39568935640,2016-06-24,4:30:00 PM,01 - Clear,01 - Daylight,01 - Dry,10 - No control,,03 - P.D. only,03 - Rear end,0
16-13462,HIGHWAY 417 btwn HWY417 IC119B RAMP76 & HWY417 IC119A RAMP67,368277.45107,5030348.97079,-75.68903893320,45.41019836260,2016-06-24,5:45:00 PM,01 - Clear,01 - Daylight,01 - Dry,10 - No control,,03 - P.D. only,04 - Sideswipe,0
16-13463,HIGHWAY 417 btwn HWY417 IC129 RAMP51 & HWY417 IC129 RAMP35,360418.86759,5023496.59996,-75.79020048210,45.34920985790,2016-06-24,5:54:00 PM,01 - Clear,01 - Daylight,01 - Dry,10 - No control,,03 - P.D. only,04 - Sideswipe,0
16-13464,HUNT CLUB RD @ HWY417 HUNT CLUB IC109 RAMP52,376416.56410,5027444.64420,-75.58549127900,45.38328129440,2016-06-24,6:08:00 PM,01 - Clear,01 - Daylight,01 - Dry,02 - Stop sign,00 - Unknown,03 - P.D. only,02 - Angle,0
16-13465,HIGHWAY 7 btwn UPPER DWYER HILL RD & HIGHWAY 7,341013.00952,5007219.77504,-76.03903226180,45.20401345380,2016-06-24,10:08:00 PM,01 - Clear,07 - Dark,01 - Dry,10 - No control,,03 - P.D. only,07 - SMV other,0
16-13466,HWY417 IC129 RAMP51 btwn HIGHWAY 417 & ASHLEY ST,360196.50242,5023301.09483,-75.79305995470,45.34746830360,2016-06-25,12:20:00 PM,01 - Clear,01 - Daylight,01 - Dry,10 - No control,,03 - P.D. only,03 - Rear end,0
16-13467,HIGHWAY 417 btwn HWY417 IC131 RAMP66 & HWY417 IC130 RAMP26,359213.01938,5023079.55890,-75.80563406750,45.34555190850,2016-06-25,3:45:00 PM,01 - Clear,01 - Daylight,01 - Dry,10 - No control,,03 - P.D. only,99 - Other,0
16-13468,HIGHWAY 417 btwn HWY417 IC155 RAMP35 & HWY417 IC155 RAMP25,339529.12806,5019313.61177,-76.05707522090,45.31291510310,2016-06-25,8:45:00 PM,01 - Clear,05 - Dusk,01 - Dry,10 - No control,,03 - P.D. only,07 - SMV other,0
16-13469,HIGHWAY 417 btwn HWY417 IC126 RAMP16 & HWY417 IC126 RAMP61,363179.99725,5025888.49142,-75.75468376610,45.37050744150,2016-06-26,1:46:00 PM,01 - Clear,01 - Daylight,01 - Dry,10 - No control,,03 - P.D. only,03 - Rear end,0
16-13470,HIGHWAY 417 btwn HWY417 IC110 RAMP66 & HWY417 IC110 RAMP56,375843.06884,5029088.78620,-75.59257690230,45.39813282150,2016-06-26,3:15:00 PM,01 - Clear,01 - Daylight,01 - Dry,10 - No control,,03 - P.D. only,07 - SMV other,0
16-13471,HIGHWAY 417 btwn HWY417 IC117 RAMP51 & HWY417 IC117 RAMP35,370819.65048,5031196.78684,-75.65645077370,45.41759147320,2016-06-27,2:25:00 PM,01 - Clear,01 - Daylight,01 - Dry,10 - No control,,03 - P.D. only,04 - Sideswipe,0
16-13472,HIGHWAY 417 btwn HWY417 IC122 RAMP61 & HWY417 IC121B RAMP16,366070.15560,5029344.61633,-75.71736051790,45.40135816150,2016-06-28,4:35:00 PM,01 - Clear,01 - Daylight,01 - Dry,10 - No control,,02 - Non-fatal injury,03 - Rear end,0
16-13473,HIGHWAY 417 btwn Continuation of HIGHWAY 417 & HWY417 IC144 RAMP16,347370.58300,5015837.70418,-75.95737017650,45.28120606960,2016-06-29,12:15:00 AM,01 - Clear,07 - Dark,01 - Dry,10 - No control,,03 - P.D. only,07 - SMV other,0
16-13474,HWY417 IC129 RAMP51 btwn HIGHWAY 417 & ASHLEY ST,360229.19370,5023317.48347,-75.79264096130,45.34761318610,2016-06-29,12:40:00 PM,01 - Clear,01 - Daylight,01 - Dry,10 - No control,,03 - P.D. only,04 - Sideswipe,0
16-13475,HIGHWAY 417 btwn HWY417 IC122 RAMP15 & HWY417 IC121B RAMP51,365815.26693,5029188.59202,-75.72063535890,45.39997655390,2016-06-29,2:24:00 PM,01 - Clear,01 - Daylight,01 - Dry,10 - No control,,02 - Non-fatal injury,04 - Sideswipe,0
16-13476,HIGHWAY 417 btwn HWY417 IC180 RAMP61 & HWY417 IC169 RAMP36,321371.91357,5029304.49009,-76.28830941200,45.40348225960,2016-06-29,10:00:00 PM,01 - Clear,07 - Dark,01 - Dry,10 - No control,,03 - P.D. only,07 - SMV other,0
16-13477,HIGHWAY 417 btwn HWY417 IC117 RAMP26 & HWY417 IC117 RAMP61,370809.50318,5031211.12181,-75.65657849380,45.41772141100,2016-06-30,8:26:00 AM,01 - Clear,01 - Daylight,01 - Dry,10 - No control,,03 - P.D. only,03 - Rear end,0
16-13478,HIGHWAY 417 btwn HWY417 IC104 RAMP15 & HWY417 IC96 RAMP51,381449.04624,5025602.23733,-75.52152398180,45.36617201310,2016-06-30,10:15:00 AM,01 - Clear,01 - Daylight,01 - Dry,10 - No control,,03 - P.D. only,07 - SMV other,0
16-13479,HIGHWAY 417 btwn HWY417 IC122 RAMP61 & HWY417 IC121B RAMP16,366565.57127,5029531.36038,-75.71100949610,45.40299490150,2016-06-30,11:45:00 AM,01 - Clear,00 - Unknown,01 - Dry,10 - No control,,03 - P.D. only,03 - Rear end,0
16-13480,HIGHWAY 417 btwn HWY417 IC120B RAMP36 & HWY417 IC119B RAMP76,367789.84886,5030021.70996,-75.69530952690,45.40729782710,2016-06-30,12:05:00 PM,01 - Clear,01 - Daylight,01 - Dry,10 - No control,,03 - P.D. only,03 - Rear end,0
16-13481,HWY417 IC115 RAMP36 btwn HIGHWAY 417 & TRANSIT,372050.23323,5031480.99847,-75.64069028940,45.42003148660,2016-06-30,1:26:00 PM,01 - Clear,01 - Daylight,01 - Dry,10 - No control,,03 - P.D. only,04 - Sideswipe,0
16-13482,HIGHWAY 417 btwn HWY417 IC115 RAMP25 & REGIONAL ROAD 174,373277.78755,5031703.49199,-75.62497574950,45.42191430050,2016-06-30,12:57:00 PM,01 - Clear,01 - Daylight,01 - Dry,10 - No control,,03 - P.D. only,04 - Sideswipe,0
16-13483,HIGHWAY 417 btwn HWY417 IC122 RAMP61 & HWY417 IC121B RAMP16,366065.69216,5029341.94123,-75.71741785850,45.40133448220,2016-06-30,4:00:00 PM,01 - Clear,01 - Daylight,01 - Dry,10 - No control,,03 - P.D. only,04 - Sideswipe,0
16-13484,HIGHWAY 417 btwn HWY417 IC129 RAMP25 & HWY417 IC129 RAMP35,360453.84745,5023522.84460,-75.78975115490,45.34944323140,2016-06-30,4:10:00 PM,01 - Clear,01 - Daylight,01 - Dry,10 - No control,,03 - P.D. only,03 - Rear end,0
16-13485,HIGHWAY 417 btwn HWY417 IC120B RAMP36 & HWY417 IC119B RAMP76,367791.88223,5030024.46325,-75.69528320240,45.40732241750,2016-06-30,6:00:00 PM,01 - Clear,01 - Daylight,01 - Dry,10 - No control,,03 - P.D. only,03 - Rear end,0
16-13486,HIGHWAY 417 btwn HWY417 IC129 RAMP25 & HWY417 IC129 RAMP35,360455.41298,5023523.05869,-75.78973115360,45.34944503370,2016-06-30,6:00:00 PM,01 - Clear,01 - Daylight,01 - Dry,10 - No control,,03 - P.D. only,03 - Rear end,0
16-13487,HIGHWAY 417 btwn HWY417 IC119B RAMP57 & HWY417 IC119A RAMP75,368287.01587,5030338.55742,-75.68891809080,45.41010379870,2016-06-30,5:45:00 PM,01 - Clear,01 - Daylight,01 - Dry,10 - No control,,03 - P.D. only,04 - Sideswipe,0
16-13488,HIGHWAY 417 btwn HWY417 IC127 RAMP35 & HWY417 IC127 RAMP25,362130.26773,5024833.93630,-75.76820653380,45.36110530660,2016-07-01,1:25:00 AM,01 - Clear,"08 - Dark, artificial",01 - Dry,10 - No control,,03 - P.D. only,03 - Rear end,0
16-13489,HWY417 IC119A RAMP67 btwn HWY417 IC119A RAMP66 & HIGHWAY 417,368587.49468,5030542.11796,-75.68505335520,45.41190804660,2016-07-01,11:24:00 AM,01 - Clear,01 - Daylight,01 - Dry,10 - No control,,03 - P.D. only,03 - Rear end,0
16-13490,HIGHWAY 417 btwn HWY417 IC96 RAMP61 & HWY417 IC88 RAMP16,392387.95856,5022913.29648,-75.38238287810,45.34069822960,2016-07-02,10:15:00 AM,01 - Clear,01 - Daylight,01 - Dry,10 - No control,,03 - P.D. only,07 - SMV other,0
16-13491,HIGHWAY 417 btwn HWY417 IC112 RAMP66 & HWY417 IC112 RAMP56,374472.05134,5030853.75764,-75.60983716910,45.41415091600,2016-07-02,10:15:00 PM,01 - Clear,07 - Dark,01 - Dry,10 - No control,,03 - P.D. only,07 - SMV other,0
16-13492,HIGHWAY 417 btwn Continuation of HIGHWAY 417 & HWY417 IC144 RAMP16,347378.72900,5015844.71744,-75.95726574570,45.28126868370,2016-07-03,5:30:00 PM,01 - Clear,01 - Daylight,01 - Dry,10 - No control,,03 - P.D. only,99 - Other,0
16-13493,HWY417 IC140 RAMP53 btwn HWY417 IC140 RAMP51 & TERRY FOX DR,351064.48391,5018409.17470,-75.91004807980,45.30411150060,2016-07-04,2:53:00 PM,01 - Clear,01 - Daylight,01 - Dry,10 - No control,,03 - P.D. only,03 - Rear end,0
16-13494,HIGHWAY 417 btwn HWY417 IC126 RAMP16 & HWY417 IC126 RAMP61,363179.77724,5025885.94572,-75.75468687660,45.37048455390,2016-07-04,5:15:00 PM,01 - Clear,01 - Daylight,01 - Dry,10 - No control,,03 - P.D. only,03 - Rear end,0
16-13495,HIGHWAY 417 btwn HWY417 IC129 RAMP25 & HWY417 IC129 RAMP35,360446.64658,5023517.70102,-75.78984362370,45.34939752080,2016-07-04,10:41:00 PM,01 - Clear,07 - Dark,01 - Dry,10 - No control,,02 - Non-fatal injury,03 - Rear end,0
16-13496,HIGHWAY 417 btwn HWY417 IC129 RAMP51 & HWY417 IC129 RAMP35,360408.14381,5023489.64648,-75.79033810900,45.34914814080,2016-07-04,10:41:00 PM,01 - Clear,07 - Dark,01 - Dry,10 - No control,,03 - P.D. only,99 - Other,0
16-13497,HIGHWAY 417 btwn HWY417 IC129 RAMP76 & HWY417 IC129 RAMP26,360443.84050,5023546.69721,-75.78987616940,45.34965865070,2016-07-05,10:05:00 AM,01 - Clear,01 - Daylight,01 - Dry,10 - No control,,03 - P.D. only,03 - Rear end,0
16-13498,HIGHWAY 417 btwn HWY417 IC117 RAMP25 & HWY417 IC115 RAMP51,371554.28613,5031400.64244,-75.64703757790,45.41935597390,2016-07-05,3:05:00 PM,01 - Clear,01 - Daylight,01 - Dry,10 - No control,,03 - P.D. only,04 - Sideswipe,0
16-13499,HIGHWAY 417 btwn HWY417 IC118 RAMP57 & HWY417 IC118 RAMP35,369477.59823,5031050.33292,-75.67361591370,45.41639908030,2016-07-05,3:25:00 PM,01 - Clear,01 - Daylight,01 - Dry,10 - No control,,03 - P.D. only,03 - Rear end,0
16-13500,HIGHWAY 417 btwn HWY417 IC121B RAMP51 & HWY417 IC121A RAMP51,366583.86024,5029516.44783,-75.71077776520,45.40285910800,2016-07-05,4:05:00 PM,01 - Clear,01 - Daylight,01 - Dry,10 - No control,,03 - P.D. only,03 - Rear end,0
16-13501,HIGHWAY 417 btwn HWY417 IC121A RAMP16 & HWY417 IC121A RAMP61,367525.62846,5029877.58745,-75.69870292490,45.40602478450,2016-07-05,4:20:00 PM,01 - Clear,01 - Daylight,01 - Dry,10 - No control,,03 - P.D. only,03 - Rear end,0
16-13502,HIGHWAY 417 btwn HWY417 IC121A RAMP16 & HWY417 IC121A RAMP61,367266.74837,5029760.79411,-75.70202449710,45.40499706250,2016-07-05,8:05:00 PM,01 - Clear,01 - Daylight,01 - Dry,10 - No control,,03 - P.D. only,07 - SMV other,0
16-13503,HIGHWAY 417 btwn HWY417 IC115 RAMP36 & HWY417 IC115 RAMP26,372490.73098,5031524.45260,-75.63505637170,45.42037998550,2016-07-06,8:38:00 AM,01 - Clear,01 - Daylight,01 - Dry,10 - No control,,03 - P.D. only,03 - Rear end,0
16-13504,HIGHWAY 7 btwn HWY 7 HAZELDEAN RD IC RAMP 63 & HAZELDEAN RD,346360.47946,5012299.16927,-75.97054107310,45.24942528500,2016-07-06,3:14:00 PM,02 - Rain,01 - Daylight,02 - Wet,10 - No control,,03 - P.D. only,07 - SMV other,0
16-13505,HIGHWAY 7 btwn HWY 7 HAZELDEAN RD IC RAMP 63 & HAZELDEAN RD,346360.47946,5012302.90318,-75.97054076090,45.24945888430,2016-07-06,4:00:00 PM,02 - Rain,01 - Daylight,02 - Wet,10 - No control,,03 - P.D. only,03 - Rear end,0
16-13506,HIGHWAY 417 btwn HWY417 IC88 RAMP15 & END,395296.74701,5022448.21771,-75.34535942110,45.33614480310,2016-07-06,6:58:00 PM,01 - Clear,01 - Daylight,01 - Dry,10 - No control,,02 - Non-fatal injury,07 - SMV other,0
16-13507,HIGHWAY 417 btwn HWY417 IC163 RAMP15 & HWY417 IC155 RAMP51,336074.56248,5020204.48863,-76.10107632590,45.32109401920,2016-07-07,7:10:00 AM,01 - Clear,01 - Daylight,01 - Dry,10 - No control,,03 - P.D. only,07 - SMV other,0
16-13508,HIGHWAY 417 btwn HWY417 IC119A RAMP67 & HWY417 IC118 RAMP76,368934.73678,5030709.96516,-75.68059561790,45.41338654040,2016-07-07,12:40:00 PM,01 - Clear,01 - Daylight,01 - Dry,10 - No control,,03 - P.D. only,03 - Rear end,0
16-13509,HIGHWAY 417 btwn HWY417 IC118 RAMP67 & HWY417 IC117 RAMP36,369831.15168,5031155.35071,-75.66908518690,45.41731122040,2016-07-07,1:00:00 PM,01 - Clear,01 - Daylight,01 - Dry,10 - No control,,03 - P.D. only,04 - Sideswipe,0
16-13510,HIGHWAY 417 btwn HWY417 IC117 RAMP26 & HWY417 IC117 RAMP61,370799.11322,5031207.79885,-75.65671168020,45.41769249310,2016-07-07,2:55:00 PM,01 - Clear,01 - Daylight,01 - Dry,10 - No control,,03 - P.D. only,04 - Sideswipe,0
16-13511,HIGHWAY 417 btwn HWY417 IC117 RAMP51 & HWY417 IC117 RAMP35,370818.37938,5031197.39512,-75.65646693150,45.41759706640,2016-07-07,4:00:00 PM,01 - Clear,01 - Daylight,01 - Dry,10 - No control,,03 - P.D. only,03 - Rear end,0
16-13512,HWY417 IC131 RAMP66 btwn TRANSIT & HWY417 IC130 RAMP36,358233.81098,5022843.74439,-75.81815434700,45.34350531840,2016-07-07,7:45:00 PM,01 - Clear,01 - Daylight,01 - Dry,10 - No control,,03 - P.D. only,07 - SMV other,0
16-13513,HIGHWAY 417 btwn HWY417 IC110 RAMP66 & HWY417 IC110 RAMP56,375837.85416,5029118.36596,-75.59263923930,45.39839949380,2016-07-08,12:40:00 PM,01 - Clear,01 - Daylight,01 - Dry,10 - No control,,03 - P.D. only,03 - Rear end,0
16-13514,HIGHWAY 417 btwn HWY 417 ANDERSON IC104R61 & HWY 417 BOUNDARY IC96R16,381493.04082,5025635.37378,-75.52095730050,45.36646534080,2016-07-08,2:35:00 PM,01 - Clear,01 - Daylight,01 - Dry,10 - No control,,03 - P.D. only,03 - Rear end,0
16-13515,HIGHWAY 417 btwn HWY417 IC119A RAMP67 & HWY417 IC118 RAMP76,368750.37593,5030618.89156,-75.68296264270,45.41258396370,2016-07-08,5:00:00 PM,01 - Clear,01 - Daylight,01 - Dry,10 - No control,,02 - Non-fatal injury,03 - Rear end,0
16-13516,HIGHWAY 417 btwn HWY417 IC123 RAMP62 & HWY417 IC122 RAMP16,365124.26170,5028700.34348,-75.72952065960,45.39564328180,2016-07-08,9:00:00 PM,01 - Clear,05 - Dusk,01 - Dry,10 - No control,,03 - P.D. only,04 - Sideswipe,0
16-13517,HIGHWAY 417 btwn HWY417 IC127 RAMP25 & HWY417 IC126 RAMP51,363194.02692,5025868.36807,-75.75450704930,45.37032520570,2016-07-09,4:06:00 PM,01 - Clear,01 - Daylight,01 - Dry,10 - No control,,02 - Non-fatal injury,03 - Rear end,0
16-13518,HIGHWAY 416 btwn HWY416 IC66 RAMP24 & HWY416 IC57 RAMP62,363797.20763,5009912.14541,-75.74870567160,45.22670096180,2016-07-09,9:00:00 PM,01 - Clear,05 - Dusk,01 - Dry,10 - No control,,03 - P.D. only,07 - SMV other,0
16-13519,HWY417 IC126 RAMP51 btwn HIGHWAY 417 & HWY417 IC126 RAMP52,363239.90356,5025917.33724,-75.75391561660,45.37076199950,2016-07-10,6:30:00 AM,02 - Rain,01 - Daylight,02 - Wet,10 - No control,,03 - P.D. only,07 - SMV other,0
16-13520,HIGHWAY 417 btwn HWY417 IC104 RAMP15 & HWY417 IC96 RAMP51,384920.58349,5024966.23064,-75.47731755930,45.36006151060,2016-07-10,2:26:00 PM,01 - Clear,01 - Daylight,01 - Dry,10 - No control,,02 - Non-fatal injury,07 - SMV other,0
16-13521,HIGHWAY 417 btwn HWY417 IC124 RAMP67 & HWY417 IC123 RAMP62,364717.21988,5027956.73949,-75.73480934920,45.38898742960,2016-07-10,3:15:00 PM,01 - Clear,01 - Daylight,01 - Dry,10 - No control,,03 - P.D. only,03 - Rear end,0
16-13522,HIGHWAY 417 btwn HWY417 IC127 RAMP25 & HWY417 IC126 RAMP51,363192.78779,5025867.25401,-75.75452299870,45.37031528440,2016-07-11,3:10:00 PM,01 - Clear,01 - Daylight,01 - Dry,10 - No control,,03 - P.D. only,03 - Rear end,0
16-13523,HIGHWAY 417 btwn HWY417 IC122 RAMP51 & HWY417 IC122 RAMP15,365332.84310,5028874.07252,-75.72683552170,45.39718845610,2016-07-11,5:18:00 PM,01 - Clear,01 - Daylight,01 - Dry,10 - No control,,03 - P.D. only,03 - Rear end,0
16-13524,HIGHWAY 417 btwn HWY417 IC124 RAMP65 & HWY417 IC122 RAMP51,365139.98537,5028685.90498,-75.72932161610,45.39551201240,2016-07-11,5:15:00 PM,01 - Clear,01 - Daylight,01 - Dry,10 - No control,,02 - Non-fatal injury,03 - Rear end,0
16-13525,HIGHWAY 417 btwn HWY417 IC127 RAMP35 & HWY417 IC127 RAMP25,362130.56460,5024833.17279,-75.76820283290,45.36109841240,2016-07-12,5:41:00 PM,01 - Clear,01 - Daylight,01 - Dry,10 - No control,,02 - Non-fatal injury,03 - Rear end,0
16-13526,HIGHWAY 417 btwn HWY417 IC122 RAMP51 & HWY417 IC122 RAMP15,365329.06203,5028870.53142,-75.72688424640,45.39715692100,2016-07-11,6:00:00 PM,01 - Clear,01 - Daylight,01 - Dry,10 - No control,,03 - P.D. only,03 - Rear end,0
16-13527,HIGHWAY 417 btwn HWY417 IC129 RAMP25 & HWY417 IC129 RAMP35,360444.18066,5023515.84083,-75.78987530020,45.34938097840,2016-07-12,7:03:00 AM,01 - Clear,01 - Daylight,01 - Dry,10 - No control,,03 - P.D. only,03 - Rear end,0
16-13528,HIGHWAY 417 btwn HWY417 IC117 RAMP26 & HWY417 IC117 RAMP61,370806.84176,5031209.41184,-75.65661272460,45.41770627620,2016-07-12,8:20:00 AM,01 - Clear,01 - Daylight,01 - Dry,10 - No control,,03 - P.D. only,04 - Sideswipe,0
16-13529,HIGHWAY 416 btwn HWY416 IC49 RAMP42 & HWY416 IC49 RAMP24,369243.28677,5001013.47523,-75.68050966870,45.14615341510,2016-07-12,8:10:00 AM,01 - Clear,01 - Daylight,01 - Dry,10 - No control,,03 - P.D. only,07 - SMV other,0
16-13530,HIGHWAY 417 btwn HWY417 IC118 RAMP67 & HWY417 IC117 RAMP36,369826.20639,5031154.34888,-75.66914849940,45.41730266620,2016-07-12,8:30:00 AM,01 - Clear,01 - Daylight,01 - Dry,10 - No control,,03 - P.D. only,04 - Sideswipe,0
16-13531,HWY 417 CASTLEFR IC139R61 @ KANATA AVE,351616.13220,5019224.52307,-75.90293697380,45.31141165910,2016-07-12,12:45:00 PM,01 - Clear,01 - Daylight,01 - Dry,01 - Traffic signal,,03 - P.D. only,03 - Rear end,0
16-13532,HIGHWAY 417 btwn HWY417 IC117 RAMP26 & HWY417 IC117 RAMP61,370806.30896,5031207.73955,-75.65661975550,45.41769128070,2016-07-12,6:20:00 PM,01 - Clear,01 - Daylight,01 - Dry,10 - No control,,03 - P.D. only,07 - SMV other,0
16-13533,HIGHWAY 417 btwn HWY417 IC118 RAMP35 & HWY417 IC117 RAMP51,369836.16596,5031137.31261,-75.66902350570,45.41714845440,2016-07-12,9:35:00 PM,01 - Clear,07 - Dark,01 - Dry,10 - No control,,03 - P.D. only,04 - Sideswipe,0
16-13534,HIGHWAY 417 btwn HIGHWAY 417 & Continuation of HIGHWAY 417,352955.81405,5020210.79074,-75.88575662720,45.32019571200,2016-07-13,6:36:00 AM,01 - Clear,01 - Daylight,01 - Dry,10 - No control,,02 - Non-fatal injury,03 - Rear end,0
16-13535,HIGHWAY 417 btwn HIGHWAY 417 & Continuation of HIGHWAY 417,352953.54823,5020211.92745,-75.88578541730,45.32020609660,2016-07-13,6:45:00 AM,01 - Clear,01 - Daylight,01 - Dry,10 - No control,,03 - P.D. only,03 - Rear end,0
16-13536,HIGHWAY 417 btwn HWY417 IC123 RAMP62 & HWY417 IC122 RAMP16,365121.78922,5028700.60187,-75.72955220460,45.39564581980,2016-07-13,8:00:00 AM,01 - Clear,01 - Daylight,01 - Dry,10 - No control,,03 - P.D. only,03 - Rear end,0
16-13537,HIGHWAY 417 btwn HWY417 IC122 RAMP61 & HWY417 IC121B RAMP16,365799.36948,5029200.62252,-75.72083691390,45.40008618680,2016-07-13,7:50:00 AM,01 - Clear,01 - Daylight,01 - Dry,10 - No control,,03 - P.D. only,03 - Rear end,0
16-13538,HIGHWAY 417 btwn HWY417 IC127 RAMP35 & HWY417 IC127 RAMP25,362130.34963,5024834.03587,-75.76820547690,45.36110619600,2016-07-13,9:00:00 AM,01 - Clear,01 - Daylight,01 - Dry,10 - No control,,03 - P.D. only,03 - Rear end,0
16-13539,HIGHWAY 416 btwn HWY416 IC42 RAMP34 & HWY416 IC42 RAMP43,371458.40735,4995147.07855,-75.65312549990,45.09316169360,2016-07-13,4:15:00 PM,01 - Clear,01 - Daylight,01 - Dry,10 - No control,,03 - P.D. only,01 - Approaching,0