Record,Location,X,Y,Longitude,Latitude,Date,Time,Environment,Light,Road_Surface,Traffic_Control,Collision_Location,Collision_Classification,Impact_type,Pedestrian
16-13540,HIGHWAY 417 btwn HWY417 IC163 RAMP15 & HWY417 IC155 RAMP51,336076.44820,5020203.01535,-76.10105236640,45.32108067860,2016-07-13,4:50:00 PM,02 - Rain,01 - Daylight,02 - Wet,10 - No control,,03 - P.D. only,07 - SMV other,0
16-13541,HWY417 IC122 RAMP15 btwn HWY417 IC122 RAMP51 & HIGHWAY 417,365632.23141,5029071.72427,-75.72298751860,45.39894093370,2016-07-14,9:10:00 AM,01 - Clear,01 - Daylight,01 - Dry,10 - No control,,03 - P.D. only,04 - Sideswipe,0
16-13542,HIGHWAY 416 btwn HIGHWAY 416 & HWY416 IC57 RAMP53,364739.48778,5008005.49763,-75.73693686610,45.20946522960,2016-07-14,9:00:00 AM,01 - Clear,01 - Daylight,01 - Dry,10 - No control,,03 - P.D. only,07 - SMV other,0
16-13543,HIGHWAY 417 btwn HWY417 IC129 RAMP25 & HWY417 IC129 RAMP35,360454.68312,5023522.49195,-75.78974053150,45.34943999240,2016-07-14,3:40:00 PM,01 - Clear,01 - Daylight,01 - Dry,10 - No control,,03 - P.D. only,03 - Rear end,0
16-13544,HIGHWAY 417 btwn HWY417 IC117 RAMP51 & HWY417 IC117 RAMP35,370821.46196,5031197.78045,-75.65642749710,45.41760024320,2016-07-14,4:22:00 PM,01 - Clear,01 - Daylight,01 - Dry,10 - No control,,03 - P.D. only,03 - Rear end,0
16-13545,HWY417 IC110 RAMP56 btwn HIGHWAY 417 & WALKLEY EXTENSION RD,375926.76248,5028970.30749,-75.59152511310,45.39705831650,2016-07-15,2:00:00 PM,01 - Clear,01 - Daylight,01 - Dry,10 - No control,,02 - Non-fatal injury,07 - SMV other,0
16-13546,HIGHWAY 417 btwn HWY417 IC129 RAMP25 & HWY417 IC129 RAMP35,360454.21644,5023523.13208,-75.78974641500,45.34944578910,2016-07-15,4:40:00 PM,01 - Clear,01 - Daylight,01 - Dry,10 - No control,,03 - P.D. only,03 - Rear end,0
16-13547,HIGHWAY 417 btwn HWY417 IC127 RAMP35 & HWY417 IC127 RAMP25,362117.53090,5024822.69584,-75.76837040330,45.36100520690,2016-07-15,4:20:00 PM,01 - Clear,01 - Daylight,01 - Dry,10 - No control,,03 - P.D. only,03 - Rear end,0
16-13548,HIGHWAY 417 btwn HWY417 IC118 RAMP67 & HWY417 IC117 RAMP36,369823.93884,5031156.96008,-75.66917712530,45.41732637160,2016-07-15,5:45:00 PM,01 - Clear,01 - Daylight,01 - Dry,10 - No control,,02 - Non-fatal injury,04 - Sideswipe,0
16-13549,HIGHWAY 417 btwn HWY417 IC140 RAMP35 & HWY417 IC140 RAMP25,350951.85836,5018561.47754,-75.91146999210,45.30548937100,2016-07-15,6:20:00 PM,01 - Clear,01 - Daylight,01 - Dry,10 - No control,,02 - Non-fatal injury,07 - SMV other,0
16-13550,HIGHWAY 417 btwn HWY417 IC115 RAMP35 & HIGHWAY 417,372494.74526,5031505.27775,-75.63500771790,45.42020707120,2016-07-16,12:00:00 PM,01 - Clear,01 - Daylight,01 - Dry,10 - No control,,03 - P.D. only,04 - Sideswipe,0
16-13551,HIGHWAY 416 btwn HIGHWAY 416 & HWY416 IC57 RAMP52,364732.54927,5008073.20350,-75.73701704370,45.21007504380,2016-07-16,12:05:00 PM,01 - Clear,01 - Daylight,01 - Dry,10 - No control,,03 - P.D. only,07 - SMV other,0
16-13552,HIGHWAY 417 btwn HWY417 IC121A RAMP16 & HWY417 IC121A RAMP61,367263.83789,5029760.59296,-75.70206169890,45.40499551280,2016-07-16,5:25:00 PM,01 - Clear,01 - Daylight,01 - Dry,10 - No control,,03 - P.D. only,99 - Other,0
16-13553,HIGHWAY 7 btwn HWY 7 HAZELDEAN RD IC RAMP 52 & HAZELDEAN RD IC RAMP 62,346402.08587,5012314.63832,-75.97000975730,45.24956202370,2016-07-17,7:50:00 AM,01 - Clear,01 - Daylight,01 - Dry,10 - No control,,02 - Non-fatal injury,07 - SMV other,0
16-13554,ASHTON STATION RD @ HIGHWAY 7,339968.89220,5003783.84980,-76.05256507880,45.17314762500,2016-07-17,2:03:00 PM,01 - Clear,01 - Daylight,01 - Dry,02 - Stop sign,00 - Unknown,03 - P.D. only,07 - SMV other,0
16-13555,HWY417 IC127 RAMP25 btwn WOODROFFE AVE & HIGHWAY 417,362236.33273,5024881.91130,-75.76684720060,45.36152829980,2016-07-17,2:00:00 PM,01 - Clear,01 - Daylight,01 - Dry,10 - No control,,02 - Non-fatal injury,07 - SMV other,0
16-13556,HWY417 IC131 RAMP53 btwn HIGHWAY 417 & HWY417 IC131 RAMP63,358431.20503,5022418.51631,-75.81568176550,45.33966403370,2016-07-17,8:30:00 PM,01 - Clear,05 - Dusk,01 - Dry,10 - No control,,03 - P.D. only,07 - SMV other,0
16-13557,HIGHWAY 417 btwn HWY417 IC163 RAMP15 & HWY417 IC155 RAMP51,331315.04581,5021449.66766,-76.16171864810,45.33249473180,2016-07-17,9:45:00 PM,01 - Clear,07 - Dark,01 - Dry,10 - No control,,03 - P.D. only,07 - SMV other,0
16-13558,HIGHWAY 417 btwn HWY417 IC127 RAMP25 & HWY417 IC126 RAMP51,363194.92412,5025868.90924,-75.75449553210,45.37032999970,2016-07-18,9:00:00 AM,01 - Clear,01 - Daylight,01 - Dry,10 - No control,,03 - P.D. only,03 - Rear end,0
16-13559,HIGHWAY 417 btwn HWY417 IC119A RAMP75 & HWY417 IC118 RAMP57,368946.19579,5030696.50326,-75.68045098140,45.41326436460,2016-07-18,4:00:00 PM,01 - Clear,01 - Daylight,01 - Dry,10 - No control,,02 - Non-fatal injury,03 - Rear end,0
16-13560,HIGHWAY 417 btwn HWY417 IC115 RAMP36 & HWY417 IC115 RAMP26,372471.58215,5031523.13158,-75.63530120610,45.42036995230,2016-07-20,6:51:00 AM,01 - Clear,01 - Daylight,01 - Dry,10 - No control,,03 - P.D. only,04 - Sideswipe,0
16-13561,HIGHWAY 417 btwn HWY417 IC127 RAMP25 & HWY417 IC126 RAMP51,363197.27125,5025873.23646,-75.75446505730,45.37036874060,2016-07-20,3:58:00 PM,01 - Clear,01 - Daylight,01 - Dry,10 - No control,,03 - P.D. only,03 - Rear end,0
16-13562,HIGHWAY 416 btwn HWY416 IC66 RAMP62 & HWY416 IC66 RAMP52,360053.98725,5014815.80869,-75.79582460290,45.27112847290,2016-07-20,7:30:00 PM,01 - Clear,01 - Daylight,01 - Dry,10 - No control,,03 - P.D. only,07 - SMV other,0
16-13563,HIGHWAY 417 btwn HWY417 IC121B RAMP51 & HWY417 IC121A RAMP51,366582.90202,5029516.44602,-75.71079000420,45.40285917640,2016-07-20,9:20:00 PM,01 - Clear,"08 - Dark, artificial",01 - Dry,10 - No control,,03 - P.D. only,04 - Sideswipe,0
16-13564,HIGHWAY 417 btwn HWY417 IC134 RAMP35 & HWY417 IC134 RAMP25,356430.41571,5022247.21190,-75.84122738860,45.33827271840,2016-07-20,10:40:00 PM,01 - Clear,"08 - Dark, artificial",01 - Dry,10 - No control,,03 - P.D. only,03 - Rear end,0
16-13565,HIGHWAY 417 btwn HWY417 IC138 RAMP36 & HIGHWAY 417,352921.85795,5020246.06882,-75.88618629580,45.32051547990,2016-07-21,6:55:00 AM,01 - Clear,01 - Daylight,01 - Dry,10 - No control,,03 - P.D. only,04 - Sideswipe,0
16-13566,HIGHWAY 417 btwn HWY417 IC119B RAMP76 & HWY417 IC119A RAMP67,368581.03272,5030529.71956,-75.68513750940,45.41179707890,2016-07-21,7:50:00 AM,01 - Clear,01 - Daylight,01 - Dry,10 - No control,,03 - P.D. only,03 - Rear end,0
16-13567,HIGHWAY 417 btwn HWY417 IC119A RAMP67 & HWY417 IC118 RAMP76,368750.84945,5030620.55072,-75.68295637730,45.41259884850,2016-07-21,7:50:00 AM,01 - Clear,01 - Daylight,01 - Dry,10 - No control,,03 - P.D. only,03 - Rear end,0
16-13568,HIGHWAY 417 btwn HWY417 IC115 RAMP36 & HWY417 IC115 RAMP26,372478.02407,5031522.71984,-75.63521895830,45.42036562390,2016-07-21,8:25:00 AM,01 - Clear,01 - Daylight,01 - Dry,10 - No control,,03 - P.D. only,03 - Rear end,0
16-13569,HIGHWAY 417 btwn HWY417 IC118 RAMP76 & HWY417 IC118 RAMP67,369451.66726,5031052.44401,-75.67394692060,45.41642047160,2016-07-21,8:19:00 AM,01 - Clear,01 - Daylight,01 - Dry,10 - No control,,03 - P.D. only,03 - Rear end,0
16-13570,HIGHWAY 417 btwn HWY417 IC124 RAMP76 & HWY417 IC124 RAMP67,364317.24039,5027391.80477,-75.73998507630,45.38393835220,2016-07-21,6:15:00 PM,01 - Clear,01 - Daylight,01 - Dry,10 - No control,,03 - P.D. only,04 - Sideswipe,0
16-13571,HIGHWAY 417 btwn HWY417 IC112 RAMP64 & HIGHWAY 417,374947.05274,5030710.08173,-75.60378952100,45.41281074210,2016-07-21,6:20:00 PM,01 - Clear,01 - Daylight,01 - Dry,10 - No control,,03 - P.D. only,04 - Sideswipe,0
16-13572,HIGHWAY 417 btwn HWY 417 ANDERSON IC104R61 & HWY 417 BOUNDARY IC96R16,381484.67657,5025633.46323,-75.52106435650,45.36644906570,2016-07-22,5:10:00 AM,01 - Clear,07 - Dark,01 - Dry,10 - No control,,02 - Non-fatal injury,07 - SMV other,0
16-13573,HIGHWAY 417 btwn HWY417 IC117 RAMP51 & HWY417 IC117 RAMP35,370816.10319,5031198.04009,-75.65649592550,45.41760308460,2016-07-22,10:00:00 AM,01 - Clear,01 - Daylight,01 - Dry,10 - No control,,03 - P.D. only,04 - Sideswipe,0
16-13574,HIGHWAY 417 btwn HWY417 IC126 RAMP61 & HWY417 IC124 RAMP76,363662.55282,5026518.86654,-75.74844855890,45.37613910440,2016-07-22,12:59:00 PM,01 - Clear,01 - Daylight,01 - Dry,10 - No control,,03 - P.D. only,04 - Sideswipe,0
16-13575,HIGHWAY 417 btwn HWY417 IC124 RAMP76 & HWY417 IC124 RAMP67,364439.18940,5027548.44684,-75.73840904140,45.38533741700,2016-07-22,1:05:00 PM,01 - Clear,01 - Daylight,01 - Dry,10 - No control,,03 - P.D. only,03 - Rear end,0
16-13576,HIGHWAY 417 btwn HWY417 IC126 RAMP16 & HWY417 IC126 RAMP61,363179.32424,5025888.04275,-75.75469241160,45.37050346110,2016-07-22,1:49:00 PM,01 - Clear,01 - Daylight,01 - Dry,10 - No control,,02 - Non-fatal injury,04 - Sideswipe,0
16-13577,HIGHWAY 417 btwn HWY417 IC124 RAMP67 & HWY417 IC123 RAMP62,364778.91203,5028071.75515,-75.73400758350,45.39001703780,2016-07-22,4:50:00 PM,01 - Clear,01 - Daylight,01 - Dry,10 - No control,,03 - P.D. only,03 - Rear end,0
16-13578,HIGHWAY 417 btwn HWY417 IC117 RAMP61 & HWY417 IC115 RAMP36,371535.57450,5031418.38648,-75.64727423800,45.41951741270,2016-07-22,8:52:00 PM,02 - Rain,05 - Dusk,02 - Wet,10 - No control,,03 - P.D. only,07 - SMV other,0
16-13579,HWY417 IC115 RAMP26 btwn ST. LAURENT BLVD & Continuation of HWY417 IC1,372493.56754,5031541.20157,-75.63501783020,45.42053041080,2016-07-23,1:08:00 AM,01 - Clear,07 - Dark,01 - Dry,10 - No control,,03 - P.D. only,07 - SMV other,0
16-13580,HIGHWAY 417 btwn HWY417 IC118 RAMP57 & HWY417 IC118 RAMP35,369451.24441,5031033.00829,-75.67395487320,45.41624563540,2016-07-23,3:30:00 PM,01 - Clear,01 - Daylight,01 - Dry,10 - No control,,03 - P.D. only,04 - Sideswipe,0
16-13581,HWY417 IC131 RAMP66 btwn HWY417 IC130 RAMP36 & HWY417 IC131 RAMP63,358578.12463,5022937.91923,-75.81375078810,45.34432639440,2016-07-25,7:00:00 AM,02 - Rain,01 - Daylight,02 - Wet,10 - No control,,03 - P.D. only,07 - SMV other,0
16-13582,HIGHWAY 417 btwn HWY417 IC127 RAMP25 & HWY417 IC126 RAMP51,362870.16483,5025416.84497,-75.75869439030,45.36628936100,2016-07-25,8:50:00 AM,02 - Rain,01 - Daylight,02 - Wet,10 - No control,,03 - P.D. only,03 - Rear end,0
16-13583,HWY417 IC126 RAMP51 btwn HIGHWAY 417 & HWY417 IC126 RAMP52,363287.45425,5025931.11696,-75.75330697160,45.37088202160,2016-07-25,6:17:00 PM,01 - Clear,01 - Daylight,01 - Dry,10 - No control,,02 - Non-fatal injury,07 - SMV other,0
16-13584,HIGHWAY 417 btwn HWY417 IC117 RAMP61 & HWY417 IC115 RAMP36,371542.64416,5031420.35907,-75.64718364650,45.41953448690,2016-07-26,2:00:00 PM,01 - Clear,01 - Daylight,01 - Dry,10 - No control,,03 - P.D. only,03 - Rear end,0
16-13585,HIGHWAY 417 btwn HWY417 IC117 RAMP36 & HWY417 IC117 RAMP26,370768.45345,5031199.16637,-75.65710454040,45.41761771280,2016-07-26,3:35:00 PM,01 - Clear,01 - Daylight,01 - Dry,10 - No control,,03 - P.D. only,03 - Rear end,0
16-13586,HIGHWAY 417 btwn HWY417 IC127 RAMP25 & HWY417 IC126 RAMP51,363201.15667,5025877.39945,-75.75441496600,45.37040587500,2016-07-26,5:58:00 PM,01 - Clear,01 - Daylight,01 - Dry,10 - No control,,03 - P.D. only,04 - Sideswipe,0
16-13587,HIGHWAY 417 btwn HWY417 IC127 RAMP25 & HWY417 IC126 RAMP51,363197.45250,5025872.63694,-75.75446281510,45.37036333040,2016-07-26,6:15:00 PM,01 - Clear,01 - Daylight,01 - Dry,10 - No control,,03 - P.D. only,04 - Sideswipe,0
16-13588,HIGHWAY 417 btwn HWY417 IC126 RAMP25 & HWY417 IC124 RAMP57,363659.68308,5026496.34713,-75.74848787980,45.37593671910,2016-07-27,8:25:00 AM,01 - Clear,01 - Daylight,01 - Dry,10 - No control,,03 - P.D. only,03 - Rear end,0
16-13589,HIGHWAY 417 btwn HWY417 IC122 RAMP61 & HWY417 IC121B RAMP16,365827.15408,5029214.15256,-75.72048037190,45.40020550600,2016-07-27,4:38:00 PM,01 - Clear,01 - Daylight,01 - Dry,10 - No control,,03 - P.D. only,03 - Rear end,0
16-13590,HIGHWAY 416 btwn HWY416 IC75B RAMP25 & HWY416 IC75A RAMP26,358659.68308,5022174.95182,-75.81279317530,45.33745492690,2016-07-28,9:41:00 AM,01 - Clear,01 - Daylight,01 - Dry,10 - No control,,02 - Non-fatal injury,07 - SMV other,0
16-13591,HIGHWAY 417 btwn HWY417 IC127 RAMP35 & HWY417 IC127 RAMP25,362131.82403,5024834.20938,-75.76818663830,45.36110763660,2016-07-26,5:15:00 PM,01 - Clear,01 - Daylight,01 - Dry,10 - No control,,03 - P.D. only,03 - Rear end,0
16-13592,HIGHWAY 417 btwn HWY417 IC121A RAMP16 & HWY417 IC121A RAMP61,367296.54702,5029775.49369,-75.70164201180,45.40512666540,2016-07-29,1:22:00 PM,01 - Clear,01 - Daylight,01 - Dry,10 - No control,,03 - P.D. only,03 - Rear end,0
16-13593,HIGHWAY 417 btwn HWY417 IC120B RAMP36 & HWY417 IC119B RAMP76,367782.07318,5030017.77165,-75.69540935410,45.40726309120,2016-07-29,4:30:00 PM,01 - Clear,01 - Daylight,03 - Loose snow,10 - No control,,03 - P.D. only,03 - Rear end,0
16-13594,HWY417 IC121A RAMP51 btwn HIGHWAY 417 & BRONSON AVE,367119.47427,5029668.86639,-75.70391727140,45.40418305040,2016-07-29,6:35:00 PM,01 - Clear,01 - Daylight,01 - Dry,10 - No control,,03 - P.D. only,03 - Rear end,0
16-13595,HWY417 IC140 RAMP51 btwn HIGHWAY 417 & HWY417 IC140 RAMP53,350942.96215,5018349.66818,-75.91160314800,45.30358403840,2016-07-30,9:00:00 AM,01 - Clear,01 - Daylight,01 - Dry,10 - No control,,03 - P.D. only,07 - SMV other,0
16-13596,HIGHWAY 417 btwn HWY417 IC121A RAMP51 & HWY417 IC120A RAMP52,367694.87417,5029938.26540,-75.69653334600,45.40655555870,2016-07-31,2:00:00 AM,01 - Clear,07 - Dark,01 - Dry,10 - No control,,02 - Non-fatal injury,07 - SMV other,0
16-13597,HIGHWAY 417 btwn HWY417 IC122 RAMP51 & HWY417 IC122 RAMP15,365322.51301,5028867.45218,-75.72696826450,45.39712978110,2016-06-30,6:45:00 PM,01 - Clear,01 - Daylight,01 - Dry,10 - No control,,03 - P.D. only,04 - Sideswipe,0
16-13598,HIGHWAY 417 btwn HWY417 IC120A RAMP52 & HWY417 IC119B RAMP57,368096.11560,5030204.96593,-75.69137385640,45.40891907630,2016-08-02,8:50:00 AM,01 - Clear,01 - Daylight,01 - Dry,10 - No control,,03 - P.D. only,03 - Rear end,0
16-13599,HIGHWAY 417 btwn HWY417 IC124 RAMP65 & HWY417 IC122 RAMP51,365126.69091,5028665.48473,-75.72949389860,45.39532942050,2016-08-02,5:30:00 PM,01 - Clear,01 - Daylight,01 - Dry,10 - No control,,03 - P.D. only,03 - Rear end,0
16-13600,HIGHWAY 416 btwn HWY416 IC66 RAMP53 & HWY416 IC57 RAMP34,363760.61502,5009917.49621,-75.74917098250,45.22675217300,2016-08-02,6:10:00 PM,01 - Clear,01 - Daylight,01 - Dry,10 - No control,,03 - P.D. only,04 - Sideswipe,0
16-13601,HIGHWAY 417 btwn HWY417 IC96 RAMP61 & HWY417 IC88 RAMP16,392444.54361,5022905.27238,-75.38166241650,45.34061897030,2016-08-03,10:50:00 AM,01 - Clear,01 - Daylight,01 - Dry,10 - No control,,03 - P.D. only,03 - Rear end,0
16-13602,HIGHWAY 417 btwn HWY417 IC117 RAMP61 & HWY417 IC115 RAMP36,371200.40586,5031379.11860,-75.65156173320,45.41919598700,2016-08-03,7:53:00 PM,01 - Clear,01 - Daylight,01 - Dry,10 - No control,,03 - P.D. only,03 - Rear end,0
16-13603,HWY417 IC117 RAMP51 btwn HIGHWAY 417 & HWY417 IC117 RAMP53,370700.74031,5031029.95472,-75.65799226400,45.41610159570,2016-08-04,8:30:00 AM,01 - Clear,01 - Daylight,01 - Dry,10 - No control,,03 - P.D. only,03 - Rear end,0
16-13604,HIGHWAY 417 btwn HWY417 IC117 RAMP51 & HWY417 IC117 RAMP35,370717.46272,5031171.76074,-75.65775965790,45.41737593320,2016-08-04,3:30:00 PM,01 - Clear,01 - Daylight,01 - Dry,10 - No control,,03 - P.D. only,03 - Rear end,0
16-13605,HIGHWAY 417 btwn HWY417 IC122 RAMP61 & HWY417 IC121B RAMP16,366091.96084,5029355.68888,-75.71708063740,45.40145588120,2016-08-04,4:30:00 PM,01 - Clear,01 - Daylight,01 - Dry,10 - No control,,03 - P.D. only,03 - Rear end,0
16-13606,HIGHWAY 417 btwn HWY417 IC129 RAMP76 & HWY417 IC129 RAMP26,360450.08039,5023550.93061,-75.78979606590,45.34969624760,2016-08-04,5:57:00 PM,01 - Clear,01 - Daylight,01 - Dry,10 - No control,,03 - P.D. only,03 - Rear end,0
16-13607,HIGHWAY 417 btwn HWY417 IC127 RAMP63 & HWY417 IC127 RAMP67,362135.10650,5024861.47772,-75.76814157880,45.36135272610,2016-08-05,7:55:00 AM,01 - Clear,01 - Daylight,01 - Dry,10 - No control,,03 - P.D. only,07 - SMV other,0
16-13608,HIGHWAY 417 btwn HWY417 IC122 RAMP61 & HWY417 IC121B RAMP16,366448.83155,5029491.79082,-75.71250552840,45.40264915520,2016-08-05,3:00:00 PM,01 - Clear,01 - Daylight,01 - Dry,10 - No control,,03 - P.D. only,03 - Rear end,0
16-13609,HIGHWAY 417 btwn HWY417 IC104 RAMP15 & HWY417 IC96 RAMP51,381449.57307,5025606.56358,-75.52151658540,45.36621088060,2016-08-05,4:47:00 PM,01 - Clear,01 - Daylight,01 - Dry,10 - No control,,03 - P.D. only,03 - Rear end,0
16-13610,HIGHWAY 417 btwn RAMP & HWY417 IC88 RAMP51,392414.48418,5022878.61775,-75.38205061870,45.34038291420,2016-08-05,5:15:00 PM,01 - Clear,01 - Daylight,01 - Dry,10 - No control,,03 - P.D. only,03 - Rear end,0
16-13611,HIGHWAY 417 btwn HWY417 IC122 RAMP15 & HWY417 IC121B RAMP51,366563.92194,5029509.47294,-75.71103330470,45.40279810920,2016-08-06,10:00:00 AM,01 - Clear,01 - Daylight,01 - Dry,10 - No control,,03 - P.D. only,04 - Sideswipe,0
16-13612,LAURIER AVE @ NICHOLAS ST,368378.52088,5031794.96362,-75.68756127780,45.42319974130,2016-08-06,12:10:00 PM,01 - Clear,01 - Daylight,01 - Dry,01 - Traffic signal,01 - Functioning,03 - P.D. only,04 - Sideswipe,0
16-13613,HIGHWAY 417 btwn HWY417 IC129 RAMP76 & HWY417 IC129 RAMP26,360400.78825,5023506.92705,-75.79043002850,45.34930421450,2016-08-08,4:30:00 PM,01 - Clear,01 - Daylight,01 - Dry,10 - No control,,03 - P.D. only,03 - Rear end,0
16-13614,HIGHWAY 417 btwn HWY417 IC121A RAMP16 & HWY417 IC121A RAMP61,367312.98875,5029788.78295,-75.70143031410,45.40524477050,2016-08-08,4:29:00 PM,01 - Clear,01 - Daylight,01 - Dry,10 - No control,,03 - P.D. only,03 - Rear end,0
16-13615,HIGHWAY 7 btwn TO BE DETERMINED & RAMP,345837.96278,5011402.99454,-75.97727135010,45.24139175280,2016-08-09,3:20:00 AM,01 - Clear,07 - Dark,01 - Dry,10 - No control,,03 - P.D. only,07 - SMV other,0
16-13616,HIGHWAY 417 btwn HWY417 IC122 RAMP51 & HWY417 IC122 RAMP15,365308.85931,5028859.51896,-75.72714361540,45.39705958000,2016-08-09,4:45:00 PM,01 - Clear,01 - Daylight,01 - Dry,10 - No control,,03 - P.D. only,03 - Rear end,0
16-13617,HIGHWAY 417 btwn HWY417 IC122 RAMP15 & HWY417 IC121B RAMP51,366563.70881,5029507.67949,-75.71103625120,45.40278199140,2016-08-09,5:52:00 PM,01 - Clear,01 - Daylight,01 - Dry,10 - No control,,03 - P.D. only,03 - Rear end,0
16-13618,HIGHWAY 417 btwn HWY417 IC120A RAMP52 & HWY417 IC119B RAMP57,367961.80989,5030110.59881,-75.69310156930,45.40808212410,2016-08-09,10:30:00 PM,01 - Clear,07 - Dark,01 - Dry,10 - No control,,03 - P.D. only,03 - Rear end,0
16-13619,HIGHWAY 417 btwn HWY417 IC119B RAMP57 & HWY417 IC119A RAMP75,368453.19504,5030435.08446,-75.68678281090,45.41095722310,2016-08-10,9:00:00 AM,01 - Clear,01 - Daylight,01 - Dry,10 - No control,,03 - P.D. only,04 - Sideswipe,0
16-13620,HIGHWAY 417 btwn HWY417 IC124 RAMP76 & HWY417 IC124 RAMP67,364344.73682,5027431.52845,-75.73962919590,45.38429344230,2016-08-10,3:34:00 PM,01 - Clear,01 - Daylight,01 - Dry,10 - No control,,03 - P.D. only,03 - Rear end,0
16-13621,HIGHWAY 417 btwn HWY417 IC117 RAMP51 & HWY417 IC117 RAMP35,370658.76611,5031161.10258,-75.65851097890,45.41728556330,2016-08-10,3:50:00 PM,01 - Clear,01 - Daylight,01 - Dry,10 - No control,,03 - P.D. only,04 - Sideswipe,0
16-13622,HIGHWAY 417 btwn HWY417 IC117 RAMP51 & HWY417 IC117 RAMP35,370782.83772,5031186.56609,-75.65692245720,45.41750298410,2016-08-10,3:50:00 PM,01 - Clear,01 - Daylight,01 - Dry,10 - No control,,03 - P.D. only,03 - Rear end,0
16-13623,HIGHWAY 417 btwn HWY417 IC118 RAMP67 & HWY417 IC117 RAMP36,369844.33106,5031155.19801,-75.66891682930,45.41730862140,2016-08-11,8:04:00 AM,01 - Clear,01 - Daylight,01 - Dry,10 - No control,,03 - P.D. only,03 - Rear end,0
16-13624,HIGHWAY 416 btwn HWY416 IC42 RAMP24 & END,372494.29405,4994086.23126,-75.64010959660,45.08351777140,2016-08-11,10:15:00 AM,01 - Clear,01 - Daylight,03 - Loose snow,10 - No control,,03 - P.D. only,99 - Other,0
16-13625,HIGHWAY 417 btwn HWY417 IC117 RAMP51 & HWY417 IC117 RAMP35,370731.50954,5031176.44302,-75.65757957220,45.41741673910,2016-08-11,3:20:00 PM,01 - Clear,01 - Daylight,01 - Dry,10 - No control,,03 - P.D. only,03 - Rear end,0
16-13626,HWY417 IC118 RAMP67 btwn HWY417 IC118 RAMP64 & HIGHWAY 417,369601.07476,5031165.07178,-75.67202333340,45.41742003350,2016-08-12,7:30:00 AM,01 - Clear,01 - Daylight,01 - Dry,10 - No control,,03 - P.D. only,04 - Sideswipe,0
16-13627,HIGHWAY 417 btwn Continuation of HIGHWAY 417 & HWY417 IC134 RAMP51,355587.98051,5021745.20837,-75.85202717160,45.33381712050,2016-08-12,10:00:00 AM,01 - Clear,01 - Daylight,01 - Dry,10 - No control,,03 - P.D. only,04 - Sideswipe,0
16-13628,HIGHWAY 417 btwn HWY417 IC129 RAMP25 & HWY417 IC129 RAMP35,360514.32036,5023579.09204,-75.78897312840,45.34994454290,2016-08-12,5:30:00 PM,01 - Clear,01 - Daylight,01 - Dry,10 - No control,,03 - P.D. only,04 - Sideswipe,0
16-13629,HIGHWAY 417 btwn HWY417 IC138 RAMP61 & HWY417 IC134 RAMP36,355779.53922,5021927.24207,-75.84956459800,45.33544119010,2016-08-13,5:50:00 PM,02 - Rain,01 - Daylight,02 - Wet,10 - No control,,03 - P.D. only,07 - SMV other,0
16-13630,HIGHWAY 417 btwn HWY417 IC115 RAMP25 & REGIONAL ROAD 174,373214.13409,5031650.38152,-75.62579640800,45.42144266600,2016-08-14,3:15:00 PM,01 - Clear,01 - Daylight,01 - Dry,10 - No control,,03 - P.D. only,07 - SMV other,0
16-13631,HIGHWAY 417 btwn HWY 417 ANDERSON IC104R61 & HWY 417 BOUNDARY IC96R16,383266.64618,5025396.74438,-75.49835726510,45.36412202390,2016-08-15,3:20:00 PM,01 - Clear,01 - Daylight,01 - Dry,10 - No control,,03 - P.D. only,03 - Rear end,0
16-13632,HIGHWAY 417 btwn HWY417 IC126 RAMP61 & HWY417 IC124 RAMP76,364105.18334,5027119.50188,-75.74272544780,45.38150620140,2016-08-15,5:35:00 PM,01 - Clear,01 - Daylight,01 - Dry,10 - No control,,03 - P.D. only,03 - Rear end,0
16-13633,HIGHWAY 417 btwn HWY417 IC117 RAMP36 & HWY417 IC117 RAMP26,370746.39355,5031188.71659,-75.65738777320,45.41752576930,2016-08-16,4:20:00 PM,02 - Rain,01 - Daylight,02 - Wet,10 - No control,,03 - P.D. only,03 - Rear end,0
16-13634,HIGHWAY 417 btwn HWY417 IC142 RAMP35 & HWY417 IC142 RAMP25,349064.42399,5017326.69412,-75.93564765890,45.29449988330,2016-08-16,6:00:00 PM,02 - Rain,01 - Daylight,02 - Wet,10 - No control,,03 - P.D. only,07 - SMV other,0
16-13635,HIGHWAY 417 btwn HWY417 IC134 RAMP26 & HWY417 IC134 RAMP61,356652.07880,5022430.87511,-75.83838004450,45.33990898910,2016-08-17,7:20:00 AM,01 - Clear,01 - Daylight,01 - Dry,10 - No control,,02 - Non-fatal injury,03 - Rear end,0
16-13636,HIGHWAY 417 btwn HWY417 IC131 RAMP66 & HWY417 IC130 RAMP26,359161.39215,5023076.88307,-75.80629312900,45.34553183470,2016-08-17,7:45:00 AM,01 - Clear,01 - Daylight,01 - Dry,10 - No control,,03 - P.D. only,03 - Rear end,0
16-13637,HIGHWAY 417 btwn HWY417 IC127 RAMP63 & HWY417 IC127 RAMP67,362203.04823,5024907.80340,-75.76726902210,45.36176400100,2016-08-17,8:15:00 AM,01 - Clear,01 - Daylight,01 - Dry,10 - No control,,03 - P.D. only,04 - Sideswipe,0
16-13638,HIGHWAY 417 btwn HWY417 IC118 RAMP35 & HWY417 IC117 RAMP51,370174.85418,5031098.64244,-75.66470162920,45.41676895220,2016-08-17,3:20:00 PM,01 - Clear,01 - Daylight,01 - Dry,10 - No control,,03 - P.D. only,03 - Rear end,0
16-13639,HIGHWAY 417 btwn HWY417 IC112 RAMP54 & HWY417 IC112 RAMP65,374338.34584,5030912.37541,-75.61153697580,45.41469162850,2016-08-17,9:25:00 PM,01 - Clear,07 - Dark,01 - Dry,10 - No control,,03 - P.D. only,03 - Rear end,0
16-13640,HIGHWAY 416 btwn HIGHWAY 416 & HWY416 IC57 RAMP52,364708.46151,5008117.79122,-75.73731830850,45.21047829630,2016-08-18,8:00:00 AM,01 - Clear,01 - Daylight,01 - Dry,10 - No control,,02 - Non-fatal injury,03 - Rear end,0
16-13641,HIGHWAY 417 btwn HWY417 IC119A RAMP67 & HWY417 IC118 RAMP76,368948.84312,5030718.92406,-75.68041424410,45.41346585650,2016-08-18,8:10:00 AM,01 - Clear,01 - Daylight,01 - Dry,10 - No control,,03 - P.D. only,03 - Rear end,0