Record,Location,X,Y,Longitude,Latitude,Date,Time,Environment,Light,Road_Surface,Traffic_Control,Collision_Location,Collision_Classification,Impact_type,Pedestrian
16-13742,HIGHWAY 417 btwn HWY417 IC129 RAMP51 & HWY417 IC129 RAMP35,360290.11769,5023400.71450,-75.79185420140,45.34835728020,2016-09-15,4:44:00 PM,01 - Clear,01 - Daylight,01 - Dry,10 - No control,,02 - Non-fatal injury,03 - Rear end,0
16-13743,HWY416 IC75B RAMP25 btwn HWY416 IC75C RAMP24 & HWY417 IC131 RAMP55,358637.48795,5022847.40767,-75.81300317220,45.34350741520,2016-09-15,5:15:00 PM,01 - Clear,01 - Daylight,01 - Dry,10 - No control,,03 - P.D. only,04 - Sideswipe,0
16-13744,HIGHWAY 417 btwn HWY417 IC138 RAMP61 & HWY417 IC134 RAMP36,355345.68460,5021660.56701,-75.85512692390,45.33307300140,2016-09-16,3:00:00 AM,01 - Clear,07 - Dark,01 - Dry,10 - No control,,03 - P.D. only,07 - SMV other,0
16-13745,HIGHWAY 417 btwn HWY 417 ANDERSON IC104R61 & HWY 417 BOUNDARY IC96R16,385019.13049,5024967.32225,-75.47605970130,45.36006006400,2016-09-18,7:10:00 AM,01 - Clear,01 - Daylight,01 - Dry,10 - No control,,02 - Non-fatal injury,03 - Rear end,0
16-13746,HIGHWAY 417 btwn HWY417 IC118 RAMP57 & HWY417 IC118 RAMP35,369456.16501,5031034.79438,-75.67389177520,45.41626125150,2016-09-19,8:44:00 AM,01 - Clear,01 - Daylight,01 - Dry,10 - No control,,03 - P.D. only,03 - Rear end,0
16-13747,HIGHWAY 417 btwn TRANSIT & HWY417 IC127 RAMP35,362033.89636,5024753.70684,-75.76944585770,45.36039128210,2016-09-16,10:40:00 AM,01 - Clear,01 - Daylight,01 - Dry,10 - No control,,03 - P.D. only,03 - Rear end,0
16-13748,HWY417 IC119B RAMP76 btwn HIGHWAY 417 & O'CONNOR ST,368194.97643,5030311.51239,-75.69009730640,45.40986879970,2016-09-16,2:50:00 PM,01 - Clear,01 - Daylight,01 - Dry,10 - No control,,03 - P.D. only,04 - Sideswipe,0
16-13749,HIGHWAY 417 btwn HWY417 IC169 RAMP25 & HWY417 IC163 RAMP51,328524.64504,5022731.50170,-76.19725684380,45.34412928690,2016-09-17,11:32:00 AM,01 - Clear,01 - Daylight,01 - Dry,10 - No control,,03 - P.D. only,04 - Sideswipe,0
16-13750,HWY416 IC66 RAMP34 btwn HIGHWAY 416 & FALLOWFIELD RD,359749.65785,5015232.69393,-75.79965664960,45.27490350200,2016-09-17,4:50:00 PM,02 - Rain,01 - Daylight,02 - Wet,10 - No control,,03 - P.D. only,07 - SMV other,0
16-13751,HIGHWAY 417 btwn HWY417 IC124 RAMP76 & HWY417 IC124 RAMP67,364378.06691,5027470.88838,-75.73919886630,45.38464476170,2016-09-17,10:10:00 PM,02 - Rain,07 - Dark,02 - Wet,10 - No control,,03 - P.D. only,03 - Rear end,0
16-13752,HIGHWAY 7 WB btwn HIGHWAY 417 HWY 7 RAMP 66/76 & HIGHWAY 7 HAZELDEAN IC RAMP 34,346142.14368,5013950.34792,-75.97318506740,45.26429617460,2016-09-17,11:50:00 PM,02 - Rain,07 - Dark,02 - Wet,10 - No control,,03 - P.D. only,07 - SMV other,0
16-13753,HIGHWAY 417 btwn HWY417 IC142 RAMP35 & HWY417 IC142 RAMP25,348950.30631,5017218.27154,-75.93711219160,45.29353144100,2016-09-17,3:00:00 PM,02 - Rain,01 - Daylight,02 - Wet,10 - No control,,03 - P.D. only,07 - SMV other,0
16-13754,HIGHWAY 417 btwn HWY417 IC129 RAMP25 & HWY417 IC129 RAMP35,360456.79670,5023524.36429,-75.78971334940,45.34945667160,2016-09-18,1:43:00 PM,01 - Clear,01 - Daylight,01 - Dry,10 - No control,,03 - P.D. only,03 - Rear end,0
16-13755,HIGHWAY 417 btwn HWY417 IC130 RAMP35 & HWY417 IC130 RAMP25,359229.40922,5023068.80534,-75.80542611560,45.34545387580,2016-09-18,2:32:00 PM,01 - Clear,01 - Daylight,01 - Dry,10 - No control,,03 - P.D. only,03 - Rear end,0
16-13756,HIGHWAY 417 btwn HWY417 IC124 RAMP65 & HWY417 IC122 RAMP51,365138.40717,5028688.33640,-75.72934147410,45.39553402570,2016-09-19,8:00:00 AM,01 - Clear,01 - Daylight,01 - Dry,10 - No control,,03 - P.D. only,03 - Rear end,0
16-13757,HIGHWAY 417 btwn HWY417 IC124 RAMP65 & HWY417 IC122 RAMP51,365139.46550,5028685.16139,-75.72932834670,45.39550536650,2016-09-19,8:00:00 AM,01 - Clear,01 - Daylight,01 - Dry,10 - No control,,02 - Non-fatal injury,03 - Rear end,0
16-13758,HIGHWAY 417 btwn HWY417 IC123 RAMP62 & HWY417 IC122 RAMP16,365119.35713,5028691.51141,-75.72958437680,45.39556423490,2016-09-19,8:25:00 AM,01 - Clear,01 - Daylight,01 - Dry,10 - No control,,03 - P.D. only,03 - Rear end,0
16-13759,HIGHWAY 417 btwn HWY417 IC129 RAMP25 & TRANSIT,361831.28898,5024596.16764,-75.77204997970,45.35899026680,2016-09-19,8:30:00 AM,01 - Clear,01 - Daylight,01 - Dry,10 - No control,,03 - P.D. only,03 - Rear end,0
16-13760,HIGHWAY 417 btwn HWY417 IC124 RAMP67 & HWY417 IC123 RAMP62,364725.80828,5027969.34900,-75.73469814710,45.38910015260,2016-09-19,9:07:00 PM,01 - Clear,07 - Dark,01 - Dry,10 - No control,,03 - P.D. only,99 - Other,0
16-13761,HIGHWAY 417 btwn HWY417 IC127 RAMP25 & HWY417 IC126 RAMP51,363195.70109,5025872.67041,-75.75448516870,45.37036377770,2016-09-20,12:24:00 AM,01 - Clear,07 - Dark,01 - Dry,10 - No control,,03 - P.D. only,04 - Sideswipe,0
16-13762,HIGHWAY 417 btwn HWY417 IC129 RAMP25 & HWY417 IC129 RAMP35,360479.36262,5023545.19604,-75.78942304230,45.34964232370,2016-09-20,9:00:00 AM,01 - Clear,01 - Daylight,01 - Dry,10 - No control,,02 - Non-fatal injury,03 - Rear end,0
16-13763,HIGHWAY 417 btwn HWY417 IC123 RAMP62 & HWY417 IC122 RAMP16,365121.14786,5028697.87039,-75.72956072870,45.39562129760,2016-09-20,4:00:00 PM,01 - Clear,01 - Daylight,01 - Dry,10 - No control,,03 - P.D. only,03 - Rear end,0
16-13764,HIGHWAY 417 btwn HWY417 IC110 RAMP54 & HWY417 IC110 RAMP65,375797.75226,5029201.50086,-75.59313942670,45.39915156490,2016-09-20,8:15:00 PM,01 - Clear,07 - Dark,01 - Dry,10 - No control,,03 - P.D. only,04 - Sideswipe,0
16-13765,HIGHWAY 417 btwn HWY417 IC163 RAMP61 & HWY417 IC155 RAMP36,336156.04372,5020236.08071,-76.10003501500,45.32137466590,2016-09-20,8:45:00 PM,01 - Clear,07 - Dark,01 - Dry,10 - No control,,03 - P.D. only,07 - SMV other,0
16-13766,HIGHWAY 417 btwn HWY417 IC122 RAMP61 & HWY417 IC121B RAMP16,365806.39495,5029207.67052,-75.72074631170,45.40014899080,2016-09-21,5:31:00 PM,01 - Clear,01 - Daylight,01 - Dry,10 - No control,,03 - P.D. only,03 - Rear end,0
16-13767,CARP RD/HWY 417 CARP IC144R63 @ HWY 417 CARP I,347298.60897,5015928.20943,-75.95827980800,45.28202482440,2016-09-21,5:20:00 PM,01 - Clear,01 - Daylight,01 - Dry,01 - Traffic signal,01 - Functioning,02 - Non-fatal injury,03 - Rear end,0
16-13768,HIGHWAY 417 btwn HWY417 IC126 RAMP25 & HWY417 IC124 RAMP57,363408.69543,5026154.11182,-75.75173279330,45.37287837080,2016-09-21,7:00:00 PM,01 - Clear,05 - Dusk,01 - Dry,10 - No control,,03 - P.D. only,04 - Sideswipe,0
16-13769,HIGHWAY 417 btwn HWY417 IC127 RAMP35 & HWY417 IC127 RAMP25,362133.45340,5024834.22686,-75.76816583950,45.36110766080,2016-09-22,7:40:00 AM,01 - Clear,01 - Daylight,01 - Dry,10 - No control,,03 - P.D. only,03 - Rear end,0
16-13770,HIGHWAY 417 btwn HWY417 IC138 RAMP61 & HWY417 IC134 RAMP36,354041.24623,5020900.22154,-75.87184385260,45.32632403620,2016-09-22,8:59:00 AM,01 - Clear,01 - Daylight,01 - Dry,10 - No control,,03 - P.D. only,03 - Rear end,0
16-13771,HWY416 IC57 RAMP43 btwn BROPHY DR & HIGHWAY 416,364523.38588,5008036.93997,-75.73968395090,45.20976649810,2016-09-21,10:30:00 PM,01 - Clear,07 - Dark,01 - Dry,10 - No control,,03 - P.D. only,07 - SMV other,0
16-13772,HIGHWAY 417 btwn HWY417 IC115 RAMP36 & HWY417 IC115 RAMP26,372477.95830,5031523.45647,-75.63521969780,45.42037225880,2016-09-23,6:45:00 AM,02 - Rain,03 - Dawn,02 - Wet,10 - No control,,03 - P.D. only,03 - Rear end,0
16-13773,HIGHWAY 417 btwn HWY417 IC127 RAMP35 & HWY417 IC127 RAMP25,362138.88187,5024838.34568,-75.76809607510,45.36114427750,2016-09-23,7:00:00 AM,02 - Rain,01 - Daylight,02 - Wet,10 - No control,,02 - Non-fatal injury,03 - Rear end,0
16-13774,HIGHWAY 417 btwn HWY417 IC144 RAMP35 & HWY417 IC144 RAMP25,347436.97692,5015841.45279,-75.95652359670,45.28123577720,2016-09-23,7:45:00 AM,02 - Rain,01 - Daylight,02 - Wet,10 - No control,,03 - P.D. only,04 - Sideswipe,0
16-13775,HIGHWAY 417 btwn HWY417 IC129 RAMP25 & HWY417 IC129 RAMP35,360468.44592,5023536.71208,-75.78956330490,45.34956685230,2016-09-23,8:50:00 AM,01 - Clear,01 - Daylight,01 - Dry,10 - No control,,03 - P.D. only,03 - Rear end,0
16-13776,HWY417 IC127 RAMP35 btwn HIGHWAY 417 & WOODROFFE AVE,362064.72734,5024770.56237,-75.76905040020,45.36054042990,2016-09-23,1:06:00 PM,01 - Clear,01 - Daylight,01 - Dry,10 - No control,,03 - P.D. only,04 - Sideswipe,0
16-13777,HIGHWAY 417 btwn HWY417 IC115 RAMP25 & REGIONAL ROAD 174,373009.96777,5031592.16829,-75.62841302370,45.42093882780,2016-09-22,5:45:00 PM,01 - Clear,01 - Daylight,01 - Dry,10 - No control,,03 - P.D. only,03 - Rear end,0
16-13778,HIGHWAY 417 btwn HWY417 IC121B RAMP51 & HWY417 IC121A RAMP51,367024.13584,5029648.64686,-75.70513757990,45.40400960230,2016-09-23,5:33:00 PM,01 - Clear,01 - Daylight,01 - Dry,10 - No control,,02 - Non-fatal injury,03 - Rear end,0
16-13779,HIGHWAY 417 btwn HWY417 IC122 RAMP61 & HWY417 IC121B RAMP16,366077.51074,5029344.71263,-75.71726656370,45.40135838420,2016-09-23,5:44:00 PM,01 - Clear,01 - Daylight,01 - Dry,10 - No control,,03 - P.D. only,03 - Rear end,0
16-13780,HIGHWAY 417 btwn HWY417 IC126 RAMP16 & HWY417 IC126 RAMP61,363177.58321,5025879.39734,-75.75471565810,45.37042581500,2016-09-24,9:03:00 AM,01 - Clear,01 - Daylight,01 - Dry,10 - No control,,03 - P.D. only,03 - Rear end,0
16-13781,HIGHWAY 417 btwn HWY417 IC123 RAMP62 & HWY417 IC122 RAMP16,365117.68675,5028693.13443,-75.72960550990,45.39557898220,2016-09-24,12:10:00 PM,01 - Clear,01 - Daylight,01 - Dry,10 - No control,,03 - P.D. only,03 - Rear end,0
16-13782,HIGHWAY 417 btwn HWY417 IC130 RAMP35 & HWY417 IC130 RAMP25,359195.12982,5023062.73357,-75.80586419060,45.34540190170,2016-09-24,1:30:00 PM,01 - Clear,01 - Daylight,01 - Dry,10 - No control,,03 - P.D. only,03 - Rear end,0
16-13783,HIGHWAY 417 btwn HWY417 IC119A RAMP67 & HWY417 IC118 RAMP76,368933.23251,5030708.37014,-75.68061504280,45.41337232610,2016-09-24,7:00:00 PM,01 - Clear,05 - Dusk,01 - Dry,10 - No control,,03 - P.D. only,03 - Rear end,0
16-13784,HIGHWAY 417 btwn HWY417 IC121A RAMP51 & HWY417 IC120A RAMP52,367281.89958,5029741.46813,-75.70183341740,45.40482182050,2016-09-25,1:15:00 AM,01 - Clear,07 - Dark,01 - Dry,10 - No control,,03 - P.D. only,03 - Rear end,0
16-13785,HIGHWAY 417 btwn HWY417 IC119B RAMP57 & HWY417 IC119A RAMP75,368588.55293,5030516.85887,-75.68504310580,45.41168067720,2016-09-25,12:00:00 AM,01 - Clear,00 - Unknown,01 - Dry,10 - No control,,03 - P.D. only,06 - SMV unattended vehicle,0
16-13786,HIGHWAY 417 btwn HWY417 IC126 RAMP61 & HWY417 IC124 RAMP76,363187.08688,5025902.05758,-75.75459165990,45.37062891790,2016-09-25,4:06:00 PM,01 - Clear,01 - Daylight,01 - Dry,10 - No control,,03 - P.D. only,03 - Rear end,0
16-13787,HIGHWAY 417 btwn HWY417 IC131 RAMP66 & HWY417 IC130 RAMP26,359194.59325,5023078.60974,-75.80586929040,45.34554479670,2016-09-25,2:00:00 PM,01 - Clear,01 - Daylight,01 - Dry,10 - No control,,03 - P.D. only,04 - Sideswipe,0
16-13788,HWY417 IC124 RAMP55 btwn CARLING AVE EB & HIGHWAY 417,364434.23535,5027479.81151,-75.73848059040,45.38472027060,2016-09-25,10:20:00 PM,01 - Clear,07 - Dark,01 - Dry,10 - No control,,03 - P.D. only,03 - Rear end,0
16-13789,HIGHWAY 417 btwn HWY417 IC126 RAMP61 & HWY417 IC124 RAMP76,363197.56069,5025920.96227,-75.75445572090,45.37079814740,2016-09-25,10:55:00 PM,01 - Clear,07 - Dark,01 - Dry,10 - No control,,02 - Non-fatal injury,03 - Rear end,0
16-13790,HIGHWAY 417 btwn HWY417 IC96 RAMP51 & HIGHWAY 417,387199.71424,5023871.98799,-75.44841330580,45.34995228800,2016-09-25,1:00:00 PM,01 - Clear,01 - Daylight,01 - Dry,10 - No control,,03 - P.D. only,04 - Sideswipe,0
16-13791,HIGHWAY 417 btwn HWY417 IC110 RAMP55 & HWY417 IC104 RAMP51,377769.60197,5026396.46060,-75.56837081690,45.37371069760,2016-09-26,10:00:00 PM,02 - Rain,07 - Dark,02 - Wet,10 - No control,,03 - P.D. only,03 - Rear end,0
16-13792,HIGHWAY 417 btwn HWY417 IC130 RAMP35 & HWY417 IC130 RAMP25,359200.84385,5023063.35987,-75.80579120950,45.34540709400,2016-09-27,8:00:00 AM,01 - Clear,01 - Daylight,01 - Dry,10 - No control,,03 - P.D. only,04 - Sideswipe,0
16-13793,HIGHWAY 417 btwn HWY417 IC117 RAMP25 & HWY417 IC115 RAMP51,371561.35912,5031398.81864,-75.64694745880,45.41933888930,2016-09-27,4:25:00 PM,01 - Clear,01 - Daylight,01 - Dry,10 - No control,,03 - P.D. only,03 - Rear end,0
16-13794,HIGHWAY 417 btwn HIGHWAY 417 & Continuation of HIGHWAY 417,352984.93520,5020226.48787,-75.88538367220,45.32033496040,2016-09-28,6:45:00 AM,01 - Clear,03 - Dawn,01 - Dry,10 - No control,,03 - P.D. only,03 - Rear end,0
16-13795,HIGHWAY 417 btwn HWY417 IC138 RAMP61 & HWY417 IC134 RAMP36,353882.16862,5020805.13511,-75.87388246290,45.32547957450,2016-09-28,8:05:00 AM,01 - Clear,01 - Daylight,01 - Dry,10 - No control,,02 - Non-fatal injury,03 - Rear end,0
16-13796,HIGHWAY 417 btwn HWY417 IC115 RAMP36 & HWY417 IC115 RAMP26,372492.69539,5031524.96627,-75.63503120310,45.42038441750,2016-09-28,7:30:00 AM,01 - Clear,01 - Daylight,01 - Dry,10 - No control,,03 - P.D. only,03 - Rear end,0
16-13797,HIGHWAY 417 btwn HWY417 IC123 RAMP62 & HWY417 IC122 RAMP16,364874.29937,5028249.69939,-75.73276783450,45.39160996850,2016-09-28,5:50:00 PM,01 - Clear,01 - Daylight,01 - Dry,10 - No control,,03 - P.D. only,03 - Rear end,0
16-13798,HIGHWAY 7 btwn HWY417 IC145 RAMP55 & RAMP,346304.40441,5013211.43687,-75.97117922820,45.25763758060,2016-09-28,6:59:00 PM,01 - Clear,01 - Daylight,01 - Dry,10 - No control,,03 - P.D. only,07 - SMV other,0
16-13799,HIGHWAY 417 btwn HWY417 IC122 RAMP51 & HWY417 IC122 RAMP15,365274.06804,5028833.39682,-75.72759115300,45.39682754400,2016-09-29,7:13:00 AM,01 - Clear,01 - Daylight,01 - Dry,10 - No control,,03 - P.D. only,04 - Sideswipe,0
16-13800,HIGHWAY 417 btwn Continuation of HIGHWAY 417 & HWY417 IC134 RAMP51,355816.28100,5021882.52358,-75.84910045870,45.33503613750,2016-09-29,8:00:00 AM,01 - Clear,01 - Daylight,01 - Dry,10 - No control,,03 - P.D. only,03 - Rear end,0
16-13801,HWY417 IC121A RAMP51 btwn HIGHWAY 417 & BRONSON AVE,367082.15408,5029662.89901,-75.70439471530,45.40413267900,2016-09-29,2:53:00 PM,01 - Clear,01 - Daylight,01 - Dry,10 - No control,,03 - P.D. only,04 - Sideswipe,0
16-13802,HIGHWAY 417 btwn HWY417 IC124 RAMP57 & HWY417 IC124 RAMP55,364118.60785,5027097.54221,-75.74255668120,45.38130747500,2016-09-29,3:03:00 PM,01 - Clear,01 - Daylight,01 - Dry,10 - No control,,03 - P.D. only,03 - Rear end,0
16-13803,HIGHWAY 417 btwn HWY417 IC115 RAMP51 & HWY417 IC115 RAMP35,372427.25557,5031494.84615,-75.63587142330,45.42011973950,2016-09-29,4:26:00 PM,01 - Clear,01 - Daylight,01 - Dry,10 - No control,,03 - P.D. only,04 - Sideswipe,0
16-13804,HIGHWAY 417 btwn HWY417 IC126 RAMP61 & HWY417 IC124 RAMP76,363192.82500,5025912.33460,-75.75451719490,45.37072091100,2016-09-29,5:20:00 PM,01 - Clear,01 - Daylight,01 - Dry,10 - No control,,03 - P.D. only,03 - Rear end,0
16-13805,HIGHWAY 417 btwn HWY417 IC115 RAMP51 & HWY417 IC115 RAMP35,372432.26084,5031496.05702,-75.63580730890,45.42013014990,2016-09-29,5:20:00 PM,01 - Clear,01 - Daylight,01 - Dry,10 - No control,,03 - P.D. only,03 - Rear end,0
16-13806,HIGHWAY 417 btwn HWY417 IC138 RAMP61 & HWY417 IC134 RAMP36,353833.19421,5020778.33443,-75.87450982220,45.32524184000,2016-09-30,2:40:00 AM,01 - Clear,07 - Dark,01 - Dry,10 - No control,,03 - P.D. only,07 - SMV other,0
16-13807,HIGHWAY 416 btwn HWY416 IC66 RAMP62 & HWY416 IC72 RAMP24,359590.51607,5019434.53875,-75.80122060160,45.31272450520,2016-09-30,7:33:00 AM,01 - Clear,01 - Daylight,01 - Dry,10 - No control,,03 - P.D. only,03 - Rear end,0
16-13808,HIGHWAY 417 btwn HWY417 IC124 RAMP67 & HWY417 IC123 RAMP62,364720.20738,5027968.02006,-75.73476983020,45.38908867470,2016-09-30,2:45:00 PM,01 - Clear,01 - Daylight,01 - Dry,10 - No control,,03 - P.D. only,04 - Sideswipe,0
16-13809,HIGHWAY 417 btwn HWY417 IC121A RAMP16 & HWY417 IC121A RAMP61,367276.19709,5029765.82672,-75.70190316980,45.40504150110,2016-09-30,5:10:00 PM,01 - Clear,01 - Daylight,01 - Dry,10 - No control,,03 - P.D. only,04 - Sideswipe,0
16-13810,HIGHWAY 417 btwn HWY417 IC117 RAMP25 & HWY417 IC115 RAMP51,371538.93696,5031398.51007,-75.64723397020,45.41933825280,2016-10-02,4:14:00 AM,02 - Rain,07 - Dark,02 - Wet,10 - No control,,03 - P.D. only,04 - Sideswipe,0
16-13811,HIGHWAY 417 btwn HWY417 IC123 RAMP62 & HWY417 IC122 RAMP16,365123.62135,5028701.04327,-75.72952875140,45.39564963360,2016-10-01,3:00:00 PM,01 - Clear,01 - Daylight,01 - Dry,10 - No control,,03 - P.D. only,03 - Rear end,0
16-13812,HIGHWAY 417 btwn HWY417 IC144 RAMP35 & HWY417 IC144 RAMP25,347409.85131,5015816.27418,-75.95687150200,45.28101085530,2016-10-02,4:30:00 PM,02 - Rain,01 - Daylight,02 - Wet,10 - No control,,03 - P.D. only,04 - Sideswipe,0
16-13813,HIGHWAY 417 btwn HWY417 IC126 RAMP61 & HWY417 IC124 RAMP76,364101.99629,5027116.65720,-75.74276648110,45.38148087500,2016-10-02,5:50:00 PM,01 - Clear,05 - Dusk,01 - Dry,10 - No control,,03 - P.D. only,03 - Rear end,0
16-13814,HIGHWAY 417 btwn HWY417 IC134 RAMP35 & HWY417 IC134 RAMP25,356447.78293,5022255.74470,-75.84100491780,45.33834821910,2016-10-03,7:30:00 AM,01 - Clear,01 - Daylight,01 - Dry,10 - No control,,03 - P.D. only,03 - Rear end,0
16-13815,HIGHWAY 417 btwn HWY417 IC115 RAMP36 & HWY417 IC115 RAMP26,372473.24075,5031522.82746,-75.63528005690,45.42036705570,2016-10-03,12:28:00 PM,01 - Clear,01 - Daylight,01 - Dry,10 - No control,,03 - P.D. only,99 - Other,0
16-13816,HWY417 IC104 RAMP51 btwn HIGHWAY 417 & ANDERSON RD,379716.00682,5025965.30095,-75.54358919380,45.36962600780,2016-10-04,12:30:00 AM,01 - Clear,07 - Dark,01 - Dry,10 - No control,,03 - P.D. only,07 - SMV other,0
16-13817,HIGHWAY 417 btwn HWY417 IC122 RAMP61 & HWY417 IC121B RAMP16,366086.69239,5029355.62689,-75.71714793520,45.40145578460,2016-10-04,11:30:00 AM,01 - Clear,01 - Daylight,01 - Dry,10 - No control,,03 - P.D. only,99 - Other,0
16-13818,HIGHWAY 417 btwn HWY417 IC115 RAMP35 & HIGHWAY 417,372508.77967,5031505.52976,-75.63482837460,45.42020798050,2016-10-04,4:25:00 PM,01 - Clear,01 - Daylight,01 - Dry,10 - No control,,03 - P.D. only,03 - Rear end,0
16-13819,HIGHWAY 417 btwn HWY417 IC121A RAMP51 & HWY417 IC120A RAMP52,367284.05512,5029741.94981,-75.70180582390,45.40482596230,2016-10-04,4:45:00 PM,01 - Clear,01 - Daylight,01 - Dry,10 - No control,,03 - P.D. only,03 - Rear end,0
16-13820,HIGHWAY 417 btwn HWY417 IC127 RAMP25 & HWY417 IC126 RAMP51,363201.74240,5025878.24477,-75.75440738930,45.37041343210,2016-10-05,6:25:00 AM,01 - Clear,03 - Dawn,01 - Dry,10 - No control,,03 - P.D. only,03 - Rear end,0
16-13821,HIGHWAY 417 btwn RAMP & HWY417 IC129 RAMP76,360186.48175,5023347.28354,-75.79318264970,45.34788470040,2016-10-05,12:20:00 PM,01 - Clear,01 - Daylight,01 - Dry,10 - No control,,03 - P.D. only,04 - Sideswipe,0
16-13822,HIGHWAY 417 btwn HWY417 IC124 RAMP67 & HWY417 IC123 RAMP62,364613.04655,5027790.56816,-75.73615974580,45.38750115600,2016-10-05,4:30:00 PM,01 - Clear,01 - Daylight,01 - Dry,10 - No control,,03 - P.D. only,03 - Rear end,0
16-13823,HIGHWAY 417 btwn HWY417 IC124 RAMP67 & HWY417 IC123 RAMP62,364724.09343,5027970.46334,-75.73471991050,45.38911032560,2016-10-06,2:32:00 PM,01 - Clear,01 - Daylight,01 - Dry,10 - No control,,02 - Non-fatal injury,03 - Rear end,0
16-13824,HIGHWAY 417 btwn HWY417 IC115 RAMP36 & HWY417 IC115 RAMP26,372470.09571,5031522.51296,-75.63532028310,45.42036453020,2016-10-06,3:15:00 PM,01 - Clear,01 - Daylight,01 - Dry,10 - No control,,02 - Non-fatal injury,03 - Rear end,0
16-13825,HIGHWAY 417 btwn HWY417 IC127 RAMP35 & HWY417 IC127 RAMP25,362143.01157,5024841.26543,-75.76804302700,45.36117021090,2016-10-06,7:00:00 PM,01 - Clear,07 - Dark,01 - Dry,10 - No control,,03 - P.D. only,07 - SMV other,0
16-13826,HIGHWAY 417 btwn HWY417 IC144 RAMP35 & HWY417 IC144 RAMP25,347429.43787,5015834.53078,-75.95662028350,45.28117394760,2016-10-07,7:00:00 AM,"07 - Fog, mist, smoke, dust",07 - Dark,01 - Dry,10 - No control,,03 - P.D. only,07 - SMV other,0
16-13827,HIGHWAY 417 btwn HWY417 IC123 RAMP62 & HWY417 IC122 RAMP16,365132.93677,5028712.37981,-75.72940839670,45.39575083440,2016-10-07,12:22:00 PM,01 - Clear,01 - Daylight,01 - Dry,10 - No control,,03 - P.D. only,03 - Rear end,0
16-13828,HIGHWAY 417 btwn HWY417 IC121A RAMP61 & HWY417 IC120B RAMP36,367534.75138,5029882.12332,-75.69858581760,45.40606477870,2016-10-07,2:20:00 PM,01 - Clear,01 - Daylight,01 - Dry,10 - No control,,03 - P.D. only,03 - Rear end,0
16-13829,HIGHWAY 417 btwn HWY417 IC126 RAMP61 & HWY417 IC124 RAMP76,363189.98671,5025907.47523,-75.75455400190,45.37067742320,2016-10-07,5:30:00 PM,01 - Clear,01 - Daylight,01 - Dry,10 - No control,,03 - P.D. only,03 - Rear end,0
16-13830,HIGHWAY 417 btwn HWY417 IC122 RAMP61 & HWY417 IC121B RAMP16,366066.81173,5029341.50683,-75.71740361370,45.40133047560,2016-10-07,7:15:00 PM,01 - Clear,07 - Dark,01 - Dry,10 - No control,,03 - P.D. only,03 - Rear end,0
16-13831,HIGHWAY 417 btwn HWY417 IC155 RAMP25 & RAMP,344360.47124,5015404.03430,-75.99577185790,45.27747955870,2016-10-08,6:45:00 PM,01 - Clear,07 - Dark,01 - Dry,10 - No control,,03 - P.D. only,03 - Rear end,0
16-13832,HIGHWAY 417 btwn HWY417 IC134 RAMP36 & HWY417 IC134 RAMP26,356430.44732,5022300.23160,-75.84122145310,45.33874979240,2016-10-09,5:45:00 AM,01 - Clear,07 - Dark,01 - Dry,10 - No control,,03 - P.D. only,07 - SMV other,0
16-13833,HIGHWAY 417 btwn HWY417 IC144 RAMP16 & HWY417 IC144 RAMP61,347562.52849,5016022.79496,-75.95490768760,45.28285993560,2016-10-09,6:23:00 AM,01 - Clear,07 - Dark,01 - Dry,10 - No control,,03 - P.D. only,07 - SMV other,0
16-13834,HIGHWAY 417 btwn HWY417 IC96 RAMP51 & HIGHWAY 417,387347.19646,5023837.81249,-75.44653715800,45.34962746280,2016-10-09,9:45:00 AM,01 - Clear,01 - Daylight,01 - Dry,10 - No control,,03 - P.D. only,07 - SMV other,0
16-13835,HIGHWAY 416 btwn HWY416 IC66 RAMP24 & HWY416 IC57 RAMP62,363747.50132,5010003.91597,-75.74932772800,45.22753088410,2016-10-09,10:45:00 AM,01 - Clear,01 - Daylight,01 - Dry,10 - No control,,03 - P.D. only,07 - SMV other,0
16-13836,HIGHWAY 417 btwn HWY417 IC127 RAMP35 & HWY417 IC127 RAMP25,362134.02450,5024837.11720,-75.76815821500,45.36113362080,2016-10-10,4:05:00 PM,01 - Clear,01 - Daylight,01 - Dry,10 - No control,,03 - P.D. only,03 - Rear end,0
16-13837,HIGHWAY 417 btwn HWY417 IC127 RAMP35 & HWY417 IC127 RAMP25,362119.87762,5024822.89184,-75.76834042850,45.36100677860,2016-10-12,8:15:00 AM,01 - Clear,01 - Daylight,01 - Dry,10 - No control,,03 - P.D. only,03 - Rear end,0
16-13838,HIGHWAY 417 btwn HWY417 IC115 RAMP35 & HIGHWAY 417,372502.80410,5031505.84426,-75.63490467790,45.42021138850,2016-10-11,4:40:00 PM,01 - Clear,01 - Daylight,01 - Dry,10 - No control,,03 - P.D. only,03 - Rear end,0
16-13839,HIGHWAY 417 btwn HWY417 IC129 RAMP25 & HWY417 IC129 RAMP35,360470.88900,5023534.81506,-75.78953234220,45.34954958920,2016-10-11,4:40:00 PM,01 - Clear,01 - Daylight,01 - Dry,10 - No control,,03 - P.D. only,04 - Sideswipe,0
16-13840,HIGHWAY 7 btwn UPPER DWYER HILL RD & HIGHWAY 7,341112.91568,5007337.52346,-76.03775198220,45.20506788670,2016-10-11,10:30:00 PM,01 - Clear,07 - Dark,01 - Dry,10 - No control,,03 - P.D. only,07 - SMV other,0
16-13841,HIGHWAY 417 btwn HWY417 IC96 RAMP51 & HIGHWAY 417,387332.89325,5023849.42118,-75.44671772630,45.34973359130,2016-10-12,6:15:00 AM,01 - Clear,03 - Dawn,01 - Dry,10 - No control,,03 - P.D. only,04 - Sideswipe,0
16-13842,HIGHWAY 417 btwn HWY417 IC119A RAMP75 & HWY417 IC118 RAMP57,369031.52749,5030750.77560,-75.67935380020,45.41374486050,2016-10-12,3:33:00 PM,01 - Clear,01 - Daylight,01 - Dry,10 - No control,,03 - P.D. only,03 - Rear end,0
16-13843,HIGHWAY 417 btwn HWY417 IC127 RAMP63 & HWY417 IC127 RAMP67,362276.22978,5024970.70741,-75.76632764420,45.36232400960,2016-10-12,5:05:00 PM,01 - Clear,01 - Daylight,01 - Dry,10 - No control,,03 - P.D. only,03 - Rear end,0