Record,Location,X,Y,Longitude,Latitude,Date,Time,Environment,Light,Road_Surface,Traffic_Control,Collision_Location,Collision_Classification,Impact_type,Pedestrian
16-13844,HIGHWAY 417 btwn HWY417 IC118 RAMP76 & HWY417 IC118 RAMP67,369489.89657,5031075.27225,-75.67345551990,45.41662233890,2016-10-12,5:30:00 PM,01 - Clear,01 - Daylight,01 - Dry,10 - No control,,03 - P.D. only,03 - Rear end,0
16-13845,HIGHWAY 417 btwn HWY417 IC127 RAMP25 & HWY417 IC126 RAMP51,363150.20305,5025805.40274,-75.75507392000,45.36976230080,2016-10-13,7:20:00 AM,02 - Rain,01 - Daylight,02 - Wet,10 - No control,,03 - P.D. only,03 - Rear end,0
16-13846,HIGHWAY 417 btwn HWY417 IC127 RAMP35 & HWY417 IC127 RAMP25,362104.59065,5024811.46896,-75.76853686660,45.36090524690,2016-10-13,7:10:00 AM,02 - Rain,03 - Dawn,02 - Wet,10 - No control,,03 - P.D. only,03 - Rear end,0
16-13847,HIGHWAY 417 btwn RAMP & HWY417 IC129 RAMP76,359858.08016,5023171.61344,-75.79739280140,45.34632987780,2016-10-14,5:30:00 AM,01 - Clear,07 - Dark,01 - Dry,10 - No control,,03 - P.D. only,04 - Sideswipe,0
16-13848,HIGHWAY 417 btwn HWY417 IC123 RAMP62 & HWY417 IC122 RAMP16,365001.21585,5028481.47689,-75.73111880170,45.39368455580,2016-10-14,3:50:00 PM,01 - Clear,01 - Daylight,01 - Dry,10 - No control,,03 - P.D. only,03 - Rear end,0
16-13849,HIGHWAY 417 btwn HWY417 IC126 RAMP16 & HWY417 IC126 RAMP61,363078.94001,5025753.25743,-75.75598977270,45.36929903310,2016-10-14,5:10:00 PM,01 - Clear,01 - Daylight,01 - Dry,10 - No control,,03 - P.D. only,03 - Rear end,0
16-13850,HIGHWAY 417 btwn HWY417 IC129 RAMP51 & HWY417 IC129 RAMP35,360344.62454,5023440.58281,-75.79115418000,45.34871169990,2016-10-17,6:00:00 AM,01 - Clear,07 - Dark,02 - Wet,10 - No control,,02 - Non-fatal injury,03 - Rear end,0
16-13851,HIGHWAY 416 btwn HWY416 IC75A RAMP26 & HWY416 IC72 RAMP62,359185.66662,5020905.96482,-75.80622196420,45.32599595640,2016-10-18,7:35:00 AM,01 - Clear,01 - Daylight,02 - Wet,10 - No control,,02 - Non-fatal injury,05 - Turning movement,0
16-13852,HIGHWAY 417 btwn HWY417 IC117 RAMP26 & HWY417 IC117 RAMP61,370942.60855,5031271.51190,-75.65486984930,45.41825220590,2016-10-18,7:45:00 AM,01 - Clear,01 - Daylight,02 - Wet,10 - No control,,03 - P.D. only,03 - Rear end,0
16-13853,HIGHWAY 417 btwn HWY417 IC117 RAMP36 & HWY417 IC117 RAMP26,370756.55164,5031197.87417,-75.65725677040,45.41760720810,2016-10-18,7:40:00 AM,01 - Clear,01 - Daylight,01 - Dry,10 - No control,,03 - P.D. only,03 - Rear end,0
16-13854,HIGHWAY 417 btwn HWY417 IC119B RAMP76 & HWY417 IC119A RAMP67,368573.83007,5030526.92657,-75.68522988130,45.41177260480,2016-10-18,8:30:00 AM,01 - Clear,01 - Daylight,01 - Dry,10 - No control,,03 - P.D. only,04 - Sideswipe,0
16-13855,HIGHWAY 417 btwn HWY417 IC138 RAMP36 & HIGHWAY 417,352898.08343,5020224.83908,-75.88649159470,45.32032608000,2016-10-19,2:35:00 AM,01 - Clear,07 - Dark,01 - Dry,10 - No control,,03 - P.D. only,07 - SMV other,0
16-13856,HIGHWAY 417 btwn HWY417 IC138 RAMP36 & HIGHWAY 417,352913.95846,5020242.03703,-75.88628744300,45.32047974240,2016-10-27,11:30:00 PM,03 - Snow,07 - Dark,04 - Slush,10 - No control,,03 - P.D. only,07 - SMV other,0
16-13857,HIGHWAY 417 btwn HWY417 IC138 RAMP36 & HIGHWAY 417,352917.92721,5020247.32871,-75.88623630950,45.32052708610,2016-10-28,3:44:00 AM,03 - Snow,07 - Dark,04 - Slush,10 - No control,,02 - Non-fatal injury,07 - SMV other,0
16-13858,HIGHWAY 417 btwn HWY417 IC126 RAMP16 & HWY417 IC126 RAMP61,363168.38078,5025870.26745,-75.75483421040,45.37034443270,2016-11-01,5:50:00 PM,01 - Clear,07 - Dark,01 - Dry,10 - No control,,03 - P.D. only,03 - Rear end,0
16-13859,HWY416 IC75B RAMP25 btwn HWY416 IC75C RAMP24 & HWY417 IC131 RAMP55,358568.81942,5022739.63529,-75.81389107330,45.34254294200,2016-11-01,3:15:00 PM,01 - Clear,01 - Daylight,01 - Dry,10 - No control,,03 - P.D. only,04 - Sideswipe,0
16-13860,HIGHWAY 417 btwn HWY417 IC127 RAMP35 & HWY417 IC127 RAMP25,362132.24358,5024831.24069,-75.76818162720,45.36108089020,2016-11-04,6:45:00 AM,01 - Clear,07 - Dark,01 - Dry,10 - No control,,03 - P.D. only,03 - Rear end,0
16-13861,HWY417 IC96 RAMP61 btwn BOUNDARY RD & HIGHWAY 417,387307.20209,5024119.35447,-75.44700050240,45.35216524420,2016-11-04,3:55:00 PM,01 - Clear,01 - Daylight,01 - Dry,10 - No control,,03 - P.D. only,03 - Rear end,0
16-13862,HIGHWAY 417 btwn HWY417 IC126 RAMP25 & HWY417 IC124 RAMP57,363678.41159,5026519.42153,-75.74824602660,45.37614276570,2016-11-04,4:55:00 PM,01 - Clear,05 - Dusk,01 - Dry,10 - No control,,02 - Non-fatal injury,03 - Rear end,0
16-13863,HIGHWAY 417 btwn HWY417 IC121A RAMP61 & HWY417 IC120B RAMP36,367531.05042,5029880.23194,-75.69863333250,45.40604809210,2016-11-04,5:45:00 PM,01 - Clear,07 - Dark,01 - Dry,10 - No control,,02 - Non-fatal injury,99 - Other,0
16-13864,HIGHWAY 417 btwn HWY417 IC122 RAMP61 & HWY417 IC121B RAMP16,365803.61464,5029203.33466,-75.72078235960,45.40011022060,2016-11-04,3:15:00 PM,01 - Clear,01 - Daylight,01 - Dry,10 - No control,,03 - P.D. only,04 - Sideswipe,0
16-13865,HIGHWAY 417 btwn HWY417 IC122 RAMP61 & HWY417 IC121B RAMP16,365800.04276,5029202.14403,-75.72082812630,45.40009981820,2016-11-05,2:55:00 AM,01 - Clear,07 - Dark,01 - Dry,10 - No control,,03 - P.D. only,07 - SMV other,0
16-13866,HIGHWAY 417 btwn HWY417 IC117 RAMP51 & HWY417 IC117 RAMP35,370797.96310,5031195.06511,-75.65672807930,45.41757802810,2016-11-06,6:18:00 PM,01 - Clear,07 - Dark,01 - Dry,10 - No control,,03 - P.D. only,99 - Other,0
16-13867,REGIONAL ROAD 174 btwn HIGHWAY 417 & HWY417 IC113 RAMP65,373320.07580,5031727.47158,-75.62443210980,45.42212591640,2016-11-07,4:25:00 PM,01 - Clear,05 - Dusk,01 - Dry,10 - No control,,03 - P.D. only,03 - Rear end,0
16-13868,HIGHWAY 417 btwn HWY417 IC129 RAMP76 & HWY417 IC129 RAMP26,360436.75653,5023540.09375,-75.78996731100,45.34959979540,2016-11-09,8:15:00 AM,01 - Clear,01 - Daylight,01 - Dry,10 - No control,,03 - P.D. only,07 - SMV other,0
16-13869,HIGHWAY 417 btwn HWY417 IC119B RAMP57 & HWY417 IC119A RAMP75,368598.91878,5030520.18369,-75.68491025520,45.41170964770,2016-11-09,5:30:00 PM,01 - Clear,07 - Dark,01 - Dry,10 - No control,,03 - P.D. only,03 - Rear end,0
16-13870,HIGHWAY 417 btwn HWY417 IC127 RAMP35 & HWY417 IC127 RAMP25,362209.27924,5024890.19181,-75.76719153780,45.36160502300,2016-11-13,10:15:00 PM,01 - Clear,07 - Dark,01 - Dry,10 - No control,,02 - Non-fatal injury,99 - Other,2
16-13871,HWY417 IC163 RAMP15 btwn PANMURE RD & HIGHWAY 417,331087.11902,5021305.60264,-76.16463415960,45.33120693050,2016-11-14,5:33:00 PM,01 - Clear,07 - Dark,01 - Dry,10 - No control,,02 - Non-fatal injury,07 - SMV other,0
16-13872,HIGHWAY 417 btwn HWY417 IC142 RAMP35 & HWY417 IC142 RAMP25,348948.52891,5017219.29906,-75.93713475980,45.29354079930,2016-11-14,6:00:00 PM,01 - Clear,07 - Dark,01 - Dry,10 - No control,,02 - Non-fatal injury,07 - SMV other,0
16-13873,HIGHWAY 417 btwn HWY417 IC126 RAMP61 & HWY417 IC124 RAMP76,364104.12434,5027122.49451,-75.74273860960,45.38153321790,2016-11-14,11:19:00 PM,01 - Clear,07 - Dark,01 - Dry,10 - No control,,02 - Non-fatal injury,03 - Rear end,0
16-13874,HIGHWAY 417 btwn HIGHWAY 417 & Continuation of HIGHWAY 417,352956.92654,5020212.33377,-75.88574228900,45.32020952080,2016-11-15,5:30:00 PM,01 - Clear,07 - Dark,01 - Dry,10 - No control,,03 - P.D. only,03 - Rear end,0
16-13875,HIGHWAY 417 btwn HWY417 IC145 RAMP55 & HWY417 IC144 RAMP51,346888.71659,5015349.12829,-75.96355348840,45.27683868860,2016-11-20,3:25:00 PM,03 - Snow,01 - Daylight,03 - Loose snow,10 - No control,,03 - P.D. only,07 - SMV other,0
16-13876,HIGHWAY 416 btwn HIGHWAY 416 & HWY416 IC57 RAMP52,364735.20327,5008073.08258,-75.73698327400,45.21007373020,2016-11-20,5:18:00 PM,05 - Drifting Snow,07 - Dark,03 - Loose snow,10 - No control,,03 - P.D. only,04 - Sideswipe,0
16-13877,HIGHWAY 417 btwn Continuation of HIGHWAY 417 & HWY417 IC155 RAMP26,339536.73711,5019346.69111,-76.05697586180,45.31321238960,2016-11-20,5:20:00 PM,03 - Snow,07 - Dark,03 - Loose snow,10 - No control,,03 - P.D. only,07 - SMV other,0
16-13878,HIGHWAY 417 btwn HWY417 IC122 RAMP15 & HWY417 IC121B RAMP51,366077.50561,5029320.42873,-75.71726964610,45.40113988420,2016-11-25,8:00:00 AM,01 - Clear,01 - Daylight,02 - Wet,10 - No control,,03 - P.D. only,03 - Rear end,0
16-13879,HIGHWAY 417 btwn HWY417 IC121A RAMP51 & HWY417 IC120A RAMP52,367281.03460,5029739.90871,-75.70184466370,45.40480786660,2016-11-28,5:45:00 PM,01 - Clear,07 - Dark,01 - Dry,10 - No control,,03 - P.D. only,03 - Rear end,0
16-13880,HIGHWAY 417 btwn HWY417 IC134 RAMP36 & HWY417 IC134 RAMP26,356452.87176,5022309.83214,-75.84093434450,45.33883452800,2016-12-01,6:00:00 AM,01 - Clear,07 - Dark,01 - Dry,10 - No control,,03 - P.D. only,04 - Sideswipe,0
16-13881,HIGHWAY 417 btwn HWY417 IC131 RAMP66 & HWY417 IC130 RAMP26,359204.13598,5023081.99363,-75.80574715260,45.34557450500,2016-12-02,2:25:00 AM,01 - Clear,07 - Dark,01 - Dry,10 - No control,,03 - P.D. only,07 - SMV other,0
16-13882,HIGHWAY 417 btwn HWY417 IC121B RAMP51 & HWY417 IC121A RAMP51,366880.33417,5029604.29997,-75.70697993350,45.40362334900,2016-12-02,6:24:00 PM,01 - Clear,07 - Dark,01 - Dry,10 - No control,,03 - P.D. only,03 - Rear end,0
16-13883,HIGHWAY 417 btwn HWY417 IC121B RAMP51 & HWY417 IC121A RAMP51,366762.52348,5029569.75930,-75.70848905410,45.40332299910,2016-12-02,10:49:00 PM,01 - Clear,07 - Dark,01 - Dry,10 - No control,,03 - P.D. only,03 - Rear end,0
16-13884,HIGHWAY 417 btwn HWY417 IC122 RAMP61 & HWY417 IC121B RAMP16,366566.30832,5029531.98672,-75.71100000410,45.40300047180,2016-12-03,2:27:00 PM,01 - Clear,01 - Daylight,01 - Dry,10 - No control,,03 - P.D. only,07 - SMV other,0
16-13885,HWY417 IC127 RAMP63 btwn HIGHWAY 417 & WOODROFFE AVE,361950.80127,5024883.10410,-75.77049146390,45.36156236810,2016-12-03,5:20:00 PM,01 - Clear,07 - Dark,01 - Dry,10 - No control,,03 - P.D. only,07 - SMV other,0
16-13886,HIGHWAY 416 btwn HWY416 IC75A RAMP26 & HWY416 IC72 RAMP62,359178.44058,5020926.38472,-75.80631189420,45.32618025560,2016-12-04,5:30:00 AM,01 - Clear,"08 - Dark, artificial",03 - Loose snow,10 - No control,,03 - P.D. only,07 - SMV other,0
16-13887,HIGHWAY 417 btwn HWY417 IC124 RAMP76 & HWY417 IC124 RAMP67,364332.74725,5027407.38338,-75.73978519720,45.38407720800,2016-12-04,2:40:00 PM,01 - Clear,01 - Daylight,01 - Dry,10 - No control,,02 - Non-fatal injury,03 - Rear end,0
16-13888,HIGHWAY 417 btwn HWY417 IC144 RAMP35 & HWY417 IC144 RAMP25,347409.44812,5015816.14771,-75.95687665200,45.28100974150,2016-12-04,7:45:00 PM,01 - Clear,07 - Dark,01 - Dry,10 - No control,,03 - P.D. only,07 - SMV other,0
16-13889,MCGEE SIDE RD btwn DAVID MANCHESTER RD & DIAMONDVIEW RD,342132.59087,5017567.87022,-76.02400404130,45.29707257960,2016-12-04,7:00:00 PM,01 - Clear,07 - Dark,01 - Dry,10 - No control,,03 - P.D. only,07 - SMV other,0
16-13890,HIGHWAY 417 btwn HWY417 IC96 RAMP51 & HIGHWAY 417,387377.50720,5023837.81249,-75.44615040030,45.34962389460,2016-12-05,4:30:00 AM,03 - Snow,07 - Dark,03 - Loose snow,10 - No control,,03 - P.D. only,03 - Rear end,0
16-13891,HIGHWAY 417 btwn HWY417 IC88 RAMP15 & END,395319.74851,5022452.35954,-75.34506524920,45.33617909950,2016-12-05,4:45:00 AM,03 - Snow,07 - Dark,03 - Loose snow,10 - No control,,03 - P.D. only,07 - SMV other,0
16-13892,HIGHWAY 417 btwn HWY417 IC134 RAMP35 & HWY417 IC134 RAMP25,356431.89359,5022250.39666,-75.84120820040,45.33830126680,2016-12-05,5:45:00 AM,03 - Snow,"08 - Dark, artificial",03 - Loose snow,10 - No control,,03 - P.D. only,07 - SMV other,0
16-13893,HIGHWAY 417 btwn HWY417 IC127 RAMP16 & HWY417 IC127 RAMP63,362055.73669,5024801.93957,-75.76916151530,45.36082349380,2016-12-05,9:00:00 AM,03 - Snow,01 - Daylight,03 - Loose snow,10 - No control,,03 - P.D. only,07 - SMV other,0
16-13894,HWY416 IC66 RAMP62 btwn HIGHWAY 416 & FALLOWFIELD RD,359862.62907,5015149.19299,-75.79822618050,45.27414331360,2016-12-05,10:00:00 AM,01 - Clear,01 - Daylight,03 - Loose snow,10 - No control,,03 - P.D. only,06 - SMV unattended vehicle,0
16-13895,HIGHWAY 416 btwn HWY416 IC75A RAMP43 & HWY416 IC72 RAMP34,358779.61381,5021795.02102,-75.81130450740,45.33402707620,2016-12-05,1:50:00 PM,03 - Snow,01 - Daylight,04 - Slush,10 - No control,,03 - P.D. only,07 - SMV other,0
16-13896,HIGHWAY 416 btwn HWY416 IC66 RAMP62 & HWY416 IC72 RAMP24,359585.82408,5019432.92731,-75.80128061550,45.31271037090,2016-12-06,10:50:00 AM,01 - Clear,01 - Daylight,01 - Dry,10 - No control,,02 - Non-fatal injury,03 - Rear end,0
16-13897,HIGHWAY 417 btwn HWY417 IC121A RAMP61 & HWY417 IC120B RAMP36,367532.68616,5029881.56511,-75.69861226820,45.40605994120,2016-12-05,3:50:00 PM,01 - Clear,01 - Daylight,01 - Dry,10 - No control,,02 - Non-fatal injury,03 - Rear end,0
16-13898,HIGHWAY 417 btwn HWY417 IC115 RAMP36 & HWY417 IC115 RAMP26,372487.24849,5031524.32676,-75.63510088280,45.42037919060,2016-12-06,5:30:00 PM,01 - Clear,07 - Dark,01 - Dry,10 - No control,,03 - P.D. only,03 - Rear end,0
16-13899,HIGHWAY 417 btwn HWY417 IC121A RAMP51 & HWY417 IC120A RAMP52,367280.22911,5029739.68585,-75.70185498070,45.40480593390,2016-12-06,5:10:00 AM,03 - Snow,07 - Dark,03 - Loose snow,10 - No control,,03 - P.D. only,07 - SMV other,0
16-13900,HWY416 IC75A RAMP43 btwn HWY416 IC75A RAMP63 & HIGHWAY 416,358679.49277,5021953.37959,-75.81256456200,45.33545968930,2016-12-07,8:20:00 PM,01 - Clear,07 - Dark,01 - Dry,10 - No control,,03 - P.D. only,07 - SMV other,0
16-13901,HIGHWAY 416 btwn HWY416 IC57 RAMP53 & HWY416 IC49 RAMP34,365720.96029,5006345.65556,-75.72464621550,45.19444567770,2016-12-07,10:34:00 AM,01 - Clear,01 - Daylight,01 - Dry,10 - No control,,03 - P.D. only,03 - Rear end,0
16-13902,HIGHWAY 417 btwn HWY417 IC117 RAMP26 & HWY417 IC117 RAMP61,370816.10283,5031214.29951,-75.65649375230,45.41774938000,2016-12-08,4:02:00 PM,01 - Clear,05 - Dusk,02 - Wet,10 - No control,,03 - P.D. only,04 - Sideswipe,0
16-13903,HIGHWAY 417 btwn HWY417 IC124 RAMP67 & HWY417 IC123 RAMP62,364716.03494,5027952.61663,-75.73482498180,45.38895043390,2016-12-08,4:30:00 PM,01 - Clear,05 - Dusk,01 - Dry,10 - No control,,03 - P.D. only,03 - Rear end,0
16-13904,HIGHWAY 417 btwn HWY417 IC124 RAMP65 & HWY417 IC122 RAMP51,364802.21078,5028075.61286,-75.73370959150,45.39004975290,2016-12-08,4:50:00 PM,05 - Drifting Snow,07 - Dark,03 - Loose snow,10 - No control,,02 - Non-fatal injury,03 - Rear end,0
16-13905,HIGHWAY 417 btwn HWY417 IC126 RAMP25 & HWY417 IC124 RAMP57,363676.19849,5026517.20578,-75.74827454500,45.37612301520,2016-12-08,5:45:00 PM,03 - Snow,07 - Dark,02 - Wet,10 - No control,,03 - P.D. only,03 - Rear end,0
16-13906,HWY417 IC117 RAMP51 btwn HIGHWAY 417 & HWY417 IC117 RAMP53,370451.90570,5031131.72521,-75.66115769920,45.41704067750,2016-12-09,9:14:00 AM,01 - Clear,01 - Daylight,01 - Dry,10 - No control,,03 - P.D. only,03 - Rear end,0
16-13907,HIGHWAY 417 btwn HWY417 IC140 RAMP35 & HWY417 IC140 RAMP25,350951.43469,5018557.76197,-75.91147574080,45.30545596570,2016-12-09,10:25:00 AM,01 - Clear,01 - Daylight,01 - Dry,10 - No control,,03 - P.D. only,04 - Sideswipe,0
16-13908,HIGHWAY 417 btwn HWY417 IC122 RAMP16 & HWY417 IC122 RAMP61,365313.35679,5028883.44372,-75.72708324090,45.39727446050,2016-12-09,1:44:00 PM,01 - Clear,01 - Daylight,01 - Dry,10 - No control,,03 - P.D. only,03 - Rear end,0
16-13909,HIGHWAY 417 btwn HWY417 IC127 RAMP63 & HWY417 IC127 RAMP67,362113.39372,5024846.87419,-75.76842040430,45.36122310050,2016-12-09,3:15:00 PM,01 - Clear,01 - Daylight,01 - Dry,10 - No control,,03 - P.D. only,04 - Sideswipe,0
16-13910,HWY417 IC138 RAMP25 btwn EAGLESON RD & EAGLESON RD,353025.03304,5020103.07405,-75.88488425630,45.31922170500,2016-12-09,4:05:00 PM,01 - Clear,05 - Dusk,01 - Dry,10 - No control,,03 - P.D. only,03 - Rear end,0
16-13911,HWY417 IC138 RAMP25 btwn EAGLESON RD & EAGLESON RD,353024.41220,5020102.92520,-75.88489218880,45.31922040780,2016-12-09,4:05:00 PM,01 - Clear,05 - Dusk,02 - Wet,10 - No control,,03 - P.D. only,03 - Rear end,0
16-13912,HIGHWAY 417 btwn HWY417 IC127 RAMP35 & HWY417 IC127 RAMP25,362134.90264,5024836.98108,-75.76814702310,45.36113232440,2016-12-10,3:55:00 PM,01 - Clear,01 - Daylight,01 - Dry,10 - No control,,03 - P.D. only,03 - Rear end,0
16-13913,HIGHWAY 417 btwn HWY417 IC163 RAMP15 & HWY417 IC155 RAMP51,331293.43262,5021455.57292,-76.16199407030,45.33254868630,2016-12-10,5:10:00 PM,01 - Clear,07 - Dark,01 - Dry,10 - No control,,03 - P.D. only,07 - SMV other,0
16-13914,HIGHWAY 417 btwn HWY417 IC129 RAMP25 & HWY417 IC129 RAMP35,360471.03430,5023531.92762,-75.78953081310,45.34952359600,2016-12-10,5:10:00 PM,01 - Clear,07 - Dark,01 - Dry,10 - No control,,03 - P.D. only,03 - Rear end,0
16-13915,HIGHWAY 417 btwn HWY417 IC163 RAMP15 & HWY417 IC155 RAMP51,336018.79849,5020222.03266,-76.10178650220,45.32125437180,2016-12-11,10:00:00 AM,01 - Clear,01 - Daylight,01 - Dry,10 - No control,,03 - P.D. only,07 - SMV other,0
16-13916,HWY416 IC75A RAMP26 btwn HIGHWAY 417 & HIGHWAY 416,358702.56023,5022006.33915,-75.81226450350,45.33593445050,2016-12-11,7:00:00 PM,03 - Snow,07 - Dark,03 - Loose snow,10 - No control,,03 - P.D. only,07 - SMV other,0
16-13917,HIGHWAY 417 btwn HWY417 IC124 RAMP65 & HWY417 IC122 RAMP51,365131.75578,5028676.01542,-75.72942792660,45.39542373710,2016-12-11,11:05:00 PM,03 - Snow,07 - Dark,03 - Loose snow,10 - No control,,03 - P.D. only,04 - Sideswipe,0
16-13918,HWY417 IC118 RAMP67 btwn HWY417 IC118 RAMP64 & HIGHWAY 417,369706.78954,5031161.63897,-75.67067318930,45.41737934770,2016-12-12,12:15:00 AM,03 - Snow,00 - Unknown,03 - Loose snow,10 - No control,,03 - P.D. only,07 - SMV other,0
16-13919,HWY417 IC144 RAMP25 btwn CARP RD & HIGHWAY 417,347626.76422,5015983.87208,-75.95409227400,45.28250578240,2016-12-12,7:00:00 AM,03 - Snow,07 - Dark,03 - Loose snow,10 - No control,,02 - Non-fatal injury,03 - Rear end,0
16-13920,HIGHWAY 417 btwn HWY417 IC115 RAMP61 & REGIONAL ROAD 174,373216.32756,5031697.68416,-75.62576181340,45.42186805800,2016-12-12,10:05:00 AM,03 - Snow,01 - Daylight,03 - Loose snow,10 - No control,,03 - P.D. only,03 - Rear end,0
16-13921,HIGHWAY 417 btwn HWY417 IC117 RAMP25 & HWY417 IC115 RAMP51,371557.72012,5031398.99472,-75.64699392760,45.41934082100,2016-12-12,2:00:00 PM,03 - Snow,01 - Daylight,02 - Wet,10 - No control,,03 - P.D. only,07 - SMV other,0
16-13922,HIGHWAY 417 btwn HWY417 IC112 RAMP65 & HWY417 IC112 RAMP55,374440.83691,5030826.97607,-75.61023971480,45.41391305710,2016-12-12,7:25:00 PM,03 - Snow,07 - Dark,02 - Wet,10 - No control,,03 - P.D. only,04 - Sideswipe,0
16-13923,HIGHWAY 416 btwn HWY416 IC42 RAMP34 & HWY416 IC42 RAMP43,371457.75614,4995147.06635,-75.65313377520,45.09316164510,2016-12-13,3:15:00 AM,01 - Clear,07 - Dark,02 - Wet,10 - No control,,03 - P.D. only,07 - SMV other,0
16-13924,HIGHWAY 417 btwn HWY417 IC126 RAMP25 & HWY417 IC124 RAMP57,363678.73096,5026520.58318,-75.74824181040,45.37615319170,2016-12-13,3:45:00 AM,01 - Clear,07 - Dark,02 - Wet,10 - No control,,03 - P.D. only,07 - SMV other,0
16-13925,HIGHWAY 417 btwn HWY417 IC112 RAMP66 & HWY417 IC113 RAMP65,374188.37269,5031357.88486,-75.61339015840,45.41871498230,2016-12-13,6:45:00 AM,01 - Clear,07 - Dark,02 - Wet,10 - No control,,03 - P.D. only,07 - SMV other,0
16-13926,HIGHWAY 417 btwn Continuation of HIGHWAY 417 & HWY417 IC144 RAMP16,347355.92984,5015836.41657,-75.95755705680,45.28119537050,2016-12-13,4:05:00 PM,01 - Clear,05 - Dusk,02 - Wet,10 - No control,,03 - P.D. only,04 - Sideswipe,0
16-13927,HIGHWAY 417 btwn HWY417 IC134 RAMP35 & HWY417 IC134 RAMP25,356440.97185,5022255.11895,-75.84109188160,45.33834309030,2016-12-13,4:40:00 PM,01 - Clear,05 - Dusk,01 - Dry,10 - No control,,03 - P.D. only,04 - Sideswipe,0
16-13928,HIGHWAY 417 btwn HWY417 IC134 RAMP35 & HWY417 IC134 RAMP25,356437.41318,5022250.39666,-75.84113777830,45.33830086060,2016-12-13,4:40:00 PM,01 - Clear,05 - Dusk,02 - Wet,10 - No control,,03 - P.D. only,03 - Rear end,0
16-13929,HIGHWAY 417 btwn HWY417 IC119B RAMP57 & HWY417 IC119A RAMP75,368427.94785,5030425.04538,-75.68710662460,45.41086919050,2016-12-13,5:10:00 PM,01 - Clear,07 - Dark,01 - Dry,10 - No control,,03 - P.D. only,03 - Rear end,0
16-13930,HIGHWAY 417 btwn HWY417 IC134 RAMP35 & HWY417 IC134 RAMP25,356430.59552,5022251.33000,-75.84122466490,45.33830976020,2016-12-13,5:30:00 PM,01 - Clear,07 - Dark,01 - Dry,10 - No control,,03 - P.D. only,03 - Rear end,0
16-13931,HIGHWAY 417 btwn HWY417 IC119A RAMP75 & HWY417 IC118 RAMP57,368942.84675,5030694.39709,-75.68049403880,45.41324572070,2016-12-14,3:15:00 PM,01 - Clear,01 - Daylight,01 - Dry,10 - No control,,03 - P.D. only,03 - Rear end,0
16-13932,HWY 417 CASTLEFR IC139R61 @ KANATA AVE,351614.93653,5019226.12539,-75.90295207080,45.31142615670,2016-12-14,3:45:00 PM,01 - Clear,01 - Daylight,01 - Dry,01 - Traffic signal,,03 - P.D. only,03 - Rear end,0
16-13933,REGIONAL ROAD 174 btwn HWY417 IC113 RAMP67 & Continuation of REGIONAL,373606.58298,5031949.76110,-75.62074042850,45.42409784450,2016-12-14,4:08:00 PM,01 - Clear,05 - Dusk,01 - Dry,10 - No control,,03 - P.D. only,03 - Rear end,0
16-13934,HIGHWAY 417 btwn REGIONAL ROAD 174 & HWY417 IC113 RAMP62,373348.83581,5031762.15267,-75.62405982430,45.42243514230,2016-12-14,4:10:00 PM,01 - Clear,05 - Dusk,01 - Dry,10 - No control,,03 - P.D. only,04 - Sideswipe,0
16-13935,HIGHWAY 7 btwn UPPER DWYER HILL RD & HIGHWAY 7,341194.98415,5007379.77243,-76.03670423320,45.20544383500,2016-12-14,5:02:00 PM,01 - Clear,07 - Dark,01 - Dry,10 - No control,,02 - Non-fatal injury,07 - SMV other,0
16-13936,HWY417 IC117 RAMP51 btwn HIGHWAY 417 & HWY417 IC117 RAMP53,370588.64400,5031121.03543,-75.65941219350,45.41693165160,2016-12-14,5:20:00 PM,01 - Clear,07 - Dark,01 - Dry,10 - No control,,03 - P.D. only,03 - Rear end,0
16-13937,HIGHWAY 417 btwn HWY417 IC127 RAMP35 & HWY417 IC127 RAMP25,362134.49709,5024832.76104,-75.76815268830,45.36109438540,2016-12-14,3:45:00 PM,01 - Clear,01 - Daylight,01 - Dry,10 - No control,,03 - P.D. only,99 - Other,0
16-13938,HIGHWAY 417 btwn HWY417 IC115 RAMP36 & HWY417 IC115 RAMP26,372472.38563,5031524.65926,-75.63529073170,45.42038362010,2016-12-14,5:45:00 PM,01 - Clear,07 - Dark,01 - Dry,10 - No control,,03 - P.D. only,04 - Sideswipe,0
16-13939,HIGHWAY 417 btwn Continuation of HIGHWAY 417 & HWY417 IC144 RAMP16,347333.02363,5015813.54371,-75.95785097980,45.28099093780,2016-12-14,9:40:00 PM,03 - Snow,07 - Dark,03 - Loose snow,10 - No control,,02 - Non-fatal injury,07 - SMV other,0
16-13940,HIGHWAY 417 btwn HWY417 IC119B RAMP76 & HWY417 IC119A RAMP67,368580.18326,5030529.77993,-75.68514835230,45.41179769890,2016-12-14,10:00:00 PM,03 - Snow,07 - Dark,05 - Packed snow,10 - No control,,03 - P.D. only,03 - Rear end,0
16-13941,HIGHWAY 417 btwn HIGHWAY 417 & Continuation of HIGHWAY 417,352996.11578,5020234.04629,-75.88524033230,45.32040220490,2016-12-14,10:14:00 PM,03 - Snow,07 - Dark,03 - Loose snow,10 - No control,,03 - P.D. only,07 - SMV other,0
16-13942,REGIONAL ROAD 174 btwn HIGHWAY 417 & HWY417 IC113 RAMP65,373335.58173,5031738.56141,-75.62423245170,45.42222417810,2016-12-15,6:28:00 AM,01 - Clear,07 - Dark,01 - Dry,10 - No control,,03 - P.D. only,04 - Sideswipe,0
16-13943,HIGHWAY 417 btwn HWY417 IC118 RAMP76 & HWY417 IC118 RAMP67,369431.64782,5031049.09433,-75.67420312190,45.41639218170,2016-12-15,2:00:00 PM,01 - Clear,01 - Daylight,01 - Dry,10 - No control,,03 - P.D. only,99 - Other,0
16-13944,HIGHWAY 417 btwn HWY417 IC134 RAMP36 & HWY417 IC134 RAMP26,356385.66910,5022278.53324,-75.84179502460,45.33855784190,2016-12-15,2:35:00 PM,01 - Clear,01 - Daylight,02 - Wet,10 - No control,,03 - P.D. only,04 - Sideswipe,0
16-13945,HIGHWAY 417 btwn HWY 417 ANDERSON IC104R61 & HWY 417 BOUNDARY IC96R16,384971.23305,5025004.12660,-75.47666500970,45.36039667920,2016-12-15,4:40:00 PM,01 - Clear,05 - Dusk,01 - Dry,10 - No control,,03 - P.D. only,03 - Rear end,0