Record,Location,X,Y,Longitude,Latitude,Date,Time,Environment,Light,Road_Surface,Traffic_Control,Collision_Location,Collision_Classification,Impact_type,Pedestrian
16-13946,HIGHWAY 417 btwn HWY417 IC124 RAMP67 & HWY417 IC123 RAMP62,364780.42720,5028078.57522,-75.73398740560,45.39007827310,2016-12-15,5:45:00 PM,01 - Clear,07 - Dark,01 - Dry,10 - No control,,03 - P.D. only,03 - Rear end,0
16-13947,HIGHWAY 417 btwn HWY417 IC131 RAMP55 & HWY417 IC130 RAMP35,358906.59914,5023012.51201,-75.80955135270,45.34497232250,2016-12-15,6:00:00 PM,01 - Clear,07 - Dark,06 - Ice,10 - No control,,02 - Non-fatal injury,07 - SMV other,0
16-13948,RICHARDSON SIDE RD btwn DAVID MANCHESTER RD & WILLIAM MOONEY RD,344347.85654,5015444.60205,-75.99592940340,45.27784531520,2016-12-15,8:46:00 PM,01 - Clear,07 - Dark,01 - Dry,10 - No control,,03 - P.D. only,07 - SMV other,0
16-13949,HIGHWAY 417 btwn HWY417 IC155 RAMP61 & HWY417 IC145 RAMP56,344345.07125,5015464.97813,-75.99596327840,45.27802882410,2016-12-15,9:30:00 PM,01 - Clear,07 - Dark,01 - Dry,10 - No control,,03 - P.D. only,07 - SMV other,0
16-13950,HIGHWAY 417 btwn HWY417 IC130 RAMP35 & HWY417 IC130 RAMP25,359215.89410,5023064.75202,-75.80559901500,45.34541845270,2016-12-16,6:36:00 AM,01 - Clear,07 - Dark,01 - Dry,10 - No control,,03 - P.D. only,03 - Rear end,0
16-13951,HWY417 IC142 RAMP25 btwn PALLADIUM DR & HIGHWAY 417,349120.29417,5017016.03228,-75.93496313310,45.29170092590,2016-12-16,8:15:00 AM,01 - Clear,01 - Daylight,06 - Ice,10 - No control,,02 - Non-fatal injury,07 - SMV other,0
16-13952,HIGHWAY 417 btwn HWY417 IC127 RAMP25 & HWY417 IC126 RAMP51,363185.51590,5025853.42065,-75.75461746320,45.37019141990,2016-12-15,8:24:00 AM,01 - Clear,01 - Daylight,01 - Dry,10 - No control,,03 - P.D. only,04 - Sideswipe,0
16-13953,HIGHWAY 417 btwn HWY417 IC140 RAMP35 & HWY417 IC140 RAMP25,350979.32870,5018575.17848,-75.91111843200,45.30561085070,2016-12-16,10:00:00 AM,01 - Clear,01 - Daylight,01 - Dry,10 - No control,,02 - Non-fatal injury,03 - Rear end,0
16-13954,HIGHWAY 417 btwn HWY417 IC122 RAMP61 & HWY417 IC121B RAMP16,366057.94029,5029336.08099,-75.71751759660,45.40128243200,2016-12-16,2:25:00 PM,01 - Clear,01 - Daylight,01 - Dry,10 - No control,,03 - P.D. only,03 - Rear end,0
16-13955,HIGHWAY 417 btwn HWY417 IC124 RAMP65 & HWY417 IC122 RAMP51,365127.89154,5028658.51789,-75.72947941760,45.39526663130,2016-12-17,9:09:00 AM,01 - Clear,01 - Daylight,02 - Wet,10 - No control,,02 - Non-fatal injury,03 - Rear end,0
16-13956,HIGHWAY 417 btwn HWY417 IC117 RAMP61 & HWY417 IC115 RAMP36,371579.92778,5031430.08676,-75.64670598320,45.41961845480,2016-12-16,4:48:00 PM,01 - Clear,05 - Dusk,01 - Dry,10 - No control,,03 - P.D. only,03 - Rear end,0
16-13957,HIGHWAY 417 btwn HWY417 IC119A RAMP67 & HWY417 IC118 RAMP76,368716.07205,5030608.81845,-75.68340217470,45.41249646340,2016-12-16,5:15:00 PM,01 - Clear,07 - Dark,01 - Dry,10 - No control,,03 - P.D. only,03 - Rear end,0
16-13958,HIGHWAY 417 btwn HWY417 IC122 RAMP15 & HWY417 IC121B RAMP51,365820.46626,5029192.76562,-75.72056843540,45.40001365380,2016-12-17,3:20:00 AM,03 - Snow,07 - Dark,03 - Loose snow,10 - No control,,03 - P.D. only,07 - SMV other,0
16-13959,HIGHWAY 417 btwn Continuation of HIGHWAY 417 & HWY417 IC134 RAMP51,355802.47456,5021867.81430,-75.84927811440,45.33490478520,2016-12-17,6:34:00 AM,03 - Snow,07 - Dark,03 - Loose snow,10 - No control,,03 - P.D. only,07 - SMV other,0
16-13960,HIGHWAY 417 btwn HWY417 IC121A RAMP16 & HWY417 IC121A RAMP61,367316.10592,5029787.12681,-75.70139070740,45.40522959010,2016-12-17,6:55:00 AM,03 - Snow,07 - Dark,03 - Loose snow,10 - No control,,03 - P.D. only,99 - Other,0
16-13961,HIGHWAY 417 btwn HWY417 IC118 RAMP57 & HWY417 IC118 RAMP35,369403.14343,5031002.09591,-75.67457344510,45.41597193980,2016-12-17,7:00:00 AM,03 - Snow,03 - Dawn,03 - Loose snow,10 - No control,,03 - P.D. only,07 - SMV other,0
16-13962,HIGHWAY 417 btwn HWY417 IC121A RAMP51 & HWY417 IC120A RAMP52,367663.23995,5029928.94376,-75.69693861380,45.40647452760,2016-12-17,7:10:00 AM,03 - Snow,03 - Dawn,03 - Loose snow,10 - No control,,02 - Non-fatal injury,07 - SMV other,0
16-13963,HIGHWAY 417 btwn HWY417 IC121A RAMP16 & HWY417 IC121A RAMP61,367305.52257,5029774.42678,-75.70152750010,45.40511626430,2016-12-17,7:00:00 AM,03 - Snow,03 - Dawn,03 - Loose snow,10 - No control,,03 - P.D. only,04 - Sideswipe,0
16-13964,HIGHWAY 417 btwn HWY417 IC127 RAMP35 & HWY417 IC127 RAMP25,362103.16883,5024806.60018,-75.76855557950,45.36086155410,2016-12-17,8:34:00 AM,03 - Snow,01 - Daylight,03 - Loose snow,10 - No control,,02 - Non-fatal injury,04 - Sideswipe,0
16-13965,HIGHWAY 417 btwn HWY417 IC144 RAMP51 & HWY417 IC144 RAMP35,347310.54249,5015728.26356,-75.95814482790,45.28022491490,2016-12-17,10:40:00 AM,05 - Drifting Snow,01 - Daylight,04 - Slush,10 - No control,,03 - P.D. only,03 - Rear end,0
16-13966,HIGHWAY 417 btwn HWY417 IC118 RAMP67 & HWY417 IC117 RAMP36,370314.45642,5031133.02953,-75.66291354330,45.41706529640,2016-12-17,10:40:00 AM,03 - Snow,01 - Daylight,03 - Loose snow,10 - No control,,03 - P.D. only,04 - Sideswipe,0
16-13967,HIGHWAY 417 btwn RAMP & HWY417 IC88 RAMP51,392352.88905,5022872.69107,-75.38283746270,45.34033728130,2016-12-17,11:31:00 AM,03 - Snow,01 - Daylight,03 - Loose snow,10 - No control,,03 - P.D. only,07 - SMV other,0
16-13968,HIGHWAY 417 btwn HWY417 IC122 RAMP15 & HWY417 IC121B RAMP51,366055.53771,5029312.20040,-75.71755124950,45.40106777050,2016-12-17,11:35:00 AM,03 - Snow,01 - Daylight,03 - Loose snow,10 - No control,,03 - P.D. only,07 - SMV other,0
16-13969,HIGHWAY 417 btwn HWY417 IC118 RAMP35 & HWY417 IC117 RAMP51,370222.98158,5031104.29438,-75.66408601800,45.41681530830,2016-12-17,12:25:00 PM,03 - Snow,01 - Daylight,03 - Loose snow,10 - No control,,03 - P.D. only,99 - Other,0
16-13970,HIGHWAY 417 btwn HWY417 IC117 RAMP61 & HWY417 IC115 RAMP36,371569.18428,5031423.91169,-75.64684408190,45.41956391930,2016-12-17,6:30:00 PM,03 - Snow,07 - Dark,03 - Loose snow,10 - No control,,02 - Non-fatal injury,04 - Sideswipe,0
16-13971,HIGHWAY 417 btwn HWY417 IC122 RAMP51 & HWY417 IC122 RAMP15,365309.34176,5028861.46990,-75.72713721380,45.39707709210,2016-12-18,12:30:00 AM,03 - Snow,07 - Dark,05 - Packed snow,10 - No control,,03 - P.D. only,07 - SMV other,0
16-13972,HIGHWAY 417 btwn HIGHWAY 417 & Continuation of HIGHWAY 417,353064.18893,5020274.98272,-75.88436809530,45.32076588210,2016-12-18,12:15:00 AM,03 - Snow,07 - Dark,03 - Loose snow,10 - No control,,02 - Non-fatal injury,07 - SMV other,0
16-13973,HIGHWAY 416 btwn HWY416 IC66 RAMP62 & HWY416 IC72 RAMP24,360328.60346,5018110.89840,-75.79195630200,45.30075634270,2016-12-18,1:21:00 AM,03 - Snow,07 - Dark,03 - Loose snow,10 - No control,,03 - P.D. only,07 - SMV other,0
16-13974,HIGHWAY 417 btwn HWY417 IC155 RAMP35 & HWY417 IC155 RAMP25,339578.31245,5019299.63124,-76.05644893820,45.31278686500,2016-12-18,6:00:00 AM,03 - Snow,07 - Dark,05 - Packed snow,10 - No control,,03 - P.D. only,07 - SMV other,0
16-13975,HIGHWAY 417 btwn HWY417 IC134 RAMP26 & HWY417 IC134 RAMP61,356577.27302,5022383.84793,-75.83933940590,45.33949135900,2016-12-18,8:00:00 AM,03 - Snow,01 - Daylight,04 - Slush,10 - No control,,03 - P.D. only,07 - SMV other,0
16-13976,HIGHWAY 417 btwn RAMP & HWY417 IC129 RAMP76,359844.68951,5023168.26481,-75.79756404260,45.34630079810,2016-12-18,8:19:00 AM,03 - Snow,01 - Daylight,03 - Loose snow,10 - No control,,03 - P.D. only,07 - SMV other,0
16-13977,HIGHWAY 417 btwn HWY417 IC134 RAMP26 & HWY417 IC134 RAMP61,356568.08296,5022368.16321,-75.83945830040,45.33935090480,2016-12-18,8:55:00 AM,03 - Snow,01 - Daylight,03 - Loose snow,10 - No control,,03 - P.D. only,07 - SMV other,0
16-13978,HIGHWAY 417 btwn HWY417 IC122 RAMP61 & HWY417 IC121B RAMP16,366101.14536,5029361.22053,-75.71696264040,45.40150484900,2016-12-18,11:06:00 AM,03 - Snow,01 - Daylight,04 - Slush,10 - No control,,03 - P.D. only,07 - SMV other,0
16-13979,HIGHWAY 417 btwn HWY417 IC140 RAMP25 & HWY417 IC139 RAMP15,351653.80813,5019144.05010,-75.90246411490,45.31068503070,2016-12-18,9:45:00 AM,03 - Snow,01 - Daylight,04 - Slush,10 - No control,,03 - P.D. only,07 - SMV other,0
16-13980,HWY417 IC104 RAMP16 btwn ANDERSON RD & HIGHWAY 417,380052.90475,5026237.06273,-75.53924741140,45.37203505620,2016-12-18,3:14:00 PM,01 - Clear,01 - Daylight,03 - Loose snow,10 - No control,,03 - P.D. only,07 - SMV other,0
16-13981,HIGHWAY 417 btwn HWY417 IC129 RAMP26 & HWY417 IC129 RAMP61,360581.73436,5023652.55167,-75.78810457020,45.35060017280,2016-12-18,4:05:00 PM,01 - Clear,05 - Dusk,02 - Wet,10 - No control,,03 - P.D. only,03 - Rear end,0
16-13982,HIGHWAY 417 btwn HWY417 IC129 RAMP76 & HWY417 IC129 RAMP26,360342.62547,5023470.08897,-75.79117637490,45.34897735460,2016-12-18,6:50:00 AM,03 - Snow,07 - Dark,06 - Ice,10 - No control,,03 - P.D. only,07 - SMV other,0
16-13983,HIGHWAY 417 btwn HWY417 IC118 RAMP35 & HWY417 IC117 RAMP51,370256.68863,5031108.73092,-75.66365479820,45.41685207370,2016-12-18,7:00:00 PM,01 - Clear,07 - Dark,02 - Wet,10 - No control,,03 - P.D. only,07 - SMV other,0
16-13984,HIGHWAY 417 btwn HWY417 IC118 RAMP67 & HWY417 IC117 RAMP36,370263.03864,5031125.66428,-75.66357142290,45.41700383970,2016-12-19,8:15:00 AM,01 - Clear,01 - Daylight,01 - Dry,10 - No control,,03 - P.D. only,03 - Rear end,0
16-13985,HIGHWAY 417 btwn HWY417 IC124 RAMP57 & HWY417 IC124 RAMP55,364310.11341,5027361.37675,-75.74007974590,45.38366517190,2016-12-19,3:20:00 PM,01 - Clear,01 - Daylight,02 - Wet,10 - No control,,03 - P.D. only,99 - Other,0
16-13986,HIGHWAY 417 btwn HWY417 IC127 RAMP25 & HWY417 IC126 RAMP51,363162.87778,5025818.32367,-75.75491059600,45.36987750700,2016-12-19,3:00:00 PM,03 - Snow,01 - Daylight,03 - Loose snow,10 - No control,,03 - P.D. only,03 - Rear end,0
16-13987,HIGHWAY 417 btwn HWY417 IC121A RAMP51 & HWY417 IC120A RAMP52,367234.92925,5029721.46481,-75.70243590740,45.40464602760,2016-12-19,4:31:00 PM,01 - Clear,05 - Dusk,01 - Dry,10 - No control,,03 - P.D. only,04 - Sideswipe,0
16-13988,HIGHWAY 417 btwn HWY417 IC126 RAMP25 & HWY417 IC124 RAMP57,363930.80598,5026836.44237,-75.74498579700,45.37897401690,2016-12-19,5:15:00 PM,01 - Clear,07 - Dark,02 - Wet,10 - No control,,03 - P.D. only,03 - Rear end,0
16-13989,HIGHWAY 417 btwn HWY417 IC131 RAMP66 & HWY417 IC130 RAMP26,359168.29646,5023073.00151,-75.80620545630,45.34549637280,2016-12-19,8:17:00 PM,01 - Clear,07 - Dark,02 - Wet,10 - No control,,03 - P.D. only,07 - SMV other,0
16-13990,HIGHWAY 417 btwn HWY417 IC123 RAMP62 & HWY417 IC122 RAMP16,365110.21501,5028678.36939,-75.72970273820,45.39544677350,2016-12-19,8:15:00 PM,01 - Clear,07 - Dark,03 - Loose snow,10 - No control,,03 - P.D. only,07 - SMV other,0
16-13991,HIGHWAY 417 btwn HWY417 IC118 RAMP67 & HWY417 IC117 RAMP36,370224.51523,5031115.08093,-75.66406499310,45.41691221760,2016-12-19,9:15:00 PM,01 - Clear,07 - Dark,02 - Wet,10 - No control,,03 - P.D. only,03 - Rear end,0
16-13992,HIGHWAY 417 btwn HWY417 IC134 RAMP26 & HWY417 IC134 RAMP61,356608.81800,5022402.86350,-75.83893493800,45.33966013430,2016-12-20,3:40:00 PM,01 - Clear,01 - Daylight,01 - Dry,10 - No control,,02 - Non-fatal injury,04 - Sideswipe,0
16-13993,HIGHWAY 417 btwn HWY417 IC119A RAMP67 & HWY417 IC118 RAMP76,368644.79082,5030561.46566,-75.68431891090,45.41207690580,2016-12-20,4:55:00 PM,01 - Clear,07 - Dark,02 - Wet,10 - No control,,03 - P.D. only,04 - Sideswipe,0
16-13994,HIGHWAY 416 btwn HWY416 IC57 RAMP34 & HWY416 IC57 RAMP43,364648.55569,5008151.77935,-75.73807680510,45.21078921540,2016-12-20,6:00:00 PM,01 - Clear,07 - Dark,01 - Dry,10 - No control,,03 - P.D. only,07 - SMV other,0
16-13995,HIGHWAY 416 btwn HWY416 IC66 RAMP53 & HWY416 IC57 RAMP34,361069.57071,5012618.37403,-75.78313155740,45.25127519130,2016-12-21,9:35:00 PM,01 - Clear,07 - Dark,01 - Dry,10 - No control,,03 - P.D. only,07 - SMV other,0
16-13996,HIGHWAY 416 btwn HWY416 IC75A RAMP26 & HWY416 IC72 RAMP62,358949.30147,5021513.89516,-75.80917047140,45.33148441970,2016-12-22,9:40:00 AM,03 - Snow,01 - Daylight,02 - Wet,10 - No control,,03 - P.D. only,07 - SMV other,0
16-13997,HIGHWAY 417 btwn HWY417 IC124 RAMP67 & HWY417 IC123 RAMP62,364735.00971,5027983.28810,-75.73457895530,45.38922478660,2016-12-22,6:53:00 PM,01 - Clear,07 - Dark,02 - Wet,10 - No control,,03 - P.D. only,03 - Rear end,0
16-13998,HIGHWAY 417 btwn HWY417 IC121B RAMP16 & HWY417 IC121A RAMP16,366896.13070,5029623.70804,-75.70677572300,45.40379657570,2016-12-23,12:00:00 PM,01 - Clear,01 - Daylight,02 - Wet,10 - No control,,03 - P.D. only,03 - Rear end,0
16-13999,HIGHWAY 417 btwn HWY417 IC115 RAMP61 & REGIONAL ROAD 174,373194.49663,5031700.58553,-75.62604033910,45.42189629710,2016-12-23,1:15:00 PM,01 - Clear,01 - Daylight,01 - Dry,10 - No control,,03 - P.D. only,04 - Sideswipe,0
16-14000,HIGHWAY 416 btwn HWY416 IC66 RAMP53 & HWY416 IC57 RAMP34,361111.90413,5012527.35719,-75.78260258760,45.25045282470,2016-12-23,2:00:00 PM,01 - Clear,01 - Daylight,01 - Dry,10 - No control,,03 - P.D. only,07 - SMV other,0
16-14001,HIGHWAY 417 btwn HWY417 IC169 RAMP51 & HWY417 IC169 RAMP35,325424.27400,5024925.86312,-76.23672776600,45.36397341420,2016-12-23,5:15:00 PM,01 - Clear,07 - Dark,01 - Dry,10 - No control,,03 - P.D. only,07 - SMV other,0
16-14002,HIGHWAY 417 btwn HWY417 IC117 RAMP51 & HWY417 IC117 RAMP35,370679.33563,5031168.41626,-75.65824720960,45.41734943260,2016-12-23,7:30:00 PM,01 - Clear,07 - Dark,01 - Dry,10 - No control,,02 - Non-fatal injury,04 - Sideswipe,0
16-14003,HIGHWAY 417 btwn HWY417 IC119A RAMP75 & HWY417 IC118 RAMP57,368956.20098,5030702.87055,-75.68032233660,45.41332073810,2016-12-23,7:50:00 PM,01 - Clear,07 - Dark,02 - Wet,10 - No control,,03 - P.D. only,03 - Rear end,0
16-14004,HIGHWAY 417 btwn Continuation of HIGHWAY 417 & HWY417 IC155 RAMP26,339512.09171,5019353.81184,-76.05728967510,45.31327768370,2016-12-23,8:00:00 PM,01 - Clear,07 - Dark,01 - Dry,10 - No control,,03 - P.D. only,07 - SMV other,0
16-14005,HIGHWAY 417 btwn HWY417 IC121B RAMP51 & HWY417 IC121A RAMP51,366741.05512,5029562.84464,-75.70876413430,45.40326268250,2016-12-24,8:45:00 AM,03 - Snow,01 - Daylight,04 - Slush,10 - No control,,03 - P.D. only,99 - Other,0
16-14006,HIGHWAY 417 btwn HIGHWAY 417 & HIGHWAY 417 (2),375380.01939,5030297.89118,-75.59831757160,45.40905854070,2016-12-24,10:00:00 AM,03 - Snow,01 - Daylight,03 - Loose snow,10 - No control,,03 - P.D. only,07 - SMV other,0
16-14007,HIGHWAY 417 btwn HWY417 IC122 RAMP15 & HWY417 IC121B RAMP51,365796.36855,5029173.51560,-75.72087859410,45.39984254690,2016-12-26,12:31:00 PM,04 - Freezing Rain,01 - Daylight,06 - Ice,10 - No control,,03 - P.D. only,07 - SMV other,0
16-14008,HIGHWAY 417 btwn HWY417 IC123 RAMP62 & HWY417 IC122 RAMP16,365110.56718,5028688.79797,-75.72969696530,45.39554057750,2016-12-26,12:45:00 PM,04 - Freezing Rain,01 - Daylight,06 - Ice,10 - No control,,03 - P.D. only,07 - SMV other,0
16-14009,HIGHWAY 417 btwn HWY417 IC122 RAMP15 & HWY417 IC121B RAMP51,365790.01854,5029171.39893,-75.72095995970,45.39982405450,2016-12-26,1:00:00 PM,04 - Freezing Rain,01 - Daylight,06 - Ice,10 - No control,,03 - P.D. only,07 - SMV other,0
16-14010,HIGHWAY 417 btwn HWY417 IC122 RAMP15 & HWY417 IC121B RAMP51,365836.58530,5029198.91565,-75.72036180090,45.40006758590,2016-12-26,1:00:00 PM,04 - Freezing Rain,01 - Daylight,06 - Ice,10 - No control,,03 - P.D. only,07 - SMV other,0
16-14011,HIGHWAY 417 btwn HWY417 IC119A RAMP67 & HWY417 IC118 RAMP76,368922.69147,5030699.63532,-75.68075084030,45.41329469940,2016-12-26,1:04:00 PM,04 - Freezing Rain,01 - Daylight,06 - Ice,10 - No control,,02 - Non-fatal injury,04 - Sideswipe,0
16-14012,HIGHWAY 417 btwn HIGHWAY 417 & HIGHWAY 417 (2),375376.84438,5030294.92785,-75.59835855240,45.40903219870,2016-12-26,1:10:00 PM,04 - Freezing Rain,01 - Daylight,06 - Ice,10 - No control,,03 - P.D. only,07 - SMV other,0
16-14013,HIGHWAY 417 btwn HWY417 IC118 RAMP67 & HWY417 IC117 RAMP36,370196.71569,5031121.69950,-75.66441927350,45.41697436800,2016-12-26,1:30:00 PM,04 - Freezing Rain,01 - Daylight,06 - Ice,10 - No control,,03 - P.D. only,04 - Sideswipe,0
16-14014,HIGHWAY 417 btwn HWY417 IC110 RAMP64 & HWY417 IC104 RAMP16,378030.09135,5026427.77011,-75.56504085700,45.37396522960,2016-12-26,1:35:00 PM,03 - Snow,01 - Daylight,06 - Ice,10 - No control,,03 - P.D. only,07 - SMV other,0
16-14015,HIGHWAY 417 btwn HWY417 IC96 RAMP61 & HIGHWAY 417,387509.39031,5023862.36498,-75.44446349590,45.34982925650,2016-12-26,1:56:00 PM,04 - Freezing Rain,01 - Daylight,06 - Ice,10 - No control,,03 - P.D. only,07 - SMV other,0
16-14016,HIGHWAY 417 btwn HWY417 IC123 RAMP62 & HWY417 IC122 RAMP16,364829.04995,5028166.82692,-75.73335576190,45.39086817840,2016-12-26,2:27:00 PM,04 - Freezing Rain,01 - Daylight,06 - Ice,10 - No control,,03 - P.D. only,07 - SMV other,0
16-14017,HIGHWAY 417 btwn HWY417 IC138 RAMP26 & HWY417 IC138 RAMP61,353115.60486,5020357.15797,-75.88370428190,45.32150177490,2016-12-26,2:46:00 PM,04 - Freezing Rain,01 - Daylight,06 - Ice,10 - No control,,03 - P.D. only,07 - SMV other,0
16-14018,HIGHWAY 417 btwn HWY417 IC140 RAMP51 & HWY417 IC140 RAMP35,350778.80019,5018447.07415,-75.91368733180,45.30447128870,2016-12-26,2:45:00 PM,04 - Freezing Rain,01 - Daylight,06 - Ice,10 - No control,,02 - Non-fatal injury,04 - Sideswipe,0
16-14019,HIGHWAY 416 btwn HWY416 IC66 RAMP34 & HWY416 IC66 RAMP63,359902.49843,5014987.58723,-75.79773601960,45.27268604260,2016-12-26,3:00:00 PM,04 - Freezing Rain,01 - Daylight,06 - Ice,10 - No control,,03 - P.D. only,07 - SMV other,0
16-14020,HIGHWAY 417 btwn HWY417 IC131 RAMP66 & HWY417 IC130 RAMP26,359224.52874,5023081.73675,-75.80548696820,45.34557061230,2016-12-26,4:45:00 PM,04 - Freezing Rain,05 - Dusk,06 - Ice,10 - No control,,03 - P.D. only,07 - SMV other,0
16-14021,HIGHWAY 7 btwn ASHTON STATION RD & OVERPASS RD,340065.48159,5003826.57269,-76.05133324280,45.17352725380,2016-12-26,5:00:00 PM,04 - Freezing Rain,07 - Dark,06 - Ice,10 - No control,,03 - P.D. only,07 - SMV other,0
16-14022,HIGHWAY 7 btwn ASHTON STATION RD & OVERPASS RD,340013.30768,5003803.83022,-76.05199861190,45.17332520700,2016-12-26,5:00:00 PM,04 - Freezing Rain,07 - Dark,06 - Ice,10 - No control,,03 - P.D. only,07 - SMV other,0
16-14023,HIGHWAY 417 btwn HWY417 IC117 RAMP25 & HWY417 IC115 RAMP51,371529.40672,5031396.74855,-75.64735596990,45.41932331260,2016-12-26,6:20:00 PM,04 - Freezing Rain,07 - Dark,06 - Ice,10 - No control,,03 - P.D. only,07 - SMV other,0
16-14024,HIGHWAY 417 btwn HWY417 IC140 RAMP61 & HWY417 IC139 RAMP61,351694.19061,5019226.99686,-75.90194128720,45.31142871080,2016-12-26,6:20:00 PM,04 - Freezing Rain,07 - Dark,06 - Ice,10 - No control,,03 - P.D. only,07 - SMV other,0
16-14025,HIGHWAY 417 btwn RAMP & HWY417 IC88 RAMP51,392273.31177,5022910.00423,-75.38384606740,45.34068291270,2016-12-26,6:25:00 PM,04 - Freezing Rain,07 - Dark,06 - Ice,10 - No control,,03 - P.D. only,07 - SMV other,0
16-14026,HIGHWAY 417 btwn HWY417 IC120A RAMP52 & HWY417 IC119B RAMP57,368063.46502,5030178.22877,-75.69179436660,45.40868145640,2016-12-26,9:00:00 PM,02 - Rain,07 - Dark,04 - Slush,10 - No control,,03 - P.D. only,07 - SMV other,0
16-14027,HIGHWAY 417 btwn HWY417 IC124 RAMP65 & HWY417 IC122 RAMP51,364722.51167,5027926.93760,-75.73474539340,45.38871882510,2016-12-26,9:48:00 PM,02 - Rain,07 - Dark,02 - Wet,10 - No control,,03 - P.D. only,07 - SMV other,0
16-14028,HIGHWAY 417 btwn HWY417 IC124 RAMP65 & HWY417 IC122 RAMP51,364792.36181,5028047.58784,-75.73383876920,45.38979843230,2016-12-26,9:30:00 PM,02 - Rain,07 - Dark,04 - Slush,10 - No control,,03 - P.D. only,04 - Sideswipe,0
16-14029,HWY416 IC75A RAMP26 btwn HIGHWAY 417 & HIGHWAY 416,358185.59693,5022769.03395,-75.81877760510,45.34283674180,2016-12-27,8:35:00 PM,01 - Clear,07 - Dark,02 - Wet,10 - No control,,03 - P.D. only,03 - Rear end,0
16-14030,HIGHWAY 417 btwn HWY417 IC144 RAMP51 & HWY417 IC144 RAMP35,347290.51240,5015706.12794,-75.95840202260,45.28002694040,2016-12-28,5:50:00 PM,01 - Clear,07 - Dark,02 - Wet,10 - No control,,03 - P.D. only,07 - SMV other,0
16-14031,HIGHWAY 417 btwn HWY417 IC155 RAMP61 & HWY417 IC145 RAMP56,344388.50656,5015428.53495,-75.99541258540,45.27769844870,2016-12-29,1:15:00 AM,01 - Clear,07 - Dark,01 - Dry,10 - No control,,03 - P.D. only,07 - SMV other,0
16-14032,HIGHWAY 417 btwn HWY417 IC119A RAMP75 & HWY417 IC118 RAMP57,368733.39692,5030587.28527,-75.68318364590,45.41230113250,2016-12-29,8:52:00 AM,03 - Snow,01 - Daylight,03 - Loose snow,10 - No control,,03 - P.D. only,04 - Sideswipe,0
16-14033,HIGHWAY 417 btwn HWY417 IC119B RAMP57 & HWY417 IC119A RAMP75,368271.96266,5030324.81807,-75.68911215350,45.40998154230,2016-12-29,1:00:00 PM,03 - Snow,01 - Daylight,05 - Packed snow,10 - No control,,03 - P.D. only,04 - Sideswipe,0
16-14034,HIGHWAY 417 btwn HWY417 IC142 RAMP35 & HWY417 IC142 RAMP25,348967.29117,5017243.81457,-75.93689338100,45.29376021870,2016-12-29,2:15:00 PM,03 - Snow,01 - Daylight,04 - Slush,10 - No control,,03 - P.D. only,07 - SMV other,0
16-14035,HIGHWAY 417 btwn HWY 417 ANDERSON IC104R61 & HWY 417 BOUNDARY IC96R16,384995.45256,5024969.09678,-75.47636159650,45.36007873840,2016-12-29,5:17:00 PM,03 - Snow,07 - Dark,03 - Loose snow,10 - No control,,03 - P.D. only,07 - SMV other,0
16-14036,HIGHWAY 417 btwn HWY417 IC138 RAMP61 & HWY417 IC134 RAMP36,355785.29977,5021921.64057,-75.84949168180,45.33539036860,2016-12-29,8:00:00 PM,01 - Clear,07 - Dark,04 - Slush,10 - No control,,03 - P.D. only,04 - Sideswipe,0
16-14037,HIGHWAY 416 btwn HWY416 IC42 RAMP24 & END,371963.02855,4994332.76228,-75.64682425160,45.08578668890,2016-12-30,12:17:00 AM,01 - Clear,07 - Dark,02 - Wet,10 - No control,,03 - P.D. only,07 - SMV other,0
16-14038,HIGHWAY 417 btwn HWY417 IC104 RAMP51 & HWY417 IC104 RAMP15,379870.06436,5025941.43217,-75.54162632990,45.36939476660,2016-12-30,9:00:00 AM,01 - Clear,01 - Daylight,02 - Wet,10 - No control,,03 - P.D. only,07 - SMV other,0
16-14039,HIGHWAY 416 btwn HWY416 IC66 RAMP52 & HWY416 IC66 RAMP24,360199.41835,5014590.99613,-75.79399640150,45.26909414170,2016-12-31,11:20:00 AM,03 - Snow,01 - Daylight,03 - Loose snow,10 - No control,,03 - P.D. only,04 - Sideswipe,0
16-14040,HIGHWAY 417 btwn HWY417 IC127 RAMP63 & HWY417 IC127 RAMP67,362160.09061,5024877.17004,-75.76782087210,45.36149188040,2016-12-31,11:35:00 AM,03 - Snow,01 - Daylight,03 - Loose snow,10 - No control,,02 - Non-fatal injury,04 - Sideswipe,0
16-14041,HIGHWAY 417 btwn HWY417 IC140 RAMP25 & HWY417 IC139 RAMP15,351367.18569,5018906.46476,-75.90614159520,45.30856624260,2016-12-31,12:45:00 PM,05 - Drifting Snow,01 - Daylight,03 - Loose snow,10 - No control,,03 - P.D. only,07 - SMV other,0
16-14042,HIGHWAY 417 btwn HWY417 IC131 RAMP66 & HWY417 IC130 RAMP26,359173.04463,5023073.76643,-75.80614478610,45.34550288740,2016-12-31,1:45:00 PM,03 - Snow,01 - Daylight,03 - Loose snow,10 - No control,,03 - P.D. only,04 - Sideswipe,0
16-14043,HWY417 IC140 RAMP35 btwn TERRY FOX DR & HIGHWAY 417,350863.84135,5018469.58389,-75.91260086840,45.30466826530,2016-12-31,7:14:00 PM,03 - Snow,07 - Dark,03 - Loose snow,10 - No control,,03 - P.D. only,07 - SMV other,0
16-14044,HWY417 IC118 RAMP67 btwn HWY417 IC118 RAMP64 & HIGHWAY 417,369647.60225,5031164.95261,-75.67142892020,45.41741465030,2016-12-31,9:40:00 PM,03 - Snow,07 - Dark,03 - Loose snow,10 - No control,,03 - P.D. only,03 - Rear end,0
16-14045,HIGHWAY 417 btwn RAMP & HWY417 IC88 RAMP51,392236.26320,5022905.27238,-75.38431955130,45.34064495910,2016-12-31,11:20:00 PM,03 - Snow,07 - Dark,03 - Loose snow,10 - No control,,03 - P.D. only,07 - SMV other,0